lab_result_id,encounter_id,patient_id,ordering_doctor_id,department_id,hospital_id,loinc_code,order_ts,collect_ts,result_ts,priority,result_value_numeric,result_value_text,abnormal_flag,is_critical,modified_at
LAB00161729,,MRN95932405,DR00217,H002-D09,H002,777-3,2026-07-16 20:24:02,2026-07-16 20:46:02,2026-07-16 23:29:02,Routine,64.834,,H,0,2026-07-16 23:34:02
LAB00161730,,MRN72439991,DR00112,H002-D02,H002,1975-2,2026-07-14 11:01:35,2026-07-14 11:19:35,2026-07-14 15:52:35,Routine,187.782,,N,0,2026-07-14 15:57:35
LAB00161731,,MRN72439991,DR00073,H001-D02,H001,4544-3,2026-07-14 15:01:35,2026-07-14 16:29:35,2026-07-14 21:16:35,Routine,24.793,,L,0,2026-07-14 21:21:35
LAB00161732,,MRN98740831,DR00149,H001-D10,H001,2075-0,2026-07-23 07:52:06,2026-07-23 09:12:06,2026-07-23 13:04:06,Routine,128.578,,L,0,2026-07-23 13:09:06
LAB00161733,,MRN74560753,DR00143,H003-D02,H003,4544-3,2026-08-14 07:40:31,2026-08-14 08:31:31,2026-08-14 11:36:31,Routine,36.927,,N,0,2026-08-14 11:41:31
LAB00161734,,MRN74560753,DR00091,H001-D06,H001,1742-6,2026-08-15 03:40:31,2026-08-15 05:01:31,2026-08-15 09:28:31,Routine,36.902,,H,0,2026-08-15 09:33:31
LAB00161735,,MRN22679613,DR00030,H001-D08,H001,6690-2,2026-08-16 18:55:48,2026-08-16 19:24:48,2026-08-16 23:16:48,Routine,35.927,,H,0,2026-08-16 23:21:48
LAB00161736,,MRN22679613,DR00034,H003-D05,H003,718-7,2026-08-16 11:55:48,2026-08-16 12:26:48,2026-08-16 15:54:48,Routine,100.606,,HH,0,2026-08-16 15:59:48
LAB00161737,,MRN99783594,DR00062,H003-D09,H003,LOCAL-777,2026-08-20 13:58:30,2026-08-20 15:12:30,2026-08-20 16:16:30,STAT,178.947,,L,0,2026-08-20 16:21:30
LAB00161738,,MRN99783594,DR00216,H001-D03,H001,2345-7,2026-08-21 07:58:30,2026-08-21 08:33:30,2026-08-21 13:28:30,Routine,169.259,,N,0,2026-08-21 13:33:30
LAB00161739,,MRN97258225,DR00020,H002-D09,H002,30934-4,2026-08-23 08:35:46,2026-08-23 08:47:46,2026-08-23 13:36:46,Routine,136.443,,N,0,2026-08-23 13:41:46
LAB00161740,,MRN97258225,DR00080,H001-D04,H001,1920-8,2026-08-23 19:35:46,2026-08-23 20:48:46,2026-08-23 21:33:46,Routine,96.082,,L,0,2026-08-23 21:38:46
LAB00161741,,MRN94775015,DR00171,H001-D02,H001,88888-8,2026-08-07 12:41:50,2026-08-07 13:49:50,2026-08-07 18:39:50,STAT,71.318,,L,0,2026-08-07 18:44:50
LAB00161742,,MRN94775015,DR00137,H002-D07,H002,6690-2,2026-08-06 20:41:50,2026-08-06 21:13:50,2026-08-07 01:00:50,Routine,151.088,,N,0,2026-08-07 01:05:50
LAB00161743,,MRN94775015,DR00054,H002-D03,H002,2823-3,2026-08-05 16:41:50,2026-08-05 17:16:50,2026-08-05 20:49:50,Routine,123.232,,HH,0,2026-08-05 20:54:50
LAB00161744,,MRN34523446,DR00026,H001-D01,H001,1975-2,2026-08-06 13:09:45,2026-08-06 14:10:45,2026-08-06 17:19:45,Routine,116.707,,HH,0,2026-08-06 17:24:45
LAB00161745,,MRN34523446,DR00012,H003-D10,H003,4544-3,2026-08-06 07:09:45,2026-08-06 08:19:45,2026-08-06 13:03:45,Routine,36.557,,N,0,2026-08-06 13:08:45
LAB00161746,,MRN34523446,DR00145,H003-D08,H003,3094-0,2026-08-05 01:09:45,2026-08-05 02:07:45,2026-08-05 03:57:45,Routine,126.271,,HH,0,2026-08-05 04:02:45
LAB00161747,,MRN68123467,DR00045,H002-D10,H002,6690-2,2025-10-31 02:33:39,2025-10-31 02:49:39,2025-10-31 06:28:39,Routine,8.043,,HH,0,2025-10-31 06:33:39
LAB00161748,,MRN68123467,DR00138,H004-D10,H004,1988-5,2025-10-31 14:33:39,2025-10-31 14:58:39,2025-10-31 17:10:39,Routine,12.736,,N,0,2025-10-31 17:15:39
LAB00161749,,MRN68123467,DR00237,H001-D09,H001,5811-5,2025-10-31 05:33:39,2025-10-31 05:48:39,2025-10-31 07:31:39,Routine,63.617,,L,0,2025-10-31 07:36:39
LAB00161750,,MRN76794439,DR00135,H001-D09,H001,1742-6,2026-08-30 05:27:46,2026-08-30 05:34:46,2026-08-30 06:11:46,Routine,170.268,,H,0,2026-08-30 06:16:46
LAB00161751,,MRN26723589,DR00023,H002-D01,H002,1742-6,2026-07-20 15:54:00,2026-07-20 16:00:00,2026-07-20 19:21:00,STAT,49.213,,H,0,2026-07-20 19:26:00
LAB00161752,,MRN49925091,DR00233,H002-D08,H002,2075-0,2026-07-14 01:22:58,2026-07-14 01:50:58,2026-07-14 05:49:58,Routine,105.26,,H,0,2026-07-14 05:54:58
LAB00161753,,MRN49925091,DR00217,H002-D08,H002,2085-9,2026-07-14 11:22:58,2026-07-14 11:38:58,2026-07-14 14:43:58,Routine,145.249,,L,0,2026-07-14 14:48:58
LAB00161754,,MRN59791486,DR00073,H001-D04,H001,1988-5,2026-07-27 13:26:21,2026-07-27 13:49:21,2026-07-27 14:48:21,Routine,17.276,,HH,0,2026-07-27 14:53:21
LAB00161755,,MRN46723301,DR00009,H002-D06,H002,1742-6,2026-07-24 13:30:12,2026-07-24 14:58:12,2026-07-24 19:30:12,Routine,126.828,,N,0,2026-07-24 19:35:12
LAB00161756,,MRN46723301,DR00001,H003-D08,H003,4548-4,2026-07-24 12:30:12,2026-07-24 13:51:12,2026-07-24 18:47:12,STAT,98.618,,HH,0,2026-07-24 18:52:12
LAB00161757,,MRN32324324,DR00207,H001-D07,H001,6301-6,2026-07-31 20:59:10,2026-07-31 21:32:10,2026-08-01 01:15:10,STAT,54.071,,HH,0,2026-08-01 01:20:10
LAB00161758,,MRN32324324,DR00040,H002-D05,H002,30934-4,2026-07-31 07:59:10,2026-07-31 09:08:10,2026-07-31 13:45:10,Routine,56.537,,HH,0,2026-07-31 13:50:10
LAB00161759,,MRN22645766,DR00122,H003-D02,H003,2345-7,2026-07-12 18:42:46,2026-07-12 19:29:46,2026-07-12 20:32:46,Routine,188.993,,HH,0,2026-07-12 20:37:46
LAB00161760,,MRN90326364,DR00105,H001-D03,H001,6301-6,2026-08-04 17:26:35,2026-08-04 18:38:35,2026-08-04 21:30:35,Routine,36.387,,N,0,2026-08-04 21:35:35
LAB00161761,,MRN90326364,DR00029,H003-D01,H003,2160-0,2026-08-05 18:26:35,2026-08-05 19:23:35,2026-08-06 00:09:35,Routine,77.494,,H,0,2026-08-06 00:14:35
LAB00161762,,MRN78542149,DR00187,H002-D09,H002,4548-4,2026-08-28 17:09:16,2026-08-28 17:58:16,2026-08-28 19:10:16,Routine,160.536,,L,0,2026-08-28 19:15:16
LAB00161763,,MRN78542149,DR00173,H001-D07,H001,5811-5,2026-08-29 06:09:16,2026-08-29 07:07:16,2026-08-29 10:36:16,Routine,139.8,,N,0,2026-08-29 10:41:16
LAB00161764,,MRN91581364,DR00086,H002-D06,H002,2093-3,2026-08-20 04:04:15,2026-08-20 05:09:15,2026-08-20 06:34:15,STAT,77.505,,N,0,2026-08-20 06:39:15
LAB00161765,,MRN91581364,DR00210,H001-D04,H001,2345-7,2026-08-19 21:04:15,2026-08-19 22:20:15,2026-08-20 02:37:15,STAT,170.292,,N,0,2026-08-20 02:42:15
LAB00161766,,MRN91581364,DR00122,H004-D10,H004,2951-2,2026-08-20 04:04:15,2026-08-20 04:50:15,2026-08-20 05:38:15,STAT,188.695,,L,0,2026-08-20 05:43:15
LAB00161767,,MRN43738900,DR00188,H001-D03,H001,1920-8,2026-07-11 19:01:08,2026-07-11 19:23:08,2026-07-11 21:21:08,STAT,186.207,,L,0,2026-07-11 21:26:08
LAB00161768,,MRN43738900,DR00127,H001-D07,H001,1988-5,2026-07-11 20:01:08,2026-07-11 21:15:08,2026-07-12 01:00:08,Routine,190.624,,N,0,2026-07-12 01:05:08
LAB00161769,,MRN15000481,DR00072,H002-D03,H002,2085-9,2026-08-20 12:39:31,2026-08-20 13:36:31,2026-08-20 18:02:31,Routine,109.733,,L,0,2026-08-20 18:07:31
LAB00161770,,MRN15000481,DR00023,H001-D06,H001,1975-2,2026-08-20 06:39:31,2026-08-20 07:40:31,2026-08-20 09:07:31,Routine,143.369,,HH,0,2026-08-20 09:12:31
LAB00161771,,MRN78007477,DR00145,H003-D05,H003,2075-0,2026-08-24 00:56:08,2026-08-24 02:14:08,2026-08-24 05:38:08,Routine,187.769,,HH,0,2026-08-24 05:43:08
LAB00161772,,MRN84287982,DR00089,H003-D08,H003,6301-6,2025-08-17 08:55:17,2025-08-17 09:35:17,2025-08-17 13:56:17,Routine,105.918,,H,0,2025-08-17 14:01:17
LAB00161773,,MRN64940784,DR00043,H002-D09,H002,1742-6,2026-10-16 07:53:12,2026-10-16 08:52:12,2026-10-16 10:10:12,STAT,169.388,,L,0,2026-10-16 10:15:12
LAB00161774,,MRN64940784,DR00231,H001-D10,H001,1920-8,2026-10-16 23:53:12,2026-10-17 00:49:12,2026-10-17 02:17:12,Routine,120.752,,H,0,2026-10-17 02:22:12
LAB00161775,,MRN64940784,DR00138,H003-D09,H003,2160-0,2026-10-17 03:53:12,2026-10-17 04:59:12,2026-10-17 08:48:12,Routine,137.859,,N,0,2026-10-17 08:53:12
LAB00161776,,MRN41100930,DR00230,H003-D10,H003,5811-5,2026-07-20 03:42:55,2026-07-20 04:50:55,2026-07-20 07:45:55,Routine,63.071,,L,0,2026-07-20 07:50:55
LAB00161777,,MRN40933077,DR00051,H001-D04,H001,2823-3,2026-07-10 03:58:06,2026-07-10 04:06:06,2026-07-10 04:59:06,STAT,12.515,,H,0,2026-07-10 05:04:06
LAB00161778,,MRN40933077,DR00052,H001-D03,H001,4544-3,2026-07-11 14:58:06,2026-07-11 15:11:06,2026-07-11 19:46:06,STAT,184.052,,L,0,2026-07-11 19:51:06
LAB00161779,,MRN34842669,DR00146,H002-D07,H002,718-7,2026-08-17 03:23:59,2026-08-17 03:45:59,2026-08-17 04:52:59,Routine,177.724,,L,0,2026-08-17 04:57:59
LAB00161780,,MRN34842669,DR00001,H002-D06,H002,2345-7,2026-08-17 21:23:59,2026-08-17 22:05:59,2026-08-18 01:06:59,Routine,51.967,,N,0,2026-08-18 01:11:59
LAB00161781,,MRN65356740,DR00096,H002-D09,H002,30934-4,2026-02-27 18:46:41,2026-02-27 19:59:41,2026-02-27 23:17:41,STAT,100.782,,HH,0,2026-02-27 23:22:41
LAB00161782,,MRN65356740,DR00061,H002-D05,H002,6301-6,2026-02-28 19:46:41,2026-02-28 21:06:41,2026-02-28 22:48:41,Routine,163.947,,L,0,2026-02-28 22:53:41
LAB00161783,,MRN60662172,DR00050,H003-D02,H003,3016-3,2026-07-24 07:43:44,2026-07-24 08:30:44,2026-07-24 12:57:44,STAT,170.521,,H,0,2026-07-24 13:02:44
LAB00161784,,MRN70015609,DR00016,H002-D08,H002,6690-2,2026-08-11 20:44:37,2026-08-11 21:09:37,2026-08-11 22:23:37,Routine,130.878,,H,0,2026-08-11 22:28:37
LAB00161785,,MRN70015609,DR00146,H003-D07,H003,5811-5,2026-08-11 09:44:37,2026-08-11 10:44:37,2026-08-11 13:29:37,Routine,78.254,,HH,0,2026-08-11 13:34:37
LAB00161786,,MRN70015609,DR00218,H001-D02,H001,4544-3,2026-08-11 05:44:37,2026-08-11 06:30:37,2026-08-11 07:00:37,Routine,58.696,,N,0,2026-08-11 07:05:37
LAB00161787,,MRN55384813,DR00079,H003-D04,H003,10839-9,2026-01-09 06:11:42,2026-01-09 06:34:42,2026-01-09 11:31:42,Routine,155.835,,N,0,2026-01-09 11:36:42
LAB00161788,,MRN68206401,DR00054,H001-D06,H001,10839-9,2026-08-27 18:06:09,2026-08-27 19:32:09,2026-08-27 20:26:09,STAT,157.801,,L,0,2026-08-27 20:31:09
LAB00161789,,MRN68206401,DR00153,H003-D10,H003,4544-3,2026-08-28 11:06:09,2026-08-28 11:20:09,2026-08-28 14:23:09,Routine,160.518,,HH,0,2026-08-28 14:28:09
LAB00161790,,MRN68206401,DR00095,H001-D10,H001,777-3,2026-08-27 20:06:09,2026-08-27 20:46:09,2026-08-28 00:02:09,Routine,2.925,,L,0,2026-08-28 00:07:09
LAB00161791,,MRN46594796,DR00005,H001-D05,H001,3094-0,2026-08-06 12:32:06,2026-08-06 13:36:06,2026-08-06 14:24:06,Routine,93.855,,HH,0,2026-08-06 14:29:06
LAB00161792,,MRN46594796,DR00209,H002-D04,H002,6690-2,2026-08-06 22:32:06,2026-08-06 23:56:06,2026-08-07 00:51:06,Routine,198.902,,L,0,2026-08-07 00:56:06
LAB00161793,,MRN55565238,DR00127,H003-D10,H003,4544-3,2026-07-27 07:13:10,2026-07-27 08:19:10,2026-07-27 12:15:10,STAT,6.972,,N,0,2026-07-27 12:20:10
LAB00161794,,MRN86067964,DR00157,H002-D10,H002,2075-0,2026-07-17 18:38:40,2026-07-17 18:51:40,2026-07-17 19:33:40,Routine,89.41,,N,0,2026-07-17 19:38:40
LAB00161795,,MRN86067964,DR00106,H001-D02,H001,3094-0,2026-07-17 15:38:40,2026-07-17 16:42:40,2026-07-17 18:08:40,Routine,135.74,,HH,0,2026-07-17 18:13:40
LAB00161796,,MRN30223298,DR00074,H001-D03,H001,600-7,2026-08-10 19:53:56,2026-08-10 20:09:56,2026-08-10 23:10:56,Routine,,,H,0,2026-08-10 23:15:56
LAB00161797,,MRN30223298,DR00056,H002-D05,H002,718-7,2026-08-12 03:53:56,2026-08-12 04:15:56,2026-08-12 08:11:56,Routine,113.293,,N,0,2026-08-12 08:16:56
LAB00161798,,MRN30223298,DR00015,H003-D07,H003,2085-9,2026-08-11 03:53:56,2026-08-11 04:13:56,2026-08-11 06:17:56,Routine,148.086,,H,0,2026-08-11 06:22:56
LAB00161799,,MRN93053347,DR00009,H002-D04,H002,10839-9,2026-08-13 03:30:10,2026-08-13 04:45:10,2026-08-13 08:15:10,Routine,62.198,,HH,0,2026-08-13 08:20:10
LAB00161800,,MRN93053347,DR00110,H001-D01,H001,1988-5,2026-08-13 11:30:10,2026-08-13 12:58:10,2026-08-13 14:04:10,Routine,140.542,,N,0,2026-08-13 14:09:10
LAB00161801,,MRN93053347,DR00151,H002-D02,H002,630-4,2026-08-12 23:30:10,2026-08-13 00:43:10,2026-08-13 02:59:10,Routine,,,HH,0,2026-08-13 03:04:10
LAB00161802,,MRN67251649,DR00075,H001-D05,H001,10839-9,2026-08-27 11:43:58,2026-08-27 12:57:58,2026-08-27 16:52:58,Routine,175.558,,HH,0,2026-08-27 16:57:58
LAB00161803,,MRN67251649,DR00099,H001-D05,H001,4548-4,2026-08-26 12:43:58,2026-08-26 13:38:58,2026-08-26 18:09:58,Routine,76.251,,H,0,2026-08-26 18:14:58
LAB00161804,,MRN67251649,DR00120,H002-D08,H002,2093-3,2026-08-26 22:43:58,2026-08-26 22:53:58,2026-08-27 01:48:58,Routine,102.96,,H,0,2026-08-27 01:53:58
LAB00161805,,MRN91038560,DR00086,H002-D06,H002,5811-5,2026-07-21 15:09:50,2026-07-21 16:27:50,2026-07-21 19:50:50,Routine,125.739,,N,0,2026-07-21 19:55:50
LAB00161806,,MRN39266425,DR00016,H003-D01,H003,2075-0,2026-07-05 22:12:10,2026-07-05 22:22:10,2026-07-06 00:08:10,Routine,148.537,,HH,0,2026-07-06 00:13:10
LAB00161807,,MRN39266425,DR00042,H003-D01,H003,10839-9,2026-07-07 06:12:10,2026-07-07 06:46:10,2026-07-07 09:05:10,Routine,56.357,,HH,0,2026-07-07 09:10:10
LAB00161808,,MRN78891889,DR00040,H003-D07,H003,2823-3,2026-08-14 10:55:03,2026-08-14 11:31:03,2026-08-14 13:27:03,Routine,148.298,,H,0,2026-08-14 13:32:03
LAB00161809,,MRN78891889,DR00063,H002-D07,H002,600-7,2026-08-14 10:55:03,2026-08-14 11:48:03,2026-08-14 16:27:03,Routine,,,H,0,2026-08-14 16:32:03
LAB00161810,,MRN78891889,DR00070,H002-D03,H002,2093-3,2026-08-14 03:55:03,2026-08-14 05:22:03,2026-08-14 08:46:03,Routine,188.814,,HH,0,2026-08-14 08:51:03
LAB00161811,,MRN19707537,DR00151,H003-D05,H003,10839-9,2026-08-28 04:58:54,2026-08-28 06:04:54,2026-08-28 10:14:54,Routine,195.856,,L,0,2026-08-28 10:19:54
LAB00161812,,MRN41500616,DR00025,H003-D09,H003,10839-9,2026-07-10 09:29:04,2026-07-10 10:24:04,2026-07-10 11:51:04,Routine,132.078,,HH,0,2026-07-10 11:56:04
LAB00161813,,MRN41500616,DR00110,H003-D08,H003,2951-2,2026-07-09 22:29:04,2026-07-09 22:41:04,2026-07-10 02:33:04,Routine,34.619,,HH,0,2026-07-10 02:38:04
LAB00161814,,MRN79514219,DR00017,H003-D07,H003,718-7,2026-07-19 05:37:28,2026-07-19 06:03:28,2026-07-19 07:03:28,Routine,113.775,,L,0,2026-07-19 07:08:28
LAB00161815,,MRN79514219,DR00038,H001-D07,H001,718-7,2026-07-17 13:37:28,2026-07-17 13:46:28,2026-07-17 18:33:28,Routine,66.515,,H,0,2026-07-17 18:38:28
LAB00161816,,MRN79514219,DR00111,H002-D09,H002,6301-6,2026-07-18 00:37:28,2026-07-18 01:43:28,2026-07-18 02:47:28,Routine,193.763,,N,0,2026-07-18 02:52:28
LAB00161817,,MRN48617344,DR00087,H001-D01,H001,777-3,2026-08-02 01:58:56,2026-08-02 02:35:56,2026-08-02 04:58:56,Routine,59.688,,N,0,2026-08-02 05:03:56
LAB00161818,,MRN48617344,DR00018,H002-D02,H002,6690-2,2026-08-02 05:58:56,2026-08-02 06:15:56,2026-08-02 10:21:56,Routine,110.998,,L,0,2026-08-02 10:26:56
LAB00161819,,MRN48617344,DR00149,H001-D07,H001,2075-0,2026-08-03 11:58:56,2026-08-03 12:47:56,2026-08-03 17:29:56,Routine,191.881,,L,0,2026-08-03 17:34:56
LAB00161820,,MRN70167984,DR00218,H001-D09,H001,1975-2,2026-07-26 04:50:45,2026-07-26 06:10:45,2026-07-26 10:42:45,Routine,104.055,,HH,0,2026-07-26 10:47:45
LAB00161821,,MRN34055679,DR00061,H003-D03,H003,6690-2,2026-08-18 22:51:00,2026-08-18 23:33:00,2026-08-19 02:18:00,Routine,33.045,,HH,0,2026-08-19 02:23:00
LAB00161822,,MRN34055679,DR00224,H002-D09,H002,2345-7,2026-08-19 01:51:00,2026-08-19 02:50:00,2026-08-19 03:28:00,Routine,90.965,,N,0,2026-08-19 03:33:00
LAB00161823,,MRN93681805,DR00007,H003-D05,H003,2823-3,2026-08-20 10:03:22,2026-08-20 10:36:22,2026-08-20 14:19:22,STAT,16.829,,N,0,2026-08-20 14:24:22
LAB00161824,,MRN93681805,DR00162,H003-D09,H003,6301-6,2026-08-20 05:03:22,2026-08-20 06:21:22,2026-08-20 08:48:22,Routine,155.781,,H,0,2026-08-20 08:53:22
LAB00161825,,MRN53557670,DR00051,H004-D10,H004,99999-9,2026-08-12 03:48:46,2026-08-12 04:37:46,2026-08-12 08:50:46,Routine,195.342,,N,0,2026-08-12 08:55:46
LAB00161826,,MRN53557670,DR00069,H002-D01,H002,3016-3,2026-08-13 11:48:46,2026-08-13 13:15:46,2026-08-13 14:05:46,Routine,161.695,,L,0,2026-08-13 14:10:46
LAB00161827,,MRN39153960,DR00201,H003-D05,H003,1920-8,2026-08-26 16:18:53,2026-08-26 16:40:53,2026-08-26 20:25:53,STAT,32.846,,L,0,2026-08-26 20:30:53
LAB00161828,,MRN39153960,DR00103,H003-D04,H003,6301-6,2026-08-27 07:18:53,2026-08-27 08:24:53,2026-08-27 12:48:53,Routine,87.528,,N,0,2026-08-27 12:53:53
LAB00161829,,MRN39153960,DR00019,H002-D03,H002,5902-2,2026-08-26 12:18:53,2026-08-26 13:18:53,2026-08-26 16:41:53,Routine,98.033,,L,0,2026-08-26 16:46:53
LAB00161830,,MRN59864254,DR00019,H002-D02,H002,30934-4,2026-08-12 03:36:57,2026-08-12 03:54:57,2026-08-12 04:57:57,Routine,70.529,,HH,0,2026-08-12 05:02:57
LAB00161831,,MRN59864254,DR00228,H002-D03,H002,2093-3,2026-08-11 17:36:57,2026-08-11 19:02:57,2026-08-11 21:21:57,Routine,52.731,,HH,0,2026-08-11 21:26:57
LAB00161832,,MRN42558678,DR00028,H003-D04,H003,5902-2,2025-10-14 11:52:43,2025-10-14 12:18:43,2025-10-14 15:33:43,Routine,109.299,,N,0,2025-10-14 15:38:43
LAB00161833,,MRN68162811,DR00192,H001-D01,H001,6301-6,2026-07-24 15:55:15,2026-07-24 16:03:15,2026-07-24 19:14:15,STAT,161.609,,L,0,2026-07-24 19:19:15
LAB00161834,,MRN42821690,DR00113,H001-D02,H001,2823-3,2026-08-03 16:00:15,2026-08-03 16:52:15,2026-08-03 20:13:15,Routine,102.645,,L,0,2026-08-03 20:18:15
LAB00161835,,MRN26675924,DR00017,H003-D03,H003,5902-2,2026-08-29 12:48:38,2026-08-29 13:00:38,2026-08-29 13:51:38,STAT,141.01,,H,0,2026-08-29 13:56:38
LAB00161836,,MRN27803765,DR00016,H003-D01,H003,3094-0,2026-07-04 18:53:29,2026-07-04 18:58:29,2026-07-04 23:11:29,STAT,114.288,,H,0,2026-07-04 23:16:29
LAB00161837,,MRN27803765,DR00006,H001-D05,H001,600-7,2026-07-04 03:53:29,2026-07-04 04:18:29,2026-07-04 07:38:29,Routine,,,H,0,2026-07-04 07:43:29
LAB00161838,,MRN27803765,DR00194,H003-D08,H003,2075-0,2026-07-03 20:53:29,2026-07-03 21:40:29,2026-07-04 02:20:29,Routine,174.942,,N,0,2026-07-04 02:25:29
LAB00161839,,MRN36922875,DR00220,H001-D08,H001,5811-5,2026-08-28 05:51:45,2026-08-28 06:00:45,2026-08-28 07:50:45,STAT,123.93,,H,0,2026-08-28 07:55:45
LAB00161840,,MRN36922875,DR00188,H001-D10,H001,1975-2,2026-08-27 21:51:45,2026-08-27 23:13:45,2026-08-28 01:01:45,Routine,118.874,,N,0,2026-08-28 01:06:45
LAB00161841,,MRN34456921,DR00083,H002-D05,H002,2093-3,2026-08-14 08:36:55,2026-08-14 10:04:55,2026-08-14 14:51:55,Routine,96.371,,L,0,2026-08-14 14:56:55
LAB00161842,,MRN19941614,DR00089,H002-D10,H002,630-4,2026-07-18 00:43:04,2026-07-18 01:11:04,2026-07-18 02:31:04,Routine,,,N,0,2026-07-18 02:36:04
LAB00161843,,MRN19941614,DR00221,H001-D07,H001,3016-3,2026-07-18 14:43:04,2026-07-18 15:49:04,2026-07-18 16:44:04,STAT,22.897,,H,0,2026-07-18 16:49:04
LAB00161844,,MRN19941614,DR00188,H001-D04,H001,2345-7,2026-07-17 23:43:04,2026-07-18 00:00:04,2026-07-18 00:43:04,STAT,128.582,,H,0,2026-07-18 00:48:04
LAB00161845,,MRN99663683,DR00192,H002-D10,H002,2160-0,2026-08-01 10:37:01,2026-08-01 12:01:01,2026-08-01 13:12:01,Routine,80.917,,H,0,2026-08-01 13:17:01
LAB00161846,,MRN30489166,DR00009,H002-D04,H002,2160-0,2026-07-27 17:54:51,2026-07-27 18:56:51,2026-07-27 19:32:51,Routine,112.654,,H,0,2026-07-27 19:37:51
LAB00161847,,MRN28458230,DR00229,H002-D09,H002,718-7,2026-08-31 17:35:26,2026-08-31 18:12:26,2026-08-31 22:30:26,Routine,105.301,,L,0,2026-08-31 22:35:26
LAB00161848,,MRN28458230,DR00210,H001-D03,H001,2093-3,2026-09-01 05:35:26,2026-09-01 05:50:26,2026-09-01 09:29:26,Routine,0.532,,L,0,2026-09-01 09:34:26
LAB00161849,,MRN29673561,DR00152,H002-D09,H002,3016-3,2026-07-05 01:30:30,2026-07-05 01:48:30,2026-07-05 05:35:30,Routine,101.605,,H,0,2026-07-05 05:40:30
LAB00161850,,MRN29673561,DR00037,H002-D07,H002,2823-3,2026-07-04 16:30:30,2026-07-04 16:59:30,2026-07-04 20:53:30,STAT,42.696,,L,0,2026-07-04 20:58:30
LAB00161851,,MRN69568370,DR00007,H003-D01,H003,1920-8,2025-12-29 21:45:40,2025-12-29 22:12:40,2025-12-29 23:01:40,Routine,90.803,,L,0,2025-12-29 23:06:40
LAB00161852,,MRN10752587,DR00014,H003-D09,H003,630-4,2026-08-28 11:48:30,2026-08-28 13:09:30,2026-08-28 17:20:30,Routine,,,HH,0,2026-08-28 17:25:30
LAB00161853,,MRN10752587,DR00083,H001-D05,H001,1988-5,2026-08-29 06:48:30,2026-08-29 06:57:30,2026-08-29 08:22:30,Routine,103.947,,N,0,2026-08-29 08:27:30
LAB00161854,,MRN10004551,DR00170,H003-D02,H003,1975-2,2026-08-13 06:43:05,2026-08-13 07:40:05,2026-08-13 10:14:05,Routine,35.947,,H,0,2026-08-13 10:19:05
LAB00161855,,MRN10004551,DR00219,H003-D01,H003,718-7,2026-08-13 08:43:05,2026-08-13 09:53:05,2026-08-13 11:37:05,Routine,34.005,,H,0,2026-08-13 11:42:05
LAB00161856,,MRN87112137,DR00156,H001-D09,H001,2075-0,2026-07-14 18:56:27,2026-07-14 19:18:27,2026-07-14 22:43:27,Routine,167.769,,L,0,2026-07-14 22:48:27
LAB00161857,,MRN87112137,DR00016,H001-D06,H001,600-7,2026-07-14 23:56:27,2026-07-15 00:12:27,2026-07-15 02:44:27,Routine,,,HH,0,2026-07-15 02:49:27
LAB00161858,,MRN63292206,DR00165,H004-D03,H004,2085-9,2026-07-11 23:47:50,2026-07-12 01:11:50,2026-07-12 05:12:50,STAT,95.002,,HH,0,2026-07-12 05:17:50
LAB00161859,,MRN16525083,DR00197,H002-D01,H002,1920-8,2026-08-06 11:56:54,2026-08-06 13:21:54,2026-08-06 14:19:54,STAT,125.761,,HH,0,2026-08-06 14:24:54
LAB00161860,,MRN16525083,DR00142,H002-D03,H002,30934-4,2026-08-07 11:56:54,2026-08-07 12:38:54,2026-08-07 13:13:54,Routine,190.412,,H,0,2026-08-07 13:18:54
LAB00161861,,MRN16525083,DR00220,H002-D09,H002,2345-7,2026-08-05 21:56:54,2026-08-05 22:01:54,2026-08-06 02:26:54,Routine,147.232,,L,0,2026-08-06 02:31:54
LAB00161862,,MRN21957108,DR00151,H001-D04,H001,1742-6,2026-07-09 15:58:15,2026-07-09 16:17:15,2026-07-09 19:14:15,Routine,36.113,,HH,0,2026-07-09 19:19:15
LAB00161863,,MRN72284442,DR00125,H001-D09,H001,630-4,2026-08-23 12:32:18,2026-08-23 12:42:18,2026-08-23 13:48:18,Routine,,,L,0,2026-08-23 13:53:18
LAB00161864,,MRN62638543,DR00185,H003-D05,H003,2345-7,2026-08-22 18:49:56,2026-08-22 19:10:56,2026-08-22 23:13:56,Routine,112.468,,L,0,2026-08-22 23:18:56
LAB00161865,,MRN15407712,DR00197,H002-D10,H002,2075-0,2026-08-15 06:01:32,2026-08-15 07:01:32,2026-08-15 08:42:32,Routine,43.068,,N,0,2026-08-15 08:47:32
LAB00161866,,MRN67438869,DR00129,H001-D10,H001,1742-6,2026-07-14 21:32:36,2026-07-14 22:49:36,2026-07-14 23:57:36,STAT,3.681,,L,0,2026-07-15 00:02:36
LAB00161867,,MRN19716946,DR00194,H003-D05,H003,1975-2,2026-07-17 18:29:00,2026-07-17 19:28:00,2026-07-17 20:57:00,STAT,122.499,,L,0,2026-07-17 21:02:00
LAB00161868,,MRN19716946,DR00208,H002-D10,H002,6690-2,2026-07-15 22:29:00,2026-07-15 23:22:00,2026-07-16 04:19:00,Routine,17.721,,N,0,2026-07-16 04:24:00
LAB00161869,,MRN19716946,DR00089,H003-D08,H003,2160-0,2026-07-17 10:29:00,2026-07-17 11:39:00,2026-07-17 12:35:00,Routine,19.592,,L,0,2026-07-17 12:40:00
LAB00161870,,MRN47656622,DR00135,H003-D07,H003,6301-6,2026-07-05 07:59:05,2026-07-05 08:53:05,2026-07-05 09:39:05,Routine,137.994,,N,0,2026-07-05 09:44:05
LAB00161871,,MRN47656622,DR00154,H003-D03,H003,4544-3,2026-07-05 09:59:05,2026-07-05 10:21:05,2026-07-05 14:45:05,Routine,99.317,,H,0,2026-07-05 14:50:05
LAB00161872,,MRN51000910,DR00187,H002-D10,H002,2160-0,2026-08-14 00:58:22,2026-08-14 01:09:22,2026-08-14 02:48:22,Routine,153.975,,HH,0,2026-08-14 02:53:22
LAB00161873,,MRN51000910,DR00156,H004-D03,H004,3094-0,2026-08-13 03:58:22,2026-08-13 04:13:22,2026-08-13 09:09:22,Routine,113.06,,H,0,2026-08-13 09:14:22
LAB00161874,,MRN76267637,DR00156,H002-D03,H002,718-7,2026-08-11 01:26:27,2026-08-11 02:29:27,2026-08-11 07:03:27,Routine,159.825,,H,0,2026-08-11 07:08:27
LAB00161875,,MRN76267637,DR00202,H001-D06,H001,2160-0,2026-08-11 14:26:27,2026-08-11 15:01:27,2026-08-11 16:47:27,Routine,2.175,,L,0,2026-08-11 16:52:27
LAB00161876,,MRN51936229,DR00058,H001-D05,H001,1975-2,2026-08-13 15:51:20,2026-08-13 16:12:20,2026-08-13 17:50:20,Routine,24.231,,N,0,2026-08-13 17:55:20
LAB00161877,,MRN51936229,DR00179,H003-D04,H003,5902-2,2026-08-14 05:51:20,2026-08-14 06:37:20,2026-08-14 10:41:20,STAT,35.16,,H,0,2026-08-14 10:46:20
LAB00161878,,MRN51936229,DR00157,H003-D02,H003,2345-7,2026-08-15 01:51:20,2026-08-15 02:54:20,2026-08-15 06:56:20,Routine,1.781,,H,0,2026-08-15 07:01:20
LAB00161879,,MRN45099369,DR00015,H001-D06,H001,2345-7,2026-07-12 18:54:26,2026-07-12 19:36:26,2026-07-12 20:55:26,Routine,94.854,,H,0,2026-07-12 21:00:26
LAB00161880,,MRN45099369,DR00138,H001-D03,H001,1742-6,2026-07-12 09:54:26,2026-07-12 10:17:26,2026-07-12 13:38:26,Routine,134.379,,N,0,2026-07-12 13:43:26
LAB00161881,,MRN45099369,DR00039,H003-D06,H003,2085-9,2026-07-12 23:54:26,2026-07-13 00:31:26,2026-07-13 01:58:26,Routine,185.488,,H,0,2026-07-13 02:03:26
LAB00161882,,MRN12929758,DR00195,H003-D10,H003,2345-7,2026-08-11 01:56:09,2026-08-11 03:05:09,2026-08-11 04:35:09,STAT,56.779,,H,0,2026-08-11 04:40:09
LAB00161883,,MRN12929758,DR00208,H001-D06,H001,4548-4,2026-08-11 16:56:09,2026-08-11 17:09:09,2026-08-11 22:06:09,STAT,146.345,,N,0,2026-08-11 22:11:09
LAB00161884,,MRN12929758,DR00083,H002-D02,H002,5902-2,2026-08-11 05:56:09,2026-08-11 07:17:09,2026-08-11 11:17:09,Routine,80.574,,N,0,2026-08-11 11:22:09
LAB00161885,,MRN17659346,DR00202,H003-D03,H003,1988-5,2026-07-07 05:36:52,2026-07-07 06:57:52,2026-07-07 08:25:52,STAT,133.348,,H,0,2026-07-07 08:30:52
LAB00161886,,MRN17659346,DR00084,H003-D01,H003,10839-9,2026-07-05 21:36:52,2026-07-05 23:00:52,2026-07-06 00:06:52,Routine,177.944,,L,0,2026-07-06 00:11:52
LAB00161887,,MRN76951855,DR00175,H002-D01,H002,2085-9,2026-07-11 05:00:52,2026-07-11 05:33:52,2026-07-11 08:46:52,Routine,158.682,,H,0,2026-07-11 08:51:52
LAB00161888,,MRN76951855,DR00083,H003-D08,H003,2093-3,2026-07-11 12:00:52,2026-07-11 12:38:52,2026-07-11 15:35:52,STAT,66.465,,HH,0,2026-07-11 15:40:52
LAB00161889,,MRN31586716,DR00091,H002-D01,H002,2085-9,2026-07-13 21:25:55,2026-07-13 22:29:55,2026-07-14 01:06:55,Routine,156.399,,HH,0,2026-07-14 01:11:55
LAB00161890,,MRN31586716,DR00217,H003-D03,H003,1975-2,2026-07-13 20:25:55,2026-07-13 20:58:55,2026-07-14 00:00:55,Routine,172.526,,N,0,2026-07-14 00:05:55
LAB00161891,,MRN57683967,DR00171,H001-D04,H001,3094-0,2026-07-19 08:31:23,2026-07-19 09:43:23,2026-07-19 12:58:23,Routine,158.303,,N,0,2026-07-19 13:03:23
LAB00161892,,MRN57683967,DR00201,H002-D09,H002,6301-6,2026-07-19 07:31:23,2026-07-19 08:37:23,2026-07-19 12:11:23,Routine,72.223,,N,0,2026-07-19 12:16:23
LAB00161893,,MRN57683967,DR00077,H002-D02,H002,3094-0,2026-07-18 08:31:23,2026-07-18 09:42:23,2026-07-18 14:25:23,Routine,17.635,,H,0,2026-07-18 14:30:23
LAB00161894,,MRN10197372,DR00082,H002-D02,H002,2085-9,2026-08-30 02:04:41,2026-08-30 02:48:41,2026-08-30 05:02:41,Routine,158.235,,N,0,2026-08-30 05:07:41
LAB00161895,,MRN10197372,DR00135,H003-D05,H003,6690-2,2026-08-29 01:04:41,2026-08-29 01:44:41,2026-08-29 05:09:41,STAT,4.128,,N,0,2026-08-29 05:14:41
LAB00161896,,MRN58730538,DR00226,H001-D05,H001,600-7,2026-08-16 19:55:39,2026-08-16 20:18:39,2026-08-17 00:51:39,Routine,,,L,0,2026-08-17 00:56:39
LAB00161897,,MRN58730538,DR00031,H003-D08,H003,6690-2,2026-08-17 21:55:39,2026-08-17 22:03:39,2026-08-18 00:35:39,Routine,175.42,,HH,0,2026-08-18 00:40:39
LAB00161898,,MRN58730538,DR00121,H003-D06,H003,630-4,2026-08-17 21:55:39,2026-08-17 22:32:39,2026-08-18 03:06:39,Routine,,,L,0,2026-08-18 03:11:39
LAB00161899,,MRN69300907,DR00038,H001-D02,H001,600-7,2026-07-21 09:33:50,2026-07-21 09:41:50,2026-07-21 10:43:50,Routine,,,HH,0,2026-07-21 10:48:50
LAB00161900,,MRN69300907,DR00096,H002-D10,H002,4544-3,2026-07-23 07:33:50,2026-07-23 08:42:50,2026-07-23 12:41:50,STAT,30.354,,HH,0,2026-07-23 12:46:50
LAB00161901,,MRN69300907,DR00014,H002-D05,H002,30934-4,2026-07-22 18:33:50,2026-07-22 19:12:50,2026-07-22 22:56:50,Routine,165.363,,N,0,2026-07-22 23:01:50
LAB00161902,,MRN67812591,DR00223,H001-D06,H001,2085-9,2026-08-17 11:26:14,2026-08-17 11:42:14,2026-08-17 14:56:14,Routine,58.315,,N,0,2026-08-17 15:01:14
LAB00161903,,MRN67812591,DR00108,H003-D06,H003,2075-0,2026-08-17 05:26:14,2026-08-17 06:46:14,2026-08-17 09:45:14,STAT,134.952,,N,0,2026-08-17 09:50:14
LAB00161904,,MRN67812591,DR00189,H001-D03,H001,5902-2,2026-08-17 01:26:14,2026-08-17 02:29:14,2026-08-17 06:10:14,Routine,180.112,,HH,0,2026-08-17 06:15:14
LAB00161905,,MRN83976244,DR00203,H001-D08,H001,600-7,2026-08-31 20:43:38,2026-08-31 21:57:38,2026-09-01 00:06:38,Routine,,,H,0,2026-09-01 00:11:38
LAB00161906,,MRN48479999,DR00238,H003-D10,H003,1920-8,2026-08-25 09:38:10,2026-08-25 09:49:10,2026-08-25 12:32:10,Routine,82.23,,H,0,2026-08-25 12:37:10
LAB00161907,,MRN48479999,DR00092,H001-D01,H001,3094-0,2026-08-25 04:38:10,2026-08-25 06:07:10,2026-08-25 06:32:10,STAT,90.994,,N,0,2026-08-25 06:37:10
LAB00161908,,MRN48479999,DR00232,H001-D03,H001,6690-2,2026-08-24 16:38:10,2026-08-24 17:20:10,2026-08-24 21:23:10,Routine,92.65,,L,0,2026-08-24 21:28:10
LAB00161909,,MRN54467918,DR00115,H001-D10,H001,3094-0,2026-07-20 09:13:57,2026-07-20 10:25:57,2026-07-20 14:40:57,Routine,169.836,,N,0,2026-07-20 14:45:57
LAB00161910,,MRN59883381,DR00172,H001-D04,H001,2085-9,2026-08-06 11:48:32,2026-08-06 12:15:32,2026-08-06 17:11:32,Routine,112.17,,HH,0,2026-08-06 17:16:32
LAB00161911,,MRN59883381,DR00174,H002-D04,H002,4544-3,2026-08-05 00:48:32,2026-08-05 01:25:32,2026-08-05 02:52:32,Routine,20.089,,L,0,2026-08-05 02:57:32
LAB00161912,,MRN50466323,DR00188,H003-D09,H003,777-3,2026-07-29 05:56:07,2026-07-29 06:35:07,2026-07-29 11:25:07,STAT,178.352,,N,0,2026-07-29 11:30:07
LAB00161913,,MRN70916719,DR00034,H001-D08,H001,30934-4,2026-08-31 15:22:27,2026-08-31 15:37:27,2026-08-31 19:20:27,STAT,142.852,,H,0,2026-08-31 19:25:27
LAB00161914,,MRN70916719,DR00130,H001-D03,H001,30934-4,2026-09-01 21:22:27,2026-09-01 21:46:27,2026-09-02 02:45:27,Routine,11.512,,L,0,2026-09-02 02:50:27
LAB00161915,,MRN70916719,DR00093,H002-D06,H002,4544-3,2026-08-31 20:22:27,2026-08-31 21:18:27,2026-09-01 00:00:27,Routine,162.253,,N,0,2026-09-01 00:05:27
LAB00161916,,MRN86670786,DR00102,H003-D08,H003,1920-8,2026-08-21 11:27:47,2026-08-21 12:21:47,2026-08-21 14:08:47,Routine,124.425,,L,0,2026-08-21 14:13:47
LAB00161917,,MRN86670786,DR00042,H001-D10,H001,10839-9,2026-08-20 23:27:47,2026-08-20 23:39:47,2026-08-21 03:43:47,Routine,49.486,,HH,0,2026-08-21 03:48:47
LAB00161918,,MRN72250780,DR00038,H002-D03,H002,1975-2,2026-08-08 07:22:41,2026-08-08 08:18:41,2026-08-08 09:08:41,Routine,156.439,,N,0,2026-08-08 09:13:41
LAB00161919,,MRN72250780,DR00052,H002-D08,H002,2951-2,2026-08-07 20:22:41,2026-08-07 20:35:41,2026-08-07 21:43:41,Routine,143.74,,L,0,2026-08-07 21:48:41
LAB00161920,,MRN72250780,DR00110,H001-D10,H001,2951-2,2026-08-08 02:22:41,2026-08-08 02:31:41,2026-08-08 06:18:41,Routine,135.977,,N,0,2026-08-08 06:23:41
LAB00161921,,MRN32578894,DR00229,H004-D03,H004,1742-6,2026-08-14 23:21:47,2026-08-15 00:44:47,2026-08-15 03:36:47,Routine,74.09,,H,0,2026-08-15 03:41:47
LAB00161922,,MRN56217231,DR00104,H002-D10,H002,630-4,2026-08-29 05:44:43,2026-08-29 06:10:43,2026-08-29 10:25:43,Routine,,,N,0,2026-08-29 10:30:43
LAB00161923,,MRN56217231,DR00020,H001-D06,H001,6690-2,2026-08-30 06:44:43,2026-08-30 07:26:43,2026-08-30 11:06:43,STAT,31.087,,H,0,2026-08-30 11:11:43
LAB00161924,,MRN30766421,DR00107,H001-D01,H001,1975-2,2026-07-05 18:08:14,2026-07-05 19:19:14,2026-07-05 23:52:14,STAT,45.389,,L,0,2026-07-05 23:57:14
LAB00161925,,MRN78379579,DR00172,H002-D06,H002,2075-0,2026-08-18 22:49:23,2026-08-18 23:35:23,2026-08-19 04:04:23,Routine,140.289,,N,0,2026-08-19 04:09:23
LAB00161926,,MRN78379579,DR00231,H002-D07,H002,2085-9,2026-08-17 23:49:23,2026-08-18 00:35:23,2026-08-18 04:45:23,Routine,15.208,,L,0,2026-08-18 04:50:23
LAB00161927,,MRN78379579,DR00102,H001-D07,H001,4548-4,2026-08-17 18:49:23,2026-08-17 20:05:23,2026-08-17 22:14:23,Routine,174.161,,L,0,2026-08-17 22:19:23
LAB00161928,,MRN21134979,DR00009,H002-D03,H002,1988-5,2026-08-13 20:11:35,2026-08-13 20:16:35,2026-08-13 23:36:35,Routine,30.307,,H,0,2026-08-13 23:41:35
LAB00161929,,MRN21134979,DR00078,H001-D03,H001,1975-2,2026-08-13 23:11:35,2026-08-14 00:35:35,2026-08-14 02:14:35,STAT,59.919,,N,0,2026-08-14 02:19:35
LAB00161930,,MRN21134979,DR00125,H001-D03,H001,2160-0,2026-08-12 20:11:35,2026-08-12 21:35:35,2026-08-12 21:55:35,Routine,129.458,,L,0,2026-08-12 22:00:35
LAB00161931,,MRN10874310,DR00184,H003-D04,H003,2085-9,2026-08-23 20:19:56,2026-08-23 21:42:56,2026-08-23 23:51:56,Routine,67.058,,L,0,2026-08-23 23:56:56
LAB00161932,,MRN85102587,DR00066,H003-D05,H003,99999-9,2026-08-21 15:15:19,2026-08-21 16:17:19,2026-08-21 18:38:19,Routine,179.38,,L,0,2026-08-21 18:43:19
LAB00161933,,MRN85102587,DR00223,H002-D09,H002,2160-0,2026-08-21 16:15:19,2026-08-21 17:12:19,2026-08-21 21:25:19,Routine,50.685,,L,0,2026-08-21 21:30:19
LAB00161934,,MRN72979908,DR00181,H001-D05,H001,6690-2,2026-08-31 12:35:09,2026-08-31 13:05:09,2026-08-31 13:45:09,Routine,153.95,,L,0,2026-08-31 13:50:09
LAB00161935,,MRN81386732,DR00109,H003-D06,H003,30934-4,2026-08-10 23:47:49,2026-08-11 00:43:49,2026-08-11 05:07:49,Routine,65.915,,H,0,2026-08-11 05:12:49
LAB00161936,,MRN81386732,DR00035,H002-D10,H002,30934-4,2026-08-12 07:47:49,2026-08-12 08:50:49,2026-08-12 13:22:49,Routine,14.732,,H,0,2026-08-12 13:27:49
LAB00161937,,MRN81386732,DR00155,H001-D03,H001,1742-6,2026-08-11 17:47:49,2026-08-11 18:56:49,2026-08-11 21:25:49,Routine,13.104,,N,0,2026-08-11 21:30:49
LAB00161938,,MRN36288516,DR00035,H001-D02,H001,1975-2,2025-10-27 20:26:15,2025-10-27 21:46:15,2025-10-27 23:18:15,Routine,191.388,,N,0,2025-10-27 23:23:15
LAB00161939,,MRN69653789,DR00047,H002-D10,H002,2951-2,2026-07-07 04:47:57,2026-07-07 05:49:57,2026-07-07 08:29:57,Routine,83.731,,L,0,2026-07-07 08:34:57
LAB00161940,,MRN69653789,DR00050,H003-D10,H003,2951-2,2026-07-07 09:47:57,2026-07-07 10:02:57,2026-07-07 12:44:57,Routine,182.435,,HH,0,2026-07-07 12:49:57
LAB00161941,,MRN69653789,DR00198,H003-D05,H003,5811-5,2026-07-07 06:47:57,2026-07-07 07:09:57,2026-07-07 10:14:57,Routine,54.781,,N,0,2026-07-07 10:19:57
LAB00161942,,MRN95956529,DR00058,H002-D01,H002,718-7,2026-07-28 16:12:24,2026-07-28 17:05:24,2026-07-28 19:39:24,Routine,88.207,,H,0,2026-07-28 19:44:24
LAB00161943,,MRN90176805,DR00191,H004-D03,H004,2160-0,2026-08-30 00:22:03,2026-08-30 01:47:03,2026-08-30 03:11:03,Routine,142.675,,HH,0,2026-08-30 03:16:03
LAB00161944,,MRN64097221,DR00003,H001-D01,H001,6690-2,2026-07-21 00:07:06,2026-07-21 00:23:06,2026-07-21 05:08:06,STAT,30.421,,HH,0,2026-07-21 05:13:06
LAB00161945,,MRN63052179,DR00227,H001-D08,H001,777-3,2026-08-01 22:54:13,2026-08-01 23:29:13,2026-08-02 03:40:13,Routine,94.829,,H,0,2026-08-02 03:45:13
LAB00161946,,MRN63052179,DR00096,H002-D08,H002,30934-4,2026-08-01 02:54:13,2026-08-01 03:02:13,2026-08-01 05:47:13,STAT,93.182,,L,0,2026-08-01 05:52:13
LAB00161947,,MRN63052179,DR00207,H002-D05,H002,630-4,2026-08-01 07:54:13,2026-08-01 08:34:13,2026-08-01 11:22:13,Routine,,,N,0,2026-08-01 11:27:13
LAB00161948,,MRN57429053,DR00034,H003-D06,H003,2085-9,2026-08-03 18:34:26,2026-08-03 19:33:26,2026-08-03 22:35:26,Routine,171.843,,L,0,2026-08-03 22:40:26
LAB00161949,,MRN57429053,DR00119,H002-D08,H002,5811-5,2026-08-03 00:34:26,2026-08-03 01:04:26,2026-08-03 03:58:26,Routine,79.468,,HH,0,2026-08-03 04:03:26
LAB00161950,,MRN57429053,DR00124,H003-D03,H003,2075-0,2026-08-02 08:34:26,2026-08-02 09:33:26,2026-08-02 11:56:26,STAT,193.493,,H,0,2026-08-02 12:01:26
LAB00161951,,MRN34171182,DR00231,H003-D09,H003,6690-2,2026-08-26 18:24:35,2026-08-26 18:46:35,2026-08-26 19:41:35,Routine,14.845,,H,0,2026-08-26 19:46:35
LAB00161952,,MRN34171182,DR00074,H003-D01,H003,600-7,2026-08-27 14:24:35,2026-08-27 14:55:35,2026-08-27 15:22:35,Routine,,,N,0,2026-08-27 15:27:35
LAB00161953,,MRN76158255,DR00006,H002-D07,H002,2160-0,2026-08-31 15:55:15,2026-08-31 16:20:15,2026-08-31 16:41:15,Routine,70.609,,N,0,2026-08-31 16:46:15
LAB00161954,,MRN46860226,DR00031,H002-D01,H002,2085-9,2026-08-07 08:31:10,2026-08-07 09:48:10,2026-08-07 12:51:10,Routine,41.327,,HH,0,2026-08-07 12:56:10
LAB00161955,,MRN62838642,DR00084,H003-D07,H003,1975-2,2026-07-06 13:21:43,2026-07-06 13:35:43,2026-07-06 15:26:43,Routine,194.398,,N,0,2026-07-06 15:31:43
LAB00161956,,MRN62838642,DR00164,H003-D07,H003,30934-4,2026-07-07 14:21:43,2026-07-07 15:50:43,2026-07-07 16:10:43,Routine,184.997,,HH,0,2026-07-07 16:15:43
LAB00161957,,MRN26717824,DR00157,H003-D05,H003,600-7,2026-07-08 17:15:57,2026-07-08 18:30:57,2026-07-08 19:17:57,STAT,,,N,0,2026-07-08 19:22:57
LAB00161958,,MRN96388051,DR00091,H003-D06,H003,1975-2,2026-07-08 15:47:40,2026-07-08 16:38:40,2026-07-08 16:58:40,Routine,155.747,,N,0,2026-07-08 17:03:40
LAB00161959,,MRN84932462,DR00238,H003-D03,H003,10839-9,2026-04-09 06:50:06,2026-04-09 07:52:06,2026-04-09 11:32:06,Routine,34.829,,N,0,2026-04-09 11:37:06
LAB00161960,,MRN84932462,DR00139,H001-D07,H001,4544-3,2026-04-08 11:50:06,2026-04-08 12:58:06,2026-04-08 13:59:06,Routine,100.827,,H,0,2026-04-08 14:04:06
LAB00161961,,MRN84932462,DR00165,H001-D01,H001,2951-2,2026-04-08 03:50:06,2026-04-08 04:44:06,2026-04-08 08:10:06,STAT,144.973,,HH,0,2026-04-08 08:15:06
LAB00161962,,MRN68701228,DR00163,H001-D08,H001,1920-8,2026-07-17 17:33:16,2026-07-17 17:55:16,2026-07-17 22:47:16,STAT,166.073,,H,0,2026-07-17 22:52:16
LAB00161963,,MRN16233925,DR00074,H002-D05,H002,2085-9,2026-07-09 19:47:00,2026-07-09 20:18:00,2026-07-09 22:04:00,STAT,58.005,,N,0,2026-07-09 22:09:00
LAB00161964,,MRN16233925,DR00004,H001-D01,H001,718-7,2026-07-10 12:47:00,2026-07-10 12:52:00,2026-07-10 17:39:00,Routine,198.785,,L,0,2026-07-10 17:44:00
LAB00161965,,MRN66353115,DR00123,H003-D09,H003,3094-0,2026-09-01 02:52:05,2026-09-01 03:45:05,2026-09-01 07:58:05,STAT,76.443,,N,0,2026-09-01 08:03:05
LAB00161966,,MRN66353115,DR00061,H004-D03,H004,2823-3,2026-08-31 20:52:05,2026-08-31 21:51:05,2026-09-01 01:00:05,Routine,192.702,,HH,0,2026-09-01 01:05:05
LAB00161967,,MRN14244729,DR00097,H002-D09,H002,5811-5,2026-08-16 01:03:12,2026-08-16 01:19:12,2026-08-16 06:17:12,Routine,62.754,,H,0,2026-08-16 06:22:12
LAB00161968,,MRN14244729,DR00126,H001-D05,H001,5902-2,2026-08-15 11:03:12,2026-08-15 12:23:12,2026-08-15 13:38:12,Routine,127.467,,HH,0,2026-08-15 13:43:12
LAB00161969,,MRN14244729,DR00122,H002-D09,H002,10839-9,2026-08-15 02:03:12,2026-08-15 03:16:12,2026-08-15 04:44:12,Routine,64.413,,N,0,2026-08-15 04:49:12
LAB00161970,,MRN25339095,DR00111,H002-D05,H002,3016-3,2026-08-08 04:45:46,2026-08-08 06:13:46,2026-08-08 09:15:46,STAT,85.397,,HH,0,2026-08-08 09:20:46
LAB00161971,,MRN25339095,DR00075,H002-D02,H002,2823-3,2026-08-07 03:45:46,2026-08-07 04:09:46,2026-08-07 09:06:46,Routine,91.28,,H,0,2026-08-07 09:11:46
LAB00161972,,MRN33311990,DR00240,H003-D10,H003,2085-9,2026-07-27 08:39:13,2026-07-27 08:50:13,2026-07-27 11:12:13,Routine,96.543,,L,0,2026-07-27 11:17:13
LAB00161973,,MRN33311990,DR00083,H001-D07,H001,5902-2,2026-07-26 20:39:13,2026-07-26 21:06:13,2026-07-27 01:18:13,STAT,39.636,,HH,0,2026-07-27 01:23:13
LAB00161974,,MRN33311990,DR00228,H002-D04,H002,630-4,2026-07-27 18:39:13,2026-07-27 19:31:13,2026-07-27 23:32:13,Routine,,,L,0,2026-07-27 23:37:13
LAB00161975,,MRN41879309,DR00030,H002-D07,H002,2823-3,2026-08-12 08:14:58,2026-08-12 09:29:58,2026-08-12 13:12:58,STAT,88.035,,N,0,2026-08-12 13:17:58
LAB00161976,,MRN41879309,DR00019,H004-D10,H004,3016-3,2026-08-11 04:14:58,2026-08-11 04:25:58,2026-08-11 08:50:58,Routine,2.7,,HH,0,2026-08-11 08:55:58
LAB00161977,,MRN69148441,DR00167,H003-D10,H003,1975-2,2026-07-22 13:06:35,2026-07-22 13:49:35,2026-07-22 15:56:35,Routine,173.915,,N,0,2026-07-22 16:01:35
LAB00161978,,MRN53245135,DR00222,H002-D07,H002,4544-3,2026-08-30 10:38:29,2026-08-30 11:38:29,2026-08-30 16:01:29,STAT,79.875,,H,0,2026-08-30 16:06:29
LAB00161979,,MRN53245135,DR00011,H003-D08,H003,2075-0,2026-08-31 03:38:29,2026-08-31 04:45:29,2026-08-31 05:31:29,Routine,196.065,,N,0,2026-08-31 05:36:29
LAB00161980,,MRN78836105,DR00071,H003-D08,H003,2093-3,2026-07-26 19:49:04,2026-07-26 21:02:04,2026-07-26 21:22:04,Routine,187.03,,H,0,2026-07-26 21:27:04
LAB00161981,,MRN78836105,DR00085,H003-D06,H003,5811-5,2026-07-26 15:49:04,2026-07-26 17:16:04,2026-07-26 21:12:04,Routine,157.064,,L,0,2026-07-26 21:17:04
LAB00161982,,MRN28882659,DR00194,H003-D01,H003,2093-3,2026-08-17 07:09:48,2026-08-17 07:30:48,2026-08-17 07:59:48,STAT,36.59,,HH,0,2026-08-17 08:04:48
LAB00161983,,MRN28882659,DR00038,H002-D06,H002,4548-4,2026-08-17 16:09:48,2026-08-17 16:36:48,2026-08-17 19:36:48,Routine,191.007,,HH,0,2026-08-17 19:41:48
LAB00161984,,MRN41928079,DR00064,H003-D06,H003,2093-3,2026-08-10 17:41:22,2026-08-10 18:43:22,2026-08-10 20:50:22,Routine,48.918,,H,0,2026-08-10 20:55:22
LAB00161985,,MRN41928079,DR00115,H002-D02,H002,2085-9,2026-08-10 03:41:22,2026-08-10 04:28:22,2026-08-10 05:27:22,Routine,123.492,,HH,0,2026-08-10 05:32:22
LAB00161986,,MRN41928079,DR00106,H002-D06,H002,1920-8,2026-08-10 05:41:22,2026-08-10 06:52:22,2026-08-10 11:09:22,STAT,157.987,,L,0,2026-08-10 11:14:22
LAB00161987,,MRN30586329,DR00069,H004-D03,H004,1920-8,2026-08-19 12:40:01,2026-08-19 14:09:01,2026-08-19 15:49:01,Routine,1.769,,H,0,2026-08-19 15:54:01
LAB00161988,,MRN30586329,DR00123,H003-D09,H003,2823-3,2026-08-19 09:40:01,2026-08-19 10:04:01,2026-08-19 11:50:01,Routine,69.401,,HH,0,2026-08-19 11:55:01
LAB00161989,,MRN30586329,DR00172,H001-D01,H001,5811-5,2026-08-20 03:40:01,2026-08-20 04:12:01,2026-08-20 06:43:01,Routine,95.724,,HH,0,2026-08-20 06:48:01
LAB00161990,,MRN81627928,DR00072,H003-D06,H003,3094-0,2026-09-01 15:15:19,2026-09-01 16:21:19,2026-09-01 16:45:19,STAT,157.618,,HH,0,2026-09-01 16:50:19
LAB00161991,,MRN60733810,DR00171,H003-D05,H003,10839-9,2026-03-14 13:58:34,2026-03-14 14:03:34,2026-03-14 17:06:34,Routine,163.858,,L,0,2026-03-14 17:11:34
LAB00161992,,MRN60733810,DR00187,H001-D09,H001,4548-4,2026-03-13 22:58:34,2026-03-14 00:14:34,2026-03-14 04:28:34,Routine,54.713,,N,0,2026-03-14 04:33:34
LAB00161993,,MRN60733810,DR00192,H004-D10,H004,4544-3,2026-03-13 09:58:34,2026-03-13 11:25:34,2026-03-13 14:48:34,STAT,10.751,,HH,0,2026-03-13 14:53:34
LAB00161994,,MRN36935654,DR00033,H002-D07,H002,2075-0,2026-08-15 03:12:22,2026-08-15 04:41:22,2026-08-15 07:59:22,Routine,63.49,,L,0,2026-08-15 08:04:22
LAB00161995,,MRN36935654,DR00230,H002-D07,H002,718-7,2026-08-13 17:12:22,2026-08-13 18:32:22,2026-08-13 18:52:22,Routine,29.001,,L,0,2026-08-13 18:57:22
LAB00161996,,MRN26785993,DR00060,H001-D10,H001,1975-2,2026-08-10 04:14:52,2026-08-10 05:02:52,2026-08-10 09:21:52,Routine,110.817,,L,0,2026-08-10 09:26:52
LAB00161997,,MRN74490537,DR00132,H002-D03,H002,2085-9,2026-08-22 23:31:58,2026-08-23 00:19:58,2026-08-23 04:45:58,Routine,115.314,,N,0,2026-08-23 04:50:58
LAB00161998,,MRN74490537,DR00132,H001-D02,H001,1975-2,2026-08-22 02:31:58,2026-08-22 02:38:58,2026-08-22 06:38:58,Routine,26.643,,N,0,2026-08-22 06:43:58
LAB00161999,,MRN98450217,DR00212,H001-D05,H001,2075-0,2025-11-12 06:07:28,2025-11-12 06:37:28,2025-11-12 11:03:28,STAT,5.958,,H,0,2025-11-12 11:08:28
LAB00162000,,MRN98450217,DR00042,H003-D09,H003,6301-6,2025-11-13 08:07:28,2025-11-13 08:25:28,2025-11-13 12:33:28,Routine,135.566,,N,0,2025-11-13 12:38:28
LAB00162001,,MRN97441205,DR00173,H003-D05,H003,1742-6,2026-07-24 21:18:22,2026-07-24 22:32:22,2026-07-25 03:04:22,STAT,122.216,,HH,0,2026-07-25 03:09:22
LAB00162002,,MRN97441205,DR00189,H003-D09,H003,5811-5,2026-07-23 02:18:22,2026-07-23 02:43:22,2026-07-23 07:09:22,Routine,61.496,,HH,0,2026-07-23 07:14:22
LAB00162003,,MRN53620857,DR00103,H003-D08,H003,4544-3,2026-08-07 21:46:06,2026-08-07 22:46:06,2026-08-08 03:01:06,Routine,108.009,,N,0,2026-08-08 03:06:06
LAB00162004,,MRN37918876,DR00191,H003-D01,H003,1975-2,2026-08-23 04:00:11,2026-08-23 04:17:11,2026-08-23 05:37:11,Routine,199.567,,HH,0,2026-08-23 05:42:11
LAB00162005,,MRN96963340,DR00197,H003-D09,H003,30934-4,2026-07-27 22:35:48,2026-07-27 23:42:48,2026-07-28 02:13:48,Routine,196.306,,L,0,2026-07-28 02:18:48
LAB00162006,,MRN63316580,DR00233,H003-D05,H003,4548-4,2026-07-25 06:16:51,2026-07-25 06:22:51,2026-07-25 08:02:51,STAT,76.566,,N,0,2026-07-25 08:07:51
LAB00162007,,MRN63316580,DR00176,H001-D10,H001,6690-2,2026-07-24 22:16:51,2026-07-24 23:44:51,2026-07-25 04:01:51,Routine,12.088,,N,0,2026-07-25 04:06:51
LAB00162008,,MRN63316580,DR00221,H003-D09,H003,3094-0,2026-07-24 13:16:51,2026-07-24 14:32:51,2026-07-24 17:41:51,Routine,58.016,,H,0,2026-07-24 17:46:51
LAB00162009,,MRN49121121,DR00018,H002-D02,H002,718-7,2026-07-13 10:10:22,2026-07-13 10:50:22,2026-07-13 11:40:22,Routine,36.211,,L,0,2026-07-13 11:45:22
LAB00162010,,MRN49121121,DR00046,H002-D02,H002,1920-8,2026-07-13 07:10:22,2026-07-13 07:36:22,2026-07-13 08:22:22,Routine,16.946,,N,0,2026-07-13 08:27:22
LAB00162011,,MRN79767153,DR00050,H002-D02,H002,10839-9,2026-08-18 23:10:54,2026-08-19 00:21:54,2026-08-19 00:58:54,STAT,87.604,,HH,0,2026-08-19 01:03:54
LAB00162012,,MRN79767153,DR00046,H003-D06,H003,3016-3,2026-08-18 05:10:54,2026-08-18 05:57:54,2026-08-18 07:55:54,Routine,66.57,,L,0,2026-08-18 08:00:54
LAB00162013,,MRN70766372,DR00063,H003-D01,H003,2345-7,2026-10-15 19:51:24,2026-10-15 21:05:24,2026-10-15 22:25:24,Routine,86.637,,L,0,2026-10-15 22:30:24
LAB00162014,,MRN38849580,DR00034,H002-D02,H002,5811-5,2026-07-26 13:34:57,2026-07-26 14:41:57,2026-07-26 16:33:57,Routine,171.497,,L,0,2026-07-26 16:38:57
LAB00162015,,MRN58890763,DR00174,H003-D07,H003,99999-9,2026-08-03 05:51:50,2026-08-03 06:55:50,2026-08-03 09:31:50,Routine,23.027,,N,0,2026-08-03 09:36:50
LAB00162016,,MRN58890763,DR00001,H003-D05,H003,5811-5,2026-08-04 05:51:50,2026-08-04 06:19:50,2026-08-04 06:45:50,Routine,71.956,,N,0,2026-08-04 06:50:50
LAB00162017,,MRN58890763,DR00129,H004-D03,H004,2093-3,2026-08-03 04:51:50,2026-08-03 06:11:50,2026-08-03 07:40:50,Routine,66.786,,L,0,2026-08-03 07:45:50
LAB00162018,,MRN26402819,DR00078,H001-D09,H001,718-7,2026-01-04 14:42:14,2026-01-04 15:42:14,2026-01-04 16:10:14,Routine,122.23,,N,0,2026-01-04 16:15:14
LAB00162019,,MRN63737917,DR00213,H002-D05,H002,6301-6,2026-07-05 21:14:03,2026-07-05 21:58:03,2026-07-05 22:47:03,Routine,118.879,,HH,0,2026-07-05 22:52:03
LAB00162020,,MRN63737917,DR00182,H003-D07,H003,630-4,2026-07-05 21:14:03,2026-07-05 21:46:03,2026-07-05 23:06:03,Routine,,,N,0,2026-07-05 23:11:03
LAB00162021,,MRN99587580,DR00135,H002-D07,H002,600-7,2026-07-23 05:02:43,2026-07-23 06:17:43,2026-07-23 07:35:43,STAT,,,H,0,2026-07-23 07:40:43
LAB00162022,,MRN81628523,DR00236,H002-D07,H002,777-3,2026-09-01 01:55:54,2026-09-01 02:55:54,2026-09-01 05:00:54,Routine,28.355,,N,0,2026-09-01 05:05:54
LAB00162023,,MRN73166864,DR00192,H003-D09,H003,4544-3,2026-07-18 08:15:59,2026-07-18 09:08:59,2026-07-18 11:51:59,Routine,195.591,,H,0,2026-07-18 11:56:59
LAB00162024,,MRN59788890,DR00003,H003-D07,H003,2085-9,2026-08-14 20:30:52,2026-08-14 21:39:52,2026-08-15 00:45:52,Routine,58.5,,H,0,2026-08-15 00:50:52
LAB00162025,,MRN43016201,DR00140,H003-D10,H003,777-3,2026-07-26 12:38:12,2026-07-26 13:02:12,2026-07-26 17:21:12,STAT,78.86,,H,0,2026-07-26 17:26:12
LAB00162026,,MRN43016201,DR00206,H003-D02,H003,2085-9,2026-07-25 22:38:12,2026-07-25 23:31:12,2026-07-26 01:55:12,STAT,151.27,,HH,0,2026-07-26 02:00:12
LAB00162027,,MRN43016201,DR00168,H001-D07,H001,1988-5,2026-07-26 08:38:12,2026-07-26 08:55:12,2026-07-26 12:13:12,Routine,143.013,,H,0,2026-07-26 12:18:12
LAB00162028,,MRN88322936,DR00099,H002-D02,H002,5811-5,2026-07-04 22:11:58,2026-07-04 23:29:58,2026-07-05 00:38:58,Routine,110.333,,HH,0,2026-07-05 00:43:58
LAB00162029,,MRN88322936,DR00105,H001-D10,H001,630-4,2026-07-05 10:11:58,2026-07-05 11:29:58,2026-07-05 15:31:58,STAT,,,N,0,2026-07-05 15:36:58
LAB00162030,,MRN65043480,DR00029,H004-D10,H004,30934-4,2026-07-28 22:48:33,2026-07-29 00:10:33,2026-07-29 03:43:33,STAT,39.018,,HH,0,2026-07-29 03:48:33
LAB00162031,,MRN65043480,DR00029,H004-D10,H004,2085-9,2026-07-29 02:48:33,2026-07-29 04:11:33,2026-07-29 06:55:33,STAT,154.668,,HH,0,2026-07-29 07:00:33
LAB00162032,,MRN65043480,DR00121,H002-D04,H002,6690-2,2026-07-29 21:48:33,2026-07-29 23:04:33,2026-07-30 00:18:33,Routine,8.494,,H,0,2026-07-30 00:23:33
LAB00162033,,MRN41457811,DR00180,H003-D02,H003,718-7,2026-08-13 01:50:08,2026-08-13 02:06:08,2026-08-13 03:41:08,Routine,164.525,,N,0,2026-08-13 03:46:08
LAB00162034,,MRN41457811,DR00126,H001-D06,H001,10839-9,2026-08-13 00:50:08,2026-08-13 01:07:08,2026-08-13 05:19:08,Routine,113.786,,L,0,2026-08-13 05:24:08
LAB00162035,,MRN69105078,DR00162,H003-D09,H003,2823-3,2026-07-10 15:22:29,2026-07-10 15:40:29,2026-07-10 16:27:29,Routine,199.139,,N,0,2026-07-10 16:32:29
LAB00162036,,MRN32535760,DR00011,H002-D02,H002,2823-3,2026-08-09 06:17:52,2026-08-09 06:54:52,2026-08-09 11:22:52,Routine,194.522,,H,0,2026-08-09 11:27:52
LAB00162037,,MRN32535760,DR00093,H003-D10,H003,2075-0,2026-08-09 14:17:52,2026-08-09 15:38:52,2026-08-09 20:00:52,Routine,6.687,,L,0,2026-08-09 20:05:52
LAB00162038,,MRN44542722,DR00148,H003-D03,H003,2085-9,2026-08-02 05:22:57,2026-08-02 06:32:57,2026-08-02 07:39:57,Routine,50.033,,L,0,2026-08-02 07:44:57
LAB00162039,,MRN44542722,DR00056,H003-D06,H003,2075-0,2026-08-01 19:22:57,2026-08-01 20:31:57,2026-08-01 23:42:57,Routine,33.911,,H,0,2026-08-01 23:47:57
LAB00162040,,MRN44542722,DR00094,H004-D10,H004,6690-2,2026-08-02 06:22:57,2026-08-02 06:31:57,2026-08-02 10:50:57,STAT,138.575,,HH,0,2026-08-02 10:55:57
LAB00162041,,MRN99274412,DR00124,H004-D10,H004,1742-6,2026-07-09 22:22:39,2026-07-09 23:49:39,2026-07-10 01:08:39,STAT,112.842,,H,0,2026-07-10 01:13:39
LAB00162042,,MRN54037856,DR00208,H003-D03,H003,4548-4,2026-07-20 15:25:10,2026-07-20 15:30:10,2026-07-20 16:22:10,STAT,71.952,,N,0,2026-07-20 16:27:10
LAB00162043,,MRN54037856,DR00184,H003-D08,H003,5902-2,2026-07-20 04:25:10,2026-07-20 05:09:10,2026-07-20 07:48:10,Routine,152.171,,HH,0,2026-07-20 07:53:10
LAB00162044,,MRN89975189,DR00087,H004-D10,H004,2085-9,2026-08-23 15:19:13,2026-08-23 15:38:13,2026-08-23 19:19:13,Routine,40.656,,L,0,2026-08-23 19:24:13
LAB00162045,,MRN67177265,DR00170,H001-D10,H001,2951-2,2026-08-07 17:23:21,2026-08-07 18:13:21,2026-08-07 21:23:21,Routine,178.026,,N,0,2026-08-07 21:28:21
LAB00162046,,MRN67177265,DR00054,H003-D02,H003,2093-3,2026-08-06 15:23:21,2026-08-06 16:42:21,2026-08-06 20:34:21,Routine,19.851,,HH,0,2026-08-06 20:39:21
LAB00162047,,MRN94178110,DR00080,H002-D01,H002,3016-3,2026-08-15 13:15:26,2026-08-15 14:05:26,2026-08-15 16:35:26,Routine,85.705,,HH,0,2026-08-15 16:40:26
LAB00162048,,MRN94178110,DR00022,H003-D02,H003,2093-3,2026-08-16 09:15:26,2026-08-16 10:15:26,2026-08-16 11:24:26,Routine,117.61,,L,0,2026-08-16 11:29:26
LAB00162049,,MRN94178110,DR00055,H001-D03,H001,30934-4,2026-08-16 02:15:26,2026-08-16 03:12:26,2026-08-16 06:01:26,STAT,150.053,,L,0,2026-08-16 06:06:26
LAB00162050,,MRN75170070,DR00139,H003-D02,H003,3094-0,2026-07-23 21:08:07,2026-07-23 22:08:07,2026-07-23 23:50:07,Routine,62.607,,H,0,2026-07-23 23:55:07
LAB00162051,,MRN75170070,DR00163,H002-D05,H002,718-7,2026-07-22 17:08:07,2026-07-22 17:55:07,2026-07-22 22:13:07,STAT,178.904,,N,0,2026-07-22 22:18:07
LAB00162052,,MRN75170070,DR00155,H003-D08,H003,2823-3,2026-07-23 06:08:07,2026-07-23 07:09:07,2026-07-23 10:40:07,Routine,64.501,,L,0,2026-07-23 10:45:07
LAB00162053,,MRN43732581,DR00078,H002-D09,H002,88888-8,2026-08-08 21:45:01,2026-08-08 23:12:01,2026-08-09 02:44:01,STAT,64.251,,HH,0,2026-08-09 02:49:01
LAB00162054,,MRN14988438,DR00116,H003-D05,H003,3094-0,2026-03-31 08:55:27,2026-03-31 09:30:27,2026-03-31 11:18:27,Routine,72.175,,N,0,2026-03-31 11:23:27
LAB00162055,,MRN14988438,DR00225,H001-D10,H001,2160-0,2026-03-31 08:55:27,2026-03-31 09:44:27,2026-03-31 12:28:27,Routine,103.683,,H,0,2026-03-31 12:33:27
LAB00162056,,MRN14988438,DR00235,H001-D05,H001,1742-6,2026-03-31 14:55:27,2026-03-31 15:58:27,2026-03-31 17:08:27,STAT,33.677,,L,0,2026-03-31 17:13:27
LAB00162057,,MRN98520378,DR00223,H002-D06,H002,5902-2,2026-07-18 19:21:05,2026-07-18 20:36:05,2026-07-18 22:23:05,STAT,181.09,,N,0,2026-07-18 22:28:05
LAB00162058,,MRN98520378,DR00230,H003-D04,H003,2160-0,2026-07-19 08:21:05,2026-07-19 09:22:05,2026-07-19 10:31:05,Routine,140.948,,H,0,2026-07-19 10:36:05
LAB00162059,,MRN98520378,DR00180,H003-D03,H003,2085-9,2026-07-19 01:21:05,2026-07-19 01:37:05,2026-07-19 04:00:05,Routine,87.943,,H,0,2026-07-19 04:05:05
LAB00162060,,MRN88668597,DR00191,H003-D06,H003,1988-5,2026-07-27 10:06:40,2026-07-27 10:28:40,2026-07-27 14:54:40,Routine,70.091,,HH,0,2026-07-27 14:59:40
LAB00162061,,MRN58341250,DR00060,H004-D03,H004,4544-3,2026-08-04 19:57:02,2026-08-04 20:27:02,2026-08-04 21:14:02,Routine,18.867,,L,0,2026-08-04 21:19:02
LAB00162062,,MRN58341250,DR00134,H002-D07,H002,10839-9,2026-08-05 00:57:02,2026-08-05 01:17:02,2026-08-05 04:38:02,Routine,141.639,,N,0,2026-08-05 04:43:02
LAB00162063,,MRN94092049,DR00202,H001-D01,H001,1975-2,2026-07-09 00:56:08,2026-07-09 02:09:08,2026-07-09 07:02:08,Routine,4.39,,L,0,2026-07-09 07:07:08
LAB00162064,,MRN94092049,DR00178,H003-D10,H003,2085-9,2026-07-08 20:56:08,2026-07-08 21:35:08,2026-07-09 00:21:08,STAT,118.997,,L,0,2026-07-09 00:26:08
LAB00162065,,MRN86434199,DR00078,H003-D10,H003,2823-3,2026-07-26 11:36:09,2026-07-26 13:04:09,2026-07-26 16:29:09,Routine,89.445,,L,0,2026-07-26 16:34:09
LAB00162066,,MRN86434199,DR00215,H003-D05,H003,6301-6,2026-07-26 04:36:09,2026-07-26 05:04:09,2026-07-26 08:16:09,Routine,167.963,,H,0,2026-07-26 08:21:09
LAB00162067,,MRN86434199,DR00095,H003-D05,H003,3094-0,2026-07-27 00:36:09,2026-07-27 01:45:09,2026-07-27 03:05:09,Routine,101.981,,HH,0,2026-07-27 03:10:09
LAB00162068,,MRN69060917,DR00051,H002-D09,H002,4548-4,2026-08-28 20:55:09,2026-08-28 21:59:09,2026-08-29 01:57:09,Routine,100.401,,H,0,2026-08-29 02:02:09
LAB00162069,,MRN69060917,DR00131,H001-D06,H001,4544-3,2026-08-28 21:55:09,2026-08-28 22:16:09,2026-08-29 00:54:09,Routine,62.602,,H,0,2026-08-29 00:59:09
LAB00162070,,MRN66355839,DR00004,H002-D03,H002,5902-2,2025-12-01 20:29:39,2025-12-01 21:25:39,2025-12-02 02:19:39,Routine,90.447,,H,0,2025-12-02 02:24:39
LAB00162071,,MRN66355839,DR00240,H002-D09,H002,2345-7,2025-11-30 13:29:39,2025-11-30 14:39:39,2025-11-30 19:18:39,Routine,193.868,,H,0,2025-11-30 19:23:39
LAB00162072,,MRN66355839,DR00215,H002-D04,H002,3016-3,2025-12-01 12:29:39,2025-12-01 13:10:39,2025-12-01 16:28:39,Routine,15.486,,L,0,2025-12-01 16:33:39
LAB00162073,,MRN64598173,DR00085,H001-D08,H001,1920-8,2026-07-25 14:19:47,2026-07-25 15:38:47,2026-07-25 17:19:47,Routine,55.389,,HH,0,2026-07-25 17:24:47
LAB00162074,,MRN35885325,DR00072,H002-D05,H002,2085-9,2026-08-14 08:47:02,2026-08-14 09:23:02,2026-08-14 13:43:02,Routine,123.357,,N,0,2026-08-14 13:48:02
LAB00162075,,MRN35885325,DR00141,H003-D06,H003,1920-8,2026-08-15 03:47:02,2026-08-15 04:33:02,2026-08-15 05:39:02,STAT,86.424,,H,0,2026-08-15 05:44:02
LAB00162076,,MRN35885325,DR00216,H001-D01,H001,2075-0,2026-08-15 11:47:02,2026-08-15 13:10:02,2026-08-15 16:50:02,STAT,88.513,,N,0,2026-08-15 16:55:02
LAB00162077,,MRN57241615,DR00151,H004-D03,H004,600-7,2026-08-27 18:22:42,2026-08-27 19:02:42,2026-08-27 21:04:42,Routine,,,N,0,2026-08-27 21:09:42
LAB00162078,,MRN57241615,DR00201,H003-D01,H003,4544-3,2026-08-28 23:22:42,2026-08-28 23:36:42,2026-08-29 03:26:42,Routine,49.435,,H,0,2026-08-29 03:31:42
LAB00162079,,MRN34462890,DR00154,H001-D06,H001,2345-7,2026-08-23 17:09:31,2026-08-23 18:23:31,2026-08-23 22:25:31,Routine,164.6,,H,0,2026-08-23 22:30:31
LAB00162080,,MRN34462890,DR00012,H001-D04,H001,2075-0,2026-08-22 11:09:31,2026-08-22 11:44:31,2026-08-22 16:23:31,Routine,156.788,,H,0,2026-08-22 16:28:31
LAB00162081,,MRN34462890,DR00218,H004-D03,H004,6690-2,2026-08-23 05:09:31,2026-08-23 06:32:31,2026-08-23 08:27:31,Routine,113.367,,N,0,2026-08-23 08:32:31
LAB00162082,,MRN64180147,DR00027,H002-D08,H002,630-4,2026-01-13 02:57:02,2026-01-13 03:02:02,2026-01-13 06:49:02,Routine,,,H,0,2026-01-13 06:54:02
LAB00162083,,MRN64180147,DR00042,H002-D04,H002,630-4,2026-01-13 20:57:02,2026-01-13 21:55:02,2026-01-13 23:50:02,Routine,,,L,0,2026-01-13 23:55:02
LAB00162084,,MRN68877383,DR00161,H001-D06,H001,2160-0,2026-07-28 07:00:55,2026-07-28 08:17:55,2026-07-28 12:56:55,Routine,102.758,,HH,0,2026-07-28 13:01:55
LAB00162085,,MRN75511639,DR00089,H003-D04,H003,4548-4,2026-07-12 14:18:01,2026-07-12 15:38:01,2026-07-12 18:09:01,Routine,115.484,,N,0,2026-07-12 18:14:01
LAB00162086,,MRN75511639,DR00131,H003-D07,H003,2085-9,2026-07-11 13:18:01,2026-07-11 14:23:01,2026-07-11 18:52:01,Routine,161.264,,L,0,2026-07-11 18:57:01
LAB00162087,,MRN75511639,DR00209,H004-D03,H004,6690-2,2026-07-12 05:18:01,2026-07-12 06:06:01,2026-07-12 07:55:01,Routine,148.179,,N,0,2026-07-12 08:00:01
LAB00162088,,MRN39367514,DR00141,H002-D10,H002,5811-5,2026-07-09 17:03:01,2026-07-09 18:30:01,2026-07-09 20:42:01,Routine,20.633,,HH,0,2026-07-09 20:47:01
LAB00162089,,MRN39367514,DR00165,H001-D03,H001,718-7,2026-07-10 00:03:01,2026-07-10 01:15:01,2026-07-10 04:22:01,Routine,115.99,,N,0,2026-07-10 04:27:01
LAB00162090,,MRN98534177,DR00049,H001-D10,H001,3016-3,2026-08-12 16:17:37,2026-08-12 17:45:37,2026-08-12 18:37:37,Routine,97.431,,L,0,2026-08-12 18:42:37
LAB00162091,,MRN75724303,DR00191,H003-D08,H003,718-7,2026-03-17 15:07:18,2026-03-17 15:20:18,2026-03-17 16:28:18,Routine,154.579,,L,0,2026-03-17 16:33:18
LAB00162092,,MRN75724303,DR00113,H002-D09,H002,2075-0,2026-03-18 23:07:18,2026-03-18 23:37:18,2026-03-19 04:31:18,Routine,94.732,,H,0,2026-03-19 04:36:18
LAB00162093,,MRN75724303,DR00091,H002-D06,H002,2951-2,2026-03-19 10:07:18,2026-03-19 10:25:18,2026-03-19 14:45:18,Routine,88.872,,HH,0,2026-03-19 14:50:18
LAB00162094,,MRN15923224,DR00056,H002-D09,H002,600-7,2026-08-01 02:18:50,2026-08-01 03:00:50,2026-08-01 04:45:50,Routine,,,H,0,2026-08-01 04:50:50
LAB00162095,,MRN15923224,DR00068,H002-D08,H002,2093-3,2026-08-01 06:18:50,2026-08-01 07:28:50,2026-08-01 09:06:50,Routine,85.209,,N,0,2026-08-01 09:11:50
LAB00162096,,MRN15923224,DR00088,H001-D10,H001,1988-5,2026-08-01 16:18:50,2026-08-01 16:41:50,2026-08-01 18:22:50,Routine,6.487,,HH,0,2026-08-01 18:27:50
LAB00162097,,MRN63696431,DR00148,H002-D04,H002,2951-2,2026-08-06 05:19:37,2026-08-06 05:42:37,2026-08-06 08:17:37,STAT,50.847,,N,0,2026-08-06 08:22:37
LAB00162098,,MRN64944847,DR00071,H002-D02,H002,4548-4,2026-03-05 06:54:40,2026-03-05 07:33:40,2026-03-05 09:22:40,Routine,131.86,,H,0,2026-03-05 09:27:40
LAB00162099,,MRN64944847,DR00208,H002-D01,H002,1742-6,2026-03-05 10:54:40,2026-03-05 11:49:40,2026-03-05 13:51:40,Routine,137.504,,HH,0,2026-03-05 13:56:40
LAB00162100,,MRN88051723,DR00211,H003-D01,H003,10839-9,2026-08-05 10:54:26,2026-08-05 12:15:26,2026-08-05 15:56:26,Routine,172.756,,HH,0,2026-08-05 16:01:26
LAB00162101,,MRN37271962,DR00125,H002-D04,H002,5902-2,2026-07-16 06:10:14,2026-07-16 07:35:14,2026-07-16 10:11:14,Routine,120.725,,H,0,2026-07-16 10:16:14
LAB00162102,,MRN37271962,DR00069,H003-D07,H003,2160-0,2026-07-16 12:10:14,2026-07-16 12:59:14,2026-07-16 17:53:14,Routine,196.063,,H,0,2026-07-16 17:58:14
LAB00162103,,MRN86331743,DR00189,H003-D05,H003,6690-2,2026-07-19 18:35:46,2026-07-19 20:01:46,2026-07-19 21:07:46,STAT,114.317,,L,0,2026-07-19 21:12:46
LAB00162104,,MRN46898924,DR00175,H002-D04,H002,1920-8,2025-08-13 03:58:59,2025-08-13 05:07:59,2025-08-13 05:48:59,Routine,129.067,,N,0,2025-08-13 05:53:59
LAB00162105,,MRN42530326,DR00210,H001-D09,H001,2823-3,2026-02-22 05:22:08,2026-02-22 05:35:08,2026-02-22 07:27:08,Routine,38.698,,L,0,2026-02-22 07:32:08
LAB00162106,,MRN42530326,DR00022,H002-D07,H002,1742-6,2026-02-21 08:22:08,2026-02-21 09:05:08,2026-02-21 10:19:08,Routine,7.205,,N,0,2026-02-21 10:24:08
LAB00162107,,MRN42530326,DR00025,H002-D03,H002,2951-2,2026-02-21 19:22:08,2026-02-21 19:46:08,2026-02-21 23:46:08,STAT,108.482,,HH,0,2026-02-21 23:51:08
LAB00162108,,MRN64495514,DR00050,H002-D10,H002,2951-2,2026-08-06 10:51:51,2026-08-06 10:59:51,2026-08-06 14:16:51,Routine,160.675,,N,0,2026-08-06 14:21:51
LAB00162109,,MRN64495514,DR00126,H002-D01,H002,6301-6,2026-08-05 20:51:51,2026-08-05 22:04:51,2026-08-05 22:27:51,Routine,104.105,,N,0,2026-08-05 22:32:51
LAB00162110,,MRN64495514,DR00016,H004-D10,H004,3016-3,2026-08-06 06:51:51,2026-08-06 08:14:51,2026-08-06 11:22:51,Routine,32.483,,H,0,2026-08-06 11:27:51
LAB00162111,,MRN89505638,DR00207,H003-D07,H003,10839-9,2026-08-25 09:33:08,2026-08-25 10:51:08,2026-08-25 13:57:08,Routine,127.54,,L,0,2026-08-25 14:02:08
LAB00162112,,MRN89505638,DR00207,H002-D04,H002,5902-2,2026-08-24 16:33:08,2026-08-24 17:34:08,2026-08-24 21:16:08,Routine,90.14,,N,0,2026-08-24 21:21:08
LAB00162113,,MRN89505638,DR00097,H003-D06,H003,777-3,2026-08-25 18:33:08,2026-08-25 19:00:08,2026-08-25 22:51:08,STAT,105.738,,N,0,2026-08-25 22:56:08
LAB00162114,,MRN11259815,DR00189,H001-D04,H001,4548-4,2026-08-21 03:14:59,2026-08-21 04:35:59,2026-08-21 04:57:59,Routine,188.783,,H,0,2026-08-21 05:02:59
LAB00162115,,MRN11259815,DR00053,H003-D08,H003,2951-2,2026-08-21 14:14:59,2026-08-21 14:20:59,2026-08-21 18:29:59,Routine,21.715,,H,0,2026-08-21 18:34:59
LAB00162116,,MRN78565053,DR00182,H003-D10,H003,2085-9,2026-08-26 17:17:26,2026-08-26 18:23:26,2026-08-26 19:44:26,Routine,160.739,,HH,0,2026-08-26 19:49:26
LAB00162117,,MRN78565053,DR00177,H003-D05,H003,2085-9,2026-08-28 11:17:26,2026-08-28 12:40:26,2026-08-28 16:29:26,Routine,24.707,,L,0,2026-08-28 16:34:26
LAB00162118,,MRN59464957,DR00045,H003-D05,H003,88888-8,2026-08-10 03:07:08,2026-08-10 03:23:08,2026-08-10 08:08:08,STAT,5.801,,HH,0,2026-08-10 08:13:08
LAB00162119,,MRN67531567,DR00184,H004-D10,H004,3016-3,2026-07-21 13:44:14,2026-07-21 15:12:14,2026-07-21 16:01:14,Routine,142.617,,N,0,2026-07-21 16:06:14
LAB00162120,,MRN62337170,DR00124,H003-D04,H003,3094-0,2026-07-30 12:44:26,2026-07-30 13:05:26,2026-07-30 17:02:26,Routine,104.369,,HH,0,2026-07-30 17:07:26
LAB00162121,,MRN62337170,DR00173,H003-D09,H003,30934-4,2026-07-29 20:44:26,2026-07-29 21:59:26,2026-07-29 23:00:26,Routine,84.792,,HH,0,2026-07-29 23:05:26
LAB00162122,,MRN62337170,DR00074,H001-D03,H001,2160-0,2026-07-30 07:44:26,2026-07-30 08:31:26,2026-07-30 11:13:26,Routine,29.803,,N,0,2026-07-30 11:18:26
LAB00162123,,MRN14179959,DR00215,H003-D10,H003,2093-3,2026-08-14 21:02:25,2026-08-14 21:07:25,2026-08-14 23:11:25,Routine,75.216,,L,0,2026-08-14 23:16:25
LAB00162124,,MRN14179959,DR00133,H003-D09,H003,2951-2,2026-08-14 04:02:25,2026-08-14 04:41:25,2026-08-14 07:56:25,Routine,18.957,,L,0,2026-08-14 08:01:25
LAB00162125,,MRN40425368,DR00017,H003-D10,H003,2160-0,2026-07-05 02:29:29,2026-07-05 03:06:29,2026-07-05 07:38:29,STAT,137.098,,H,0,2026-07-05 07:43:29
LAB00162126,,MRN40425368,DR00094,H003-D07,H003,3094-0,2026-07-05 22:29:29,2026-07-05 23:49:29,2026-07-06 03:15:29,Routine,36.886,,N,0,2026-07-06 03:20:29
LAB00162127,,MRN32009919,DR00137,H004-D10,H004,2951-2,2026-08-01 07:54:18,2026-08-01 08:25:18,2026-08-01 11:07:18,Routine,102.38,,H,0,2026-08-01 11:12:18
LAB00162128,,MRN32009919,DR00234,H003-D09,H003,6301-6,2026-07-31 12:54:18,2026-07-31 13:41:18,2026-07-31 17:02:18,Routine,155.218,,N,0,2026-07-31 17:07:18
LAB00162129,,MRN54875364,DR00153,H002-D05,H002,2823-3,2026-07-11 09:18:47,2026-07-11 10:10:47,2026-07-11 10:56:47,Routine,144.869,,H,0,2026-07-11 11:01:47
LAB00162130,,MRN54875364,DR00076,H002-D06,H002,3016-3,2026-07-10 13:18:47,2026-07-10 13:58:47,2026-07-10 15:00:47,STAT,56.485,,N,0,2026-07-10 15:05:47
LAB00162131,,MRN54875364,DR00166,H001-D03,H001,4548-4,2026-07-10 16:18:47,2026-07-10 17:22:47,2026-07-10 21:44:47,Routine,187.102,,HH,0,2026-07-10 21:49:47
LAB00162132,,MRN73490743,DR00205,H002-D01,H002,1920-8,2026-08-21 22:21:19,2026-08-21 23:46:19,2026-08-22 01:52:19,Routine,81.484,,HH,0,2026-08-22 01:57:19
LAB00162133,,MRN73490743,DR00220,H002-D04,H002,4548-4,2026-08-20 17:21:19,2026-08-20 18:16:19,2026-08-20 21:16:19,Routine,52.106,,HH,0,2026-08-20 21:21:19
LAB00162134,,MRN26755178,DR00015,H001-D07,H001,1975-2,2026-08-02 12:22:16,2026-08-02 13:41:16,2026-08-02 14:56:16,Routine,177.151,,L,0,2026-08-02 15:01:16
LAB00162135,,MRN26755178,DR00074,H003-D02,H003,99999-9,2026-08-04 10:22:16,2026-08-04 10:41:16,2026-08-04 12:49:16,Routine,9.464,,L,0,2026-08-04 12:54:16
LAB00162136,,MRN92723103,DR00125,H002-D07,H002,777-3,2026-08-03 00:03:53,2026-08-03 01:12:53,2026-08-03 03:21:53,STAT,43.063,,H,0,2026-08-03 03:26:53
LAB00162137,,MRN25500106,DR00094,H001-D08,H001,4544-3,2026-07-15 10:18:10,2026-07-15 10:59:10,2026-07-15 15:39:10,Routine,109.934,,N,0,2026-07-15 15:44:10
LAB00162138,,MRN70683962,DR00008,H001-D04,H001,30934-4,2026-08-23 14:02:07,2026-08-23 14:25:07,2026-08-23 16:12:07,STAT,93.009,,HH,0,2026-08-23 16:17:07
LAB00162139,,MRN70683962,DR00231,H003-D10,H003,6690-2,2026-08-24 16:02:07,2026-08-24 16:53:07,2026-08-24 21:42:07,Routine,76.928,,H,0,2026-08-24 21:47:07
LAB00162140,,MRN25780138,DR00049,H003-D06,H003,718-7,2026-07-09 04:16:06,2026-07-09 04:38:06,2026-07-09 09:23:06,Routine,13.001,,HH,0,2026-07-09 09:28:06
LAB00162141,,MRN25780138,DR00233,H001-D07,H001,1988-5,2026-07-09 12:16:06,2026-07-09 13:05:06,2026-07-09 14:59:06,Routine,44.776,,N,0,2026-07-09 15:04:06
LAB00162142,,MRN93868539,DR00009,H003-D05,H003,718-7,2026-07-07 00:03:00,2026-07-07 01:08:00,2026-07-07 03:16:00,STAT,196.695,,HH,0,2026-07-07 03:21:00
LAB00162143,,MRN93868539,DR00197,H003-D10,H003,2345-7,2026-07-05 05:03:00,2026-07-05 05:41:00,2026-07-05 07:55:00,STAT,3.361,,L,0,2026-07-05 08:00:00
LAB00162144,,MRN77749600,DR00203,H001-D03,H001,1975-2,2026-07-24 10:58:49,2026-07-24 11:19:49,2026-07-24 14:09:49,Routine,157.882,,HH,0,2026-07-24 14:14:49
LAB00162145,,MRN51003706,DR00100,H001-D09,H001,718-7,2026-07-16 01:21:54,2026-07-16 01:26:54,2026-07-16 02:13:54,Routine,197.722,,H,0,2026-07-16 02:18:54
LAB00162146,,MRN51003706,DR00155,H002-D10,H002,2345-7,2026-07-15 20:21:54,2026-07-15 20:48:54,2026-07-16 01:19:54,Routine,29.002,,H,0,2026-07-16 01:24:54
LAB00162147,,MRN12552067,DR00104,H003-D01,H003,718-7,2026-08-08 04:45:04,2026-08-08 04:56:04,2026-08-08 08:40:04,Routine,107.584,,L,0,2026-08-08 08:45:04
LAB00162148,,MRN12552067,DR00157,H001-D06,H001,6301-6,2026-08-09 00:45:04,2026-08-09 02:06:04,2026-08-09 03:41:04,STAT,50.041,,N,0,2026-08-09 03:46:04
LAB00162149,,MRN31686532,DR00046,H002-D09,H002,2093-3,2026-07-19 20:52:14,2026-07-19 21:23:14,2026-07-20 01:33:14,Routine,150.242,,HH,0,2026-07-20 01:38:14
LAB00162150,,MRN31686532,DR00125,H003-D04,H003,1988-5,2026-07-20 20:52:14,2026-07-20 22:20:14,2026-07-21 02:44:14,Routine,113.186,,H,0,2026-07-21 02:49:14
LAB00162151,,MRN63773455,DR00211,H003-D02,H003,2085-9,2026-08-29 23:04:18,2026-08-29 23:59:18,2026-08-30 04:57:18,Routine,126.571,,L,0,2026-08-30 05:02:18
LAB00162152,,MRN63773455,DR00090,H003-D05,H003,1742-6,2026-08-29 03:04:18,2026-08-29 03:26:18,2026-08-29 05:47:18,STAT,128.032,,HH,0,2026-08-29 05:52:18
LAB00162153,,MRN63773455,DR00123,H002-D06,H002,6301-6,2026-08-30 08:04:18,2026-08-30 09:16:18,2026-08-30 12:57:18,STAT,100.886,,H,0,2026-08-30 13:02:18
LAB00162154,,MRN13563541,DR00133,H003-D09,H003,30934-4,2026-08-03 02:33:10,2026-08-03 03:56:10,2026-08-03 06:24:10,Routine,195.391,,L,0,2026-08-03 06:29:10
LAB00162155,,MRN13563541,DR00168,H001-D09,H001,6690-2,2026-08-03 11:33:10,2026-08-03 12:14:10,2026-08-03 14:13:10,Routine,122.016,,HH,0,2026-08-03 14:18:10
LAB00162156,,MRN37231096,DR00091,H002-D05,H002,630-4,2026-08-01 15:49:59,2026-08-01 16:50:59,2026-08-01 18:53:59,Routine,,,HH,0,2026-08-01 18:58:59
LAB00162157,,MRN37231096,DR00185,H001-D04,H001,4544-3,2026-07-31 16:49:59,2026-07-31 17:26:59,2026-07-31 20:13:59,Routine,125.918,,H,0,2026-07-31 20:18:59
LAB00162158,,MRN37231096,DR00017,H002-D10,H002,2823-3,2026-07-31 18:49:59,2026-07-31 18:57:59,2026-07-31 23:46:59,Routine,39.276,,H,0,2026-07-31 23:51:59
LAB00162159,,MRN50740524,DR00094,H003-D07,H003,2823-3,2026-08-16 14:25:41,2026-08-16 14:58:41,2026-08-16 18:03:41,STAT,180.07,,N,0,2026-08-16 18:08:41
LAB00162160,,MRN50740524,DR00200,H003-D03,H003,2093-3,2026-08-17 00:25:41,2026-08-17 00:57:41,2026-08-17 05:50:41,STAT,21.107,,HH,0,2026-08-17 05:55:41
LAB00162161,,MRN20797010,DR00098,H003-D03,H003,2951-2,2026-07-29 19:46:50,2026-07-29 20:03:50,2026-07-29 22:08:50,Routine,40.361,,N,0,2026-07-29 22:13:50
LAB00162162,,MRN20797010,DR00095,H002-D06,H002,6690-2,2026-07-30 03:46:50,2026-07-30 05:08:50,2026-07-30 06:21:50,Routine,16.174,,L,0,2026-07-30 06:26:50
LAB00162163,,MRN20797010,DR00135,H001-D03,H001,2345-7,2026-07-29 14:46:50,2026-07-29 15:29:50,2026-07-29 17:22:50,STAT,56.632,,HH,0,2026-07-29 17:27:50
LAB00162164,,MRN62917075,DR00186,H002-D07,H002,3016-3,2026-08-29 18:41:06,2026-08-29 19:28:06,2026-08-29 21:37:06,Routine,96.852,,N,0,2026-08-29 21:42:06
LAB00162165,,MRN62917075,DR00148,H003-D04,H003,630-4,2026-08-29 01:41:06,2026-08-29 03:07:06,2026-08-29 04:50:06,Routine,,,L,0,2026-08-29 04:55:06
LAB00162166,,MRN95931474,DR00125,H003-D06,H003,3094-0,2026-08-31 12:08:46,2026-08-31 12:43:46,2026-08-31 14:27:46,STAT,45.074,,HH,0,2026-08-31 14:32:46
LAB00162167,,MRN95931474,DR00071,H003-D03,H003,1742-6,2026-08-31 02:08:46,2026-08-31 03:00:46,2026-08-31 04:49:46,Routine,77.937,,H,0,2026-08-31 04:54:46
LAB00162168,,MRN95931474,DR00228,H003-D02,H003,5902-2,2026-08-31 06:08:46,2026-08-31 06:16:46,2026-08-31 10:35:46,Routine,179.822,,H,0,2026-08-31 10:40:46
LAB00162169,,MRN33577946,DR00214,H003-D04,H003,3016-3,2026-07-19 23:19:20,2026-07-20 00:41:20,2026-07-20 05:03:20,Routine,144.737,,N,0,2026-07-20 05:08:20
LAB00162170,,MRN33577946,DR00015,H003-D10,H003,3094-0,2026-07-20 19:19:20,2026-07-20 20:15:20,2026-07-20 22:06:20,Routine,187.048,,L,0,2026-07-20 22:11:20
LAB00162171,,MRN33577946,DR00118,H002-D07,H002,4548-4,2026-07-20 01:19:20,2026-07-20 02:48:20,2026-07-20 06:56:20,STAT,102.09,,HH,0,2026-07-20 07:01:20
LAB00162172,,MRN20254776,DR00240,H001-D05,H001,6690-2,2026-08-01 04:14:32,2026-08-01 05:35:32,2026-08-01 07:54:32,Routine,69.767,,H,0,2026-08-01 07:59:32
LAB00162173,,MRN20254776,DR00103,H001-D06,H001,2823-3,2026-08-01 15:14:32,2026-08-01 15:48:32,2026-08-01 19:31:32,Routine,43.196,,N,0,2026-08-01 19:36:32
LAB00162174,,MRN55304552,DR00016,H002-D01,H002,6690-2,2026-08-02 21:33:05,2026-08-02 21:49:05,2026-08-03 01:01:05,Routine,192.69,,H,0,2026-08-03 01:06:05
LAB00162175,,MRN41419180,DR00063,H002-D05,H002,1742-6,2026-08-27 02:23:17,2026-08-27 03:48:17,2026-08-27 07:44:17,STAT,17.616,,HH,0,2026-08-27 07:49:17
LAB00162176,,MRN44588554,DR00016,H002-D04,H002,1920-8,2026-07-26 03:43:27,2026-07-26 05:04:27,2026-07-26 06:29:27,STAT,186.052,,H,0,2026-07-26 06:34:27
LAB00162177,,MRN44588554,DR00110,H001-D09,H001,2951-2,2026-07-26 18:43:27,2026-07-26 20:12:27,2026-07-27 01:04:27,STAT,91.541,,HH,0,2026-07-27 01:09:27
LAB00162178,,MRN73181052,DR00224,H003-D09,H003,2823-3,2026-08-06 10:09:48,2026-08-06 10:30:48,2026-08-06 14:17:48,Routine,135.711,,H,0,2026-08-06 14:22:48
LAB00162179,,MRN28713264,DR00027,H001-D03,H001,2823-3,2026-07-21 14:36:40,2026-07-21 14:45:40,2026-07-21 16:49:40,Routine,74.683,,L,0,2026-07-21 16:54:40
LAB00162180,,MRN28713264,DR00077,H001-D10,H001,2951-2,2026-07-22 19:36:40,2026-07-22 19:59:40,2026-07-23 00:51:40,Routine,187.104,,HH,0,2026-07-23 00:56:40
LAB00162181,,MRN13918027,DR00131,H001-D10,H001,2075-0,2026-08-19 19:30:24,2026-08-19 19:43:24,2026-08-19 20:28:24,Routine,135.747,,H,0,2026-08-19 20:33:24
LAB00162182,,MRN13918027,DR00140,H003-D03,H003,3016-3,2026-08-18 08:30:24,2026-08-18 09:40:24,2026-08-18 10:54:24,Routine,90.536,,L,0,2026-08-18 10:59:24
LAB00162183,,MRN23403248,DR00148,H003-D06,H003,1975-2,2026-08-06 16:09:50,2026-08-06 17:06:50,2026-08-06 18:35:50,Routine,84.928,,L,0,2026-08-06 18:40:50
LAB00162184,,MRN23403248,DR00077,H004-D03,H004,3094-0,2026-08-06 03:09:50,2026-08-06 04:22:50,2026-08-06 08:41:50,Routine,129.601,,H,0,2026-08-06 08:46:50
LAB00162185,,MRN66911392,DR00170,H003-D03,H003,1742-6,2026-08-07 00:03:44,2026-08-07 01:07:44,2026-08-07 04:48:44,Routine,80.189,,L,0,2026-08-07 04:53:44
LAB00162186,,MRN66911392,DR00013,H002-D01,H002,2085-9,2026-08-08 14:03:44,2026-08-08 14:25:44,2026-08-08 17:43:44,STAT,181.175,,L,0,2026-08-08 17:48:44
LAB00162187,,MRN66911392,DR00070,H002-D02,H002,2345-7,2026-08-07 18:03:44,2026-08-07 18:48:44,2026-08-07 19:25:44,Routine,22.988,,N,0,2026-08-07 19:30:44
LAB00162188,,MRN93949979,DR00085,H001-D06,H001,1742-6,2026-08-28 18:00:02,2026-08-28 19:26:02,2026-08-28 22:10:02,STAT,87.308,,HH,0,2026-08-28 22:15:02
LAB00162189,,MRN93949979,DR00070,H002-D02,H002,5811-5,2026-08-29 09:00:02,2026-08-29 10:29:02,2026-08-29 11:44:02,Routine,89.403,,N,0,2026-08-29 11:49:02
LAB00162190,,MRN93949979,DR00234,H002-D04,H002,2085-9,2026-08-29 23:00:02,2026-08-29 23:24:02,2026-08-30 00:57:02,STAT,183.309,,L,0,2026-08-30 01:02:02
LAB00162191,,MRN25070257,DR00040,H002-D07,H002,LOCAL-777,2026-08-24 18:06:03,2026-08-24 18:15:03,2026-08-24 22:11:03,Routine,168.381,,HH,0,2026-08-24 22:16:03
LAB00162192,,MRN25070257,DR00172,H002-D09,H002,30934-4,2026-08-25 09:06:03,2026-08-25 10:29:03,2026-08-25 10:55:03,Routine,125.771,,L,0,2026-08-25 11:00:03
LAB00162193,,MRN24265540,DR00048,H001-D01,H001,3094-0,2026-08-19 22:52:11,2026-08-20 00:19:11,2026-08-20 01:24:11,Routine,103.073,,N,0,2026-08-20 01:29:11
LAB00162194,,MRN24265540,DR00065,H003-D04,H003,3094-0,2026-08-20 04:52:11,2026-08-20 05:52:11,2026-08-20 10:22:11,Routine,10.543,,N,0,2026-08-20 10:27:11
LAB00162195,,MRN24265540,DR00194,H003-D06,H003,1742-6,2026-08-19 00:52:11,2026-08-19 01:33:11,2026-08-19 06:11:11,Routine,74.891,,HH,0,2026-08-19 06:16:11
LAB00162196,,MRN85022729,DR00009,H002-D10,H002,1742-6,2026-08-14 08:07:34,2026-08-14 08:34:34,2026-08-14 11:23:34,Routine,40.579,,HH,0,2026-08-14 11:28:34
LAB00162197,,MRN61305076,DR00101,H004-D03,H004,2345-7,2026-08-17 03:17:08,2026-08-17 04:20:08,2026-08-17 08:01:08,Routine,33.194,,H,0,2026-08-17 08:06:08
LAB00162198,,MRN61305076,DR00004,H002-D04,H002,6301-6,2026-08-19 00:17:08,2026-08-19 01:40:08,2026-08-19 03:24:08,STAT,108.165,,H,0,2026-08-19 03:29:08
LAB00162199,,MRN95049981,DR00208,H001-D10,H001,2160-0,2026-08-24 11:52:08,2026-08-24 12:23:08,2026-08-24 15:26:08,STAT,118.927,,H,0,2026-08-24 15:31:08
LAB00162200,,MRN95049981,DR00120,H002-D05,H002,3016-3,2026-08-23 15:52:08,2026-08-23 17:15:08,2026-08-23 21:52:08,Routine,87.197,,HH,0,2026-08-23 21:57:08
LAB00162201,,MRN89539110,DR00132,H001-D09,H001,630-4,2026-07-20 19:23:03,2026-07-20 19:57:03,2026-07-21 00:01:03,STAT,,,H,0,2026-07-21 00:06:03
LAB00162202,,MRN89539110,DR00011,H001-D08,H001,2093-3,2026-07-20 13:23:03,2026-07-20 14:33:03,2026-07-20 19:15:03,Routine,191.765,,L,0,2026-07-20 19:20:03
LAB00162203,,MRN89539110,DR00115,H002-D05,H002,99999-9,2026-07-20 00:23:03,2026-07-20 00:53:03,2026-07-20 03:39:03,STAT,132.62,,N,0,2026-07-20 03:44:03
LAB00162204,,MRN84756385,DR00156,H003-D03,H003,5811-5,2026-09-02 11:17:15,2026-09-02 12:17:15,2026-09-02 14:03:15,Routine,185.377,,N,0,2026-09-02 14:08:15
LAB00162205,,MRN54240156,DR00211,H001-D02,H001,2075-0,2026-09-01 13:55:25,2026-09-01 15:10:25,2026-09-01 16:57:25,Routine,39.808,,L,0,2026-09-01 17:02:25
LAB00162206,,MRN54240156,DR00011,H003-D02,H003,2093-3,2026-09-01 00:55:25,2026-09-01 01:29:25,2026-09-01 04:10:25,Routine,24.918,,HH,0,2026-09-01 04:15:25
LAB00162207,,MRN76420620,DR00183,H002-D02,H002,2160-0,2026-08-12 12:50:03,2026-08-12 13:59:03,2026-08-12 18:11:03,Routine,76.06,,L,0,2026-08-12 18:16:03
LAB00162208,,MRN76420620,DR00206,H002-D01,H002,2345-7,2026-08-13 10:50:03,2026-08-13 11:10:03,2026-08-13 12:49:03,Routine,193.727,,N,0,2026-08-13 12:54:03
LAB00162209,,MRN76420620,DR00083,H001-D05,H001,LOCAL-777,2026-08-12 22:50:03,2026-08-13 00:17:03,2026-08-13 03:47:03,Routine,73.454,,H,0,2026-08-13 03:52:03
LAB00162210,,MRN15190948,DR00073,H003-D03,H003,4544-3,2026-07-31 03:21:17,2026-07-31 04:04:17,2026-07-31 05:26:17,Routine,162.314,,L,0,2026-07-31 05:31:17
LAB00162211,,MRN52122897,DR00030,H002-D08,H002,5902-2,2026-07-16 07:09:28,2026-07-16 07:23:28,2026-07-16 11:49:28,Routine,36.925,,H,0,2026-07-16 11:54:28
LAB00162212,,MRN52122897,DR00193,H001-D05,H001,4548-4,2026-07-17 19:09:28,2026-07-17 19:25:28,2026-07-17 20:25:28,STAT,126.747,,L,0,2026-07-17 20:30:28
LAB00162213,,MRN52122897,DR00039,H002-D09,H002,6690-2,2026-07-17 00:09:28,2026-07-17 01:24:28,2026-07-17 05:08:28,Routine,52.073,,N,0,2026-07-17 05:13:28
LAB00162214,,MRN10823714,DR00028,H003-D10,H003,30934-4,2026-07-23 21:25:54,2026-07-23 22:08:54,2026-07-24 00:29:54,Routine,178.207,,L,0,2026-07-24 00:34:54
LAB00162215,,MRN80730265,DR00088,H001-D08,H001,2075-0,2025-08-17 20:46:03,2025-08-17 22:13:03,2025-08-18 00:08:03,Routine,155.855,,L,0,2025-08-18 00:13:03
LAB00162216,,MRN80730265,DR00208,H003-D08,H003,2075-0,2025-08-16 19:46:03,2025-08-16 20:04:03,2025-08-16 21:02:03,Routine,197.351,,HH,0,2025-08-16 21:07:03
LAB00162217,,MRN97111240,DR00133,H001-D10,H001,630-4,2026-08-31 08:24:30,2026-08-31 08:40:30,2026-08-31 13:25:30,Routine,,,H,0,2026-08-31 13:30:30
LAB00162218,,MRN10356290,DR00176,H002-D01,H002,5811-5,2026-07-05 19:12:07,2026-07-05 19:52:07,2026-07-05 22:39:07,Routine,138.855,,N,0,2026-07-05 22:44:07
LAB00162219,,MRN10356290,DR00047,H004-D10,H004,2823-3,2026-07-04 15:12:07,2026-07-04 16:03:07,2026-07-04 16:35:07,STAT,195.112,,HH,0,2026-07-04 16:40:07
LAB00162220,,MRN10356290,DR00003,H003-D03,H003,1742-6,2026-07-05 05:12:07,2026-07-05 06:37:07,2026-07-05 08:13:07,Routine,176.746,,HH,0,2026-07-05 08:18:07
LAB00162221,,MRN75433992,DR00037,H001-D09,H001,6301-6,2026-08-07 03:54:19,2026-08-07 05:12:19,2026-08-07 10:08:19,Routine,93.324,,L,0,2026-08-07 10:13:19
LAB00162222,,MRN88562070,DR00123,H002-D07,H002,2823-3,2026-07-31 15:42:30,2026-07-31 16:53:30,2026-07-31 19:22:30,Routine,68.983,,L,0,2026-07-31 19:27:30
LAB00162223,,MRN88562070,DR00149,H001-D02,H001,2823-3,2026-07-30 17:42:30,2026-07-30 18:27:30,2026-07-30 21:15:30,STAT,142.722,,HH,0,2026-07-30 21:20:30
LAB00162224,,MRN32338050,DR00087,H001-D05,H001,600-7,2026-08-15 04:23:07,2026-08-15 04:35:07,2026-08-15 07:30:07,Routine,,,L,0,2026-08-15 07:35:07
LAB00162225,,MRN32338050,DR00020,H002-D01,H002,4548-4,2026-08-16 10:23:07,2026-08-16 11:01:07,2026-08-16 15:05:07,Routine,86.949,,H,0,2026-08-16 15:10:07
LAB00162226,,MRN16635821,DR00150,H003-D04,H003,718-7,2026-08-08 07:20:47,2026-08-08 08:00:47,2026-08-08 11:49:47,Routine,152.347,,H,0,2026-08-08 11:54:47
LAB00162227,,MRN16635821,DR00239,H003-D10,H003,600-7,2026-08-08 15:20:47,2026-08-08 16:28:47,2026-08-08 16:49:47,STAT,,,HH,0,2026-08-08 16:54:47
LAB00162228,,MRN16635821,DR00209,H002-D05,H002,2951-2,2026-08-09 11:20:47,2026-08-09 12:34:47,2026-08-09 13:19:47,Routine,174.665,,H,0,2026-08-09 13:24:47
LAB00162229,,MRN93785059,DR00054,H003-D07,H003,1742-6,2026-08-27 10:27:52,2026-08-27 10:48:52,2026-08-27 12:29:52,STAT,133.086,,N,0,2026-08-27 12:34:52
LAB00162230,,MRN93785059,DR00173,H002-D04,H002,4548-4,2026-08-26 12:27:52,2026-08-26 13:00:52,2026-08-26 16:26:52,Routine,17.501,,HH,0,2026-08-26 16:31:52
LAB00162231,,MRN93785059,DR00231,H001-D02,H001,6690-2,2026-08-26 23:27:52,2026-08-27 00:18:52,2026-08-27 05:16:52,Routine,1.676,,HH,0,2026-08-27 05:21:52
LAB00162232,,MRN87699919,DR00194,H001-D04,H001,718-7,2026-07-26 23:34:37,2026-07-27 00:30:37,2026-07-27 01:19:37,Routine,35.992,,HH,0,2026-07-27 01:24:37
LAB00162233,,MRN44410709,DR00076,H003-D10,H003,2085-9,2026-08-31 01:41:11,2026-08-31 03:02:11,2026-08-31 05:46:11,Routine,25.083,,HH,0,2026-08-31 05:51:11
LAB00162234,,MRN44410709,DR00045,H002-D03,H002,718-7,2026-08-30 23:41:11,2026-08-31 00:54:11,2026-08-31 02:04:11,Routine,177.457,,H,0,2026-08-31 02:09:11
LAB00162235,,MRN52250408,DR00132,H003-D05,H003,2951-2,2026-08-09 14:18:28,2026-08-09 14:45:28,2026-08-09 15:48:28,Routine,166.628,,N,0,2026-08-09 15:53:28
LAB00162236,,MRN52250408,DR00131,H003-D05,H003,10839-9,2026-08-09 11:18:28,2026-08-09 12:43:28,2026-08-09 16:20:28,Routine,187.626,,HH,0,2026-08-09 16:25:28
LAB00162237,,MRN69989079,DR00055,H001-D09,H001,5902-2,2026-08-05 23:27:42,2026-08-06 00:35:42,2026-08-06 04:54:42,Routine,105.001,,L,0,2026-08-06 04:59:42
LAB00162238,,MRN67273940,DR00087,H003-D03,H003,2345-7,2026-07-27 08:44:00,2026-07-27 08:50:00,2026-07-27 12:30:00,Routine,137.758,,L,0,2026-07-27 12:35:00
LAB00162239,,MRN44612905,DR00231,H002-D05,H002,5811-5,2026-08-05 16:49:37,2026-08-05 17:19:37,2026-08-05 20:18:37,Routine,159.025,,N,0,2026-08-05 20:23:37
LAB00162240,,MRN44612905,DR00207,H003-D10,H003,777-3,2026-08-05 17:49:37,2026-08-05 19:09:37,2026-08-05 22:45:37,Routine,9.798,,L,0,2026-08-05 22:50:37
LAB00162241,,MRN44612905,DR00195,H002-D10,H002,30934-4,2026-08-05 01:49:37,2026-08-05 03:05:37,2026-08-05 04:21:37,Routine,75.636,,HH,0,2026-08-05 04:26:37
LAB00162242,,MRN81173409,DR00055,H003-D10,H003,718-7,2026-08-12 07:23:10,2026-08-12 07:32:10,2026-08-12 08:36:10,Routine,199.136,,L,0,2026-08-12 08:41:10
LAB00162243,,MRN47231060,DR00102,H002-D03,H002,1920-8,2026-01-09 15:36:56,2026-01-09 17:03:56,2026-01-09 19:08:56,STAT,47.761,,N,0,2026-01-09 19:13:56
LAB00162244,,MRN15693214,DR00195,H001-D08,H001,718-7,2026-07-16 06:26:58,2026-07-16 06:51:58,2026-07-16 07:34:58,Routine,123.427,,L,0,2026-07-16 07:39:58
LAB00162245,,MRN15693214,DR00184,H002-D04,H002,4544-3,2026-07-16 01:26:58,2026-07-16 02:36:58,2026-07-16 05:29:58,STAT,156.471,,HH,0,2026-07-16 05:34:58
LAB00162246,,MRN15693214,DR00213,H003-D06,H003,6301-6,2026-07-16 21:26:58,2026-07-16 22:30:58,2026-07-17 03:06:58,Routine,123.025,,HH,0,2026-07-17 03:11:58
LAB00162247,,MRN85600783,DR00147,H003-D08,H003,5811-5,2026-08-30 08:19:21,2026-08-30 09:10:21,2026-08-30 13:43:21,STAT,17.938,,N,0,2026-08-30 13:48:21
LAB00162248,,MRN54694171,DR00222,H001-D05,H001,1742-6,2026-08-31 19:44:32,2026-08-31 20:02:32,2026-08-31 22:31:32,Routine,149.92,,N,0,2026-08-31 22:36:32
LAB00162249,,MRN14696383,DR00163,H003-D03,H003,10839-9,2026-07-21 04:49:57,2026-07-21 05:22:57,2026-07-21 08:14:57,Routine,62.562,,N,0,2026-07-21 08:19:57
LAB00162250,,MRN14696383,DR00179,H001-D04,H001,777-3,2026-07-21 14:49:57,2026-07-21 16:03:57,2026-07-21 19:25:57,Routine,38.01,,N,0,2026-07-21 19:30:57
LAB00162251,,MRN14696383,DR00030,H001-D09,H001,630-4,2026-07-22 08:49:57,2026-07-22 08:55:57,2026-07-22 13:14:57,STAT,,,N,0,2026-07-22 13:19:57
LAB00162252,,MRN27017668,DR00192,H001-D04,H001,630-4,2026-07-13 13:47:32,2026-07-13 13:55:32,2026-07-13 18:36:32,STAT,,,H,0,2026-07-13 18:41:32
LAB00162253,,MRN42420730,DR00098,H003-D06,H003,1975-2,2026-07-11 16:42:36,2026-07-11 17:22:36,2026-07-11 21:19:36,Routine,96.689,,L,0,2026-07-11 21:24:36
LAB00162254,,MRN81534597,DR00163,H002-D03,H002,1975-2,2026-07-07 07:21:11,2026-07-07 07:34:11,2026-07-07 09:02:11,Routine,149.84,,HH,0,2026-07-07 09:07:11
LAB00162255,,MRN81534597,DR00160,H001-D10,H001,4548-4,2026-07-07 11:21:11,2026-07-07 12:49:11,2026-07-07 16:06:11,STAT,78.097,,N,0,2026-07-07 16:11:11
LAB00162256,,MRN78430885,DR00002,H003-D07,H003,6690-2,2026-08-29 17:35:48,2026-08-29 18:05:48,2026-08-29 22:05:48,STAT,40.822,,L,0,2026-08-29 22:10:48
LAB00162257,,MRN78430885,DR00172,H002-D04,H002,2951-2,2026-08-30 11:35:48,2026-08-30 12:27:48,2026-08-30 14:30:48,STAT,47.258,,L,0,2026-08-30 14:35:48
LAB00162258,,MRN49275157,DR00171,H002-D03,H002,718-7,2026-08-10 06:09:17,2026-08-10 07:07:17,2026-08-10 11:33:17,Routine,34.982,,N,0,2026-08-10 11:38:17
LAB00162259,,MRN49275157,DR00195,H003-D07,H003,6690-2,2026-08-10 09:09:17,2026-08-10 10:10:17,2026-08-10 13:12:17,Routine,144.849,,H,0,2026-08-10 13:17:17
LAB00162260,,MRN66287453,DR00032,H003-D07,H003,2093-3,2026-08-25 13:08:51,2026-08-25 13:26:51,2026-08-25 16:01:51,Routine,125.869,,H,0,2026-08-25 16:06:51
LAB00162261,,MRN32747986,DR00227,H003-D05,H003,2823-3,2026-08-01 12:04:29,2026-08-01 12:53:29,2026-08-01 13:13:29,STAT,5.585,,H,0,2026-08-01 13:18:29
LAB00162262,,MRN32747986,DR00006,H002-D06,H002,2160-0,2026-08-01 04:04:29,2026-08-01 05:14:29,2026-08-01 07:24:29,Routine,71.381,,H,0,2026-08-01 07:29:29
LAB00162263,,MRN32747986,DR00197,H002-D06,H002,1988-5,2026-07-31 17:04:29,2026-07-31 17:19:29,2026-07-31 18:20:29,STAT,130.784,,H,0,2026-07-31 18:25:29
LAB00162264,,MRN78763801,DR00112,H003-D06,H003,1742-6,2026-08-16 18:17:48,2026-08-16 18:24:48,2026-08-16 18:48:48,STAT,6.782,,N,0,2026-08-16 18:53:48
LAB00162265,,MRN78763801,DR00234,H002-D06,H002,4544-3,2026-08-16 23:17:48,2026-08-17 00:22:48,2026-08-17 04:06:48,Routine,173.029,,L,0,2026-08-17 04:11:48
LAB00162266,,MRN78763801,DR00015,H001-D02,H001,2951-2,2026-08-17 23:17:48,2026-08-18 00:30:48,2026-08-18 04:56:48,Routine,88.916,,L,0,2026-08-18 05:01:48
LAB00162267,,MRN74567293,DR00152,H003-D06,H003,2085-9,2026-08-22 09:10:45,2026-08-22 10:28:45,2026-08-22 11:31:45,Routine,165.304,,L,0,2026-08-22 11:36:45
LAB00162268,,MRN74567293,DR00025,H003-D10,H003,3016-3,2026-08-21 05:10:45,2026-08-21 06:39:45,2026-08-21 08:11:45,Routine,73.634,,H,0,2026-08-21 08:16:45
LAB00162269,,MRN74567293,DR00134,H002-D02,H002,1920-8,2026-08-22 11:10:45,2026-08-22 11:23:45,2026-08-22 16:05:45,Routine,85.18,,L,0,2026-08-22 16:10:45
LAB00162270,,MRN37473289,DR00012,H002-D10,H002,5811-5,2026-07-07 06:43:41,2026-07-07 07:07:41,2026-07-07 08:05:41,Routine,143.858,,HH,0,2026-07-07 08:10:41
LAB00162271,,MRN50935627,DR00057,H002-D07,H002,10839-9,2026-08-09 05:53:52,2026-08-09 06:47:52,2026-08-09 10:52:52,STAT,115.183,,HH,0,2026-08-09 10:57:52
LAB00162272,,MRN50935627,DR00196,H003-D07,H003,2093-3,2026-08-09 21:53:52,2026-08-09 22:54:52,2026-08-10 01:31:52,Routine,39.437,,HH,0,2026-08-10 01:36:52
LAB00162273,,MRN50935627,DR00162,H001-D08,H001,2085-9,2026-08-09 00:53:52,2026-08-09 01:25:52,2026-08-09 02:45:52,Routine,157.789,,N,0,2026-08-09 02:50:52
LAB00162274,,MRN99936004,DR00017,H001-D03,H001,2160-0,2025-07-01 11:06:49,2025-07-01 11:22:49,2025-07-01 12:38:49,Routine,178.464,,N,0,2025-07-01 12:43:49
LAB00162275,,MRN99936004,DR00232,H002-D05,H002,777-3,2025-07-01 04:06:49,2025-07-01 04:41:49,2025-07-01 07:48:49,Routine,182.95,,N,0,2025-07-01 07:53:49
LAB00162276,,MRN99936004,DR00138,H001-D06,H001,2160-0,2025-07-01 06:06:49,2025-07-01 06:24:49,2025-07-01 08:51:49,Routine,125.395,,H,0,2025-07-01 08:56:49
LAB00162277,,MRN31490869,DR00155,H001-D06,H001,2075-0,2026-08-08 18:08:08,2026-08-08 19:00:08,2026-08-08 20:10:08,Routine,98.387,,N,0,2026-08-08 20:15:08
LAB00162278,,MRN31490869,DR00077,H001-D08,H001,4544-3,2026-08-08 18:08:08,2026-08-08 19:09:08,2026-08-08 23:23:08,Routine,30.966,,N,0,2026-08-08 23:28:08
LAB00162279,,MRN31490869,DR00014,H003-D09,H003,2345-7,2026-08-09 13:08:08,2026-08-09 13:58:08,2026-08-09 16:32:08,STAT,40.637,,N,0,2026-08-09 16:37:08
LAB00162280,,MRN46456299,DR00036,H001-D06,H001,718-7,2026-08-23 15:03:46,2026-08-23 15:35:46,2026-08-23 20:25:46,Routine,76.157,,H,0,2026-08-23 20:30:46
LAB00162281,,MRN46456299,DR00182,H002-D02,H002,6690-2,2026-08-23 09:03:46,2026-08-23 10:05:46,2026-08-23 13:18:46,STAT,84.169,,H,0,2026-08-23 13:23:46
LAB00162282,,MRN46456299,DR00198,H002-D09,H002,4548-4,2026-08-24 18:03:46,2026-08-24 18:43:46,2026-08-24 21:45:46,Routine,175.071,,N,0,2026-08-24 21:50:46
LAB00162283,,MRN67935571,DR00070,H002-D09,H002,2160-0,2026-08-01 00:21:32,2026-08-01 00:26:32,2026-08-01 03:56:32,Routine,31.194,,H,0,2026-08-01 04:01:32
LAB00162284,,MRN28055922,DR00110,H004-D10,H004,1742-6,2026-07-15 21:39:48,2026-07-15 21:56:48,2026-07-16 01:03:48,Routine,125.918,,L,0,2026-07-16 01:08:48
LAB00162285,,MRN28055922,DR00194,H001-D06,H001,5811-5,2026-07-16 19:39:48,2026-07-16 19:55:48,2026-07-16 21:31:48,Routine,93.257,,HH,0,2026-07-16 21:36:48
LAB00162286,,MRN28055922,DR00168,H002-D07,H002,6690-2,2026-07-16 08:39:48,2026-07-16 10:08:48,2026-07-16 13:38:48,Routine,15.552,,L,0,2026-07-16 13:43:48
LAB00162287,,MRN38374081,DR00163,H002-D03,H002,2345-7,2026-08-05 05:13:32,2026-08-05 06:15:32,2026-08-05 11:03:32,Routine,149.721,,HH,0,2026-08-05 11:08:32
LAB00162288,,MRN38374081,DR00138,H001-D03,H001,3016-3,2026-08-05 21:13:32,2026-08-05 21:30:32,2026-08-06 00:56:32,Routine,27.536,,L,0,2026-08-06 01:01:32
LAB00162289,,MRN16232002,DR00008,H001-D01,H001,2085-9,2026-08-17 11:16:15,2026-08-17 11:51:15,2026-08-17 14:41:15,Routine,75.735,,N,0,2026-08-17 14:46:15
LAB00162290,,MRN25186199,DR00101,H003-D05,H003,1988-5,2026-08-11 03:32:01,2026-08-11 04:03:01,2026-08-11 06:36:01,Routine,92.369,,H,0,2026-08-11 06:41:01
LAB00162291,,MRN62078508,DR00136,H004-D10,H004,6690-2,2026-08-09 11:26:04,2026-08-09 12:34:04,2026-08-09 15:33:04,Routine,112.131,,HH,0,2026-08-09 15:38:04
LAB00162292,,MRN62078508,DR00142,H004-D03,H004,2345-7,2026-08-11 06:26:04,2026-08-11 07:55:04,2026-08-11 10:15:04,Routine,16.446,,H,0,2026-08-11 10:20:04
LAB00162293,,MRN62078508,DR00204,H001-D10,H001,3094-0,2026-08-10 04:26:04,2026-08-10 05:43:04,2026-08-10 10:34:04,Routine,58.398,,HH,0,2026-08-10 10:39:04
LAB00162294,,MRN34771085,DR00173,H002-D04,H002,630-4,2026-08-13 20:20:06,2026-08-13 20:53:06,2026-08-13 21:50:06,Routine,,,N,0,2026-08-13 21:55:06
LAB00162295,,MRN34771085,DR00179,H002-D01,H002,1988-5,2026-08-13 06:20:06,2026-08-13 07:10:06,2026-08-13 09:16:06,Routine,75.642,,N,0,2026-08-13 09:21:06
LAB00162296,,MRN34771085,DR00196,H001-D04,H001,5811-5,2026-08-14 17:20:06,2026-08-14 17:33:06,2026-08-14 21:46:06,Routine,30.642,,HH,0,2026-08-14 21:51:06
LAB00162297,,MRN92096923,DR00165,H003-D07,H003,LOCAL-777,2026-08-23 17:19:21,2026-08-23 18:17:21,2026-08-23 19:09:21,Routine,1.35,,H,0,2026-08-23 19:14:21
LAB00162298,,MRN92096923,DR00195,H004-D03,H004,3094-0,2026-08-23 22:19:21,2026-08-23 23:31:21,2026-08-24 02:40:21,Routine,96.996,,H,0,2026-08-24 02:45:21
LAB00162299,,MRN92096923,DR00134,H002-D07,H002,4548-4,2026-08-24 05:19:21,2026-08-24 06:47:21,2026-08-24 08:33:21,Routine,150.625,,N,0,2026-08-24 08:38:21
LAB00162300,,MRN53121874,DR00131,H003-D05,H003,2075-0,2026-07-19 11:03:02,2026-07-19 11:43:02,2026-07-19 14:22:02,Routine,111.85,,H,0,2026-07-19 14:27:02
LAB00162301,,MRN53121874,DR00225,H001-D06,H001,6301-6,2026-07-18 13:03:02,2026-07-18 13:27:02,2026-07-18 16:37:02,STAT,96.343,,N,0,2026-07-18 16:42:02
LAB00162302,,MRN53121874,DR00223,H001-D08,H001,5811-5,2026-07-20 03:03:02,2026-07-20 03:19:02,2026-07-20 06:49:02,STAT,7.343,,H,0,2026-07-20 06:54:02
LAB00162303,,MRN76432165,DR00096,H002-D09,H002,2823-3,2026-07-20 21:14:11,2026-07-20 21:43:11,2026-07-20 22:04:11,Routine,23.029,,HH,0,2026-07-20 22:09:11
LAB00162304,,MRN93186338,DR00200,H001-D09,H001,1920-8,2026-07-29 10:09:44,2026-07-29 10:15:44,2026-07-29 14:44:44,Routine,52.411,,H,0,2026-07-29 14:49:44
LAB00162305,,MRN93186338,DR00072,H001-D04,H001,3016-3,2026-07-27 22:09:44,2026-07-27 23:17:44,2026-07-28 02:46:44,Routine,105.93,,N,0,2026-07-28 02:51:44
LAB00162306,,MRN11438862,DR00123,H003-D10,H003,2075-0,2026-07-16 22:16:55,2026-07-16 23:19:55,2026-07-17 01:49:55,STAT,168.167,,HH,0,2026-07-17 01:54:55
LAB00162307,,MRN43951365,DR00037,H003-D10,H003,30934-4,2026-08-25 13:50:16,2026-08-25 14:30:16,2026-08-25 18:07:16,STAT,42.554,,L,0,2026-08-25 18:12:16
LAB00162308,,MRN44291452,DR00237,H004-D03,H004,6690-2,2026-08-08 00:26:54,2026-08-08 01:51:54,2026-08-08 06:40:54,STAT,181.656,,N,0,2026-08-08 06:45:54
LAB00162309,,MRN44291452,DR00153,H001-D02,H001,2075-0,2026-08-07 20:26:54,2026-08-07 21:30:54,2026-08-08 01:12:54,Routine,94.879,,HH,0,2026-08-08 01:17:54
LAB00162310,,MRN44291452,DR00075,H001-D04,H001,1742-6,2026-08-08 20:26:54,2026-08-08 20:39:54,2026-08-08 22:23:54,Routine,106.999,,HH,0,2026-08-08 22:28:54
LAB00162311,,MRN71694275,DR00069,H002-D04,H002,10839-9,2026-08-06 10:46:18,2026-08-06 11:44:18,2026-08-06 15:55:18,Routine,158.771,,N,0,2026-08-06 16:00:18
LAB00162312,,MRN71694275,DR00132,H003-D01,H003,2823-3,2026-08-06 10:46:18,2026-08-06 11:19:18,2026-08-06 13:45:18,Routine,147.07,,L,0,2026-08-06 13:50:18
LAB00162313,,MRN71694275,DR00104,H002-D06,H002,6301-6,2026-08-05 15:46:18,2026-08-05 16:27:18,2026-08-05 21:21:18,STAT,45.265,,HH,0,2026-08-05 21:26:18
LAB00162314,,MRN29368749,DR00085,H003-D09,H003,1920-8,2026-07-06 13:56:54,2026-07-06 15:01:54,2026-07-06 16:25:54,Routine,134.4,,L,0,2026-07-06 16:30:54
LAB00162315,,MRN54035239,DR00227,H001-D02,H001,2085-9,2026-08-21 02:54:24,2026-08-21 03:33:24,2026-08-21 05:07:24,Routine,118.545,,L,0,2026-08-21 05:12:24
LAB00162316,,MRN54035239,DR00093,H001-D01,H001,2075-0,2026-08-21 03:54:24,2026-08-21 04:55:24,2026-08-21 09:34:24,STAT,82.209,,H,0,2026-08-21 09:39:24
LAB00162317,,MRN54035239,DR00120,H004-D10,H004,4544-3,2026-08-21 01:54:24,2026-08-21 03:18:24,2026-08-21 04:11:24,Routine,120.598,,L,0,2026-08-21 04:16:24
LAB00162318,,MRN80596213,DR00125,H001-D03,H001,3016-3,2026-07-17 12:16:36,2026-07-17 12:21:36,2026-07-17 16:06:36,Routine,2.456,,L,0,2026-07-17 16:11:36
LAB00162319,,MRN80596213,DR00042,H003-D01,H003,1742-6,2026-07-17 18:16:36,2026-07-17 19:04:36,2026-07-17 21:22:36,Routine,49.366,,N,0,2026-07-17 21:27:36
LAB00162320,,MRN41329888,DR00083,H002-D03,H002,2823-3,2026-07-20 02:09:24,2026-07-20 03:06:24,2026-07-20 03:31:24,Routine,109.093,,N,0,2026-07-20 03:36:24
LAB00162321,,MRN41329888,DR00236,H003-D04,H003,2085-9,2026-07-19 18:09:24,2026-07-19 19:12:24,2026-07-19 20:48:24,Routine,143.854,,L,0,2026-07-19 20:53:24
LAB00162322,,MRN41329888,DR00204,H002-D09,H002,2093-3,2026-07-19 23:09:24,2026-07-19 23:24:24,2026-07-20 02:55:24,Routine,97.089,,HH,0,2026-07-20 03:00:24
LAB00162323,,MRN87760019,DR00238,H001-D10,H001,1920-8,2026-07-22 11:53:07,2026-07-22 12:16:07,2026-07-22 15:23:07,Routine,71.239,,HH,0,2026-07-22 15:28:07
LAB00162324,,MRN47598476,DR00231,H003-D08,H003,777-3,2026-08-03 02:23:41,2026-08-03 02:54:41,2026-08-03 04:39:41,Routine,131.636,,H,0,2026-08-03 04:44:41
LAB00162325,,MRN47598476,DR00087,H001-D09,H001,1975-2,2026-08-04 08:23:41,2026-08-04 09:06:41,2026-08-04 13:09:41,STAT,22.957,,H,0,2026-08-04 13:14:41
LAB00162326,,MRN47598476,DR00084,H003-D06,H003,5902-2,2026-08-04 10:23:41,2026-08-04 11:45:41,2026-08-04 12:33:41,STAT,173.227,,HH,0,2026-08-04 12:38:41
LAB00162327,,MRN29471730,DR00216,H001-D10,H001,6301-6,2026-07-23 09:20:57,2026-07-23 09:44:57,2026-07-23 13:05:57,Routine,155.369,,L,0,2026-07-23 13:10:57
LAB00162328,,MRN76800327,DR00067,H001-D01,H001,777-3,2026-07-15 13:24:30,2026-07-15 13:37:30,2026-07-15 18:01:30,Routine,15.426,,H,0,2026-07-15 18:06:30
LAB00162329,,MRN76800327,DR00003,H002-D06,H002,2085-9,2026-07-14 10:24:30,2026-07-14 11:46:30,2026-07-14 16:00:30,Routine,173.272,,H,0,2026-07-14 16:05:30
LAB00162330,,MRN82972337,DR00100,H002-D08,H002,3016-3,2026-07-15 05:15:32,2026-07-15 05:53:32,2026-07-15 06:16:32,Routine,153.473,,N,0,2026-07-15 06:21:32
LAB00162331,,MRN29804854,DR00112,H002-D02,H002,2823-3,2026-07-19 13:45:04,2026-07-19 14:05:04,2026-07-19 14:29:04,Routine,149.472,,HH,0,2026-07-19 14:34:04
LAB00162332,,MRN78154537,DR00095,H003-D10,H003,1742-6,2026-07-30 06:01:46,2026-07-30 07:29:46,2026-07-30 11:13:46,Routine,105.198,,N,0,2026-07-30 11:18:46
LAB00162333,,MRN78154537,DR00181,H003-D09,H003,630-4,2026-07-29 00:01:46,2026-07-29 01:23:46,2026-07-29 01:59:46,STAT,,,HH,0,2026-07-29 02:04:46
LAB00162334,,MRN15835673,DR00020,H002-D08,H002,1920-8,2026-08-20 05:32:36,2026-08-20 06:41:36,2026-08-20 09:04:36,Routine,126.091,,HH,0,2026-08-20 09:09:36
LAB00162335,,MRN15835673,DR00168,H002-D09,H002,777-3,2026-08-21 19:32:36,2026-08-21 19:51:36,2026-08-21 22:57:36,STAT,157.838,,L,0,2026-08-21 23:02:36
LAB00162336,,MRN15835673,DR00201,H001-D02,H001,2160-0,2026-08-21 06:32:36,2026-08-21 06:46:36,2026-08-21 07:41:36,Routine,76.906,,N,0,2026-08-21 07:46:36
LAB00162337,,MRN58936536,DR00215,H001-D01,H001,3094-0,2026-07-30 11:53:25,2026-07-30 13:16:25,2026-07-30 14:09:25,STAT,192.58,,HH,0,2026-07-30 14:14:25
LAB00162338,,MRN58936536,DR00203,H003-D03,H003,5811-5,2026-07-28 23:53:25,2026-07-29 00:47:25,2026-07-29 05:25:25,STAT,26.521,,H,0,2026-07-29 05:30:25
LAB00162339,,MRN20558243,DR00097,H003-D08,H003,718-7,2026-07-30 10:12:12,2026-07-30 11:31:12,2026-07-30 13:19:12,Routine,37.016,,L,0,2026-07-30 13:24:12
LAB00162340,,MRN20558243,DR00155,H002-D04,H002,3016-3,2026-07-29 18:12:12,2026-07-29 19:25:12,2026-07-29 22:33:12,Routine,72.082,,N,0,2026-07-29 22:38:12
LAB00162341,,MRN20558243,DR00162,H004-D10,H004,2093-3,2026-07-29 23:12:12,2026-07-30 00:34:12,2026-07-30 03:20:12,Routine,83.585,,HH,0,2026-07-30 03:25:12
LAB00162342,,MRN20699027,DR00035,H001-D10,H001,30934-4,2026-08-22 20:01:36,2026-08-22 20:56:36,2026-08-23 00:57:36,Routine,106.333,,H,0,2026-08-23 01:02:36
LAB00162343,,MRN20699027,DR00166,H001-D09,H001,2951-2,2026-08-21 13:01:36,2026-08-21 13:38:36,2026-08-21 16:21:36,Routine,102.035,,L,0,2026-08-21 16:26:36
LAB00162344,,MRN21905922,DR00005,H001-D06,H001,1920-8,2026-08-27 07:51:48,2026-08-27 08:26:48,2026-08-27 12:15:48,Routine,174.29,,L,0,2026-08-27 12:20:48
LAB00162345,,MRN21905922,DR00232,H003-D08,H003,30934-4,2026-08-29 01:51:48,2026-08-29 03:02:48,2026-08-29 05:57:48,Routine,114.55,,N,0,2026-08-29 06:02:48
LAB00162346,,MRN76216037,DR00017,H002-D05,H002,30934-4,2025-07-12 14:49:14,2025-07-12 14:59:14,2025-07-12 19:04:14,Routine,13.19,,HH,0,2025-07-12 19:09:14
LAB00162347,,MRN76216037,DR00211,H003-D02,H003,600-7,2025-07-12 13:49:14,2025-07-12 14:10:14,2025-07-12 15:17:14,Routine,,,HH,0,2025-07-12 15:22:14
LAB00162348,,MRN43073188,DR00095,H001-D06,H001,6690-2,2026-08-22 11:35:22,2026-08-22 12:08:22,2026-08-22 15:18:22,Routine,183.299,,L,0,2026-08-22 15:23:22
LAB00162349,,MRN62794848,DR00032,H002-D07,H002,6301-6,2026-08-17 15:45:01,2026-08-17 16:07:01,2026-08-17 16:52:01,Routine,123.718,,HH,0,2026-08-17 16:57:01
LAB00162350,,MRN62794848,DR00061,H004-D03,H004,2075-0,2026-08-17 05:45:01,2026-08-17 06:15:01,2026-08-17 08:35:01,Routine,98.036,,HH,0,2026-08-17 08:40:01
LAB00162351,,MRN32578894,DR00060,H002-D09,H002,777-3,2026-01-27 12:57:43,2026-01-27 13:39:43,2026-01-27 14:55:43,STAT,48.649,,L,0,2026-01-27 15:00:43
LAB00162352,,MRN32578894,DR00240,H003-D03,H003,2951-2,2026-01-27 17:57:43,2026-01-27 18:13:43,2026-01-27 22:17:43,Routine,102.383,,L,0,2026-01-27 22:22:43
LAB00162353,,MRN47062059,DR00228,H001-D03,H001,30934-4,2026-09-06 16:20:33,2026-09-06 17:12:33,2026-09-06 20:59:33,Routine,93.929,,HH,0,2026-09-06 21:04:33
LAB00162354,,MRN47062059,DR00134,H001-D10,H001,2075-0,2026-09-06 22:20:33,2026-09-06 23:00:33,2026-09-07 03:15:33,Routine,95.643,,L,0,2026-09-07 03:20:33
LAB00162355,,MRN47062059,DR00240,H002-D01,H002,10839-9,2026-09-06 03:20:33,2026-09-06 04:30:33,2026-09-06 08:43:33,STAT,90.351,,N,0,2026-09-06 08:48:33
LAB00162356,,MRN87984920,DR00203,H003-D06,H003,777-3,2026-07-05 17:10:10,2026-07-05 17:15:10,2026-07-05 18:38:10,Routine,13.412,,H,0,2026-07-05 18:43:10
LAB00162357,,MRN17081814,DR00186,H001-D04,H001,1988-5,2026-08-30 21:39:53,2026-08-30 22:32:53,2026-08-30 23:00:53,Routine,27.125,,N,0,2026-08-30 23:05:53
LAB00162358,,MRN17081814,DR00102,H001-D10,H001,630-4,2026-08-31 13:39:53,2026-08-31 14:31:53,2026-08-31 15:39:53,Routine,,,L,0,2026-08-31 15:44:53
LAB00162359,,MRN41297600,DR00062,H004-D10,H004,777-3,2026-07-05 12:32:09,2026-07-05 13:32:09,2026-07-05 14:33:09,Routine,125.318,,L,0,2026-07-05 14:38:09
LAB00162360,,MRN31459677,DR00102,H004-D10,H004,3016-3,2026-07-24 20:30:20,2026-07-24 21:56:20,2026-07-25 00:28:20,Routine,72.873,,L,0,2026-07-25 00:33:20
LAB00162361,,MRN38014729,DR00079,H002-D09,H002,1975-2,2026-07-19 00:07:08,2026-07-19 01:18:08,2026-07-19 04:15:08,Routine,12.997,,L,0,2026-07-19 04:20:08
LAB00162362,,MRN48723676,DR00040,H002-D04,H002,2951-2,2026-07-13 22:31:15,2026-07-13 22:56:15,2026-07-14 00:25:15,STAT,43.329,,HH,0,2026-07-14 00:30:15
LAB00162363,,MRN48723676,DR00169,H002-D08,H002,30934-4,2026-07-13 11:31:15,2026-07-13 12:34:15,2026-07-13 14:24:15,Routine,112.368,,H,0,2026-07-13 14:29:15
LAB00162364,,MRN77631425,DR00061,H003-D05,H003,2160-0,2026-07-24 09:17:24,2026-07-24 09:44:24,2026-07-24 13:01:24,Routine,149.352,,HH,0,2026-07-24 13:06:24
LAB00162365,,MRN79461519,DR00035,H001-D07,H001,1975-2,2026-07-25 19:08:15,2026-07-25 19:57:15,2026-07-25 23:15:15,Routine,12.144,,L,0,2026-07-25 23:20:15
LAB00162366,,MRN79461519,DR00149,H003-D05,H003,2951-2,2026-07-26 13:08:15,2026-07-26 14:23:15,2026-07-26 14:59:15,Routine,3.886,,N,0,2026-07-26 15:04:15
LAB00162367,,MRN25919006,DR00088,H002-D01,H002,2345-7,2026-08-20 12:54:03,2026-08-20 14:06:03,2026-08-20 15:17:03,Routine,199.915,,H,0,2026-08-20 15:22:03
LAB00162368,,MRN17501685,DR00162,H001-D09,H001,2823-3,2026-07-17 12:42:33,2026-07-17 13:02:33,2026-07-17 14:42:33,Routine,149.135,,H,0,2026-07-17 14:47:33
LAB00162369,,MRN17501685,DR00054,H003-D07,H003,718-7,2026-07-17 16:42:33,2026-07-17 16:54:33,2026-07-17 19:03:33,Routine,94.789,,H,0,2026-07-17 19:08:33
LAB00162370,,MRN78610309,DR00037,H001-D02,H001,6690-2,2026-07-30 02:14:16,2026-07-30 03:06:16,2026-07-30 05:09:16,Routine,40.257,,H,0,2026-07-30 05:14:16
LAB00162371,,MRN75234793,DR00110,H002-D02,H002,777-3,2026-08-14 09:27:59,2026-08-14 10:50:59,2026-08-14 11:56:59,STAT,16.77,,L,0,2026-08-14 12:01:59
LAB00162372,,MRN50974683,DR00091,H001-D04,H001,3016-3,2026-08-11 07:11:13,2026-08-11 07:49:13,2026-08-11 11:01:13,Routine,152.748,,L,0,2026-08-11 11:06:13
LAB00162373,,MRN50974683,DR00231,H003-D02,H003,2085-9,2026-08-10 02:11:13,2026-08-10 02:38:13,2026-08-10 07:24:13,Routine,140.046,,H,0,2026-08-10 07:29:13
LAB00162374,,MRN65191933,DR00048,H001-D08,H001,2345-7,2026-07-20 07:15:34,2026-07-20 08:23:34,2026-07-20 08:57:34,STAT,128.458,,HH,0,2026-07-20 09:02:34
LAB00162375,,MRN65191933,DR00079,H001-D05,H001,777-3,2026-07-21 17:15:34,2026-07-21 18:33:34,2026-07-21 23:28:34,Routine,114.614,,HH,0,2026-07-21 23:33:34
LAB00162376,,MRN65191933,DR00012,H002-D06,H002,3094-0,2026-07-20 08:15:34,2026-07-20 08:21:34,2026-07-20 12:02:34,Routine,116.451,,H,0,2026-07-20 12:07:34
LAB00162377,,MRN84344036,DR00124,H001-D10,H001,630-4,2026-08-11 19:17:26,2026-08-11 19:33:26,2026-08-12 00:01:26,Routine,,,N,0,2026-08-12 00:06:26
LAB00162378,,MRN80634269,DR00240,H001-D08,H001,2085-9,2025-11-29 07:06:48,2025-11-29 08:14:48,2025-11-29 11:12:48,STAT,60.984,,N,0,2025-11-29 11:17:48
LAB00162379,,MRN37146242,DR00139,H003-D01,H003,2075-0,2025-12-30 16:53:33,2025-12-30 17:07:33,2025-12-30 18:13:33,STAT,162.505,,L,0,2025-12-30 18:18:33
LAB00162380,,MRN79211313,DR00053,H001-D05,H001,1988-5,2026-08-04 21:09:49,2026-08-04 21:30:49,2026-08-05 00:31:49,Routine,5.336,,N,0,2026-08-05 00:36:49
LAB00162381,,MRN79211313,DR00004,H004-D10,H004,6301-6,2026-08-06 04:09:49,2026-08-06 04:31:49,2026-08-06 06:43:49,STAT,70.016,,HH,0,2026-08-06 06:48:49
LAB00162382,,MRN79211313,DR00204,H004-D03,H004,630-4,2026-08-05 19:09:49,2026-08-05 20:22:49,2026-08-05 22:55:49,STAT,,,H,0,2026-08-05 23:00:49
LAB00162383,,MRN62206036,DR00054,H002-D10,H002,30934-4,2026-07-23 00:02:29,2026-07-23 01:03:29,2026-07-23 01:51:29,Routine,122.628,,H,0,2026-07-23 01:56:29
LAB00162384,,MRN69224611,DR00014,H003-D07,H003,777-3,2026-07-17 05:52:11,2026-07-17 06:15:11,2026-07-17 10:23:11,Routine,157.698,,HH,0,2026-07-17 10:28:11
LAB00162385,,MRN69224611,DR00134,H002-D06,H002,777-3,2026-07-18 10:52:11,2026-07-18 12:16:11,2026-07-18 16:32:11,STAT,73.986,,L,0,2026-07-18 16:37:11
LAB00162386,,MRN69224611,DR00038,H003-D03,H003,1920-8,2026-07-18 03:52:11,2026-07-18 05:17:11,2026-07-18 09:22:11,Routine,100.554,,N,0,2026-07-18 09:27:11
LAB00162387,,MRN42819257,DR00023,H002-D05,H002,6301-6,2026-07-26 04:51:55,2026-07-26 05:12:55,2026-07-26 07:15:55,Routine,178.454,,H,0,2026-07-26 07:20:55
LAB00162388,,MRN42819257,DR00138,H001-D09,H001,630-4,2026-07-25 17:51:55,2026-07-25 18:35:55,2026-07-25 22:00:55,Routine,,,H,0,2026-07-25 22:05:55
LAB00162389,,MRN42819257,DR00191,H001-D04,H001,2075-0,2026-07-27 16:51:55,2026-07-27 17:17:55,2026-07-27 20:56:55,Routine,144.87,,N,0,2026-07-27 21:01:55
LAB00162390,,MRN30436777,DR00089,H003-D05,H003,6301-6,2026-07-30 13:18:59,2026-07-30 14:24:59,2026-07-30 16:30:59,Routine,53.832,,N,0,2026-07-30 16:35:59
LAB00162391,,MRN30436777,DR00013,H001-D04,H001,2951-2,2026-07-31 14:18:59,2026-07-31 14:57:59,2026-07-31 19:46:59,Routine,93.68,,L,0,2026-07-31 19:51:59
LAB00162392,,MRN71223914,DR00102,H004-D03,H004,6690-2,2025-08-31 10:32:25,2025-08-31 11:01:25,2025-08-31 11:54:25,STAT,197.022,,N,0,2025-08-31 11:59:25
LAB00162393,,MRN17897763,DR00135,H003-D10,H003,LOCAL-777,2026-08-31 11:50:14,2026-08-31 12:24:14,2026-08-31 13:58:14,Routine,19.562,,H,0,2026-08-31 14:03:14
LAB00162394,,MRN17897763,DR00216,H001-D08,H001,2951-2,2026-08-30 13:50:14,2026-08-30 14:19:14,2026-08-30 16:16:14,Routine,38.968,,H,0,2026-08-30 16:21:14
LAB00162395,,MRN90337076,DR00232,H003-D10,H003,10839-9,2025-06-28 07:27:42,2025-06-28 07:54:42,2025-06-28 09:36:42,Routine,6.933,,HH,0,2025-06-28 09:41:42
LAB00162396,,MRN90337076,DR00153,H002-D09,H002,4544-3,2025-06-27 23:27:42,2025-06-28 00:33:42,2025-06-28 04:55:42,Routine,161.654,,N,0,2025-06-28 05:00:42
LAB00162397,,MRN90337076,DR00232,H004-D10,H004,2823-3,2025-06-27 17:27:42,2025-06-27 18:22:42,2025-06-27 21:18:42,Routine,51.348,,N,0,2025-06-27 21:23:42
LAB00162398,,MRN97572617,DR00012,H001-D04,H001,2823-3,2026-08-14 03:28:49,2026-08-14 04:28:49,2026-08-14 05:07:49,STAT,125.528,,H,0,2026-08-14 05:12:49
LAB00162399,,MRN97572617,DR00010,H002-D05,H002,1920-8,2026-08-13 22:28:49,2026-08-13 23:36:49,2026-08-14 04:06:49,Routine,153.746,,N,0,2026-08-14 04:11:49
LAB00162400,,MRN36191986,DR00104,H002-D07,H002,1920-8,2026-08-04 19:39:46,2026-08-04 19:57:46,2026-08-04 23:09:46,Routine,167.288,,HH,0,2026-08-04 23:14:46
LAB00162401,,MRN36191986,DR00009,H002-D04,H002,600-7,2026-08-04 23:39:46,2026-08-05 00:44:46,2026-08-05 01:48:46,Routine,,,HH,0,2026-08-05 01:53:46
LAB00162402,,MRN36191986,DR00171,H003-D09,H003,30934-4,2026-08-06 08:39:46,2026-08-06 09:48:46,2026-08-06 13:57:46,Routine,19.476,,L,0,2026-08-06 14:02:46
LAB00162403,,MRN74156408,DR00150,H002-D08,H002,5811-5,2026-08-14 04:56:57,2026-08-14 06:12:57,2026-08-14 11:07:57,Routine,27.381,,H,0,2026-08-14 11:12:57
LAB00162404,,MRN92820844,DR00134,H003-D02,H003,3016-3,2026-08-30 22:15:46,2026-08-30 22:38:46,2026-08-30 23:52:46,STAT,160.114,,N,0,2026-08-30 23:57:46
LAB00162405,,MRN92820844,DR00177,H003-D10,H003,2085-9,2026-08-30 23:15:46,2026-08-30 23:48:46,2026-08-31 02:53:46,Routine,124.198,,N,0,2026-08-31 02:58:46
LAB00162406,,MRN92820844,DR00057,H003-D03,H003,2160-0,2026-08-31 00:15:46,2026-08-31 01:18:46,2026-08-31 04:53:46,Routine,169.455,,N,0,2026-08-31 04:58:46
LAB00162407,,MRN49518464,DR00092,H002-D01,H002,2093-3,2026-08-26 08:57:53,2026-08-26 10:11:53,2026-08-26 11:48:53,Routine,18.147,,L,0,2026-08-26 11:53:53
LAB00162408,,MRN49518464,DR00219,H002-D02,H002,5902-2,2026-08-26 04:57:53,2026-08-26 06:17:53,2026-08-26 09:14:53,Routine,195.582,,H,0,2026-08-26 09:19:53
LAB00162409,,MRN62544157,DR00029,H003-D05,H003,88888-8,2026-08-13 08:57:58,2026-08-13 09:49:58,2026-08-13 13:56:58,Routine,157.508,,L,0,2026-08-13 14:01:58
LAB00162410,,MRN62544157,DR00102,H001-D04,H001,2823-3,2026-08-12 03:57:58,2026-08-12 05:14:58,2026-08-12 08:01:58,Routine,62.992,,L,0,2026-08-12 08:06:58
LAB00162411,,MRN62544157,DR00189,H002-D08,H002,2075-0,2026-08-12 08:57:58,2026-08-12 09:03:58,2026-08-12 11:12:58,STAT,90.284,,N,0,2026-08-12 11:17:58
LAB00162412,,MRN93687237,DR00153,H001-D09,H001,3094-0,2026-07-22 00:19:46,2026-07-22 01:43:46,2026-07-22 03:04:46,Routine,75.788,,N,0,2026-07-22 03:09:46
LAB00162413,,MRN93687237,DR00146,H001-D07,H001,2345-7,2026-07-21 14:19:46,2026-07-21 15:04:46,2026-07-21 15:46:46,Routine,178.07,,H,0,2026-07-21 15:51:46
LAB00162414,,MRN93687237,DR00033,H002-D04,H002,6301-6,2026-07-22 03:19:46,2026-07-22 03:35:46,2026-07-22 07:32:46,Routine,50.457,,HH,0,2026-07-22 07:37:46
LAB00162415,,MRN25539155,DR00085,H001-D02,H001,2951-2,2026-08-08 11:30:36,2026-08-08 12:52:36,2026-08-08 13:53:36,Routine,50.447,,L,0,2026-08-08 13:58:36
LAB00162416,,MRN25539155,DR00024,H001-D08,H001,2160-0,2026-08-08 01:30:36,2026-08-08 02:43:36,2026-08-08 04:06:36,STAT,96.776,,HH,0,2026-08-08 04:11:36
LAB00162417,,MRN25539155,DR00099,H002-D06,H002,5811-5,2026-08-09 04:30:36,2026-08-09 04:37:36,2026-08-09 08:15:36,Routine,1.247,,N,0,2026-08-09 08:20:36
LAB00162418,,MRN92481826,DR00102,H001-D06,H001,2345-7,2026-07-29 22:56:50,2026-07-29 23:41:50,2026-07-30 03:04:50,Routine,70.751,,H,0,2026-07-30 03:09:50
LAB00162419,,MRN15594805,DR00091,H002-D02,H002,1988-5,2026-07-09 01:21:12,2026-07-09 01:54:12,2026-07-09 04:10:12,Routine,154.824,,L,0,2026-07-09 04:15:12
LAB00162420,,MRN15594805,DR00218,H002-D10,H002,6301-6,2026-07-10 05:21:12,2026-07-10 05:49:12,2026-07-10 07:04:12,Routine,24.892,,N,0,2026-07-10 07:09:12
LAB00162421,,MRN15594805,DR00057,H002-D07,H002,2823-3,2026-07-10 15:21:12,2026-07-10 15:57:12,2026-07-10 19:46:12,STAT,178.441,,N,0,2026-07-10 19:51:12
LAB00162422,,MRN16323258,DR00126,H002-D02,H002,5902-2,2026-07-23 18:41:26,2026-07-23 20:04:26,2026-07-23 21:39:26,Routine,132.222,,N,0,2026-07-23 21:44:26
LAB00162423,,MRN16323258,DR00079,H002-D08,H002,2951-2,2026-07-22 04:41:26,2026-07-22 05:21:26,2026-07-22 07:05:26,STAT,42.185,,L,0,2026-07-22 07:10:26
LAB00162424,,MRN16323258,DR00192,H003-D09,H003,2823-3,2026-07-23 22:41:26,2026-07-23 23:05:26,2026-07-24 02:41:26,STAT,145.386,,N,0,2026-07-24 02:46:26
LAB00162425,,MRN14201156,DR00119,H001-D06,H001,600-7,2026-07-22 23:36:04,2026-07-22 23:57:04,2026-07-23 01:43:04,Routine,,,N,0,2026-07-23 01:48:04
LAB00162426,,MRN14201156,DR00182,H003-D03,H003,2093-3,2026-07-22 04:36:04,2026-07-22 05:23:04,2026-07-22 08:17:04,STAT,119.834,,N,0,2026-07-22 08:22:04
LAB00162427,,MRN58530622,DR00041,H004-D10,H004,1920-8,2026-07-12 08:00:41,2026-07-12 08:12:41,2026-07-12 12:05:41,Routine,82.156,,HH,0,2026-07-12 12:10:41
LAB00162428,,MRN58530622,DR00178,H001-D10,H001,10839-9,2026-07-13 15:00:41,2026-07-13 15:35:41,2026-07-13 18:37:41,Routine,160.855,,L,0,2026-07-13 18:42:41
LAB00162429,,MRN13665418,DR00004,H003-D01,H003,LOCAL-777,2026-08-06 13:38:13,2026-08-06 14:23:13,2026-08-06 18:22:13,STAT,120.705,,L,0,2026-08-06 18:27:13
LAB00162430,,MRN13665418,DR00148,H004-D03,H004,1975-2,2026-08-07 20:38:13,2026-08-07 20:59:13,2026-08-08 00:50:13,Routine,11.202,,N,0,2026-08-08 00:55:13
LAB00162431,,MRN34231620,DR00212,H001-D07,H001,30934-4,2026-07-20 16:06:36,2026-07-20 16:19:36,2026-07-20 18:16:36,STAT,122.037,,N,0,2026-07-20 18:21:36
LAB00162432,,MRN80991366,DR00094,H003-D05,H003,4544-3,2026-08-25 15:13:20,2026-08-25 15:18:20,2026-08-25 20:00:20,STAT,107.682,,H,0,2026-08-25 20:05:20
LAB00162433,,MRN80991366,DR00067,H003-D01,H003,10839-9,2026-08-24 16:13:20,2026-08-24 17:40:20,2026-08-24 20:45:20,Routine,97.213,,HH,0,2026-08-24 20:50:20
LAB00162434,,MRN80991366,DR00012,H002-D05,H002,4548-4,2026-08-24 09:13:20,2026-08-24 10:36:20,2026-08-24 15:31:20,Routine,70.548,,HH,0,2026-08-24 15:36:20
LAB00162435,,MRN83288647,DR00059,H002-D09,H002,6301-6,2026-07-28 02:46:35,2026-07-28 03:28:35,2026-07-28 06:19:35,Routine,72.606,,HH,0,2026-07-28 06:24:35
LAB00162436,,MRN97678270,DR00111,H003-D01,H003,3094-0,2026-08-30 22:50:37,2026-08-30 23:49:37,2026-08-31 02:31:37,Routine,120.01,,N,0,2026-08-31 02:36:37
LAB00162437,,MRN86399585,DR00019,H002-D03,H002,2075-0,2026-07-06 15:57:21,2026-07-06 16:47:21,2026-07-06 17:54:21,Routine,86.559,,N,0,2026-07-06 17:59:21
LAB00162438,,MRN86399585,DR00219,H002-D01,H002,630-4,2026-07-07 10:57:21,2026-07-07 11:29:21,2026-07-07 15:09:21,Routine,,,H,0,2026-07-07 15:14:21
LAB00162439,,MRN95777281,DR00144,H003-D06,H003,1742-6,2026-08-18 12:18:33,2026-08-18 13:38:33,2026-08-18 18:25:33,Routine,167.374,,H,0,2026-08-18 18:30:33
LAB00162440,,MRN95777281,DR00233,H001-D05,H001,30934-4,2026-08-19 05:18:33,2026-08-19 06:46:33,2026-08-19 10:30:33,STAT,174.761,,HH,0,2026-08-19 10:35:33
LAB00162441,,MRN12611052,DR00124,H004-D10,H004,6301-6,2026-08-11 16:48:25,2026-08-11 18:14:25,2026-08-11 18:36:25,STAT,14.008,,HH,0,2026-08-11 18:41:25
LAB00162442,,MRN91444249,DR00185,H001-D01,H001,2345-7,2026-07-08 13:27:50,2026-07-08 14:32:50,2026-07-08 15:44:50,Routine,178.196,,N,0,2026-07-08 15:49:50
LAB00162443,,MRN77187608,DR00094,H004-D03,H004,2160-0,2026-07-19 13:41:19,2026-07-19 13:47:19,2026-07-19 17:49:19,Routine,103.595,,L,0,2026-07-19 17:54:19
LAB00162444,,MRN36069557,DR00097,H003-D03,H003,1742-6,2026-07-10 09:01:54,2026-07-10 09:25:54,2026-07-10 11:03:54,Routine,18.853,,H,0,2026-07-10 11:08:54
LAB00162445,,MRN36069557,DR00176,H003-D07,H003,1975-2,2026-07-10 16:01:54,2026-07-10 16:58:54,2026-07-10 20:17:54,Routine,171.164,,H,0,2026-07-10 20:22:54
LAB00162446,,MRN36069557,DR00100,H002-D08,H002,5902-2,2026-07-09 23:01:54,2026-07-10 00:17:54,2026-07-10 00:52:54,Routine,57.987,,N,0,2026-07-10 00:57:54
LAB00162447,,MRN13519418,DR00121,H001-D04,H001,2823-3,2026-07-29 08:56:11,2026-07-29 10:00:11,2026-07-29 12:14:11,Routine,162.368,,H,0,2026-07-29 12:19:11
LAB00162448,,MRN32253480,DR00085,H002-D02,H002,4548-4,2026-07-06 15:24:43,2026-07-06 15:55:43,2026-07-06 18:39:43,Routine,164.432,,H,0,2026-07-06 18:44:43
LAB00162449,,MRN85249958,DR00098,H001-D10,H001,99999-9,2026-07-15 02:41:15,2026-07-15 02:50:15,2026-07-15 05:25:15,Routine,91.104,,HH,0,2026-07-15 05:30:15
LAB00162450,,MRN85249958,DR00101,H001-D05,H001,1975-2,2026-07-15 09:41:15,2026-07-15 10:55:15,2026-07-15 15:24:15,Routine,156.034,,HH,0,2026-07-15 15:29:15
LAB00162451,,MRN85249958,DR00035,H001-D04,H001,5811-5,2026-07-15 09:41:15,2026-07-15 10:18:15,2026-07-15 12:28:15,STAT,143.303,,H,0,2026-07-15 12:33:15
LAB00162452,,MRN28311063,DR00170,H002-D08,H002,10839-9,2026-08-14 06:08:59,2026-08-14 06:41:59,2026-08-14 09:47:59,Routine,27.268,,N,0,2026-08-14 09:52:59
LAB00162453,,MRN72214506,DR00093,H004-D03,H004,4544-3,2026-07-30 03:46:17,2026-07-30 03:51:17,2026-07-30 05:19:17,Routine,39.441,,L,0,2026-07-30 05:24:17
LAB00162454,,MRN72214506,DR00014,H001-D02,H001,4548-4,2026-07-31 01:46:17,2026-07-31 03:00:17,2026-07-31 07:58:17,Routine,107.541,,HH,0,2026-07-31 08:03:17
LAB00162455,,MRN27337253,DR00072,H001-D07,H001,1920-8,2025-12-07 17:51:41,2025-12-07 18:56:41,2025-12-07 23:21:41,Routine,46.09,,H,0,2025-12-07 23:26:41
LAB00162456,,MRN27337253,DR00210,H003-D03,H003,6301-6,2025-12-08 09:51:41,2025-12-08 10:10:41,2025-12-08 11:00:41,Routine,134.137,,L,0,2025-12-08 11:05:41
LAB00162457,,MRN58602635,DR00011,H004-D03,H004,1975-2,2026-08-05 18:45:54,2026-08-05 19:22:54,2026-08-05 20:02:54,Routine,167.187,,HH,0,2026-08-05 20:07:54
LAB00162458,,MRN73092378,DR00153,H003-D03,H003,6301-6,2026-07-31 20:56:05,2026-07-31 21:20:05,2026-08-01 00:37:05,STAT,0.695,,H,0,2026-08-01 00:42:05
LAB00162459,,MRN73092378,DR00065,H003-D08,H003,777-3,2026-07-30 11:56:05,2026-07-30 12:12:05,2026-07-30 14:13:05,Routine,123.414,,L,0,2026-07-30 14:18:05
LAB00162460,,MRN89059787,DR00140,H003-D02,H003,4544-3,2026-08-23 11:58:53,2026-08-23 12:29:53,2026-08-23 15:52:53,Routine,0.59,,L,0,2026-08-23 15:57:53
LAB00162461,,MRN89059787,DR00006,H001-D07,H001,1920-8,2026-08-23 23:58:53,2026-08-24 00:03:53,2026-08-24 03:38:53,Routine,54.316,,N,0,2026-08-24 03:43:53
LAB00162462,,MRN89059787,DR00138,H004-D03,H004,2823-3,2026-08-22 02:58:53,2026-08-22 04:23:53,2026-08-22 06:27:53,Routine,139.115,,N,0,2026-08-22 06:32:53
LAB00162463,,MRN65824489,DR00132,H002-D07,H002,88888-8,2026-08-24 06:37:24,2026-08-24 07:41:24,2026-08-24 11:08:24,STAT,54.314,,L,0,2026-08-24 11:13:24
LAB00162464,,MRN31046024,DR00154,H002-D09,H002,10839-9,2026-09-01 01:36:47,2026-09-01 03:02:47,2026-09-01 06:00:47,Routine,164.15,,L,0,2026-09-01 06:05:47
LAB00162465,,MRN31046024,DR00208,H002-D10,H002,1988-5,2026-08-30 13:36:47,2026-08-30 15:00:47,2026-08-30 18:21:47,STAT,41.495,,HH,0,2026-08-30 18:26:47
LAB00162466,,MRN31046024,DR00088,H001-D10,H001,3016-3,2026-08-31 03:36:47,2026-08-31 04:03:47,2026-08-31 08:21:47,Routine,24.062,,L,0,2026-08-31 08:26:47
LAB00162467,,MRN75261157,DR00030,H002-D05,H002,2951-2,2026-08-09 10:51:54,2026-08-09 11:34:54,2026-08-09 12:37:54,Routine,63.918,,HH,0,2026-08-09 12:42:54
LAB00162468,,MRN31656121,DR00146,H003-D07,H003,630-4,2026-07-20 07:03:17,2026-07-20 08:05:17,2026-07-20 09:34:17,Routine,,,H,0,2026-07-20 09:39:17
LAB00162469,,MRN98201585,DR00191,H001-D07,H001,2085-9,2026-08-13 19:17:00,2026-08-13 20:11:00,2026-08-13 21:44:00,Routine,26.787,,HH,0,2026-08-13 21:49:00
LAB00162470,,MRN63747844,DR00047,H003-D05,H003,2085-9,2026-07-19 22:12:49,2026-07-19 23:40:49,2026-07-20 04:04:49,Routine,76.638,,HH,0,2026-07-20 04:09:49
LAB00162471,,MRN63747844,DR00140,H004-D03,H004,3094-0,2026-07-20 19:12:49,2026-07-20 19:40:49,2026-07-20 20:55:49,Routine,149.377,,H,0,2026-07-20 21:00:49
LAB00162472,,MRN37613109,DR00177,H001-D09,H001,777-3,2026-07-16 08:02:55,2026-07-16 08:45:55,2026-07-16 12:29:55,Routine,164.294,,H,0,2026-07-16 12:34:55
LAB00162473,,MRN37613109,DR00047,H003-D09,H003,630-4,2026-07-16 03:02:55,2026-07-16 04:11:55,2026-07-16 05:40:55,Routine,,,HH,0,2026-07-16 05:45:55
LAB00162474,,MRN41184057,DR00023,H002-D03,H002,2160-0,2026-07-13 10:55:45,2026-07-13 12:04:45,2026-07-13 15:09:45,Routine,69.938,,H,0,2026-07-13 15:14:45
LAB00162475,,MRN41184057,DR00041,H003-D01,H003,4544-3,2026-07-13 02:55:45,2026-07-13 03:32:45,2026-07-13 05:04:45,STAT,158.137,,HH,0,2026-07-13 05:09:45
LAB00162476,,MRN42262795,DR00184,H003-D10,H003,3016-3,2026-07-11 11:05:29,2026-07-11 12:24:29,2026-07-11 16:55:29,Routine,65.76,,L,0,2026-07-11 17:00:29
LAB00162477,,MRN42262795,DR00008,H003-D02,H003,5811-5,2026-07-12 13:05:29,2026-07-12 13:16:29,2026-07-12 17:22:29,Routine,164.112,,N,0,2026-07-12 17:27:29
LAB00162478,,MRN81012020,DR00187,H003-D05,H003,2951-2,2026-07-22 22:46:28,2026-07-22 22:55:28,2026-07-22 23:40:28,Routine,169.357,,HH,0,2026-07-22 23:45:28
LAB00162479,,MRN81012020,DR00084,H003-D10,H003,718-7,2026-07-22 22:46:28,2026-07-22 23:19:28,2026-07-23 01:42:28,Routine,148.761,,H,0,2026-07-23 01:47:28
LAB00162480,,MRN81012020,DR00204,H002-D07,H002,1742-6,2026-07-23 20:46:28,2026-07-23 21:41:28,2026-07-23 22:41:28,Routine,138.838,,HH,0,2026-07-23 22:46:28
LAB00162481,,MRN82775229,DR00092,H003-D02,H003,630-4,2026-08-23 20:43:14,2026-08-23 20:48:14,2026-08-23 22:27:14,Routine,,,L,0,2026-08-23 22:32:14
LAB00162482,,MRN46625903,DR00057,H003-D03,H003,718-7,2026-08-23 02:07:51,2026-08-23 03:28:51,2026-08-23 05:33:51,STAT,135.607,,H,0,2026-08-23 05:38:51
LAB00162483,,MRN54414086,DR00179,H002-D10,H002,10839-9,2026-07-12 21:26:48,2026-07-12 22:40:48,2026-07-13 02:15:48,STAT,81.17,,N,0,2026-07-13 02:20:48
LAB00162484,,MRN98586526,DR00129,H003-D06,H003,2075-0,2026-08-04 01:01:39,2026-08-04 01:40:39,2026-08-04 06:20:39,Routine,19.717,,N,0,2026-08-04 06:25:39
LAB00162485,,MRN98586526,DR00008,H003-D08,H003,2160-0,2026-08-04 10:01:39,2026-08-04 11:13:39,2026-08-04 11:50:39,Routine,151.045,,N,0,2026-08-04 11:55:39
LAB00162486,,MRN98586526,DR00043,H004-D03,H004,2951-2,2026-08-03 17:01:39,2026-08-03 17:45:39,2026-08-03 22:12:39,Routine,137.532,,HH,0,2026-08-03 22:17:39
LAB00162487,,MRN49091311,DR00162,H002-D05,H002,2093-3,2026-08-26 11:46:28,2026-08-26 12:59:28,2026-08-26 17:26:28,Routine,163.881,,HH,0,2026-08-26 17:31:28
LAB00162488,,MRN49091311,DR00034,H001-D07,H001,6690-2,2026-08-27 16:46:28,2026-08-27 17:19:28,2026-08-27 18:15:28,Routine,156.408,,HH,0,2026-08-27 18:20:28
LAB00162489,,MRN65260267,DR00151,H003-D07,H003,3094-0,2026-08-15 06:44:53,2026-08-15 07:17:53,2026-08-15 11:49:53,STAT,186.936,,HH,0,2026-08-15 11:54:53
LAB00162490,,MRN65260267,DR00128,H004-D10,H004,630-4,2026-08-15 23:44:53,2026-08-15 23:57:53,2026-08-16 00:29:53,Routine,,,HH,0,2026-08-16 00:34:53
LAB00162491,,MRN65260267,DR00178,H002-D01,H002,718-7,2026-08-16 01:44:53,2026-08-16 02:36:53,2026-08-16 06:38:53,Routine,7.757,,HH,0,2026-08-16 06:43:53
LAB00162492,,MRN16208070,DR00006,H001-D10,H001,2093-3,2026-08-15 08:14:35,2026-08-15 09:35:35,2026-08-15 13:59:35,Routine,41.565,,N,0,2026-08-15 14:04:35
LAB00162493,,MRN16208070,DR00204,H001-D01,H001,6690-2,2026-08-16 02:14:35,2026-08-16 02:55:35,2026-08-16 03:44:35,Routine,48.136,,L,0,2026-08-16 03:49:35
LAB00162494,,MRN16208070,DR00134,H003-D06,H003,777-3,2026-08-14 16:14:35,2026-08-14 17:42:35,2026-08-14 22:04:35,Routine,56.283,,L,0,2026-08-14 22:09:35
LAB00162495,,MRN60901567,DR00211,H003-D04,H003,6690-2,2026-07-10 16:43:18,2026-07-10 17:23:18,2026-07-10 20:25:18,Routine,4.469,,N,0,2026-07-10 20:30:18
LAB00162496,,MRN60901567,DR00062,H002-D07,H002,777-3,2026-07-10 22:43:18,2026-07-10 23:46:18,2026-07-11 01:16:18,Routine,91.563,,H,0,2026-07-11 01:21:18
LAB00162497,,MRN33279270,DR00193,H001-D01,H001,1742-6,2026-07-10 18:44:04,2026-07-10 20:04:04,2026-07-10 21:03:04,Routine,161.832,,N,0,2026-07-10 21:08:04
LAB00162498,,MRN33279270,DR00094,H002-D08,H002,718-7,2026-07-10 03:44:04,2026-07-10 03:49:04,2026-07-10 08:48:04,Routine,171.833,,N,0,2026-07-10 08:53:04
LAB00162499,,MRN33279270,DR00193,H002-D03,H002,30934-4,2026-07-11 14:44:04,2026-07-11 15:17:04,2026-07-11 18:11:04,STAT,28.065,,N,0,2026-07-11 18:16:04
LAB00162500,,MRN49818371,DR00074,H001-D09,H001,10839-9,2026-07-17 19:58:41,2026-07-17 21:10:41,2026-07-17 23:14:41,Routine,111.829,,HH,0,2026-07-17 23:19:41
LAB00162501,,MRN49818371,DR00013,H001-D09,H001,3094-0,2026-07-18 12:58:41,2026-07-18 13:14:41,2026-07-18 17:29:41,Routine,198.671,,HH,0,2026-07-18 17:34:41
LAB00162502,,MRN93186338,DR00107,H002-D02,H002,5902-2,2026-08-19 01:39:32,2026-08-19 02:08:32,2026-08-19 03:55:32,STAT,171.564,,N,0,2026-08-19 04:00:32
LAB00162503,,MRN42031876,DR00101,H003-D08,H003,10839-9,2026-08-17 04:07:40,2026-08-17 04:59:40,2026-08-17 07:40:40,Routine,138.612,,HH,0,2026-08-17 07:45:40
LAB00162504,,MRN42031876,DR00001,H004-D10,H004,1742-6,2026-08-16 20:07:40,2026-08-16 20:44:40,2026-08-17 01:23:40,Routine,101.487,,HH,0,2026-08-17 01:28:40
LAB00162505,,MRN42031876,DR00119,H003-D02,H003,600-7,2026-08-17 15:07:40,2026-08-17 15:16:40,2026-08-17 18:46:40,Routine,,,L,0,2026-08-17 18:51:40
LAB00162506,,MRN66227899,DR00037,H003-D03,H003,2085-9,2026-07-05 10:23:35,2026-07-05 11:28:35,2026-07-05 13:27:35,Routine,122.537,,HH,0,2026-07-05 13:32:35
LAB00162507,,MRN66227899,DR00083,H001-D03,H001,2345-7,2026-07-06 19:23:35,2026-07-06 20:14:35,2026-07-07 01:12:35,STAT,194.935,,HH,0,2026-07-07 01:17:35
LAB00162508,,MRN66227899,DR00102,H002-D03,H002,600-7,2026-07-06 14:23:35,2026-07-06 15:17:35,2026-07-06 19:59:35,STAT,,,HH,0,2026-07-06 20:04:35
LAB00162509,,MRN65410308,DR00095,H002-D04,H002,6301-6,2026-07-05 23:35:47,2026-07-05 23:45:47,2026-07-06 03:26:47,Routine,121.984,,L,0,2026-07-06 03:31:47
LAB00162510,,MRN97346261,DR00235,H003-D07,H003,630-4,2026-08-08 02:14:57,2026-08-08 02:55:57,2026-08-08 06:27:57,STAT,,,N,0,2026-08-08 06:32:57
LAB00162511,,MRN81894143,DR00039,H002-D10,H002,5811-5,2026-01-30 21:11:05,2026-01-30 21:33:05,2026-01-30 22:09:05,Routine,134.544,,HH,0,2026-01-30 22:14:05
LAB00162512,,MRN31678851,DR00186,H002-D05,H002,2160-0,2026-08-31 10:32:18,2026-08-31 11:08:18,2026-08-31 15:18:18,Routine,6.409,,L,0,2026-08-31 15:23:18
LAB00162513,,MRN37962186,DR00088,H002-D03,H002,2951-2,2026-07-16 00:03:12,2026-07-16 00:40:12,2026-07-16 02:49:12,Routine,117.321,,L,0,2026-07-16 02:54:12
LAB00162514,,MRN37962186,DR00187,H002-D08,H002,30934-4,2026-07-17 09:03:12,2026-07-17 10:04:12,2026-07-17 13:31:12,Routine,162.641,,N,0,2026-07-17 13:36:12
LAB00162515,,MRN37962186,DR00128,H002-D09,H002,600-7,2026-07-17 15:03:12,2026-07-17 15:08:12,2026-07-17 17:03:12,STAT,,,HH,0,2026-07-17 17:08:12
LAB00162516,,MRN90259687,DR00226,H001-D06,H001,4548-4,2026-07-09 17:59:52,2026-07-09 19:00:52,2026-07-09 22:47:52,Routine,157.379,,N,0,2026-07-09 22:52:52
LAB00162517,,MRN90259687,DR00035,H003-D07,H003,2823-3,2026-07-08 10:59:52,2026-07-08 11:45:52,2026-07-08 12:22:52,Routine,154.077,,L,0,2026-07-08 12:27:52
LAB00162518,,MRN20439402,DR00030,H004-D10,H004,30934-4,2026-08-22 20:55:50,2026-08-22 21:18:50,2026-08-23 00:16:50,Routine,17.343,,H,0,2026-08-23 00:21:50
LAB00162519,,MRN20439402,DR00164,H002-D07,H002,630-4,2026-08-22 09:55:50,2026-08-22 10:57:50,2026-08-22 15:46:50,STAT,,,N,0,2026-08-22 15:51:50
LAB00162520,,MRN20439402,DR00060,H001-D02,H001,6690-2,2026-08-22 01:55:50,2026-08-22 02:00:50,2026-08-22 06:56:50,STAT,168.345,,L,0,2026-08-22 07:01:50
LAB00162521,,MRN11918771,DR00154,H003-D01,H003,3094-0,2026-08-21 03:16:08,2026-08-21 03:36:08,2026-08-21 08:32:08,Routine,192.709,,H,0,2026-08-21 08:37:08
LAB00162522,,MRN89136407,DR00056,H003-D09,H003,718-7,2026-07-28 13:21:42,2026-07-28 14:16:42,2026-07-28 16:41:42,Routine,69.726,,HH,0,2026-07-28 16:46:42
LAB00162523,,MRN89136407,DR00158,H004-D10,H004,4548-4,2026-07-30 01:21:42,2026-07-30 01:42:42,2026-07-30 03:06:42,Routine,163.923,,HH,0,2026-07-30 03:11:42
LAB00162524,,MRN89136407,DR00216,H001-D08,H001,1920-8,2026-07-30 11:21:42,2026-07-30 12:43:42,2026-07-30 13:36:42,Routine,190.873,,L,0,2026-07-30 13:41:42
LAB00162525,,MRN65608920,DR00186,H003-D10,H003,2075-0,2026-08-17 00:48:05,2026-08-17 01:20:05,2026-08-17 04:59:05,Routine,144.024,,N,0,2026-08-17 05:04:05
LAB00162526,,MRN65608920,DR00190,H001-D05,H001,777-3,2026-08-16 13:48:05,2026-08-16 14:17:05,2026-08-16 17:08:05,Routine,167.985,,H,0,2026-08-16 17:13:05
LAB00162527,,MRN65608920,DR00090,H003-D01,H003,777-3,2026-08-15 15:48:05,2026-08-15 16:10:05,2026-08-15 20:17:05,Routine,64.61,,L,0,2026-08-15 20:22:05
LAB00162528,,MRN11858044,DR00203,H002-D04,H002,2823-3,2026-08-08 12:20:05,2026-08-08 12:57:05,2026-08-08 17:09:05,Routine,34.7,,L,0,2026-08-08 17:14:05
LAB00162529,,MRN56055986,DR00103,H003-D03,H003,630-4,2026-08-02 19:58:38,2026-08-02 21:15:38,2026-08-03 00:03:38,STAT,,,H,0,2026-08-03 00:08:38
LAB00162530,,MRN56055986,DR00134,H001-D07,H001,10839-9,2026-08-03 04:58:38,2026-08-03 06:03:38,2026-08-03 09:58:38,Routine,124.808,,H,0,2026-08-03 10:03:38
LAB00162531,,MRN46415463,DR00207,H004-D10,H004,3016-3,2026-08-24 09:18:01,2026-08-24 10:21:01,2026-08-24 12:15:01,Routine,154.771,,H,0,2026-08-24 12:20:01
LAB00162532,,MRN28682870,DR00063,H003-D08,H003,600-7,2026-07-08 15:21:32,2026-07-08 16:13:32,2026-07-08 20:15:32,Routine,,,H,0,2026-07-08 20:20:32
LAB00162533,,MRN28682870,DR00140,H003-D04,H003,6690-2,2026-07-08 02:21:32,2026-07-08 02:32:32,2026-07-08 06:53:32,Routine,65.334,,HH,0,2026-07-08 06:58:32
LAB00162534,,MRN28036682,DR00174,H001-D09,H001,2951-2,2026-07-10 02:19:55,2026-07-10 02:27:55,2026-07-10 02:50:55,Routine,167.052,,H,0,2026-07-10 02:55:55
LAB00162535,,MRN28036682,DR00221,H001-D04,H001,718-7,2026-07-10 14:19:55,2026-07-10 15:37:55,2026-07-10 16:46:55,Routine,176.708,,H,0,2026-07-10 16:51:55
LAB00162536,,MRN28036682,DR00044,H001-D09,H001,4548-4,2026-07-09 02:19:55,2026-07-09 03:34:55,2026-07-09 06:18:55,STAT,157.036,,N,0,2026-07-09 06:23:55
LAB00162537,,MRN86582456,DR00112,H002-D10,H002,600-7,2026-07-04 16:20:46,2026-07-04 17:46:46,2026-07-04 21:53:46,STAT,,,HH,0,2026-07-04 21:58:46
LAB00162538,,MRN86582456,DR00087,H003-D06,H003,718-7,2026-07-04 23:20:46,2026-07-05 00:48:46,2026-07-05 02:19:46,Routine,15.651,,HH,0,2026-07-05 02:24:46
LAB00162539,,MRN86582456,DR00097,H001-D09,H001,630-4,2026-07-05 03:20:46,2026-07-05 03:29:46,2026-07-05 08:05:46,STAT,,,H,0,2026-07-05 08:10:46
LAB00162540,,MRN14343260,DR00121,H001-D04,H001,2160-0,2026-08-29 16:51:44,2026-08-29 18:20:44,2026-08-29 22:55:44,Routine,194.86,,N,0,2026-08-29 23:00:44
LAB00162541,,MRN92055428,DR00165,H001-D01,H001,4544-3,2026-08-03 06:52:24,2026-08-03 08:13:24,2026-08-03 09:28:24,Routine,110.976,,H,0,2026-08-03 09:33:24
LAB00162542,,MRN92055428,DR00130,H001-D03,H001,718-7,2026-08-03 12:52:24,2026-08-03 13:44:24,2026-08-03 15:02:24,Routine,8.236,,L,0,2026-08-03 15:07:24
LAB00162543,,MRN70846876,DR00116,H003-D05,H003,5811-5,2026-07-15 11:52:04,2026-07-15 12:17:04,2026-07-15 13:21:04,Routine,56.322,,H,0,2026-07-15 13:26:04
LAB00162544,,MRN36518487,DR00110,H003-D02,H003,3094-0,2026-09-01 07:53:30,2026-09-01 09:18:30,2026-09-01 13:06:30,Routine,33.228,,HH,0,2026-09-01 13:11:30
LAB00162545,,MRN36518487,DR00011,H001-D04,H001,2823-3,2026-08-31 17:53:30,2026-08-31 19:18:30,2026-08-31 22:33:30,STAT,131.644,,H,0,2026-08-31 22:38:30
LAB00162546,,MRN77625446,DR00089,H001-D06,H001,2951-2,2026-07-16 03:02:50,2026-07-16 04:22:50,2026-07-16 04:54:50,Routine,92.681,,HH,0,2026-07-16 04:59:50
LAB00162547,,MRN94213363,DR00179,H002-D07,H002,1742-6,2026-07-07 15:01:58,2026-07-07 15:19:58,2026-07-07 19:27:58,Routine,184.581,,N,0,2026-07-07 19:32:58
LAB00162548,,MRN10123914,DR00018,H002-D03,H002,1988-5,2026-07-29 14:32:23,2026-07-29 14:46:23,2026-07-29 16:36:23,Routine,195.571,,N,0,2026-07-29 16:41:23
LAB00162549,,MRN58896608,DR00053,H001-D10,H001,2075-0,2026-08-12 02:05:56,2026-08-12 02:31:56,2026-08-12 03:31:56,Routine,81.433,,N,0,2026-08-12 03:36:56
LAB00162550,,MRN12206679,DR00057,H003-D04,H003,1975-2,2026-07-09 20:50:30,2026-07-09 21:00:30,2026-07-10 01:15:30,Routine,38.606,,HH,0,2026-07-10 01:20:30
LAB00162551,,MRN12206679,DR00062,H003-D08,H003,1920-8,2026-07-09 16:50:30,2026-07-09 18:15:30,2026-07-09 22:39:30,Routine,74.994,,H,0,2026-07-09 22:44:30
LAB00162552,,MRN12206679,DR00211,H003-D10,H003,5811-5,2026-07-10 19:50:30,2026-07-10 20:10:30,2026-07-10 21:07:30,Routine,169.918,,N,0,2026-07-10 21:12:30
LAB00162553,,MRN89015735,DR00063,H001-D04,H001,1975-2,2026-07-21 18:31:57,2026-07-21 18:38:57,2026-07-21 20:28:57,Routine,126.675,,N,0,2026-07-21 20:33:57
LAB00162554,,MRN89015735,DR00187,H003-D01,H003,6301-6,2026-07-22 21:31:57,2026-07-22 22:24:57,2026-07-23 03:13:57,Routine,95.124,,H,0,2026-07-23 03:18:57
LAB00162555,,MRN89015735,DR00237,H003-D09,H003,3094-0,2026-07-23 07:31:57,2026-07-23 08:18:57,2026-07-23 08:51:57,Routine,191.209,,H,0,2026-07-23 08:56:57
LAB00162556,,MRN65276796,DR00232,H001-D06,H001,2951-2,2026-07-27 12:07:28,2026-07-27 12:55:28,2026-07-27 15:32:28,Routine,118.96,,H,0,2026-07-27 15:37:28
LAB00162557,,MRN65276796,DR00059,H001-D05,H001,2085-9,2026-07-27 04:07:28,2026-07-27 05:22:28,2026-07-27 06:52:28,Routine,140.556,,H,0,2026-07-27 06:57:28
LAB00162558,,MRN64962651,DR00007,H003-D08,H003,2345-7,2026-09-01 00:17:34,2026-09-01 01:46:34,2026-09-01 06:30:34,Routine,196.033,,L,0,2026-09-01 06:35:34
LAB00162559,,MRN64962651,DR00230,H002-D09,H002,2160-0,2026-08-31 21:17:34,2026-08-31 22:28:34,2026-09-01 03:08:34,Routine,43.687,,L,0,2026-09-01 03:13:34
LAB00162560,,MRN61717715,DR00209,H003-D09,H003,6301-6,2026-08-23 00:17:20,2026-08-23 00:22:20,2026-08-23 05:21:20,Routine,96.405,,N,0,2026-08-23 05:26:20
LAB00162561,,MRN61717715,DR00156,H002-D01,H002,5811-5,2026-08-21 20:17:20,2026-08-21 20:22:20,2026-08-21 20:48:20,Routine,75.101,,L,0,2026-08-21 20:53:20
LAB00162562,,MRN39298542,DR00208,H003-D09,H003,4548-4,2026-08-19 02:26:59,2026-08-19 03:19:59,2026-08-19 05:33:59,Routine,173.025,,N,0,2026-08-19 05:38:59
LAB00162563,,MRN39298542,DR00125,H002-D04,H002,4548-4,2026-08-18 22:26:59,2026-08-18 22:55:59,2026-08-19 01:02:59,Routine,37.542,,H,0,2026-08-19 01:07:59
LAB00162564,,MRN31678851,DR00133,H001-D01,H001,4548-4,2026-08-28 17:36:58,2026-08-28 18:13:58,2026-08-28 21:16:58,Routine,94.01,,HH,0,2026-08-28 21:21:58
LAB00162565,,MRN31678851,DR00190,H004-D10,H004,1988-5,2026-08-28 03:36:58,2026-08-28 04:20:58,2026-08-28 08:52:58,Routine,197.144,,N,0,2026-08-28 08:57:58
LAB00162566,,MRN31678851,DR00039,H002-D10,H002,2823-3,2026-08-29 04:36:58,2026-08-29 06:01:58,2026-08-29 06:59:58,STAT,142.779,,H,0,2026-08-29 07:04:58
LAB00162567,,MRN35746308,DR00073,H001-D06,H001,88888-8,2026-09-01 05:58:25,2026-09-01 06:23:25,2026-09-01 07:00:25,Routine,101.917,,L,0,2026-09-01 07:05:25
LAB00162568,,MRN35746308,DR00208,H002-D09,H002,5811-5,2026-08-31 21:58:25,2026-08-31 22:26:25,2026-09-01 03:25:25,Routine,193.565,,H,0,2026-09-01 03:30:25
LAB00162569,,MRN35746308,DR00193,H001-D03,H001,6690-2,2026-09-02 01:58:25,2026-09-02 03:23:25,2026-09-02 05:59:25,Routine,25.393,,HH,0,2026-09-02 06:04:25
LAB00162570,,MRN11160145,DR00213,H002-D07,H002,3016-3,2026-08-08 01:12:17,2026-08-08 01:46:17,2026-08-08 05:10:17,Routine,113.268,,HH,0,2026-08-08 05:15:17
LAB00162571,,MRN11160145,DR00194,H001-D10,H001,30934-4,2026-08-07 23:12:17,2026-08-08 00:33:17,2026-08-08 04:25:17,Routine,195.876,,L,0,2026-08-08 04:30:17
LAB00162572,,MRN11160145,DR00211,H001-D05,H001,30934-4,2026-08-07 09:12:17,2026-08-07 09:30:17,2026-08-07 13:15:17,Routine,166.172,,H,0,2026-08-07 13:20:17
LAB00162573,,MRN21357023,DR00136,H002-D10,H002,718-7,2026-04-20 07:37:07,2026-04-20 08:44:07,2026-04-20 10:10:07,Routine,96.916,,L,0,2026-04-20 10:15:07
LAB00162574,,MRN48633818,DR00096,H001-D01,H001,30934-4,2026-07-07 03:30:44,2026-07-07 04:02:44,2026-07-07 07:37:44,Routine,25.612,,HH,0,2026-07-07 07:42:44
LAB00162575,,MRN48633818,DR00170,H003-D09,H003,1920-8,2026-07-07 11:30:44,2026-07-07 12:57:44,2026-07-07 13:51:44,Routine,21.218,,H,0,2026-07-07 13:56:44
LAB00162576,,MRN48633818,DR00055,H001-D04,H001,777-3,2026-07-07 22:30:44,2026-07-07 23:47:44,2026-07-08 03:29:44,Routine,49.575,,N,0,2026-07-08 03:34:44
LAB00162577,,MRN35268594,DR00130,H003-D10,H003,6690-2,2026-07-17 19:28:57,2026-07-17 20:28:57,2026-07-18 00:59:57,Routine,53.795,,L,0,2026-07-18 01:04:57
LAB00162578,,MRN35268594,DR00040,H001-D09,H001,5902-2,2026-07-18 19:28:57,2026-07-18 20:47:57,2026-07-18 21:16:57,Routine,49.532,,N,0,2026-07-18 21:21:57
LAB00162579,,MRN85674750,DR00133,H001-D08,H001,1975-2,2026-08-17 20:28:09,2026-08-17 20:44:09,2026-08-17 22:29:09,STAT,180.825,,N,0,2026-08-17 22:34:09
LAB00162580,,MRN85674750,DR00013,H001-D02,H001,6690-2,2026-08-17 16:28:09,2026-08-17 16:34:09,2026-08-17 19:33:09,Routine,51.16,,H,0,2026-08-17 19:38:09
LAB00162581,,MRN85674750,DR00198,H002-D09,H002,6690-2,2026-08-17 23:28:09,2026-08-18 00:45:09,2026-08-18 01:36:09,Routine,84.783,,L,0,2026-08-18 01:41:09
LAB00162582,,MRN42169086,DR00031,H003-D03,H003,5902-2,2026-07-22 10:58:51,2026-07-22 11:04:51,2026-07-22 15:15:51,Routine,172.364,,L,0,2026-07-22 15:20:51
LAB00162583,,MRN42169086,DR00039,H002-D03,H002,4544-3,2026-07-22 13:58:51,2026-07-22 15:14:51,2026-07-22 18:10:51,Routine,85.55,,N,0,2026-07-22 18:15:51
LAB00162584,,MRN42169086,DR00088,H002-D10,H002,5902-2,2026-07-21 23:58:51,2026-07-22 00:44:51,2026-07-22 04:26:51,Routine,32.561,,N,0,2026-07-22 04:31:51
LAB00162585,,MRN17491787,DR00182,H004-D03,H004,3094-0,2026-07-04 00:46:44,2026-07-04 01:22:44,2026-07-04 05:23:44,Routine,127.936,,HH,0,2026-07-04 05:28:44
LAB00162586,,MRN17491787,DR00189,H003-D07,H003,2093-3,2026-07-04 13:46:44,2026-07-04 14:43:44,2026-07-04 17:39:44,STAT,15.017,,L,0,2026-07-04 17:44:44
LAB00162587,,MRN53832011,DR00174,H001-D02,H001,1988-5,2026-07-13 00:09:21,2026-07-13 01:03:21,2026-07-13 02:45:21,Routine,134.017,,L,0,2026-07-13 02:50:21
LAB00162588,,MRN68380267,DR00082,H002-D05,H002,6690-2,2026-08-18 00:42:09,2026-08-18 01:56:09,2026-08-18 02:16:09,STAT,123.549,,N,0,2026-08-18 02:21:09
LAB00162589,,MRN68380267,DR00074,H002-D03,H002,6690-2,2026-08-18 07:42:09,2026-08-18 07:47:09,2026-08-18 12:32:09,Routine,130.933,,L,0,2026-08-18 12:37:09
LAB00162590,,MRN55710479,DR00174,H002-D08,H002,1920-8,2026-08-17 04:03:06,2026-08-17 05:22:06,2026-08-17 06:12:06,Routine,186.411,,N,0,2026-08-17 06:17:06
LAB00162591,,MRN55710479,DR00041,H003-D05,H003,2345-7,2026-08-18 21:03:06,2026-08-18 21:36:06,2026-08-19 02:05:06,Routine,98.871,,L,0,2026-08-19 02:10:06
LAB00162592,,MRN13061204,DR00053,H004-D10,H004,30934-4,2026-08-26 12:45:25,2026-08-26 13:39:25,2026-08-26 14:56:25,Routine,48.864,,H,0,2026-08-26 15:01:25
LAB00162593,,MRN13061204,DR00089,H002-D09,H002,3094-0,2026-08-26 01:45:25,2026-08-26 02:50:25,2026-08-26 05:15:25,Routine,33.993,,HH,0,2026-08-26 05:20:25
LAB00162594,,MRN13061204,DR00014,H001-D04,H001,2075-0,2026-08-26 14:45:25,2026-08-26 15:54:25,2026-08-26 18:34:25,Routine,64.14,,HH,0,2026-08-26 18:39:25
LAB00162595,,MRN63316458,DR00163,H001-D01,H001,4548-4,2025-10-23 12:39:46,2025-10-23 13:20:46,2025-10-23 16:56:46,Routine,16.1,,H,0,2025-10-23 17:01:46
LAB00162596,,MRN63316458,DR00064,H002-D09,H002,99999-9,2025-10-23 15:39:46,2025-10-23 15:53:46,2025-10-23 18:37:46,Routine,194.086,,HH,0,2025-10-23 18:42:46
LAB00162597,,MRN63316458,DR00121,H001-D05,H001,2951-2,2025-10-22 21:39:46,2025-10-22 22:10:46,2025-10-23 02:15:46,Routine,74.498,,H,0,2025-10-23 02:20:46
LAB00162598,,MRN18876289,DR00204,H001-D09,H001,6301-6,2026-08-30 12:05:23,2026-08-30 12:45:23,2026-08-30 13:44:23,STAT,149.514,,HH,0,2026-08-30 13:49:23
LAB00162599,,MRN18876289,DR00127,H002-D08,H002,2075-0,2026-08-30 16:05:23,2026-08-30 17:13:23,2026-08-30 20:23:23,Routine,171.777,,HH,0,2026-08-30 20:28:23
LAB00162600,,MRN18876289,DR00013,H003-D03,H003,777-3,2026-08-30 16:05:23,2026-08-30 16:32:23,2026-08-30 16:57:23,Routine,163.757,,HH,0,2026-08-30 17:02:23
LAB00162601,,MRN64759348,DR00044,H001-D05,H001,630-4,2026-07-06 05:19:03,2026-07-06 06:44:03,2026-07-06 10:37:03,Routine,,,HH,0,2026-07-06 10:42:03
LAB00162602,,MRN20230533,DR00168,H002-D05,H002,4544-3,2026-02-11 07:01:00,2026-02-11 07:38:00,2026-02-11 10:59:00,STAT,67.342,,L,0,2026-02-11 11:04:00
LAB00162603,,MRN20230533,DR00129,H001-D03,H001,600-7,2026-02-10 22:01:00,2026-02-10 23:07:00,2026-02-11 03:58:00,Routine,,,HH,0,2026-02-11 04:03:00
LAB00162604,,MRN20230533,DR00173,H001-D04,H001,6301-6,2026-02-12 07:01:00,2026-02-12 07:07:00,2026-02-12 07:34:00,Routine,127.774,,L,0,2026-02-12 07:39:00
LAB00162605,,MRN12006945,DR00212,H003-D02,H003,1920-8,2026-07-28 14:14:51,2026-07-28 14:33:51,2026-07-28 15:33:51,STAT,118.69,,N,0,2026-07-28 15:38:51
LAB00162606,,MRN77859274,DR00012,H002-D09,H002,10839-9,2025-11-22 08:40:26,2025-11-22 09:32:26,2025-11-22 10:05:26,Routine,151.456,,L,0,2025-11-22 10:10:26
LAB00162607,,MRN18107354,DR00148,H002-D05,H002,30934-4,2026-08-25 10:03:55,2026-08-25 11:29:55,2026-08-25 14:35:55,STAT,28.707,,N,0,2026-08-25 14:40:55
LAB00162608,,MRN37626184,DR00203,H003-D05,H003,3094-0,2026-07-31 20:50:53,2026-07-31 21:43:53,2026-07-31 23:32:53,Routine,57.752,,L,0,2026-07-31 23:37:53
LAB00162609,,MRN37626184,DR00052,H002-D08,H002,1975-2,2026-08-01 18:50:53,2026-08-01 20:02:53,2026-08-01 23:38:53,Routine,120.747,,H,0,2026-08-01 23:43:53
LAB00162610,,MRN37626184,DR00057,H002-D07,H002,1988-5,2026-08-02 00:50:53,2026-08-02 01:41:53,2026-08-02 04:06:53,Routine,27.785,,N,0,2026-08-02 04:11:53
LAB00162611,,MRN74094703,DR00103,H003-D02,H003,718-7,2026-07-08 04:33:54,2026-07-08 05:32:54,2026-07-08 06:45:54,Routine,86.067,,H,0,2026-07-08 06:50:54
LAB00162612,,MRN74094703,DR00116,H001-D05,H001,2093-3,2026-07-09 09:33:54,2026-07-09 09:46:54,2026-07-09 10:41:54,Routine,135.092,,HH,0,2026-07-09 10:46:54
LAB00162613,,MRN74094703,DR00050,H002-D01,H002,2093-3,2026-07-09 01:33:54,2026-07-09 02:42:54,2026-07-09 06:12:54,Routine,121.271,,H,0,2026-07-09 06:17:54
LAB00162614,,MRN11726715,DR00148,H003-D02,H003,6301-6,2026-08-19 16:49:44,2026-08-19 17:44:44,2026-08-19 22:20:44,Routine,11.657,,HH,0,2026-08-19 22:25:44
LAB00162615,,MRN11726715,DR00123,H003-D02,H003,3094-0,2026-08-19 10:49:44,2026-08-19 11:24:44,2026-08-19 14:01:44,Routine,118.514,,HH,0,2026-08-19 14:06:44
LAB00162616,,MRN11726715,DR00026,H003-D03,H003,630-4,2026-08-18 22:49:44,2026-08-18 23:49:44,2026-08-19 01:08:44,Routine,,,HH,0,2026-08-19 01:13:44
LAB00162617,,MRN50198612,DR00011,H004-D10,H004,3016-3,2026-08-11 06:46:44,2026-08-11 07:38:44,2026-08-11 11:41:44,Routine,181.178,,H,0,2026-08-11 11:46:44
LAB00162618,,MRN50198612,DR00028,H002-D02,H002,2075-0,2026-08-11 05:46:44,2026-08-11 06:51:44,2026-08-11 07:23:44,Routine,39.498,,H,0,2026-08-11 07:28:44
LAB00162619,,MRN50198612,DR00227,H001-D09,H001,6690-2,2026-08-11 10:46:44,2026-08-11 11:36:44,2026-08-11 13:11:44,STAT,67.485,,N,0,2026-08-11 13:16:44
LAB00162620,,MRN77957331,DR00143,H004-D10,H004,3094-0,2026-07-19 13:38:50,2026-07-19 13:59:50,2026-07-19 17:54:50,Routine,143.475,,L,0,2026-07-19 17:59:50
LAB00162621,,MRN77957331,DR00189,H002-D02,H002,2075-0,2026-07-20 08:38:50,2026-07-20 09:53:50,2026-07-20 14:44:50,Routine,112.181,,N,0,2026-07-20 14:49:50
LAB00162622,,MRN96098722,DR00195,H003-D10,H003,1920-8,2026-08-28 18:13:31,2026-08-28 18:38:31,2026-08-28 20:49:31,Routine,143.946,,L,0,2026-08-28 20:54:31
LAB00162623,,MRN96098722,DR00234,H002-D04,H002,2160-0,2026-08-28 12:13:31,2026-08-28 13:31:31,2026-08-28 13:53:31,Routine,113.743,,HH,0,2026-08-28 13:58:31
LAB00162624,,MRN90289005,DR00122,H004-D10,H004,6690-2,2026-07-09 01:22:49,2026-07-09 02:50:49,2026-07-09 07:38:49,Routine,32.162,,H,0,2026-07-09 07:43:49
LAB00162625,,MRN90289005,DR00003,H001-D02,H001,2823-3,2026-07-08 16:22:49,2026-07-08 16:53:49,2026-07-08 19:24:49,Routine,75.214,,HH,0,2026-07-08 19:29:49
LAB00162626,,MRN90289005,DR00039,H002-D04,H002,5902-2,2026-07-08 03:22:49,2026-07-08 03:51:49,2026-07-08 04:36:49,STAT,75.496,,HH,0,2026-07-08 04:41:49
LAB00162627,,MRN94764881,DR00034,H003-D08,H003,6301-6,2026-07-21 21:13:55,2026-07-21 21:53:55,2026-07-22 00:54:55,Routine,34.554,,L,0,2026-07-22 00:59:55
LAB00162628,,MRN94764881,DR00133,H003-D06,H003,2345-7,2026-07-23 10:13:55,2026-07-23 11:13:55,2026-07-23 15:34:55,Routine,89.96,,H,0,2026-07-23 15:39:55
LAB00162629,,MRN16069354,DR00195,H002-D03,H002,5902-2,2026-08-13 04:39:00,2026-08-13 06:06:00,2026-08-13 08:52:00,Routine,171.645,,HH,0,2026-08-13 08:57:00
LAB00162630,,MRN16069354,DR00070,H004-D10,H004,5811-5,2026-08-13 15:39:00,2026-08-13 16:10:00,2026-08-13 17:54:00,Routine,104.084,,HH,0,2026-08-13 17:59:00
LAB00162631,,MRN29320504,DR00136,H002-D08,H002,1975-2,2026-07-26 22:24:05,2026-07-26 22:39:05,2026-07-27 00:21:05,STAT,164.759,,L,0,2026-07-27 00:26:05
LAB00162632,,MRN97010207,DR00132,H001-D07,H001,6301-6,2026-07-14 01:56:33,2026-07-14 02:10:33,2026-07-14 02:42:33,STAT,117.393,,H,0,2026-07-14 02:47:33
LAB00162633,,MRN97010207,DR00093,H003-D02,H003,2951-2,2026-07-13 19:56:33,2026-07-13 20:45:33,2026-07-14 01:07:33,STAT,122.581,,N,0,2026-07-14 01:12:33
LAB00162634,,MRN97010207,DR00122,H001-D07,H001,5902-2,2026-07-12 12:56:33,2026-07-12 13:59:33,2026-07-12 16:17:33,STAT,63.545,,HH,0,2026-07-12 16:22:33
LAB00162635,,MRN86871402,DR00153,H004-D03,H004,5811-5,2026-08-24 07:42:37,2026-08-24 09:04:37,2026-08-24 11:47:37,Routine,46.941,,HH,0,2026-08-24 11:52:37
LAB00162636,,MRN72770094,DR00072,H001-D01,H001,30934-4,2026-02-03 11:21:17,2026-02-03 11:47:17,2026-02-03 14:43:17,Routine,127.092,,HH,0,2026-02-03 14:48:17
LAB00162637,,MRN45399088,DR00044,H002-D07,H002,10839-9,2026-07-14 16:17:59,2026-07-14 17:04:59,2026-07-14 19:21:59,Routine,177.891,,H,0,2026-07-14 19:26:59
LAB00162638,,MRN32571566,DR00196,H002-D09,H002,4544-3,2026-08-15 21:27:43,2026-08-15 22:07:43,2026-08-15 22:41:43,Routine,153.08,,HH,0,2026-08-15 22:46:43
LAB00162639,,MRN35861758,DR00030,H001-D07,H001,777-3,2026-08-18 16:17:50,2026-08-18 17:33:50,2026-08-18 19:44:50,Routine,15.474,,H,0,2026-08-18 19:49:50
LAB00162640,,MRN35861758,DR00191,H003-D08,H003,4544-3,2026-08-16 22:17:50,2026-08-16 23:45:50,2026-08-17 03:25:50,Routine,54.339,,H,0,2026-08-17 03:30:50
LAB00162641,,MRN35861758,DR00008,H002-D02,H002,2075-0,2026-08-17 06:17:50,2026-08-17 06:42:50,2026-08-17 07:22:50,Routine,106.804,,L,0,2026-08-17 07:27:50
LAB00162642,,MRN13599399,DR00008,H001-D05,H001,4548-4,2026-07-25 06:27:12,2026-07-25 07:44:12,2026-07-25 11:22:12,Routine,172.956,,HH,0,2026-07-25 11:27:12
LAB00162643,,MRN53819435,DR00240,H002-D04,H002,30934-4,2026-08-21 15:53:29,2026-08-21 16:43:29,2026-08-21 19:18:29,Routine,155.689,,L,0,2026-08-21 19:23:29
LAB00162644,,MRN53819435,DR00074,H002-D01,H002,5811-5,2026-08-22 01:53:29,2026-08-22 02:11:29,2026-08-22 04:34:29,Routine,152.075,,N,0,2026-08-22 04:39:29
LAB00162645,,MRN53819435,DR00057,H003-D02,H003,5811-5,2026-08-21 02:53:29,2026-08-21 03:50:29,2026-08-21 04:20:29,Routine,60.93,,N,0,2026-08-21 04:25:29
LAB00162646,,MRN95254498,DR00226,H003-D08,H003,2075-0,2026-08-22 08:45:29,2026-08-22 09:34:29,2026-08-22 14:02:29,Routine,75.094,,L,0,2026-08-22 14:07:29
LAB00162647,,MRN58973527,DR00031,H001-D01,H001,2951-2,2026-08-07 02:47:26,2026-08-07 03:50:26,2026-08-07 05:00:26,STAT,67.652,,H,0,2026-08-07 05:05:26
LAB00162648,,MRN58973527,DR00224,H001-D10,H001,2951-2,2026-08-07 16:47:26,2026-08-07 17:05:26,2026-08-07 18:31:26,Routine,29.912,,N,0,2026-08-07 18:36:26
LAB00162649,,MRN62217888,DR00204,H001-D06,H001,2085-9,2026-07-13 23:21:14,2026-07-14 00:33:14,2026-07-14 04:45:14,STAT,199.085,,HH,0,2026-07-14 04:50:14
LAB00162650,,MRN62217888,DR00162,H003-D03,H003,3016-3,2026-07-13 08:21:14,2026-07-13 08:42:14,2026-07-13 12:11:14,Routine,154.662,,HH,0,2026-07-13 12:16:14
LAB00162651,,MRN35861758,DR00070,H004-D03,H004,718-7,2026-07-23 21:02:23,2026-07-23 21:39:23,2026-07-24 01:00:23,Routine,184.351,,N,0,2026-07-24 01:05:23
LAB00162652,,MRN14342009,DR00124,H002-D06,H002,718-7,2026-08-30 09:56:55,2026-08-30 10:22:55,2026-08-30 14:43:55,STAT,131.567,,HH,0,2026-08-30 14:48:55
LAB00162653,,MRN14342009,DR00190,H002-D01,H002,88888-8,2026-08-31 00:56:55,2026-08-31 02:19:55,2026-08-31 03:49:55,Routine,108.821,,H,0,2026-08-31 03:54:55
LAB00162654,,MRN57801960,DR00231,H002-D10,H002,2075-0,2026-07-08 20:31:18,2026-07-08 20:51:18,2026-07-09 00:46:18,Routine,181.122,,N,0,2026-07-09 00:51:18
LAB00162655,,MRN57801960,DR00142,H002-D09,H002,2075-0,2026-07-09 12:31:18,2026-07-09 13:42:18,2026-07-09 14:31:18,STAT,15.608,,L,0,2026-07-09 14:36:18
LAB00162656,,MRN57801960,DR00239,H002-D07,H002,777-3,2026-07-08 13:31:18,2026-07-08 13:58:18,2026-07-08 17:32:18,Routine,92.753,,N,0,2026-07-08 17:37:18
LAB00162657,,MRN39087766,DR00008,H002-D07,H002,1988-5,2026-07-17 00:57:07,2026-07-17 02:19:07,2026-07-17 02:49:07,Routine,121.699,,N,0,2026-07-17 02:54:07
LAB00162658,,MRN71787266,DR00169,H001-D08,H001,6301-6,2026-08-09 18:01:34,2026-08-09 18:29:34,2026-08-09 20:12:34,Routine,183.071,,HH,0,2026-08-09 20:17:34
LAB00162659,,MRN71787266,DR00013,H003-D04,H003,6690-2,2026-08-09 07:01:34,2026-08-09 07:26:34,2026-08-09 10:18:34,Routine,184.516,,N,0,2026-08-09 10:23:34
LAB00162660,,MRN14192353,DR00082,H003-D01,H003,2951-2,2026-08-28 15:18:48,2026-08-28 16:46:48,2026-08-28 17:28:48,Routine,5.517,,HH,0,2026-08-28 17:33:48
LAB00162661,,MRN54490620,DR00115,H002-D02,H002,630-4,2026-08-14 22:11:34,2026-08-14 22:16:34,2026-08-14 23:00:34,Routine,,,HH,0,2026-08-14 23:05:34
LAB00162662,,MRN54490620,DR00098,H001-D05,H001,718-7,2026-08-14 12:11:34,2026-08-14 12:21:34,2026-08-14 13:16:34,Routine,117.72,,HH,0,2026-08-14 13:21:34
LAB00162663,,MRN75590676,DR00192,H002-D03,H002,2951-2,2026-07-17 07:53:18,2026-07-17 09:04:18,2026-07-17 12:04:18,Routine,56.671,,N,0,2026-07-17 12:09:18
LAB00162664,,MRN51100697,DR00166,H001-D02,H001,5811-5,2026-08-21 01:01:59,2026-08-21 01:54:59,2026-08-21 04:48:59,STAT,195.561,,H,0,2026-08-21 04:53:59
LAB00162665,,MRN69804959,DR00124,H001-D04,H001,2093-3,2026-08-30 09:41:22,2026-08-30 09:47:22,2026-08-30 14:31:22,Routine,182.546,,HH,0,2026-08-30 14:36:22
LAB00162666,,MRN47049313,DR00220,H003-D04,H003,30934-4,2026-08-01 00:44:41,2026-08-01 01:29:41,2026-08-01 02:08:41,Routine,134.928,,H,0,2026-08-01 02:13:41
LAB00162667,,MRN49144949,DR00078,H003-D02,H003,2823-3,2026-07-25 16:14:32,2026-07-25 17:20:32,2026-07-25 20:41:32,Routine,62.21,,H,0,2026-07-25 20:46:32
LAB00162668,,MRN49144949,DR00166,H002-D03,H002,2345-7,2026-07-25 05:14:32,2026-07-25 06:13:32,2026-07-25 06:34:32,Routine,116.066,,HH,0,2026-07-25 06:39:32
LAB00162669,,MRN62214641,DR00218,H001-D06,H001,5811-5,2026-08-25 07:39:54,2026-08-25 09:08:54,2026-08-25 13:59:54,Routine,20.883,,N,0,2026-08-25 14:04:54
LAB00162670,,MRN62214641,DR00170,H003-D03,H003,777-3,2026-08-25 07:39:54,2026-08-25 08:46:54,2026-08-25 10:34:54,Routine,45.974,,H,0,2026-08-25 10:39:54
LAB00162671,,MRN62214641,DR00175,H003-D05,H003,718-7,2026-08-26 17:39:54,2026-08-26 18:43:54,2026-08-26 22:41:54,Routine,48.254,,HH,0,2026-08-26 22:46:54
LAB00162672,,MRN49118013,DR00057,H003-D01,H003,3016-3,2026-08-17 23:17:24,2026-08-18 00:07:24,2026-08-18 02:12:24,Routine,41.524,,HH,0,2026-08-18 02:17:24
LAB00162673,,MRN46961382,DR00200,H001-D06,H001,5811-5,2026-07-10 22:36:36,2026-07-10 23:08:36,2026-07-10 23:51:36,Routine,154.195,,L,0,2026-07-10 23:56:36
LAB00162674,,MRN33589985,DR00223,H004-D03,H004,2160-0,2026-01-31 16:04:07,2026-01-31 16:14:07,2026-01-31 16:40:07,Routine,144.123,,N,0,2026-01-31 16:45:07
LAB00162675,,MRN33589985,DR00030,H003-D05,H003,718-7,2026-01-31 02:04:07,2026-01-31 02:54:07,2026-01-31 05:45:07,Routine,105.839,,H,0,2026-01-31 05:50:07
LAB00162676,,MRN33589985,DR00103,H001-D05,H001,2345-7,2026-01-30 04:04:07,2026-01-30 04:16:07,2026-01-30 07:25:07,Routine,179.666,,L,0,2026-01-30 07:30:07
LAB00162677,,MRN51359890,DR00038,H001-D05,H001,6690-2,2026-07-05 04:17:48,2026-07-05 05:09:48,2026-07-05 08:27:48,Routine,137.816,,N,0,2026-07-05 08:32:48
LAB00162678,,MRN51359890,DR00199,H002-D02,H002,30934-4,2026-07-04 12:17:48,2026-07-04 13:07:48,2026-07-04 13:50:48,Routine,109.642,,HH,0,2026-07-04 13:55:48
LAB00162679,,MRN46065583,DR00173,H001-D04,H001,30934-4,2026-08-23 16:35:37,2026-08-23 17:31:37,2026-08-23 18:55:37,STAT,141.317,,H,0,2026-08-23 19:00:37
LAB00162680,,MRN46065583,DR00122,H003-D02,H003,1742-6,2026-08-22 13:35:37,2026-08-22 14:01:37,2026-08-22 18:55:37,Routine,98.804,,HH,0,2026-08-22 19:00:37
LAB00162681,,MRN85918014,DR00004,H002-D03,H002,1988-5,2026-08-20 03:54:19,2026-08-20 05:06:19,2026-08-20 08:58:19,Routine,185.867,,HH,0,2026-08-20 09:03:19
LAB00162682,,MRN95303423,DR00172,H003-D02,H003,2951-2,2026-07-23 09:56:10,2026-07-23 10:31:10,2026-07-23 14:09:10,STAT,95.237,,N,0,2026-07-23 14:14:10
LAB00162683,,MRN95303423,DR00148,H003-D01,H003,4548-4,2026-07-22 23:56:10,2026-07-23 00:13:10,2026-07-23 01:04:10,STAT,102.873,,HH,0,2026-07-23 01:09:10
LAB00162684,,MRN95303423,DR00076,H002-D08,H002,2160-0,2026-07-22 22:56:10,2026-07-22 23:02:10,2026-07-23 01:35:10,Routine,89.341,,HH,0,2026-07-23 01:40:10
LAB00162685,,MRN72033647,DR00153,H002-D08,H002,4548-4,2026-08-10 22:06:25,2026-08-10 22:54:25,2026-08-11 00:53:25,Routine,183.581,,HH,0,2026-08-11 00:58:25
LAB00162686,,MRN72033647,DR00093,H002-D02,H002,6301-6,2026-08-10 21:06:25,2026-08-10 22:26:25,2026-08-11 02:54:25,Routine,179.151,,N,0,2026-08-11 02:59:25
LAB00162687,,MRN76925112,DR00203,H004-D03,H004,2823-3,2026-08-02 19:03:37,2026-08-02 19:30:37,2026-08-02 22:26:37,Routine,156.377,,N,0,2026-08-02 22:31:37
LAB00162688,,MRN17683505,DR00212,H004-D03,H004,10839-9,2026-08-08 05:50:04,2026-08-08 07:06:04,2026-08-08 10:38:04,Routine,182.473,,H,0,2026-08-08 10:43:04
LAB00162689,,MRN17683505,DR00077,H001-D08,H001,30934-4,2026-08-08 11:50:04,2026-08-08 12:39:04,2026-08-08 17:19:04,Routine,49.556,,L,0,2026-08-08 17:24:04
LAB00162690,,MRN70249276,DR00217,H001-D06,H001,1975-2,2026-07-27 06:13:55,2026-07-27 07:39:55,2026-07-27 12:23:55,Routine,104.757,,N,0,2026-07-27 12:28:55
LAB00162691,,MRN70249276,DR00115,H004-D03,H004,2823-3,2026-07-27 15:13:55,2026-07-27 15:52:55,2026-07-27 17:41:55,Routine,129.942,,HH,0,2026-07-27 17:46:55
LAB00162692,,MRN60938897,DR00129,H003-D04,H003,718-7,2026-07-17 22:14:00,2026-07-17 23:15:00,2026-07-18 04:11:00,Routine,195.539,,H,0,2026-07-18 04:16:00
LAB00162693,,MRN60938897,DR00043,H001-D03,H001,718-7,2026-07-18 14:14:00,2026-07-18 14:37:00,2026-07-18 17:54:00,Routine,28.202,,L,0,2026-07-18 17:59:00
LAB00162694,,MRN60938897,DR00230,H003-D02,H003,LOCAL-777,2026-07-17 14:14:00,2026-07-17 15:32:00,2026-07-17 17:40:00,STAT,96.518,,N,0,2026-07-17 17:45:00
LAB00162695,,MRN33999486,DR00234,H003-D08,H003,1742-6,2026-07-28 06:42:56,2026-07-28 07:15:56,2026-07-28 08:16:56,Routine,167.976,,N,0,2026-07-28 08:21:56
LAB00162696,,MRN38724274,DR00048,H003-D05,H003,10839-9,2026-07-28 20:52:59,2026-07-28 21:34:59,2026-07-29 02:00:59,STAT,107.014,,H,0,2026-07-29 02:05:59
LAB00162697,,MRN38724274,DR00029,H001-D02,H001,2075-0,2026-07-29 05:52:59,2026-07-29 06:53:59,2026-07-29 11:30:59,STAT,29.641,,HH,0,2026-07-29 11:35:59
LAB00162698,,MRN38724274,DR00231,H002-D01,H002,718-7,2026-07-30 11:52:59,2026-07-30 12:24:59,2026-07-30 13:22:59,Routine,198.607,,N,0,2026-07-30 13:27:59
LAB00162699,,MRN47607284,DR00149,H001-D09,H001,4544-3,2026-07-24 04:14:18,2026-07-24 05:40:18,2026-07-24 10:20:18,Routine,59.907,,HH,0,2026-07-24 10:25:18
LAB00162700,,MRN66193670,DR00001,H004-D03,H004,2345-7,2026-08-12 10:51:55,2026-08-12 12:09:55,2026-08-12 16:41:55,STAT,6.673,,H,0,2026-08-12 16:46:55
LAB00162701,,MRN45946807,DR00209,H003-D10,H003,4548-4,2026-08-12 23:48:20,2026-08-13 00:02:20,2026-08-13 01:02:20,STAT,105.92,,HH,0,2026-08-13 01:07:20
LAB00162702,,MRN45946807,DR00088,H003-D07,H003,3094-0,2026-08-12 23:48:20,2026-08-13 00:56:20,2026-08-13 05:45:20,Routine,181.412,,H,0,2026-08-13 05:50:20
LAB00162703,,MRN45946807,DR00100,H003-D05,H003,2160-0,2026-08-13 05:48:20,2026-08-13 06:02:20,2026-08-13 10:07:20,Routine,163.853,,H,0,2026-08-13 10:12:20
LAB00162704,,MRN11483544,DR00218,H003-D04,H003,2085-9,2026-08-14 21:53:03,2026-08-14 23:20:03,2026-08-15 03:02:03,STAT,184.681,,L,0,2026-08-15 03:07:03
LAB00162705,,MRN10019467,DR00040,H001-D05,H001,6301-6,2026-08-17 15:08:03,2026-08-17 15:42:03,2026-08-17 17:23:03,STAT,172.094,,HH,0,2026-08-17 17:28:03
LAB00162706,,MRN48174969,DR00028,H003-D04,H003,600-7,2026-07-11 00:13:53,2026-07-11 00:32:53,2026-07-11 04:39:53,Routine,,,HH,0,2026-07-11 04:44:53
LAB00162707,,MRN49471205,DR00074,H003-D08,H003,99999-9,2026-08-24 20:06:34,2026-08-24 21:19:34,2026-08-25 02:00:34,Routine,19.957,,H,0,2026-08-25 02:05:34
LAB00162708,,MRN49471205,DR00030,H003-D03,H003,5902-2,2026-08-24 13:06:34,2026-08-24 13:28:34,2026-08-24 14:56:34,Routine,99.442,,L,0,2026-08-24 15:01:34
LAB00162709,,MRN97839813,DR00116,H002-D01,H002,600-7,2026-07-13 04:29:43,2026-07-13 04:44:43,2026-07-13 08:28:43,Routine,,,L,0,2026-07-13 08:33:43
LAB00162710,,MRN97839813,DR00042,H003-D05,H003,5811-5,2026-07-11 18:29:43,2026-07-11 19:03:43,2026-07-11 20:55:43,STAT,150.072,,L,0,2026-07-11 21:00:43
LAB00162711,,MRN97839813,DR00167,H002-D08,H002,3094-0,2026-07-12 12:29:43,2026-07-12 13:27:43,2026-07-12 16:32:43,Routine,187.182,,L,0,2026-07-12 16:37:43
LAB00162712,,MRN56553910,DR00150,H001-D09,H001,LOCAL-777,2026-07-31 00:59:01,2026-07-31 01:08:01,2026-07-31 04:37:01,Routine,187.691,,HH,0,2026-07-31 04:42:01
LAB00162713,,MRN56553910,DR00181,H003-D03,H003,5902-2,2026-07-31 11:59:01,2026-07-31 12:14:01,2026-07-31 13:09:01,STAT,137.329,,L,0,2026-07-31 13:14:01
LAB00162714,,MRN89678751,DR00219,H001-D08,H001,2075-0,2026-07-10 22:04:35,2026-07-10 23:07:35,2026-07-11 03:05:35,Routine,27.631,,N,0,2026-07-11 03:10:35
LAB00162715,,MRN89678751,DR00015,H003-D05,H003,4548-4,2026-07-10 21:04:35,2026-07-10 21:38:35,2026-07-10 22:16:35,STAT,95.73,,L,0,2026-07-10 22:21:35
LAB00162716,,MRN89678751,DR00186,H003-D09,H003,LOCAL-777,2026-07-11 15:04:35,2026-07-11 15:13:35,2026-07-11 18:06:35,Routine,142.485,,H,0,2026-07-11 18:11:35
LAB00162717,,MRN57641617,DR00024,H003-D10,H003,30934-4,2026-08-20 09:03:43,2026-08-20 09:54:43,2026-08-20 11:55:43,Routine,85.815,,N,0,2026-08-20 12:00:43
LAB00162718,,MRN76002867,DR00219,H003-D08,H003,88888-8,2026-07-18 13:17:55,2026-07-18 13:25:55,2026-07-18 16:41:55,Routine,6.632,,L,0,2026-07-18 16:46:55
LAB00162719,,MRN76002867,DR00019,H004-D03,H004,600-7,2026-07-18 08:17:55,2026-07-18 09:18:55,2026-07-18 13:19:55,STAT,,,H,0,2026-07-18 13:24:55
LAB00162720,,MRN76002867,DR00225,H001-D07,H001,2951-2,2026-07-17 11:17:55,2026-07-17 11:27:55,2026-07-17 13:53:55,Routine,44.218,,HH,0,2026-07-17 13:58:55
LAB00162721,,MRN13241697,DR00157,H002-D04,H002,4548-4,2026-08-10 10:46:43,2026-08-10 10:53:43,2026-08-10 15:05:43,Routine,106.205,,H,0,2026-08-10 15:10:43
LAB00162722,,MRN13241697,DR00089,H003-D06,H003,777-3,2026-08-11 19:46:43,2026-08-11 20:44:43,2026-08-12 01:04:43,Routine,107.106,,N,0,2026-08-12 01:09:43
LAB00162723,,MRN13241697,DR00198,H002-D06,H002,777-3,2026-08-11 08:46:43,2026-08-11 08:53:43,2026-08-11 11:21:43,Routine,18.375,,N,0,2026-08-11 11:26:43
LAB00162724,,MRN28197393,DR00126,H003-D10,H003,2160-0,2026-08-28 16:29:55,2026-08-28 17:43:55,2026-08-28 18:25:55,Routine,100.023,,HH,0,2026-08-28 18:30:55
LAB00162725,,MRN93665275,DR00180,H001-D05,H001,2160-0,2026-08-10 21:26:21,2026-08-10 22:23:21,2026-08-11 01:27:21,Routine,5.923,,L,0,2026-08-11 01:32:21
LAB00162726,,MRN93665275,DR00146,H003-D06,H003,2951-2,2026-08-10 13:26:21,2026-08-10 14:33:21,2026-08-10 19:01:21,Routine,47.973,,N,0,2026-08-10 19:06:21
LAB00162727,,MRN20428705,DR00037,H003-D01,H003,5902-2,2026-08-16 15:02:33,2026-08-16 15:29:33,2026-08-16 20:10:33,STAT,77.223,,HH,0,2026-08-16 20:15:33
LAB00162728,,MRN88194997,DR00052,H001-D09,H001,2823-3,2026-07-21 04:45:02,2026-07-21 06:04:02,2026-07-21 09:24:02,Routine,158.006,,H,0,2026-07-21 09:29:02
LAB00162729,,MRN88194997,DR00196,H001-D05,H001,2085-9,2026-07-21 18:45:02,2026-07-21 20:02:02,2026-07-22 00:02:02,Routine,66.611,,HH,0,2026-07-22 00:07:02
LAB00162730,,MRN26038892,DR00211,H003-D09,H003,4544-3,2026-07-18 21:56:25,2026-07-18 22:10:25,2026-07-19 01:41:25,STAT,94.07,,N,0,2026-07-19 01:46:25
LAB00162731,,MRN26038892,DR00035,H001-D05,H001,6690-2,2026-07-18 12:56:25,2026-07-18 13:04:25,2026-07-18 14:45:25,Routine,44.028,,N,0,2026-07-18 14:50:25
LAB00162732,,MRN84374857,DR00124,H003-D08,H003,3016-3,2026-08-06 01:05:10,2026-08-06 02:00:10,2026-08-06 05:40:10,Routine,93.719,,N,0,2026-08-06 05:45:10
LAB00162733,,MRN86165974,DR00054,H002-D09,H002,1988-5,2026-08-12 15:00:50,2026-08-12 15:30:50,2026-08-12 16:48:50,Routine,44.763,,L,0,2026-08-12 16:53:50
LAB00162734,,MRN86165974,DR00181,H003-D07,H003,2823-3,2026-08-13 04:00:50,2026-08-13 05:17:50,2026-08-13 07:55:50,Routine,64.686,,HH,0,2026-08-13 08:00:50
LAB00162735,,MRN86165974,DR00031,H002-D06,H002,2085-9,2026-08-12 06:00:50,2026-08-12 06:41:50,2026-08-12 11:23:50,Routine,31.269,,HH,0,2026-08-12 11:28:50
LAB00162736,,MRN83868292,DR00101,H003-D06,H003,1920-8,2026-07-06 23:15:14,2026-07-07 00:21:14,2026-07-07 01:52:14,Routine,176.739,,H,0,2026-07-07 01:57:14
LAB00162737,,MRN64267148,DR00032,H003-D05,H003,3016-3,2026-07-19 03:15:39,2026-07-19 03:44:39,2026-07-19 05:09:39,Routine,40.425,,L,0,2026-07-19 05:14:39
LAB00162738,,MRN64267148,DR00199,H002-D04,H002,2085-9,2026-07-19 02:15:39,2026-07-19 02:23:39,2026-07-19 06:40:39,Routine,14.595,,HH,0,2026-07-19 06:45:39
LAB00162739,,MRN64267148,DR00042,H003-D07,H003,1988-5,2026-07-19 11:15:39,2026-07-19 12:41:39,2026-07-19 13:59:39,Routine,65.055,,L,0,2026-07-19 14:04:39
LAB00162740,,MRN56257933,DR00136,H003-D10,H003,718-7,2026-07-08 06:22:38,2026-07-08 07:20:38,2026-07-08 11:20:38,Routine,82.399,,H,0,2026-07-08 11:25:38
LAB00162741,,MRN56257933,DR00083,H001-D10,H001,2093-3,2026-07-09 13:22:38,2026-07-09 13:44:38,2026-07-09 18:19:38,STAT,49.272,,N,0,2026-07-09 18:24:38
LAB00162742,,MRN56257933,DR00077,H003-D02,H003,630-4,2026-07-09 17:22:38,2026-07-09 17:32:38,2026-07-09 18:10:38,Routine,,,HH,0,2026-07-09 18:15:38
LAB00162743,,MRN26068203,DR00127,H001-D06,H001,718-7,2026-08-10 05:57:25,2026-08-10 06:52:25,2026-08-10 11:25:25,Routine,57.93,,N,0,2026-08-10 11:30:25
LAB00162744,,MRN26068203,DR00031,H002-D10,H002,1975-2,2026-08-10 14:57:25,2026-08-10 15:53:25,2026-08-10 20:21:25,Routine,65.504,,N,0,2026-08-10 20:26:25
LAB00162745,,MRN38057589,DR00133,H001-D08,H001,3016-3,2026-07-12 17:35:03,2026-07-12 18:45:03,2026-07-12 21:51:03,Routine,105.419,,H,0,2026-07-12 21:56:03
LAB00162746,,MRN38057589,DR00209,H002-D09,H002,600-7,2026-07-11 00:35:03,2026-07-11 01:51:03,2026-07-11 04:37:03,STAT,,,H,0,2026-07-11 04:42:03
LAB00162747,,MRN85811700,DR00143,H001-D05,H001,2160-0,2026-07-23 23:45:51,2026-07-24 00:17:51,2026-07-24 04:08:51,Routine,27.617,,N,0,2026-07-24 04:13:51
LAB00162748,,MRN84883606,DR00172,H003-D04,H003,1742-6,2026-08-22 09:02:39,2026-08-22 10:14:39,2026-08-22 10:39:39,Routine,21.064,,H,0,2026-08-22 10:44:39
LAB00162749,,MRN87452233,DR00078,H003-D02,H003,2085-9,2026-08-10 11:48:46,2026-08-10 12:50:46,2026-08-10 13:21:46,Routine,92.941,,H,0,2026-08-10 13:26:46
LAB00162750,,MRN87452233,DR00237,H001-D05,H001,30934-4,2026-08-11 04:48:46,2026-08-11 05:11:46,2026-08-11 06:11:46,Routine,62.605,,L,0,2026-08-11 06:16:46
LAB00162751,,MRN14445264,DR00016,H001-D06,H001,777-3,2026-08-27 04:23:30,2026-08-27 05:26:30,2026-08-27 06:23:30,Routine,40.79,,L,0,2026-08-27 06:28:30
LAB00162752,,MRN84623664,DR00176,H001-D10,H001,1988-5,2026-08-16 15:00:42,2026-08-16 16:16:42,2026-08-16 21:02:42,Routine,89.716,,N,0,2026-08-16 21:07:42
LAB00162753,,MRN91367511,DR00066,H003-D09,H003,30934-4,2026-07-22 03:40:26,2026-07-22 04:28:26,2026-07-22 08:45:26,Routine,108.733,,N,0,2026-07-22 08:50:26
LAB00162754,,MRN15156413,DR00082,H002-D02,H002,10839-9,2026-07-05 08:57:00,2026-07-05 09:33:00,2026-07-05 09:57:00,Routine,106.614,,N,0,2026-07-05 10:02:00
LAB00162755,,MRN15156413,DR00038,H001-D10,H001,3094-0,2026-07-04 23:57:00,2026-07-05 00:42:00,2026-07-05 05:33:00,Routine,84.142,,N,0,2026-07-05 05:38:00
LAB00162756,,MRN84438147,DR00143,H001-D03,H001,5902-2,2026-07-26 08:00:58,2026-07-26 08:33:58,2026-07-26 11:58:58,STAT,53.539,,N,0,2026-07-26 12:03:58
LAB00162757,,MRN33516996,DR00096,H002-D02,H002,5902-2,2026-08-22 00:17:07,2026-08-22 01:35:07,2026-08-22 05:37:07,Routine,98.778,,L,0,2026-08-22 05:42:07
LAB00162758,,MRN33516996,DR00062,H001-D02,H001,1988-5,2026-08-20 17:17:07,2026-08-20 18:44:07,2026-08-20 22:03:07,Routine,195.98,,L,0,2026-08-20 22:08:07
LAB00162759,,MRN33516996,DR00229,H001-D08,H001,30934-4,2026-08-20 20:17:07,2026-08-20 21:08:07,2026-08-21 01:41:07,Routine,15.292,,N,0,2026-08-21 01:46:07
LAB00162760,,MRN35496150,DR00085,H001-D08,H001,5902-2,2026-08-31 18:34:32,2026-08-31 18:39:32,2026-08-31 22:43:32,Routine,173.745,,H,0,2026-08-31 22:48:32
LAB00162761,,MRN78007477,DR00034,H001-D10,H001,2075-0,2026-08-27 10:15:23,2026-08-27 10:27:23,2026-08-27 11:43:23,STAT,166.576,,L,0,2026-08-27 11:48:23
LAB00162762,,MRN78007477,DR00093,H001-D05,H001,4548-4,2026-08-28 07:15:23,2026-08-28 07:28:23,2026-08-28 12:00:23,Routine,46.509,,N,0,2026-08-28 12:05:23
LAB00162763,,MRN78007477,DR00077,H002-D08,H002,4544-3,2026-08-27 16:15:23,2026-08-27 16:44:23,2026-08-27 18:02:23,Routine,10.764,,H,0,2026-08-27 18:07:23
LAB00162764,,MRN22735640,DR00131,H002-D06,H002,2160-0,2026-08-26 22:08:53,2026-08-26 23:06:53,2026-08-27 01:20:53,Routine,158.243,,H,0,2026-08-27 01:25:53
LAB00162765,,MRN22735640,DR00041,H003-D09,H003,630-4,2026-08-26 21:08:53,2026-08-26 22:23:53,2026-08-27 03:01:53,Routine,,,H,0,2026-08-27 03:06:53
LAB00162766,,MRN84652931,DR00239,H002-D09,H002,2345-7,2026-08-03 17:26:21,2026-08-03 18:19:21,2026-08-03 18:53:21,Routine,102.537,,N,0,2026-08-03 18:58:21
LAB00162767,,MRN42239702,DR00236,H003-D07,H003,2093-3,2026-09-01 05:50:31,2026-09-01 06:23:31,2026-09-01 09:53:31,Routine,129.786,,H,0,2026-09-01 09:58:31
LAB00162768,,MRN50096794,DR00201,H003-D09,H003,6690-2,2026-08-12 00:23:32,2026-08-12 00:47:32,2026-08-12 01:30:32,STAT,95.578,,HH,0,2026-08-12 01:35:32
LAB00162769,,MRN50096794,DR00211,H002-D04,H002,6301-6,2026-08-11 17:23:32,2026-08-11 17:36:32,2026-08-11 19:45:32,Routine,194.754,,HH,0,2026-08-11 19:50:32
LAB00162770,,MRN80668341,DR00160,H003-D09,H003,3016-3,2026-08-08 17:08:50,2026-08-08 18:04:50,2026-08-08 21:09:50,Routine,123.065,,HH,0,2026-08-08 21:14:50
LAB00162771,,MRN52822997,DR00170,H002-D07,H002,600-7,2026-07-05 06:29:52,2026-07-05 07:37:52,2026-07-05 11:48:52,Routine,,,L,0,2026-07-05 11:53:52
LAB00162772,,MRN52822997,DR00053,H003-D05,H003,5811-5,2026-07-04 18:29:52,2026-07-04 19:27:52,2026-07-04 23:18:52,Routine,134.533,,L,0,2026-07-04 23:23:52
LAB00162773,,MRN52822997,DR00079,H001-D04,H001,2823-3,2026-07-05 04:29:52,2026-07-05 04:44:52,2026-07-05 07:15:52,Routine,120.541,,H,0,2026-07-05 07:20:52
LAB00162774,,MRN12975463,DR00199,H002-D03,H002,10839-9,2026-08-26 15:07:34,2026-08-26 16:20:34,2026-08-26 19:05:34,STAT,127.302,,N,0,2026-08-26 19:10:34
LAB00162775,,MRN12975463,DR00018,H001-D09,H001,1975-2,2026-08-27 00:07:34,2026-08-27 01:03:34,2026-08-27 04:36:34,Routine,196.02,,L,0,2026-08-27 04:41:34
LAB00162776,,MRN12948944,DR00236,H001-D10,H001,1920-8,2026-07-17 21:55:07,2026-07-17 23:20:07,2026-07-18 02:55:07,STAT,121.754,,L,0,2026-07-18 03:00:07
LAB00162777,,MRN12948944,DR00087,H001-D04,H001,3016-3,2026-07-17 16:55:07,2026-07-17 17:23:07,2026-07-17 18:29:07,Routine,169.411,,N,0,2026-07-17 18:34:07
LAB00162778,,MRN62638543,DR00174,H002-D04,H002,10839-9,2026-07-20 14:39:44,2026-07-20 15:17:44,2026-07-20 16:25:44,Routine,183.351,,HH,0,2026-07-20 16:30:44
LAB00162779,,MRN62638543,DR00238,H002-D09,H002,718-7,2026-07-20 16:39:44,2026-07-20 17:43:44,2026-07-20 18:49:44,Routine,9.743,,H,0,2026-07-20 18:54:44
LAB00162780,,MRN62638543,DR00179,H001-D03,H001,6301-6,2026-07-20 07:39:44,2026-07-20 08:49:44,2026-07-20 10:03:44,Routine,127.924,,HH,0,2026-07-20 10:08:44
LAB00162781,,MRN50102489,DR00210,H001-D05,H001,1975-2,2026-08-03 11:28:38,2026-08-03 12:50:38,2026-08-03 16:35:38,Routine,42.741,,N,0,2026-08-03 16:40:38
LAB00162782,,MRN50102489,DR00107,H002-D06,H002,2345-7,2026-08-03 10:28:38,2026-08-03 11:46:38,2026-08-03 16:00:38,Routine,33.863,,L,0,2026-08-03 16:05:38
LAB00162783,,MRN53107899,DR00206,H002-D02,H002,4544-3,2026-08-17 04:40:19,2026-08-17 05:08:19,2026-08-17 06:06:19,Routine,132.55,,L,0,2026-08-17 06:11:19
LAB00162784,,MRN53107899,DR00174,H001-D02,H001,2823-3,2026-08-16 01:40:19,2026-08-16 03:09:19,2026-08-16 08:07:19,Routine,187.289,,H,0,2026-08-16 08:12:19
LAB00162785,,MRN62722894,DR00056,H003-D02,H003,2160-0,2026-08-09 01:03:32,2026-08-09 02:06:32,2026-08-09 03:41:32,Routine,107.944,,L,0,2026-08-09 03:46:32
LAB00162786,,MRN30361823,DR00018,H003-D01,H003,1975-2,2026-08-02 10:56:37,2026-08-02 11:42:37,2026-08-02 15:41:37,Routine,144.76,,HH,0,2026-08-02 15:46:37
LAB00162787,,MRN30361823,DR00237,H003-D10,H003,5811-5,2026-08-02 13:56:37,2026-08-02 14:38:37,2026-08-02 16:47:37,Routine,40.738,,N,0,2026-08-02 16:52:37
LAB00162788,,MRN65967213,DR00085,H004-D03,H004,10839-9,2026-03-09 06:22:44,2026-03-09 07:04:44,2026-03-09 08:02:44,Routine,49.018,,H,0,2026-03-09 08:07:44
LAB00162789,,MRN31521173,DR00105,H001-D06,H001,2951-2,2026-07-12 23:18:44,2026-07-13 00:15:44,2026-07-13 04:39:44,Routine,12.389,,HH,0,2026-07-13 04:44:44
LAB00162790,,MRN31521173,DR00080,H001-D06,H001,5902-2,2026-07-13 18:18:44,2026-07-13 19:13:44,2026-07-13 21:39:44,Routine,145.122,,HH,0,2026-07-13 21:44:44
LAB00162791,,MRN31521173,DR00006,H001-D08,H001,3094-0,2026-07-13 00:18:44,2026-07-13 00:35:44,2026-07-13 02:00:44,Routine,56.608,,HH,0,2026-07-13 02:05:44
LAB00162792,,MRN27252019,DR00095,H001-D05,H001,777-3,2025-08-21 20:31:59,2025-08-21 20:51:59,2025-08-21 22:18:59,STAT,84.943,,L,0,2025-08-21 22:23:59
LAB00162793,,MRN27252019,DR00028,H002-D09,H002,718-7,2025-08-21 05:31:59,2025-08-21 06:01:59,2025-08-21 09:51:59,Routine,165.372,,HH,0,2025-08-21 09:56:59
LAB00162794,,MRN18652651,DR00143,H002-D07,H002,10839-9,2026-07-17 21:18:27,2026-07-17 21:59:27,2026-07-18 00:14:27,Routine,105.973,,L,0,2026-07-18 00:19:27
LAB00162795,,MRN18652651,DR00067,H003-D03,H003,2075-0,2026-07-17 09:18:27,2026-07-17 09:45:27,2026-07-17 10:40:27,Routine,13.188,,L,0,2026-07-17 10:45:27
LAB00162796,,MRN18652651,DR00229,H001-D01,H001,2160-0,2026-07-17 21:18:27,2026-07-17 22:32:27,2026-07-18 00:50:27,Routine,150.4,,L,0,2026-07-18 00:55:27
LAB00162797,,MRN55737519,DR00174,H004-D10,H004,99999-9,2026-08-05 11:33:44,2026-08-05 11:49:44,2026-08-05 13:25:44,Routine,15.775,,N,0,2026-08-05 13:30:44
LAB00162798,,MRN55737519,DR00079,H003-D09,H003,2075-0,2026-08-04 18:33:44,2026-08-04 19:48:44,2026-08-04 21:29:44,Routine,65.792,,N,0,2026-08-04 21:34:44
LAB00162799,,MRN80128249,DR00063,H003-D04,H003,2951-2,2026-07-13 16:48:29,2026-07-13 18:00:29,2026-07-13 19:01:29,Routine,161.867,,H,0,2026-07-13 19:06:29
LAB00162800,,MRN32755680,DR00066,H003-D09,H003,2093-3,2026-08-29 17:48:33,2026-08-29 18:47:33,2026-08-29 22:17:33,STAT,34.513,,H,0,2026-08-29 22:22:33
LAB00162801,,MRN46449663,DR00184,H001-D09,H001,6690-2,2026-07-28 10:26:13,2026-07-28 11:28:13,2026-07-28 13:09:13,Routine,116.864,,HH,0,2026-07-28 13:14:13
LAB00162802,,MRN46449663,DR00005,H001-D01,H001,5811-5,2026-07-28 03:26:13,2026-07-28 03:53:13,2026-07-28 08:35:13,Routine,146.003,,N,0,2026-07-28 08:40:13
LAB00162803,,MRN46449663,DR00162,H002-D06,H002,1920-8,2026-07-27 03:26:13,2026-07-27 03:46:13,2026-07-27 06:54:13,Routine,6.018,,H,0,2026-07-27 06:59:13
LAB00162804,,MRN53033204,DR00027,H001-D03,H001,10839-9,2026-07-22 03:39:08,2026-07-22 03:51:08,2026-07-22 04:36:08,Routine,51.151,,HH,0,2026-07-22 04:41:08
LAB00162805,,MRN53033204,DR00028,H001-D03,H001,30934-4,2026-07-22 09:39:08,2026-07-22 10:23:08,2026-07-22 10:53:08,Routine,162.379,,N,0,2026-07-22 10:58:08
LAB00162806,,MRN67978374,DR00211,H002-D01,H002,630-4,2026-07-07 07:58:37,2026-07-07 08:56:37,2026-07-07 11:07:37,Routine,,,H,0,2026-07-07 11:12:37
LAB00162807,,MRN67978374,DR00238,H001-D02,H001,2075-0,2026-07-06 18:58:37,2026-07-06 20:01:37,2026-07-06 20:22:37,Routine,74.754,,HH,0,2026-07-06 20:27:37
LAB00162808,,MRN56901558,DR00240,H003-D06,H003,2160-0,2026-08-04 11:22:00,2026-08-04 12:39:00,2026-08-04 15:11:00,Routine,144.352,,HH,0,2026-08-04 15:16:00
LAB00162809,,MRN56901558,DR00187,H002-D05,H002,6301-6,2026-08-04 17:22:00,2026-08-04 17:36:00,2026-08-04 20:47:00,Routine,161.599,,HH,0,2026-08-04 20:52:00
LAB00162810,,MRN53669365,DR00203,H003-D05,H003,5902-2,2026-08-21 21:46:31,2026-08-21 22:50:31,2026-08-22 03:39:31,Routine,101.07,,H,0,2026-08-22 03:44:31
LAB00162811,,MRN53669365,DR00015,H001-D05,H001,1988-5,2026-08-21 14:46:31,2026-08-21 15:23:31,2026-08-21 17:36:31,Routine,108.205,,HH,0,2026-08-21 17:41:31
LAB00162812,,MRN64825172,DR00082,H002-D08,H002,718-7,2026-08-20 09:13:12,2026-08-20 10:23:12,2026-08-20 15:02:12,Routine,30.455,,L,0,2026-08-20 15:07:12
LAB00162813,,MRN64825172,DR00203,H003-D01,H003,600-7,2026-08-20 01:13:12,2026-08-20 02:30:12,2026-08-20 03:45:12,Routine,,,HH,0,2026-08-20 03:50:12
LAB00162814,,MRN64825172,DR00078,H004-D10,H004,1920-8,2026-08-20 13:13:12,2026-08-20 13:19:12,2026-08-20 15:13:12,STAT,43.048,,HH,0,2026-08-20 15:18:12
LAB00162815,,MRN32212038,DR00122,H003-D09,H003,2093-3,2026-07-13 19:03:31,2026-07-13 20:19:31,2026-07-14 00:06:31,STAT,183.047,,L,0,2026-07-14 00:11:31
LAB00162816,,MRN32212038,DR00232,H003-D02,H003,1975-2,2026-07-12 15:03:31,2026-07-12 16:15:31,2026-07-12 17:36:31,Routine,90.52,,HH,0,2026-07-12 17:41:31
LAB00162817,,MRN32212038,DR00230,H002-D05,H002,6301-6,2026-07-12 21:03:31,2026-07-12 21:58:31,2026-07-12 23:24:31,Routine,151.715,,N,0,2026-07-12 23:29:31
LAB00162818,,MRN40404209,DR00101,H003-D02,H003,600-7,2026-07-23 20:49:18,2026-07-23 22:12:18,2026-07-23 23:31:18,Routine,,,N,0,2026-07-23 23:36:18
LAB00162819,,MRN40404209,DR00025,H002-D03,H002,1975-2,2026-07-24 00:49:18,2026-07-24 00:55:18,2026-07-24 01:40:18,Routine,174.669,,H,0,2026-07-24 01:45:18
LAB00162820,,MRN84496744,DR00005,H002-D09,H002,2345-7,2026-07-30 17:03:25,2026-07-30 18:06:25,2026-07-30 20:21:25,Routine,161.507,,N,0,2026-07-30 20:26:25
LAB00162821,,MRN43852057,DR00218,H001-D06,H001,5811-5,2026-07-19 00:14:56,2026-07-19 00:21:56,2026-07-19 03:55:56,Routine,154.907,,HH,0,2026-07-19 04:00:56
LAB00162822,,MRN43852057,DR00030,H002-D05,H002,2160-0,2026-07-18 10:14:56,2026-07-18 11:12:56,2026-07-18 15:39:56,Routine,35.638,,HH,0,2026-07-18 15:44:56
LAB00162823,,MRN43852057,DR00138,H001-D04,H001,1975-2,2026-07-18 03:14:56,2026-07-18 04:06:56,2026-07-18 06:51:56,STAT,68.578,,HH,0,2026-07-18 06:56:56
LAB00162824,,MRN46297095,DR00056,H002-D07,H002,4544-3,2026-07-11 14:19:48,2026-07-11 15:39:48,2026-07-11 16:42:48,Routine,120.536,,N,0,2026-07-11 16:47:48
LAB00162825,,MRN46297095,DR00138,H002-D02,H002,630-4,2026-07-10 07:19:48,2026-07-10 08:31:48,2026-07-10 10:25:48,Routine,,,HH,0,2026-07-10 10:30:48
LAB00162826,,MRN46297095,DR00162,H002-D07,H002,2160-0,2026-07-10 04:19:48,2026-07-10 05:22:48,2026-07-10 08:24:48,Routine,60.003,,HH,0,2026-07-10 08:29:48
LAB00162827,,MRN20565792,DR00091,H001-D03,H001,4544-3,2026-08-08 20:03:05,2026-08-08 21:05:05,2026-08-09 00:08:05,Routine,162.698,,L,0,2026-08-09 00:13:05
LAB00162828,,MRN20565792,DR00033,H001-D06,H001,2951-2,2026-08-07 06:03:05,2026-08-07 07:18:05,2026-08-07 07:48:05,Routine,195.558,,L,0,2026-08-07 07:53:05
LAB00162829,,MRN20565792,DR00141,H003-D05,H003,2345-7,2026-08-08 07:03:05,2026-08-08 08:30:05,2026-08-08 08:54:05,Routine,114.831,,HH,0,2026-08-08 08:59:05
LAB00162830,,MRN34426479,DR00045,H003-D01,H003,3094-0,2026-08-07 03:38:23,2026-08-07 05:00:23,2026-08-07 07:23:23,Routine,109.519,,L,0,2026-08-07 07:28:23
LAB00162831,,MRN98580522,DR00111,H001-D04,H001,4544-3,2026-08-04 15:26:07,2026-08-04 15:50:07,2026-08-04 20:31:07,Routine,69.394,,N,0,2026-08-04 20:36:07
LAB00162832,,MRN98580522,DR00228,H001-D03,H001,3016-3,2026-08-04 04:26:07,2026-08-04 05:12:07,2026-08-04 05:46:07,Routine,69.854,,L,0,2026-08-04 05:51:07
LAB00162833,,MRN98580522,DR00058,H003-D01,H003,2075-0,2026-08-04 02:26:07,2026-08-04 03:00:07,2026-08-04 05:56:07,STAT,40.39,,N,0,2026-08-04 06:01:07
LAB00162834,,MRN14940494,DR00224,H003-D03,H003,3016-3,2026-08-31 12:20:04,2026-08-31 12:45:04,2026-08-31 16:34:04,STAT,105.015,,H,0,2026-08-31 16:39:04
LAB00162835,,MRN14940494,DR00153,H001-D03,H001,6301-6,2026-08-31 07:20:04,2026-08-31 08:39:04,2026-08-31 12:15:04,Routine,106.366,,N,0,2026-08-31 12:20:04
LAB00162836,,MRN14940494,DR00018,H002-D02,H002,10839-9,2026-08-30 06:20:04,2026-08-30 06:59:04,2026-08-30 09:03:04,Routine,0.901,,HH,0,2026-08-30 09:08:04
LAB00162837,,MRN95870656,DR00150,H003-D03,H003,718-7,2026-08-17 13:57:18,2026-08-17 15:22:18,2026-08-17 20:17:18,Routine,67.838,,HH,0,2026-08-17 20:22:18
LAB00162838,,MRN53303828,DR00235,H001-D09,H001,99999-9,2026-08-10 17:48:33,2026-08-10 18:10:33,2026-08-10 19:19:33,STAT,117.736,,HH,0,2026-08-10 19:24:33
LAB00162839,,MRN53303828,DR00093,H001-D04,H001,2160-0,2026-08-09 10:48:33,2026-08-09 11:54:33,2026-08-09 15:37:33,Routine,151.868,,HH,0,2026-08-09 15:42:33
LAB00162840,,MRN42478928,DR00180,H003-D05,H003,4548-4,2026-08-17 00:50:50,2026-08-17 01:12:50,2026-08-17 02:24:50,Routine,187.906,,H,0,2026-08-17 02:29:50
LAB00162841,,MRN42478928,DR00185,H002-D04,H002,1975-2,2026-08-17 16:50:50,2026-08-17 17:50:50,2026-08-17 18:25:50,Routine,68.674,,HH,0,2026-08-17 18:30:50
LAB00162842,,MRN95359918,DR00231,H001-D10,H001,1975-2,2026-08-28 20:16:01,2026-08-28 21:24:01,2026-08-29 00:13:01,Routine,162.406,,H,0,2026-08-29 00:18:01
LAB00162843,,MRN95359918,DR00156,H001-D02,H001,4544-3,2026-08-27 23:16:01,2026-08-28 00:27:01,2026-08-28 05:25:01,Routine,194.699,,HH,0,2026-08-28 05:30:01
LAB00162844,,MRN95359918,DR00121,H001-D08,H001,6301-6,2026-08-29 01:16:01,2026-08-29 01:31:01,2026-08-29 05:41:01,STAT,162.875,,N,0,2026-08-29 05:46:01
LAB00162845,,MRN75991137,DR00189,H003-D06,H003,3016-3,2026-07-14 19:02:40,2026-07-14 19:44:40,2026-07-15 00:20:40,Routine,111.597,,HH,0,2026-07-15 00:25:40
LAB00162846,,MRN96098722,DR00115,H002-D04,H002,2085-9,2026-07-20 15:32:40,2026-07-20 15:55:40,2026-07-20 19:20:40,Routine,14.55,,HH,0,2026-07-20 19:25:40
LAB00162847,,MRN96098722,DR00106,H003-D10,H003,630-4,2026-07-19 12:32:40,2026-07-19 13:58:40,2026-07-19 17:33:40,STAT,,,H,0,2026-07-19 17:38:40
LAB00162848,,MRN14579263,DR00036,H002-D03,H002,2075-0,2026-07-09 07:22:49,2026-07-09 08:49:49,2026-07-09 13:07:49,Routine,82.613,,HH,0,2026-07-09 13:12:49
LAB00162849,,MRN14579263,DR00137,H001-D08,H001,3094-0,2026-07-07 18:22:49,2026-07-07 18:41:49,2026-07-07 22:00:49,Routine,26.47,,HH,0,2026-07-07 22:05:49
LAB00162850,,MRN60113192,DR00093,H002-D02,H002,4548-4,2026-08-23 00:35:19,2026-08-23 01:06:19,2026-08-23 05:58:19,Routine,122.03,,L,0,2026-08-23 06:03:19
LAB00162851,,MRN60113192,DR00123,H001-D05,H001,10839-9,2026-08-24 12:35:19,2026-08-24 12:50:19,2026-08-24 13:37:19,STAT,146.22,,HH,0,2026-08-24 13:42:19
LAB00162852,,MRN60113192,DR00078,H001-D09,H001,1988-5,2026-08-23 01:35:19,2026-08-23 02:38:19,2026-08-23 05:31:19,Routine,52.538,,L,0,2026-08-23 05:36:19
LAB00162853,,MRN58258175,DR00056,H003-D02,H003,4548-4,2026-07-14 01:27:27,2026-07-14 01:57:27,2026-07-14 04:53:27,Routine,67.407,,HH,0,2026-07-14 04:58:27
LAB00162854,,MRN88642745,DR00237,H002-D09,H002,5811-5,2026-08-22 06:20:10,2026-08-22 07:14:10,2026-08-22 07:36:10,Routine,33.293,,HH,0,2026-08-22 07:41:10
LAB00162855,,MRN88642745,DR00148,H002-D10,H002,5902-2,2026-08-22 14:20:10,2026-08-22 15:16:10,2026-08-22 18:03:10,Routine,182.943,,N,0,2026-08-22 18:08:10
LAB00162856,,MRN56635932,DR00132,H003-D05,H003,1920-8,2026-07-11 16:46:43,2026-07-11 17:25:43,2026-07-11 19:26:43,Routine,18.942,,N,0,2026-07-11 19:31:43
LAB00162857,,MRN56635932,DR00052,H003-D06,H003,1920-8,2026-07-11 12:46:43,2026-07-11 14:12:43,2026-07-11 14:49:43,Routine,192.636,,N,0,2026-07-11 14:54:43
LAB00162858,,MRN56635932,DR00217,H003-D07,H003,1742-6,2026-07-10 02:46:43,2026-07-10 03:33:43,2026-07-10 08:08:43,Routine,176.425,,N,0,2026-07-10 08:13:43
LAB00162859,,MRN15740376,DR00173,H001-D05,H001,10839-9,2026-07-14 11:17:54,2026-07-14 11:53:54,2026-07-14 12:53:54,Routine,70.028,,H,0,2026-07-14 12:58:54
LAB00162860,,MRN15740376,DR00027,H002-D02,H002,1975-2,2026-07-13 20:17:54,2026-07-13 21:25:54,2026-07-13 23:53:54,Routine,6.134,,HH,0,2026-07-13 23:58:54
LAB00162861,,MRN47448604,DR00040,H001-D04,H001,6690-2,2026-08-17 04:59:41,2026-08-17 05:45:41,2026-08-17 06:22:41,Routine,125.514,,L,0,2026-08-17 06:27:41
LAB00162862,,MRN21364734,DR00119,H003-D07,H003,4544-3,2026-08-26 23:47:59,2026-08-27 00:02:59,2026-08-27 04:31:59,Routine,179.797,,HH,0,2026-08-27 04:36:59
LAB00162863,,MRN21364734,DR00015,H004-D10,H004,718-7,2026-08-27 05:47:59,2026-08-27 06:33:59,2026-08-27 07:02:59,STAT,58.163,,H,0,2026-08-27 07:07:59
LAB00162864,,MRN94058499,DR00020,H003-D08,H003,2075-0,2026-08-04 23:19:19,2026-08-05 00:04:19,2026-08-05 03:05:19,Routine,114.489,,N,0,2026-08-05 03:10:19
LAB00162865,,MRN94058499,DR00118,H003-D02,H003,6301-6,2026-08-03 03:19:19,2026-08-03 04:18:19,2026-08-03 07:14:19,Routine,152.183,,N,0,2026-08-03 07:19:19
LAB00162866,,MRN94058499,DR00184,H001-D03,H001,2951-2,2026-08-03 21:19:19,2026-08-03 22:30:19,2026-08-04 02:30:19,Routine,93.209,,H,0,2026-08-04 02:35:19
LAB00162867,,MRN98776870,DR00203,H003-D06,H003,88888-8,2026-07-25 15:58:33,2026-07-25 17:16:33,2026-07-25 20:37:33,Routine,99.719,,L,0,2026-07-25 20:42:33
LAB00162868,,MRN98776870,DR00004,H003-D08,H003,6690-2,2026-07-24 23:58:33,2026-07-25 00:12:33,2026-07-25 02:02:33,Routine,40.334,,H,0,2026-07-25 02:07:33
LAB00162869,,MRN29642061,DR00104,H003-D08,H003,2075-0,2026-07-05 21:17:48,2026-07-05 21:58:48,2026-07-06 01:45:48,STAT,56.505,,HH,0,2026-07-06 01:50:48
LAB00162870,,MRN29642061,DR00049,H003-D05,H003,4544-3,2026-07-06 18:17:48,2026-07-06 19:28:48,2026-07-06 20:13:48,Routine,135.373,,H,0,2026-07-06 20:18:48
LAB00162871,,MRN83985634,DR00170,H001-D01,H001,3016-3,2026-08-10 06:30:28,2026-08-10 07:04:28,2026-08-10 10:58:28,Routine,180.447,,N,0,2026-08-10 11:03:28
LAB00162872,,MRN83985634,DR00226,H004-D03,H004,2823-3,2026-08-10 22:30:28,2026-08-10 23:40:28,2026-08-11 02:11:28,Routine,30.23,,H,0,2026-08-11 02:16:28
LAB00162873,,MRN11918454,DR00155,H003-D01,H003,4548-4,2026-08-03 14:54:25,2026-08-03 15:00:25,2026-08-03 17:03:25,Routine,144.211,,N,0,2026-08-03 17:08:25
LAB00162874,,MRN11918454,DR00107,H003-D03,H003,2085-9,2026-08-03 22:54:25,2026-08-03 23:07:25,2026-08-03 23:57:25,Routine,98.637,,N,0,2026-08-04 00:02:25
LAB00162875,,MRN82451472,DR00070,H001-D06,H001,1742-6,2026-08-11 07:32:41,2026-08-11 08:47:41,2026-08-11 10:22:41,STAT,21.891,,H,0,2026-08-11 10:27:41
LAB00162876,,MRN82451472,DR00236,H002-D09,H002,1920-8,2026-08-11 10:32:41,2026-08-11 11:13:41,2026-08-11 14:02:41,Routine,72.577,,HH,0,2026-08-11 14:07:41
LAB00162877,,MRN73773912,DR00068,H001-D05,H001,3016-3,2026-08-18 07:49:17,2026-08-18 08:16:17,2026-08-18 08:47:17,STAT,161.372,,H,0,2026-08-18 08:52:17
LAB00162878,,MRN73773912,DR00018,H004-D10,H004,30934-4,2026-08-18 02:49:17,2026-08-18 03:13:17,2026-08-18 05:32:17,Routine,63.195,,HH,0,2026-08-18 05:37:17
LAB00162879,,MRN73773912,DR00128,H003-D09,H003,600-7,2026-08-19 02:49:17,2026-08-19 03:37:17,2026-08-19 07:57:17,Routine,,,H,0,2026-08-19 08:02:17
LAB00162880,,MRN97216731,DR00083,H001-D07,H001,2093-3,2026-08-10 00:04:21,2026-08-10 00:20:21,2026-08-10 02:28:21,Routine,111.94,,HH,0,2026-08-10 02:33:21
LAB00162881,,MRN97216731,DR00033,H001-D01,H001,600-7,2026-08-08 17:04:21,2026-08-08 18:25:21,2026-08-08 19:48:21,Routine,,,H,0,2026-08-08 19:53:21
LAB00162882,,MRN70871231,DR00006,H002-D05,H002,1975-2,2026-08-26 21:43:22,2026-08-26 22:49:22,2026-08-26 23:32:22,STAT,172.528,,L,0,2026-08-26 23:37:22
LAB00162883,,MRN70871231,DR00198,H004-D03,H004,6690-2,2026-08-26 20:43:22,2026-08-26 21:20:22,2026-08-26 22:33:22,Routine,178.8,,HH,0,2026-08-26 22:38:22
LAB00162884,,MRN41848770,DR00082,H001-D02,H001,4548-4,2026-08-17 20:33:35,2026-08-17 21:16:35,2026-08-18 01:41:35,Routine,155.341,,H,0,2026-08-18 01:46:35
LAB00162885,,MRN41848770,DR00082,H001-D04,H001,2823-3,2026-08-16 02:33:35,2026-08-16 02:55:35,2026-08-16 03:31:35,Routine,91.473,,H,0,2026-08-16 03:36:35
LAB00162886,,MRN41848770,DR00179,H004-D03,H004,2075-0,2026-08-16 23:33:35,2026-08-17 00:27:35,2026-08-17 04:57:35,Routine,197.084,,L,0,2026-08-17 05:02:35
LAB00162887,,MRN77431682,DR00132,H004-D03,H004,1988-5,2026-08-14 21:22:14,2026-08-14 22:28:14,2026-08-15 00:38:14,Routine,25.572,,N,0,2026-08-15 00:43:14
LAB00162888,,MRN66735512,DR00185,H001-D05,H001,718-7,2026-08-26 09:44:36,2026-08-26 10:26:36,2026-08-26 12:33:36,STAT,67.925,,N,0,2026-08-26 12:38:36
LAB00162889,,MRN66735512,DR00001,H003-D07,H003,1742-6,2026-08-25 14:44:36,2026-08-25 15:41:36,2026-08-25 17:47:36,Routine,104.841,,L,0,2026-08-25 17:52:36
LAB00162890,,MRN35664366,DR00059,H003-D01,H003,2093-3,2026-08-23 15:58:01,2026-08-23 16:57:01,2026-08-23 17:38:01,STAT,71.692,,H,0,2026-08-23 17:43:01
LAB00162891,,MRN35664366,DR00162,H002-D03,H002,2345-7,2026-08-23 10:58:01,2026-08-23 12:27:01,2026-08-23 16:54:01,Routine,32.642,,H,0,2026-08-23 16:59:01
LAB00162892,,MRN92117207,DR00111,H002-D06,H002,718-7,2026-08-24 06:42:57,2026-08-24 07:40:57,2026-08-24 10:20:57,STAT,104.675,,N,0,2026-08-24 10:25:57
LAB00162893,,MRN92117207,DR00190,H001-D05,H001,2951-2,2026-08-24 03:42:57,2026-08-24 04:17:57,2026-08-24 07:32:57,STAT,149.778,,H,0,2026-08-24 07:37:57
LAB00162894,,MRN92117207,DR00085,H002-D07,H002,2951-2,2026-08-24 03:42:57,2026-08-24 04:17:57,2026-08-24 04:44:57,Routine,31.156,,L,0,2026-08-24 04:49:57
LAB00162895,,MRN34443424,DR00080,H003-D02,H003,1975-2,2026-07-15 01:31:02,2026-07-15 02:48:02,2026-07-15 07:23:02,Routine,27.109,,L,0,2026-07-15 07:28:02
LAB00162896,,MRN34443424,DR00065,H003-D01,H003,1975-2,2026-07-14 22:31:02,2026-07-14 23:55:02,2026-07-15 02:03:02,Routine,70.322,,HH,0,2026-07-15 02:08:02
LAB00162897,,MRN34443424,DR00017,H003-D04,H003,718-7,2026-07-15 04:31:02,2026-07-15 04:54:02,2026-07-15 07:39:02,STAT,163.068,,L,0,2026-07-15 07:44:02
LAB00162898,,MRN69148441,DR00092,H003-D06,H003,2823-3,2026-07-30 23:58:19,2026-07-31 00:46:19,2026-07-31 03:06:19,STAT,167.775,,H,0,2026-07-31 03:11:19
LAB00162899,,MRN69148441,DR00067,H001-D09,H001,88888-8,2026-07-30 02:58:19,2026-07-30 03:56:19,2026-07-30 05:32:19,Routine,30.587,,L,0,2026-07-30 05:37:19
LAB00162900,,MRN53749576,DR00188,H001-D10,H001,3094-0,2026-07-10 17:58:16,2026-07-10 18:35:16,2026-07-10 22:45:16,Routine,133.051,,HH,0,2026-07-10 22:50:16
LAB00162901,,MRN53749576,DR00023,H001-D04,H001,2093-3,2026-07-12 03:58:16,2026-07-12 04:07:16,2026-07-12 07:28:16,STAT,132.748,,H,0,2026-07-12 07:33:16
LAB00162902,,MRN53749576,DR00173,H002-D05,H002,630-4,2026-07-10 18:58:16,2026-07-10 19:52:16,2026-07-10 23:08:16,Routine,,,L,0,2026-07-10 23:13:16
LAB00162903,,MRN16452439,DR00061,H003-D01,H003,5811-5,2026-08-01 12:28:02,2026-08-01 13:42:02,2026-08-01 16:44:02,STAT,65.69,,L,0,2026-08-01 16:49:02
LAB00162904,,MRN35877544,DR00157,H002-D02,H002,2093-3,2026-07-14 23:35:43,2026-07-14 23:52:43,2026-07-15 00:25:43,Routine,161.197,,L,0,2026-07-15 00:30:43
LAB00162905,,MRN35877544,DR00152,H003-D06,H003,777-3,2026-07-15 01:35:43,2026-07-15 02:35:43,2026-07-15 04:55:43,Routine,11.638,,L,0,2026-07-15 05:00:43
LAB00162906,,MRN74880506,DR00051,H003-D10,H003,1988-5,2026-08-20 06:17:57,2026-08-20 07:21:57,2026-08-20 08:59:57,Routine,139.527,,N,0,2026-08-20 09:04:57
LAB00162907,,MRN74880506,DR00240,H002-D01,H002,88888-8,2026-08-19 10:17:57,2026-08-19 11:37:57,2026-08-19 12:26:57,Routine,63.243,,L,0,2026-08-19 12:31:57
LAB00162908,,MRN74880506,DR00065,H002-D05,H002,718-7,2026-08-19 13:17:57,2026-08-19 14:04:57,2026-08-19 15:32:57,Routine,147.572,,L,0,2026-08-19 15:37:57
LAB00162909,,MRN67465332,DR00076,H002-D08,H002,88888-8,2026-07-22 23:53:45,2026-07-23 00:08:45,2026-07-23 04:37:45,Routine,92.551,,HH,0,2026-07-23 04:42:45
LAB00162910,,MRN67465332,DR00146,H004-D03,H004,1988-5,2026-07-22 15:53:45,2026-07-22 16:29:45,2026-07-22 17:57:45,Routine,74.113,,H,0,2026-07-22 18:02:45
LAB00162911,,MRN67465332,DR00099,H003-D01,H003,2823-3,2026-07-22 18:53:45,2026-07-22 19:19:45,2026-07-22 22:39:45,Routine,190.262,,L,0,2026-07-22 22:44:45
LAB00162912,,MRN35874233,DR00209,H002-D09,H002,2951-2,2026-07-25 21:20:28,2026-07-25 22:05:28,2026-07-25 22:50:28,Routine,56.999,,H,0,2026-07-25 22:55:28
LAB00162913,,MRN57495245,DR00058,H002-D06,H002,6690-2,2026-08-23 19:39:19,2026-08-23 20:13:19,2026-08-23 22:16:19,Routine,34.762,,L,0,2026-08-23 22:21:19
LAB00162914,,MRN35701133,DR00230,H002-D10,H002,2085-9,2026-08-28 22:20:58,2026-08-28 23:20:58,2026-08-29 01:50:58,Routine,144.361,,N,0,2026-08-29 01:55:58
LAB00162915,,MRN35701133,DR00165,H001-D10,H001,2160-0,2026-08-27 21:20:58,2026-08-27 22:06:58,2026-08-28 01:59:58,Routine,24.116,,N,0,2026-08-28 02:04:58
LAB00162916,,MRN35701133,DR00208,H002-D01,H002,630-4,2026-08-28 05:20:58,2026-08-28 06:09:58,2026-08-28 10:26:58,Routine,,,HH,0,2026-08-28 10:31:58
LAB00162917,,MRN90001739,DR00137,H003-D10,H003,1742-6,2026-07-29 17:27:21,2026-07-29 18:34:21,2026-07-29 20:15:21,Routine,124.831,,HH,0,2026-07-29 20:20:21
LAB00162918,,MRN13451528,DR00039,H002-D08,H002,718-7,2026-07-05 12:34:16,2026-07-05 14:01:16,2026-07-05 15:42:16,Routine,24.176,,HH,0,2026-07-05 15:47:16
LAB00162919,,MRN13451528,DR00032,H002-D07,H002,5811-5,2026-07-04 10:34:16,2026-07-04 11:20:16,2026-07-04 14:55:16,Routine,155.862,,HH,0,2026-07-04 15:00:16
LAB00162920,,MRN19416373,DR00036,H003-D08,H003,630-4,2026-08-31 19:49:33,2026-08-31 20:52:33,2026-09-01 01:03:33,Routine,,,L,0,2026-09-01 01:08:33
LAB00162921,,MRN52006271,DR00183,H001-D05,H001,1975-2,2026-07-07 17:06:36,2026-07-07 18:29:36,2026-07-07 19:35:36,STAT,71.701,,H,0,2026-07-07 19:40:36
LAB00162922,,MRN52006271,DR00223,H001-D09,H001,2823-3,2026-07-06 16:06:36,2026-07-06 16:36:36,2026-07-06 21:17:36,Routine,192.939,,H,0,2026-07-06 21:22:36
LAB00162923,,MRN52006271,DR00011,H003-D01,H003,718-7,2026-07-06 19:06:36,2026-07-06 20:21:36,2026-07-07 00:45:36,Routine,14.022,,N,0,2026-07-07 00:50:36
LAB00162924,,MRN14701918,DR00226,H003-D10,H003,5811-5,2026-08-25 20:29:59,2026-08-25 21:06:59,2026-08-26 00:53:59,Routine,105.968,,L,0,2026-08-26 00:58:59
LAB00162925,,MRN14701918,DR00023,H002-D07,H002,3094-0,2026-08-25 04:29:59,2026-08-25 04:40:59,2026-08-25 08:08:59,Routine,173.498,,HH,0,2026-08-25 08:13:59
LAB00162926,,MRN14701918,DR00209,H003-D01,H003,2075-0,2026-08-25 09:29:59,2026-08-25 10:11:59,2026-08-25 14:35:59,Routine,13.865,,N,0,2026-08-25 14:40:59
LAB00162927,,MRN57619368,DR00189,H003-D05,H003,5902-2,2026-08-09 06:48:23,2026-08-09 08:05:23,2026-08-09 12:15:23,Routine,94.983,,HH,0,2026-08-09 12:20:23
LAB00162928,,MRN76447568,DR00065,H004-D03,H004,2075-0,2026-08-22 00:05:49,2026-08-22 00:49:49,2026-08-22 01:37:49,STAT,17.587,,H,0,2026-08-22 01:42:49
LAB00162929,,MRN82853458,DR00087,H003-D09,H003,3016-3,2026-08-27 14:20:34,2026-08-27 15:46:34,2026-08-27 17:10:34,Routine,39.128,,N,0,2026-08-27 17:15:34
LAB00162930,,MRN82853458,DR00201,H003-D06,H003,2951-2,2026-08-27 11:20:34,2026-08-27 11:43:34,2026-08-27 12:39:34,Routine,193.346,,H,0,2026-08-27 12:44:34
LAB00162931,,MRN82853458,DR00006,H004-D03,H004,630-4,2026-08-28 19:20:34,2026-08-28 19:29:34,2026-08-28 20:29:34,Routine,,,N,0,2026-08-28 20:34:34
LAB00162932,,MRN51922523,DR00094,H001-D04,H001,5902-2,2026-07-21 02:58:16,2026-07-21 03:49:16,2026-07-21 04:25:16,Routine,155.856,,L,0,2026-07-21 04:30:16
LAB00162933,,MRN17865811,DR00173,H001-D03,H001,3016-3,2026-08-04 11:22:18,2026-08-04 12:37:18,2026-08-04 17:19:18,Routine,47.303,,H,0,2026-08-04 17:24:18
LAB00162934,,MRN17865811,DR00239,H002-D07,H002,3094-0,2026-08-04 09:22:18,2026-08-04 10:41:18,2026-08-04 11:40:18,STAT,11.063,,H,0,2026-08-04 11:45:18
LAB00162935,,MRN17865811,DR00165,H001-D08,H001,2093-3,2026-08-04 06:22:18,2026-08-04 06:51:18,2026-08-04 07:40:18,Routine,32.971,,H,0,2026-08-04 07:45:18
LAB00162936,,MRN15158397,DR00008,H003-D10,H003,630-4,2026-08-09 07:37:29,2026-08-09 07:47:29,2026-08-09 08:11:29,Routine,,,H,0,2026-08-09 08:16:29
LAB00162937,,MRN15158397,DR00026,H001-D10,H001,777-3,2026-08-09 13:37:29,2026-08-09 14:41:29,2026-08-09 15:31:29,Routine,137.941,,L,0,2026-08-09 15:36:29
LAB00162938,,MRN76590609,DR00210,H002-D02,H002,4548-4,2026-07-23 18:44:25,2026-07-23 20:04:25,2026-07-23 21:18:25,Routine,88.565,,N,0,2026-07-23 21:23:25
LAB00162939,,MRN53106951,DR00040,H002-D06,H002,3094-0,2026-07-25 13:24:04,2026-07-25 13:29:04,2026-07-25 14:38:04,Routine,105.817,,HH,0,2026-07-25 14:43:04
LAB00162940,,MRN44142282,DR00039,H002-D07,H002,630-4,2026-08-15 23:19:56,2026-08-16 00:28:56,2026-08-16 03:14:56,Routine,,,HH,0,2026-08-16 03:19:56
LAB00162941,,MRN65748147,DR00210,H002-D08,H002,6690-2,2026-08-15 04:04:48,2026-08-15 04:13:48,2026-08-15 07:43:48,Routine,70.448,,H,0,2026-08-15 07:48:48
LAB00162942,,MRN14635747,DR00016,H003-D01,H003,2075-0,2026-08-01 16:21:07,2026-08-01 16:26:07,2026-08-01 19:20:07,Routine,52.67,,HH,0,2026-08-01 19:25:07
LAB00162943,,MRN95494404,DR00068,H002-D08,H002,5902-2,2026-08-05 06:28:21,2026-08-05 07:12:21,2026-08-05 08:34:21,Routine,81.734,,H,0,2026-08-05 08:39:21
LAB00162944,,MRN95494404,DR00229,H002-D05,H002,30934-4,2026-08-05 11:28:21,2026-08-05 11:36:21,2026-08-05 13:46:21,Routine,63.067,,H,0,2026-08-05 13:51:21
LAB00162945,,MRN95494404,DR00085,H003-D07,H003,1742-6,2026-08-06 05:28:21,2026-08-06 05:41:21,2026-08-06 06:59:21,Routine,189.172,,H,0,2026-08-06 07:04:21
LAB00162946,,MRN71812236,DR00145,H001-D08,H001,2345-7,2026-07-23 01:31:59,2026-07-23 02:45:59,2026-07-23 04:32:59,Routine,140.668,,N,0,2026-07-23 04:37:59
LAB00162947,,MRN31177214,DR00074,H001-D07,H001,99999-9,2026-07-16 22:52:59,2026-07-16 23:59:59,2026-07-17 00:58:59,Routine,147.634,,N,0,2026-07-17 01:03:59
LAB00162948,,MRN31177214,DR00073,H003-D09,H003,88888-8,2026-07-17 15:52:59,2026-07-17 15:58:59,2026-07-17 19:40:59,Routine,188.579,,N,0,2026-07-17 19:45:59
LAB00162949,,MRN31177214,DR00168,H001-D08,H001,1742-6,2026-07-17 10:52:59,2026-07-17 12:08:59,2026-07-17 14:53:59,STAT,53.699,,H,0,2026-07-17 14:58:59
LAB00162950,,MRN46303794,DR00144,H001-D04,H001,3094-0,2026-07-07 15:27:41,2026-07-07 16:32:41,2026-07-07 18:58:41,Routine,47.079,,L,0,2026-07-07 19:03:41
LAB00162951,,MRN77202705,DR00068,H003-D08,H003,2823-3,2026-08-17 20:09:07,2026-08-17 20:24:07,2026-08-17 21:16:07,Routine,156.79,,H,0,2026-08-17 21:21:07
LAB00162952,,MRN77202705,DR00234,H002-D03,H002,1975-2,2026-08-17 14:09:07,2026-08-17 15:17:07,2026-08-17 17:37:07,STAT,14.385,,L,0,2026-08-17 17:42:07
LAB00162953,,MRN77202705,DR00111,H001-D06,H001,3016-3,2026-08-16 20:09:07,2026-08-16 21:34:07,2026-08-17 02:28:07,Routine,101.107,,HH,0,2026-08-17 02:33:07
LAB00162954,,MRN17124839,DR00184,H002-D10,H002,10839-9,2026-08-04 01:31:53,2026-08-04 02:34:53,2026-08-04 03:46:53,Routine,30.965,,H,0,2026-08-04 03:51:53
LAB00162955,,MRN17124839,DR00237,H002-D02,H002,2160-0,2026-08-03 23:31:53,2026-08-03 23:58:53,2026-08-04 02:03:53,Routine,92.659,,N,0,2026-08-04 02:08:53
LAB00162956,,MRN17124839,DR00052,H003-D01,H003,630-4,2026-08-04 08:31:53,2026-08-04 08:43:53,2026-08-04 11:23:53,Routine,,,L,0,2026-08-04 11:28:53
LAB00162957,,MRN25285973,DR00041,H002-D10,H002,2085-9,2026-07-26 18:23:04,2026-07-26 18:49:04,2026-07-26 22:17:04,Routine,32.347,,H,0,2026-07-26 22:22:04
LAB00162958,,MRN25285973,DR00156,H001-D02,H001,10839-9,2026-07-27 16:23:04,2026-07-27 17:46:04,2026-07-27 20:15:04,Routine,147.698,,L,0,2026-07-27 20:20:04
LAB00162959,,MRN25285973,DR00152,H002-D06,H002,10839-9,2026-07-27 10:23:04,2026-07-27 10:55:04,2026-07-27 11:38:04,Routine,7.213,,N,0,2026-07-27 11:43:04
LAB00162960,,MRN25086658,DR00024,H002-D04,H002,4544-3,2026-07-31 00:26:25,2026-07-31 01:30:25,2026-07-31 04:25:25,Routine,80.568,,L,0,2026-07-31 04:30:25
LAB00162961,,MRN25086658,DR00007,H002-D01,H002,3016-3,2026-07-31 04:26:25,2026-07-31 05:09:25,2026-07-31 06:24:25,STAT,143.998,,N,0,2026-07-31 06:29:25
LAB00162962,,MRN25086658,DR00145,H001-D06,H001,630-4,2026-07-30 14:26:25,2026-07-30 15:27:25,2026-07-30 15:54:25,Routine,,,HH,0,2026-07-30 15:59:25
LAB00162963,,MRN60232475,DR00120,H002-D04,H002,2345-7,2026-08-24 18:34:11,2026-08-24 19:20:11,2026-08-24 21:33:11,Routine,82.4,,N,0,2026-08-24 21:38:11
LAB00162964,,MRN60232475,DR00057,H003-D02,H003,1920-8,2026-08-24 02:34:11,2026-08-24 03:56:11,2026-08-24 08:14:11,Routine,63.67,,L,0,2026-08-24 08:19:11
LAB00162965,,MRN65344689,DR00141,H002-D04,H002,3094-0,2026-08-23 10:51:34,2026-08-23 11:18:34,2026-08-23 12:30:34,Routine,91.611,,HH,0,2026-08-23 12:35:34
LAB00162966,,MRN65344689,DR00205,H002-D05,H002,2951-2,2026-08-22 14:51:34,2026-08-22 15:27:34,2026-08-22 17:25:34,Routine,34.987,,N,0,2026-08-22 17:30:34
LAB00162967,,MRN51453992,DR00064,H003-D02,H003,30934-4,2026-08-14 00:53:53,2026-08-14 01:40:53,2026-08-14 03:32:53,STAT,100.565,,L,0,2026-08-14 03:37:53
LAB00162968,,MRN42730113,DR00072,H001-D02,H001,1920-8,2026-07-11 22:19:42,2026-07-11 22:43:42,2026-07-11 23:57:42,STAT,57.053,,HH,0,2026-07-12 00:02:42
LAB00162969,,MRN42730113,DR00230,H002-D05,H002,6690-2,2026-07-11 15:19:42,2026-07-11 16:18:42,2026-07-11 20:23:42,Routine,105.574,,L,0,2026-07-11 20:28:42
LAB00162970,,MRN56924329,DR00036,H001-D02,H001,1975-2,2026-08-09 01:53:13,2026-08-09 03:12:13,2026-08-09 07:41:13,STAT,136.652,,H,0,2026-08-09 07:46:13
LAB00162971,,MRN56924329,DR00189,H004-D03,H004,4548-4,2026-08-09 00:53:13,2026-08-09 01:03:13,2026-08-09 02:37:13,Routine,4.129,,L,0,2026-08-09 02:42:13
LAB00162972,,MRN68130819,DR00031,H003-D08,H003,777-3,2026-08-17 05:40:22,2026-08-17 06:41:22,2026-08-17 07:12:22,Routine,110.055,,L,0,2026-08-17 07:17:22
LAB00162973,,MRN15023787,DR00044,H002-D06,H002,5811-5,2026-08-31 22:04:21,2026-08-31 22:45:21,2026-09-01 00:17:21,Routine,66.447,,H,0,2026-09-01 00:22:21
LAB00162974,,MRN82787805,DR00007,H002-D01,H002,600-7,2026-08-04 09:26:37,2026-08-04 10:12:37,2026-08-04 12:38:37,Routine,,,H,0,2026-08-04 12:43:37
LAB00162975,,MRN82787805,DR00234,H002-D10,H002,2093-3,2026-08-03 23:26:37,2026-08-04 00:15:37,2026-08-04 04:27:37,Routine,119.248,,HH,0,2026-08-04 04:32:37
LAB00162976,,MRN40239992,DR00192,H003-D03,H003,6690-2,2026-07-08 13:23:05,2026-07-08 14:27:05,2026-07-08 18:34:05,STAT,128.74,,H,0,2026-07-08 18:39:05
LAB00162977,,MRN40239992,DR00106,H002-D04,H002,2823-3,2026-07-08 21:23:05,2026-07-08 21:38:05,2026-07-08 23:03:05,Routine,162.001,,L,0,2026-07-08 23:08:05
LAB00162978,,MRN40239992,DR00169,H001-D07,H001,1742-6,2026-07-09 13:23:05,2026-07-09 14:19:05,2026-07-09 19:17:05,STAT,46.688,,H,0,2026-07-09 19:22:05
LAB00162979,,MRN13287267,DR00016,H001-D01,H001,777-3,2026-08-26 19:44:24,2026-08-26 21:12:24,2026-08-26 23:30:24,STAT,81.437,,HH,0,2026-08-26 23:35:24
LAB00162980,,MRN86103816,DR00092,H002-D10,H002,1920-8,2026-07-20 13:18:35,2026-07-20 14:20:35,2026-07-20 15:15:35,STAT,6.499,,L,0,2026-07-20 15:20:35
LAB00162981,,MRN86103816,DR00147,H002-D07,H002,4548-4,2026-07-20 03:18:35,2026-07-20 03:54:35,2026-07-20 06:36:35,STAT,49.848,,L,0,2026-07-20 06:41:35
LAB00162982,,MRN86103816,DR00061,H003-D10,H003,3094-0,2026-07-20 11:18:35,2026-07-20 12:39:35,2026-07-20 14:55:35,Routine,153.551,,HH,0,2026-07-20 15:00:35
LAB00162983,,MRN49855181,DR00091,H003-D07,H003,10839-9,2026-05-20 05:56:08,2026-05-20 07:20:08,2026-05-20 10:05:08,STAT,176.002,,HH,0,2026-05-20 10:10:08
LAB00162984,,MRN49855181,DR00194,H002-D07,H002,2085-9,2026-05-19 10:56:08,2026-05-19 11:58:08,2026-05-19 14:12:08,Routine,166.59,,HH,0,2026-05-19 14:17:08
LAB00162985,,MRN35657964,DR00020,H001-D03,H001,1988-5,2026-07-09 06:15:41,2026-07-09 06:56:41,2026-07-09 07:44:41,Routine,173.512,,HH,0,2026-07-09 07:49:41
LAB00162986,,MRN60488122,DR00181,H003-D06,H003,2345-7,2026-08-03 14:35:42,2026-08-03 15:05:42,2026-08-03 18:57:42,Routine,55.118,,N,0,2026-08-03 19:02:42
LAB00162987,,MRN35246402,DR00077,H002-D05,H002,6690-2,2026-07-26 23:58:15,2026-07-27 00:22:15,2026-07-27 04:52:15,Routine,93.794,,H,0,2026-07-27 04:57:15
LAB00162988,,MRN35246402,DR00189,H002-D09,H002,630-4,2026-07-28 10:58:15,2026-07-28 11:51:15,2026-07-28 12:14:15,STAT,,,N,0,2026-07-28 12:19:15
LAB00162989,,MRN35246402,DR00212,H002-D07,H002,2160-0,2026-07-28 12:58:15,2026-07-28 13:25:15,2026-07-28 16:37:15,STAT,102.154,,L,0,2026-07-28 16:42:15
LAB00162990,,MRN76455795,DR00129,H004-D10,H004,2085-9,2026-07-31 20:14:34,2026-07-31 21:36:34,2026-08-01 00:51:34,Routine,53.424,,H,0,2026-08-01 00:56:34
LAB00162991,,MRN76455795,DR00099,H002-D07,H002,30934-4,2026-07-31 07:14:34,2026-07-31 07:32:34,2026-07-31 09:05:34,STAT,74.948,,HH,0,2026-07-31 09:10:34
LAB00162992,,MRN76455795,DR00188,H001-D03,H001,1742-6,2026-08-01 19:14:34,2026-08-01 20:25:34,2026-08-01 22:51:34,STAT,96.386,,L,0,2026-08-01 22:56:34
LAB00162993,,MRN88965269,DR00097,H002-D09,H002,10839-9,2026-08-31 05:32:00,2026-08-31 06:53:00,2026-08-31 10:44:00,Routine,10.763,,HH,0,2026-08-31 10:49:00
LAB00162994,,MRN88965269,DR00082,H002-D08,H002,777-3,2026-08-31 05:32:00,2026-08-31 06:22:00,2026-08-31 06:57:00,Routine,124.462,,L,0,2026-08-31 07:02:00
LAB00162995,,MRN60646466,DR00001,H002-D06,H002,2345-7,2026-08-13 01:33:21,2026-08-13 01:54:21,2026-08-13 05:39:21,Routine,116.71,,L,0,2026-08-13 05:44:21
LAB00162996,,MRN60646466,DR00168,H002-D01,H002,777-3,2026-08-11 14:33:21,2026-08-11 14:46:21,2026-08-11 16:48:21,Routine,184.402,,N,0,2026-08-11 16:53:21
LAB00162997,,MRN60646466,DR00207,H001-D05,H001,88888-8,2026-08-12 20:33:21,2026-08-12 20:59:21,2026-08-13 01:45:21,Routine,165.377,,HH,0,2026-08-13 01:50:21
LAB00162998,,MRN82686353,DR00135,H002-D05,H002,3094-0,2026-07-14 05:20:55,2026-07-14 05:41:55,2026-07-14 09:17:55,Routine,68.641,,N,0,2026-07-14 09:22:55
LAB00162999,,MRN79637340,DR00205,H002-D02,H002,1920-8,2026-07-14 13:41:39,2026-07-14 15:09:39,2026-07-14 19:33:39,Routine,18.804,,H,0,2026-07-14 19:38:39
LAB00163000,,MRN75903667,DR00117,H001-D03,H001,2823-3,2026-02-24 06:50:21,2026-02-24 07:28:21,2026-02-24 10:54:21,STAT,140.981,,L,0,2026-02-24 10:59:21
LAB00163001,,MRN75903667,DR00061,H003-D02,H003,3016-3,2026-02-24 14:50:21,2026-02-24 15:02:21,2026-02-24 19:47:21,Routine,31.014,,L,0,2026-02-24 19:52:21
LAB00163002,,MRN75903667,DR00085,H002-D10,H002,2075-0,2026-02-23 19:50:21,2026-02-23 20:45:21,2026-02-24 01:10:21,Routine,90.598,,N,0,2026-02-24 01:15:21
LAB00163003,,MRN55900446,DR00057,H003-D04,H003,630-4,2026-08-01 12:16:42,2026-08-01 13:25:42,2026-08-01 15:07:42,Routine,,,HH,0,2026-08-01 15:12:42
LAB00163004,,MRN95598022,DR00238,H001-D07,H001,2160-0,2026-08-03 04:02:23,2026-08-03 04:35:23,2026-08-03 07:58:23,Routine,180.877,,HH,0,2026-08-03 08:03:23
LAB00163005,,MRN95598022,DR00026,H003-D10,H003,3016-3,2026-08-03 03:02:23,2026-08-03 03:47:23,2026-08-03 06:47:23,Routine,46.818,,L,0,2026-08-03 06:52:23
LAB00163006,,MRN97386762,DR00072,H002-D07,H002,718-7,2026-08-10 21:37:42,2026-08-10 21:58:42,2026-08-11 02:42:42,Routine,171.641,,HH,0,2026-08-11 02:47:42
LAB00163007,,MRN92630090,DR00135,H002-D02,H002,1742-6,2026-08-15 18:31:24,2026-08-15 19:57:24,2026-08-16 00:38:24,Routine,78.424,,H,0,2026-08-16 00:43:24
LAB00163008,,MRN92630090,DR00083,H002-D05,H002,2160-0,2026-08-16 04:31:24,2026-08-16 05:39:24,2026-08-16 07:54:24,Routine,94.119,,HH,0,2026-08-16 07:59:24
LAB00163009,,MRN92630090,DR00091,H001-D03,H001,630-4,2026-08-16 00:31:24,2026-08-16 01:00:24,2026-08-16 04:18:24,Routine,,,H,0,2026-08-16 04:23:24
LAB00163010,,MRN62576717,DR00130,H001-D10,H001,3094-0,2026-07-09 22:18:23,2026-07-09 22:30:23,2026-07-10 00:14:23,STAT,52.772,,L,0,2026-07-10 00:19:23
LAB00163011,,MRN62576717,DR00145,H002-D07,H002,777-3,2026-07-09 16:18:23,2026-07-09 17:23:23,2026-07-09 18:35:23,Routine,44.546,,HH,0,2026-07-09 18:40:23
LAB00163012,,MRN62576717,DR00051,H003-D02,H003,1975-2,2026-07-09 11:18:23,2026-07-09 12:14:23,2026-07-09 15:49:23,Routine,89.251,,HH,0,2026-07-09 15:54:23
LAB00163013,,MRN38304311,DR00041,H002-D06,H002,2085-9,2026-07-08 00:12:58,2026-07-08 00:46:58,2026-07-08 04:26:58,Routine,193.008,,HH,0,2026-07-08 04:31:58
LAB00163014,,MRN38304311,DR00215,H002-D06,H002,30934-4,2026-07-06 15:12:58,2026-07-06 15:24:58,2026-07-06 18:49:58,Routine,173.981,,H,0,2026-07-06 18:54:58
LAB00163015,,MRN38304311,DR00059,H003-D01,H003,5811-5,2026-07-07 09:12:58,2026-07-07 09:36:58,2026-07-07 13:02:58,Routine,126.822,,N,0,2026-07-07 13:07:58
LAB00163016,,MRN24894656,DR00013,H003-D03,H003,6301-6,2026-07-14 21:14:10,2026-07-14 22:24:10,2026-07-14 23:25:10,Routine,42.471,,L,0,2026-07-14 23:30:10
LAB00163017,,MRN77977444,DR00002,H002-D02,H002,5902-2,2026-08-10 13:01:16,2026-08-10 13:52:16,2026-08-10 15:31:16,STAT,140.933,,H,0,2026-08-10 15:36:16
LAB00163018,,MRN77977444,DR00070,H002-D03,H002,6301-6,2026-08-09 11:01:16,2026-08-09 11:12:16,2026-08-09 15:03:16,Routine,125.876,,L,0,2026-08-09 15:08:16
LAB00163019,,MRN77977444,DR00173,H001-D06,H001,2160-0,2026-08-09 21:01:16,2026-08-09 21:27:16,2026-08-10 00:24:16,STAT,159.159,,H,0,2026-08-10 00:29:16
LAB00163020,,MRN72412724,DR00110,H001-D09,H001,2093-3,2026-07-21 06:44:48,2026-07-21 08:06:48,2026-07-21 10:28:48,Routine,73.515,,N,0,2026-07-21 10:33:48
LAB00163021,,MRN72412724,DR00194,H003-D07,H003,2085-9,2026-07-21 18:44:48,2026-07-21 20:13:48,2026-07-21 23:07:48,Routine,136.501,,N,0,2026-07-21 23:12:48
LAB00163022,,MRN91087260,DR00060,H003-D01,H003,2075-0,2026-08-16 01:39:24,2026-08-16 02:31:24,2026-08-16 03:30:24,Routine,126.72,,L,0,2026-08-16 03:35:24
LAB00163023,,MRN91087260,DR00234,H004-D03,H004,2345-7,2026-08-14 18:39:24,2026-08-14 18:52:24,2026-08-14 23:22:24,Routine,145.675,,L,0,2026-08-14 23:27:24
LAB00163024,,MRN70871231,DR00202,H001-D08,H001,6301-6,2026-07-14 11:28:24,2026-07-14 12:19:24,2026-07-14 15:44:24,Routine,146.582,,L,0,2026-07-14 15:49:24
LAB00163025,,MRN70871231,DR00092,H003-D08,H003,1988-5,2026-07-13 14:28:24,2026-07-13 15:03:24,2026-07-13 16:10:24,Routine,65.076,,HH,0,2026-07-13 16:15:24
LAB00163026,,MRN70871231,DR00097,H001-D03,H001,630-4,2026-07-14 22:28:24,2026-07-14 22:38:24,2026-07-15 02:05:24,Routine,,,HH,0,2026-07-15 02:10:24
LAB00163027,,MRN23372599,DR00236,H003-D03,H003,2093-3,2026-07-19 20:11:50,2026-07-19 21:11:50,2026-07-20 00:31:50,STAT,193.66,,H,0,2026-07-20 00:36:50
LAB00163028,,MRN26815899,DR00230,H002-D07,H002,30934-4,2026-07-11 11:33:46,2026-07-11 12:31:46,2026-07-11 13:44:46,Routine,150.716,,L,0,2026-07-11 13:49:46
LAB00163029,,MRN26815899,DR00102,H001-D09,H001,2951-2,2026-07-12 00:33:46,2026-07-12 01:49:46,2026-07-12 02:29:46,Routine,180.614,,HH,0,2026-07-12 02:34:46
LAB00163030,,MRN38489876,DR00079,H002-D05,H002,1975-2,2026-07-28 11:22:51,2026-07-28 12:38:51,2026-07-28 13:57:51,Routine,114.163,,H,0,2026-07-28 14:02:51
LAB00163031,,MRN38489876,DR00051,H004-D03,H004,4548-4,2026-07-27 22:22:51,2026-07-27 22:52:51,2026-07-27 23:29:51,Routine,123.998,,HH,0,2026-07-27 23:34:51
LAB00163032,,MRN38489876,DR00213,H002-D09,H002,6690-2,2026-07-29 00:22:51,2026-07-29 00:41:51,2026-07-29 01:06:51,Routine,120.483,,HH,0,2026-07-29 01:11:51
LAB00163033,,MRN22889928,DR00098,H001-D09,H001,718-7,2026-07-27 21:39:39,2026-07-27 23:03:39,2026-07-28 03:20:39,Routine,110.288,,HH,0,2026-07-28 03:25:39
LAB00163034,,MRN22889928,DR00157,H003-D10,H003,3094-0,2026-07-26 14:39:39,2026-07-26 15:33:39,2026-07-26 17:41:39,Routine,83.622,,H,0,2026-07-26 17:46:39
LAB00163035,,MRN83124708,DR00140,H003-D07,H003,10839-9,2026-07-19 01:01:12,2026-07-19 01:19:12,2026-07-19 05:41:12,STAT,104.23,,L,0,2026-07-19 05:46:12
LAB00163036,,MRN83124708,DR00053,H003-D03,H003,2951-2,2026-07-18 14:01:12,2026-07-18 15:05:12,2026-07-18 18:23:12,Routine,145.793,,HH,0,2026-07-18 18:28:12
LAB00163037,,MRN60282025,DR00019,H003-D08,H003,5902-2,2026-08-27 09:15:31,2026-08-27 10:37:31,2026-08-27 12:42:31,Routine,144.007,,H,0,2026-08-27 12:47:31
LAB00163038,,MRN60282025,DR00202,H003-D02,H003,1742-6,2026-08-27 04:15:31,2026-08-27 05:08:31,2026-08-27 10:04:31,Routine,12.499,,N,0,2026-08-27 10:09:31
LAB00163039,,MRN18117116,DR00205,H002-D06,H002,4548-4,2026-07-19 20:32:04,2026-07-19 21:37:04,2026-07-19 22:54:04,Routine,172.4,,H,0,2026-07-19 22:59:04
LAB00163040,,MRN18117116,DR00121,H001-D07,H001,600-7,2026-07-19 15:32:04,2026-07-19 16:23:04,2026-07-19 20:51:04,Routine,,,N,0,2026-07-19 20:56:04
LAB00163041,,MRN18117116,DR00118,H002-D05,H002,2345-7,2026-07-19 20:32:04,2026-07-19 21:45:04,2026-07-19 22:58:04,Routine,52.509,,HH,0,2026-07-19 23:03:04
LAB00163042,,MRN38252551,DR00037,H001-D01,H001,4548-4,2026-08-27 05:35:14,2026-08-27 06:18:14,2026-08-27 10:04:14,Routine,3.104,,N,0,2026-08-27 10:09:14
LAB00163043,,MRN38252551,DR00143,H001-D03,H001,777-3,2026-08-26 16:35:14,2026-08-26 16:58:14,2026-08-26 19:53:14,Routine,36.304,,H,0,2026-08-26 19:58:14
LAB00163044,,MRN41085878,DR00156,H002-D02,H002,2823-3,2026-08-21 08:40:09,2026-08-21 09:33:09,2026-08-21 14:05:09,Routine,156.521,,HH,0,2026-08-21 14:10:09
LAB00163045,,MRN32729745,DR00136,H002-D04,H002,5902-2,2026-07-11 22:49:12,2026-07-11 23:44:12,2026-07-12 01:37:12,Routine,169.89,,H,0,2026-07-12 01:42:12
LAB00163046,,MRN52100306,DR00158,H003-D01,H003,1975-2,2026-07-26 17:54:09,2026-07-26 19:02:09,2026-07-26 20:25:09,Routine,87.156,,HH,0,2026-07-26 20:30:09
LAB00163047,,MRN29071657,DR00160,H003-D10,H003,10839-9,2026-07-23 00:46:21,2026-07-23 02:09:21,2026-07-23 02:50:21,Routine,1.69,,HH,0,2026-07-23 02:55:21
LAB00163048,,MRN29071657,DR00021,H003-D08,H003,1920-8,2026-07-21 08:46:21,2026-07-21 09:13:21,2026-07-21 12:23:21,Routine,144.654,,N,0,2026-07-21 12:28:21
LAB00163049,,MRN29071657,DR00223,H002-D04,H002,2085-9,2026-07-22 21:46:21,2026-07-22 22:38:21,2026-07-23 02:02:21,Routine,159.224,,L,0,2026-07-23 02:07:21
LAB00163050,,MRN19119955,DR00140,H002-D04,H002,2345-7,2026-08-29 17:25:51,2026-08-29 17:47:51,2026-08-29 18:11:51,Routine,106.743,,N,0,2026-08-29 18:16:51
LAB00163051,,MRN19119955,DR00080,H003-D02,H003,5811-5,2026-08-31 06:25:51,2026-08-31 06:57:51,2026-08-31 09:16:51,Routine,65.28,,HH,0,2026-08-31 09:21:51
LAB00163052,,MRN17280190,DR00127,H002-D04,H002,1742-6,2026-07-04 18:29:29,2026-07-04 19:52:29,2026-07-04 21:56:29,Routine,188.426,,HH,0,2026-07-04 22:01:29
LAB00163053,,MRN17280190,DR00177,H003-D07,H003,1988-5,2026-07-04 05:29:29,2026-07-04 06:52:29,2026-07-04 08:45:29,Routine,114.984,,L,0,2026-07-04 08:50:29
LAB00163054,,MRN93170689,DR00005,H003-D10,H003,1920-8,2026-07-14 01:45:08,2026-07-14 02:36:08,2026-07-14 03:45:08,Routine,44.175,,N,0,2026-07-14 03:50:08
LAB00163055,,MRN93170689,DR00118,H004-D10,H004,30934-4,2026-07-13 23:45:08,2026-07-14 00:29:08,2026-07-14 03:55:08,Routine,127.975,,L,0,2026-07-14 04:00:08
LAB00163056,,MRN93170689,DR00022,H003-D05,H003,6690-2,2026-07-15 01:45:08,2026-07-15 02:14:08,2026-07-15 05:47:08,Routine,65.791,,N,0,2026-07-15 05:52:08
LAB00163057,,MRN17072688,DR00071,H002-D08,H002,5902-2,2026-08-01 09:01:00,2026-08-01 09:23:00,2026-08-01 13:51:00,Routine,149.039,,N,0,2026-08-01 13:56:00
LAB00163058,,MRN17072688,DR00027,H002-D03,H002,1975-2,2026-08-03 04:01:00,2026-08-03 04:54:00,2026-08-03 09:22:00,Routine,162.64,,L,0,2026-08-03 09:27:00
LAB00163059,,MRN17072688,DR00126,H001-D07,H001,777-3,2026-08-02 19:01:00,2026-08-02 19:17:00,2026-08-02 19:38:00,Routine,155.791,,L,0,2026-08-02 19:43:00
LAB00163060,,MRN18293868,DR00142,H003-D06,H003,4544-3,2026-08-10 14:49:37,2026-08-10 15:49:37,2026-08-10 20:08:37,Routine,130.926,,N,0,2026-08-10 20:13:37
LAB00163061,,MRN83169231,DR00143,H001-D08,H001,600-7,2026-04-22 11:08:16,2026-04-22 12:14:16,2026-04-22 14:01:16,STAT,,,N,0,2026-04-22 14:06:16
LAB00163062,,MRN83169231,DR00134,H002-D07,H002,630-4,2026-04-21 22:08:16,2026-04-21 22:54:16,2026-04-21 23:14:16,STAT,,,L,0,2026-04-21 23:19:16
LAB00163063,,MRN83169231,DR00232,H003-D07,H003,6690-2,2026-04-22 20:08:16,2026-04-22 21:03:16,2026-04-22 23:48:16,Routine,144.262,,N,0,2026-04-22 23:53:16
LAB00163064,,MRN88538707,DR00144,H001-D01,H001,6690-2,2026-08-20 13:44:24,2026-08-20 14:40:24,2026-08-20 19:33:24,Routine,96.417,,H,0,2026-08-20 19:38:24
LAB00163065,,MRN88538707,DR00145,H002-D04,H002,777-3,2026-08-19 09:44:24,2026-08-19 10:18:24,2026-08-19 12:12:24,Routine,30.387,,L,0,2026-08-19 12:17:24
LAB00163066,,MRN13128456,DR00172,H001-D03,H001,600-7,2026-05-21 11:30:36,2026-05-21 11:42:36,2026-05-21 13:25:36,Routine,,,N,0,2026-05-21 13:30:36
LAB00163067,,MRN17865811,DR00176,H003-D08,H003,2951-2,2026-08-08 10:12:31,2026-08-08 10:42:31,2026-08-08 14:31:31,Routine,138.161,,N,0,2026-08-08 14:36:31
LAB00163068,,MRN17865811,DR00083,H001-D02,H001,1975-2,2026-08-07 23:12:31,2026-08-07 23:34:31,2026-08-08 03:48:31,Routine,142.481,,H,0,2026-08-08 03:53:31
LAB00163069,,MRN17865811,DR00042,H002-D10,H002,6690-2,2026-08-07 01:12:31,2026-08-07 01:20:31,2026-08-07 02:06:31,Routine,68.59,,HH,0,2026-08-07 02:11:31
LAB00163070,,MRN89424724,DR00209,H002-D05,H002,630-4,2026-08-26 01:24:21,2026-08-26 02:39:21,2026-08-26 03:51:21,STAT,,,HH,0,2026-08-26 03:56:21
LAB00163071,,MRN84761984,DR00111,H001-D08,H001,2085-9,2026-08-13 03:00:28,2026-08-13 03:48:28,2026-08-13 06:00:28,Routine,181.189,,HH,0,2026-08-13 06:05:28
LAB00163072,,MRN84761984,DR00114,H001-D01,H001,10839-9,2026-08-12 21:00:28,2026-08-12 21:54:28,2026-08-13 01:28:28,Routine,17.635,,HH,0,2026-08-13 01:33:28
LAB00163073,,MRN84761984,DR00200,H003-D01,H003,1975-2,2026-08-12 21:00:28,2026-08-12 22:23:28,2026-08-12 23:06:28,Routine,30.008,,L,0,2026-08-12 23:11:28
LAB00163074,,MRN22274683,DR00166,H002-D03,H002,2823-3,2026-07-06 01:28:35,2026-07-06 02:10:35,2026-07-06 06:19:35,Routine,156.995,,HH,0,2026-07-06 06:24:35
LAB00163075,,MRN22274683,DR00087,H003-D03,H003,1988-5,2026-07-07 07:28:35,2026-07-07 07:38:35,2026-07-07 10:30:35,Routine,138.702,,L,0,2026-07-07 10:35:35
LAB00163076,,MRN22274683,DR00182,H001-D01,H001,2823-3,2026-07-06 14:28:35,2026-07-06 14:50:35,2026-07-06 15:28:35,Routine,101.531,,H,0,2026-07-06 15:33:35
LAB00163077,,MRN39535605,DR00213,H004-D03,H004,600-7,2026-08-03 05:11:56,2026-08-03 05:27:56,2026-08-03 09:25:56,STAT,,,HH,0,2026-08-03 09:30:56
LAB00163078,,MRN39535605,DR00160,H003-D06,H003,1742-6,2026-08-04 16:11:56,2026-08-04 17:02:56,2026-08-04 21:10:56,Routine,89.449,,HH,0,2026-08-04 21:15:56
LAB00163079,,MRN92531436,DR00191,H002-D07,H002,600-7,2026-07-23 02:10:37,2026-07-23 03:36:37,2026-07-23 07:55:37,Routine,,,L,0,2026-07-23 08:00:37
LAB00163080,,MRN92531436,DR00182,H004-D03,H004,6301-6,2026-07-24 00:10:37,2026-07-24 01:37:37,2026-07-24 05:18:37,Routine,113.47,,L,0,2026-07-24 05:23:37
LAB00163081,,MRN62768340,DR00069,H004-D03,H004,5811-5,2026-07-04 21:22:04,2026-07-04 21:55:04,2026-07-04 22:53:04,STAT,133.448,,N,0,2026-07-04 22:58:04
LAB00163082,,MRN21462009,DR00127,H002-D10,H002,6301-6,2026-08-12 20:29:37,2026-08-12 21:09:37,2026-08-12 22:40:37,STAT,50.646,,N,0,2026-08-12 22:45:37
LAB00163083,,MRN18865813,DR00023,H003-D10,H003,4544-3,2026-08-05 07:34:17,2026-08-05 07:50:17,2026-08-05 10:16:17,Routine,82.847,,H,0,2026-08-05 10:21:17
LAB00163084,,MRN18865813,DR00194,H002-D05,H002,2085-9,2026-08-05 08:34:17,2026-08-05 09:00:17,2026-08-05 12:35:17,Routine,168.141,,N,0,2026-08-05 12:40:17
LAB00163085,,MRN18865813,DR00057,H003-D04,H003,5902-2,2026-08-05 03:34:17,2026-08-05 04:42:17,2026-08-05 05:18:17,Routine,152.772,,L,0,2026-08-05 05:23:17
LAB00163086,,MRN60322198,DR00087,H001-D08,H001,2075-0,2025-08-26 21:52:04,2025-08-26 22:30:04,2025-08-26 23:00:04,STAT,58.481,,H,0,2025-08-26 23:05:04
LAB00163087,,MRN88223694,DR00045,H001-D03,H001,2075-0,2026-08-11 18:16:33,2026-08-11 19:14:33,2026-08-11 22:34:33,STAT,56.024,,HH,0,2026-08-11 22:39:33
LAB00163088,,MRN88223694,DR00136,H002-D08,H002,2823-3,2026-08-12 03:16:33,2026-08-12 04:35:33,2026-08-12 09:25:33,Routine,77.253,,N,0,2026-08-12 09:30:33
LAB00163089,,MRN34117835,DR00019,H003-D10,H003,3094-0,2026-07-11 04:51:17,2026-07-11 05:47:17,2026-07-11 06:41:17,STAT,134.556,,HH,0,2026-07-11 06:46:17
LAB00163090,,MRN34117835,DR00027,H001-D04,H001,3016-3,2026-07-10 13:51:17,2026-07-10 14:29:17,2026-07-10 15:45:17,Routine,88.038,,N,0,2026-07-10 15:50:17
LAB00163091,,MRN34117835,DR00046,H001-D04,H001,5902-2,2026-07-10 17:51:17,2026-07-10 18:16:17,2026-07-10 18:59:17,Routine,14.055,,HH,0,2026-07-10 19:04:17
LAB00163092,,MRN46344732,DR00230,H003-D04,H003,1975-2,2026-07-07 11:22:14,2026-07-07 12:19:14,2026-07-07 14:19:14,STAT,195.321,,L,0,2026-07-07 14:24:14
LAB00163093,,MRN92379847,DR00145,H003-D04,H003,3016-3,2026-05-12 04:39:16,2026-05-12 05:04:16,2026-05-12 09:48:16,Routine,125.362,,N,0,2026-05-12 09:53:16
LAB00163094,,MRN92379847,DR00002,H002-D03,H002,2085-9,2026-05-11 12:39:16,2026-05-11 13:10:16,2026-05-11 13:31:16,Routine,66.699,,N,0,2026-05-11 13:36:16
LAB00163095,,MRN92379847,DR00159,H001-D04,H001,2085-9,2026-05-12 11:39:16,2026-05-12 12:50:16,2026-05-12 17:20:16,STAT,147.302,,L,0,2026-05-12 17:25:16
LAB00163096,,MRN15720104,DR00096,H002-D07,H002,30934-4,2025-08-11 06:26:06,2025-08-11 07:15:06,2025-08-11 08:41:06,Routine,188.912,,L,0,2025-08-11 08:46:06
LAB00163097,,MRN44063394,DR00227,H003-D05,H003,6690-2,2026-08-19 12:35:00,2026-08-19 12:48:00,2026-08-19 14:55:00,Routine,126.617,,H,0,2026-08-19 15:00:00
LAB00163098,,MRN44063394,DR00005,H002-D05,H002,6690-2,2026-08-20 05:35:00,2026-08-20 06:30:00,2026-08-20 09:08:00,Routine,153.632,,L,0,2026-08-20 09:13:00
LAB00163099,,MRN44063394,DR00064,H002-D02,H002,1988-5,2026-08-19 17:35:00,2026-08-19 17:46:00,2026-08-19 19:54:00,STAT,156.837,,L,0,2026-08-19 19:59:00
LAB00163100,,MRN71166681,DR00168,H002-D09,H002,777-3,2026-07-11 11:33:10,2026-07-11 11:50:10,2026-07-11 12:13:10,Routine,53.744,,N,0,2026-07-11 12:18:10
LAB00163101,,MRN71166681,DR00050,H001-D01,H001,6301-6,2026-07-11 23:33:10,2026-07-12 00:34:10,2026-07-12 05:12:10,Routine,98.253,,H,0,2026-07-12 05:17:10
LAB00163102,,MRN71166681,DR00240,H003-D01,H003,2093-3,2026-07-11 11:33:10,2026-07-11 11:49:10,2026-07-11 15:43:10,Routine,118.979,,HH,0,2026-07-11 15:48:10
LAB00163103,,MRN73655797,DR00060,H001-D09,H001,2093-3,2026-08-26 02:02:42,2026-08-26 02:29:42,2026-08-26 03:03:42,Routine,185.275,,H,0,2026-08-26 03:08:42
LAB00163104,,MRN73655797,DR00191,H001-D08,H001,2085-9,2026-08-25 05:02:42,2026-08-25 05:48:42,2026-08-25 10:13:42,Routine,170.005,,N,0,2026-08-25 10:18:42
LAB00163105,,MRN73655797,DR00001,H002-D09,H002,2093-3,2026-08-24 20:02:42,2026-08-24 20:36:42,2026-08-25 00:09:42,STAT,66.776,,H,0,2026-08-25 00:14:42
LAB00163106,,MRN26273490,DR00084,H002-D09,H002,4544-3,2026-07-17 00:11:45,2026-07-17 01:24:45,2026-07-17 04:38:45,Routine,179.576,,L,0,2026-07-17 04:43:45
LAB00163107,,MRN26273490,DR00157,H002-D01,H002,1975-2,2026-07-18 03:11:45,2026-07-18 03:57:45,2026-07-18 07:10:45,Routine,91.39,,N,0,2026-07-18 07:15:45
LAB00163108,,MRN48711641,DR00081,H003-D03,H003,1742-6,2026-08-31 06:54:16,2026-08-31 08:00:16,2026-08-31 10:57:16,Routine,131.75,,N,0,2026-08-31 11:02:16
LAB00163109,,MRN68234203,DR00124,H001-D10,H001,630-4,2026-09-01 23:56:07,2026-09-02 00:58:07,2026-09-02 01:19:07,Routine,,,N,0,2026-09-02 01:24:07
LAB00163110,,MRN68234203,DR00091,H003-D03,H003,2823-3,2026-09-01 03:56:07,2026-09-01 04:03:07,2026-09-01 07:04:07,Routine,81.66,,H,0,2026-09-01 07:09:07
LAB00163111,,MRN68234203,DR00125,H002-D09,H002,2085-9,2026-09-02 02:56:07,2026-09-02 04:14:07,2026-09-02 07:37:07,Routine,94.824,,HH,0,2026-09-02 07:42:07
LAB00163112,,MRN12951026,DR00070,H003-D03,H003,4544-3,2026-05-25 18:02:34,2026-05-25 18:07:34,2026-05-25 20:29:34,Routine,195.437,,H,0,2026-05-25 20:34:34
LAB00163113,,MRN97775236,DR00161,H002-D07,H002,777-3,2026-08-12 22:00:47,2026-08-12 22:31:47,2026-08-13 02:02:47,Routine,187.821,,L,0,2026-08-13 02:07:47
LAB00163114,,MRN60199557,DR00201,H001-D05,H001,2075-0,2026-07-27 10:24:59,2026-07-27 11:53:59,2026-07-27 13:35:59,Routine,173.774,,L,0,2026-07-27 13:40:59
LAB00163115,,MRN60199557,DR00057,H002-D09,H002,2075-0,2026-07-27 10:24:59,2026-07-27 10:32:59,2026-07-27 12:02:59,Routine,111.488,,HH,0,2026-07-27 12:07:59
LAB00163116,,MRN58611664,DR00221,H003-D03,H003,3094-0,2026-07-30 05:29:21,2026-07-30 06:02:21,2026-07-30 10:11:21,Routine,12.665,,H,0,2026-07-30 10:16:21
LAB00163117,,MRN58611664,DR00157,H001-D02,H001,2075-0,2026-07-30 00:29:21,2026-07-30 00:46:21,2026-07-30 02:17:21,Routine,117.322,,L,0,2026-07-30 02:22:21
LAB00163118,,MRN58611664,DR00069,H004-D03,H004,2160-0,2026-07-30 15:29:21,2026-07-30 15:54:21,2026-07-30 16:22:21,STAT,176.258,,L,0,2026-07-30 16:27:21
LAB00163119,,MRN10607552,DR00190,H003-D04,H003,2075-0,2026-08-31 21:18:21,2026-08-31 21:39:21,2026-08-31 22:35:21,Routine,99.045,,N,0,2026-08-31 22:40:21
LAB00163120,,MRN10607552,DR00003,H003-D06,H003,4548-4,2026-08-31 18:18:21,2026-08-31 19:29:21,2026-08-31 22:52:21,STAT,187.606,,L,0,2026-08-31 22:57:21
LAB00163121,,MRN10607552,DR00124,H003-D10,H003,2093-3,2026-09-01 13:18:21,2026-09-01 13:23:21,2026-09-01 14:04:21,Routine,66.774,,L,0,2026-09-01 14:09:21
LAB00163122,,MRN59528949,DR00025,H003-D04,H003,718-7,2026-08-16 05:50:21,2026-08-16 05:58:21,2026-08-16 06:53:21,Routine,35.255,,L,0,2026-08-16 06:58:21
LAB00163123,,MRN59528949,DR00208,H002-D04,H002,2951-2,2026-08-15 08:50:21,2026-08-15 10:04:21,2026-08-15 14:14:21,Routine,161.438,,L,0,2026-08-15 14:19:21
LAB00163124,,MRN59528949,DR00199,H003-D04,H003,5811-5,2026-08-16 08:50:21,2026-08-16 09:56:21,2026-08-16 11:54:21,Routine,93.364,,N,0,2026-08-16 11:59:21
LAB00163125,,MRN22253053,DR00154,H001-D02,H001,3094-0,2026-07-10 22:43:34,2026-07-10 23:15:34,2026-07-11 01:33:34,Routine,143.699,,H,0,2026-07-11 01:38:34
LAB00163126,,MRN22253053,DR00129,H003-D10,H003,10839-9,2026-07-11 20:43:34,2026-07-11 21:37:34,2026-07-11 23:57:34,Routine,33.556,,L,0,2026-07-12 00:02:34
LAB00163127,,MRN22253053,DR00199,H001-D04,H001,600-7,2026-07-11 12:43:34,2026-07-11 13:54:34,2026-07-11 18:21:34,Routine,,,H,0,2026-07-11 18:26:34
LAB00163128,,MRN66248076,DR00201,H004-D03,H004,5811-5,2026-08-16 03:18:45,2026-08-16 03:39:45,2026-08-16 07:30:45,Routine,88.681,,HH,0,2026-08-16 07:35:45
LAB00163129,,MRN66248076,DR00111,H002-D04,H002,1742-6,2026-08-17 08:18:45,2026-08-17 09:15:45,2026-08-17 10:56:45,Routine,151.634,,HH,0,2026-08-17 11:01:45
LAB00163130,,MRN95444685,DR00236,H001-D10,H001,30934-4,2026-08-11 03:12:57,2026-08-11 04:18:57,2026-08-11 08:50:57,STAT,147.366,,L,0,2026-08-11 08:55:57
LAB00163131,,MRN95444685,DR00079,H002-D06,H002,2160-0,2026-08-10 03:12:57,2026-08-10 04:14:57,2026-08-10 07:25:57,Routine,103.818,,HH,0,2026-08-10 07:30:57
LAB00163132,,MRN95444685,DR00217,H003-D01,H003,1975-2,2026-08-10 22:12:57,2026-08-10 23:21:57,2026-08-11 03:07:57,Routine,44.342,,H,0,2026-08-11 03:12:57
LAB00163133,,MRN59499732,DR00200,H001-D02,H001,30934-4,2026-08-02 02:11:09,2026-08-02 02:25:09,2026-08-02 06:29:09,Routine,67.305,,N,0,2026-08-02 06:34:09
LAB00163134,,MRN59499732,DR00117,H001-D06,H001,2093-3,2026-08-01 01:11:09,2026-08-01 01:52:09,2026-08-01 02:59:09,STAT,168.255,,HH,0,2026-08-01 03:04:09
LAB00163135,,MRN70442368,DR00053,H002-D03,H002,630-4,2026-08-01 08:26:06,2026-08-01 08:33:06,2026-08-01 10:57:06,Routine,,,L,0,2026-08-01 11:02:06
LAB00163136,,MRN70442368,DR00086,H003-D05,H003,6301-6,2026-08-02 17:26:06,2026-08-02 18:11:06,2026-08-02 20:51:06,Routine,85.766,,L,0,2026-08-02 20:56:06
LAB00163137,,MRN70442368,DR00010,H002-D10,H002,5902-2,2026-08-01 09:26:06,2026-08-01 09:41:06,2026-08-01 10:02:06,Routine,105.986,,L,0,2026-08-01 10:07:06
LAB00163138,,MRN37553272,DR00118,H003-D04,H003,1742-6,2026-08-22 16:55:34,2026-08-22 18:03:34,2026-08-22 20:42:34,Routine,59.978,,N,0,2026-08-22 20:47:34
LAB00163139,,MRN61807991,DR00064,H001-D07,H001,2075-0,2026-08-05 08:23:15,2026-08-05 08:56:15,2026-08-05 10:49:15,Routine,137.591,,H,0,2026-08-05 10:54:15
LAB00163140,,MRN61807991,DR00161,H003-D10,H003,777-3,2026-08-04 12:23:15,2026-08-04 13:09:15,2026-08-04 16:26:15,STAT,163.682,,HH,0,2026-08-04 16:31:15
LAB00163141,,MRN61807991,DR00240,H001-D02,H001,600-7,2026-08-03 13:23:15,2026-08-03 13:35:15,2026-08-03 14:18:15,Routine,,,N,0,2026-08-03 14:23:15
LAB00163142,,MRN75155636,DR00055,H001-D01,H001,6690-2,2026-08-17 11:56:42,2026-08-17 12:15:42,2026-08-17 15:29:42,Routine,52.431,,N,0,2026-08-17 15:34:42
LAB00163143,,MRN66248076,DR00038,H002-D03,H002,4548-4,2026-08-15 10:27:13,2026-08-15 11:43:13,2026-08-15 16:13:13,Routine,51.085,,H,0,2026-08-15 16:18:13
LAB00163144,,MRN36269405,DR00171,H003-D04,H003,2345-7,2026-08-18 08:22:33,2026-08-18 09:41:33,2026-08-18 12:41:33,Routine,195.393,,H,0,2026-08-18 12:46:33
LAB00163145,,MRN36269405,DR00038,H003-D02,H003,5811-5,2026-08-19 14:22:33,2026-08-19 15:35:33,2026-08-19 17:14:33,Routine,114.194,,HH,0,2026-08-19 17:19:33
LAB00163146,,MRN85503475,DR00231,H003-D10,H003,777-3,2026-08-15 02:46:10,2026-08-15 03:18:10,2026-08-15 05:42:10,STAT,172.336,,HH,0,2026-08-15 05:47:10
LAB00163147,,MRN85503475,DR00128,H003-D10,H003,6690-2,2026-08-14 13:46:10,2026-08-14 14:04:10,2026-08-14 16:49:10,Routine,62.531,,HH,0,2026-08-14 16:54:10
LAB00163148,,MRN85503475,DR00181,H003-D04,H003,2093-3,2026-08-15 17:46:10,2026-08-15 18:38:10,2026-08-15 22:40:10,Routine,30.375,,L,0,2026-08-15 22:45:10
LAB00163149,,MRN57449738,DR00219,H001-D02,H001,718-7,2026-08-22 04:03:12,2026-08-22 04:17:12,2026-08-22 05:52:12,Routine,88.904,,H,0,2026-08-22 05:57:12
LAB00163150,,MRN57449738,DR00117,H002-D10,H002,2823-3,2026-08-21 18:03:12,2026-08-21 18:16:12,2026-08-21 19:27:12,Routine,86.693,,N,0,2026-08-21 19:32:12
LAB00163151,,MRN11054203,DR00037,H003-D02,H003,600-7,2026-07-08 13:18:12,2026-07-08 13:26:12,2026-07-08 15:08:12,Routine,,,HH,0,2026-07-08 15:13:12
LAB00163152,,MRN11054203,DR00158,H001-D04,H001,5811-5,2026-07-09 10:18:12,2026-07-09 10:56:12,2026-07-09 15:46:12,Routine,123.757,,N,0,2026-07-09 15:51:12
LAB00163153,,MRN73069943,DR00072,H001-D02,H001,2093-3,2026-07-29 01:28:04,2026-07-29 02:20:04,2026-07-29 07:03:04,Routine,190.091,,HH,0,2026-07-29 07:08:04
LAB00163154,,MRN25288446,DR00141,H004-D10,H004,777-3,2026-08-31 07:52:40,2026-08-31 08:31:40,2026-08-31 12:51:40,Routine,94.951,,HH,0,2026-08-31 12:56:40
LAB00163155,,MRN25288446,DR00117,H002-D05,H002,1988-5,2026-08-30 10:52:40,2026-08-30 11:15:40,2026-08-30 15:32:40,Routine,154.871,,H,0,2026-08-30 15:37:40
LAB00163156,,MRN47488350,DR00032,H002-D10,H002,4548-4,2026-08-21 09:29:03,2026-08-21 10:40:03,2026-08-21 15:26:03,Routine,84.173,,L,0,2026-08-21 15:31:03
LAB00163157,,MRN47488350,DR00094,H003-D08,H003,5902-2,2026-08-20 19:29:03,2026-08-20 20:15:03,2026-08-21 00:16:03,Routine,4.081,,L,0,2026-08-21 00:21:03
LAB00163158,,MRN73266242,DR00018,H003-D03,H003,5811-5,2026-08-23 00:49:02,2026-08-23 01:45:02,2026-08-23 06:40:02,Routine,126.257,,L,0,2026-08-23 06:45:02
LAB00163159,,MRN73266242,DR00223,H003-D03,H003,2951-2,2026-08-23 13:49:02,2026-08-23 14:44:02,2026-08-23 15:30:02,STAT,92.579,,H,0,2026-08-23 15:35:02
LAB00163160,,MRN73266242,DR00008,H001-D04,H001,5902-2,2026-08-22 20:49:02,2026-08-22 22:06:02,2026-08-23 02:18:02,Routine,140.289,,HH,0,2026-08-23 02:23:02
LAB00163161,,MRN57770070,DR00158,H003-D04,H003,718-7,2026-08-01 15:16:44,2026-08-01 16:14:44,2026-08-01 20:15:44,Routine,105.973,,N,0,2026-08-01 20:20:44
LAB00163162,,MRN89037639,DR00008,H002-D03,H002,718-7,2026-08-10 13:54:18,2026-08-10 14:16:18,2026-08-10 15:59:18,Routine,23.099,,H,0,2026-08-10 16:04:18
LAB00163163,,MRN89037639,DR00059,H004-D10,H004,2951-2,2026-08-10 13:54:18,2026-08-10 15:11:18,2026-08-10 18:47:18,Routine,192.564,,L,0,2026-08-10 18:52:18
LAB00163164,,MRN96251395,DR00117,H001-D06,H001,5902-2,2026-08-30 01:12:38,2026-08-30 02:34:38,2026-08-30 05:03:38,Routine,101.402,,HH,0,2026-08-30 05:08:38
LAB00163165,,MRN48336335,DR00028,H001-D08,H001,2823-3,2026-08-30 01:24:55,2026-08-30 02:38:55,2026-08-30 04:44:55,Routine,100.34,,N,0,2026-08-30 04:49:55
LAB00163166,,MRN48336335,DR00107,H001-D03,H001,5902-2,2026-08-29 05:24:55,2026-08-29 06:48:55,2026-08-29 10:17:55,Routine,84.586,,N,0,2026-08-29 10:22:55
LAB00163167,,MRN25132229,DR00016,H003-D08,H003,2075-0,2026-07-07 14:47:12,2026-07-07 16:14:12,2026-07-07 17:29:12,Routine,89.274,,N,0,2026-07-07 17:34:12
LAB00163168,,MRN60477189,DR00026,H002-D01,H002,2951-2,2026-08-28 06:40:10,2026-08-28 07:09:10,2026-08-28 07:58:10,Routine,15.158,,L,0,2026-08-28 08:03:10
LAB00163169,,MRN60477189,DR00129,H002-D01,H002,600-7,2026-08-27 09:40:10,2026-08-27 11:04:10,2026-08-27 13:19:10,STAT,,,N,0,2026-08-27 13:24:10
LAB00163170,,MRN60477189,DR00239,H001-D07,H001,6301-6,2026-08-28 16:40:10,2026-08-28 17:01:10,2026-08-28 18:44:10,Routine,107.47,,L,0,2026-08-28 18:49:10
LAB00163171,,MRN94803947,DR00144,H001-D10,H001,6301-6,2026-08-23 08:36:27,2026-08-23 09:55:27,2026-08-23 12:26:27,Routine,97.952,,L,0,2026-08-23 12:31:27
LAB00163172,,MRN94803947,DR00038,H003-D04,H003,1988-5,2026-08-23 13:36:27,2026-08-23 13:41:27,2026-08-23 14:41:27,Routine,22.777,,N,0,2026-08-23 14:46:27
LAB00163173,,MRN45949121,DR00194,H003-D07,H003,2093-3,2026-07-14 19:16:21,2026-07-14 19:55:21,2026-07-14 20:39:21,STAT,190.268,,H,0,2026-07-14 20:44:21
LAB00163174,,MRN45949121,DR00100,H002-D03,H002,6301-6,2026-07-15 19:16:21,2026-07-15 19:45:21,2026-07-15 23:10:21,Routine,175.821,,HH,0,2026-07-15 23:15:21
LAB00163175,,MRN45949121,DR00051,H003-D08,H003,30934-4,2026-07-15 05:16:21,2026-07-15 05:51:21,2026-07-15 06:40:21,Routine,82.978,,L,0,2026-07-15 06:45:21
LAB00163176,,MRN93477978,DR00066,H002-D02,H002,2951-2,2026-07-30 23:05:05,2026-07-30 23:20:05,2026-07-31 03:00:05,Routine,88.677,,HH,0,2026-07-31 03:05:05
LAB00163177,,MRN93477978,DR00191,H004-D03,H004,4544-3,2026-07-29 17:05:05,2026-07-29 17:32:05,2026-07-29 21:24:05,Routine,139.69,,HH,0,2026-07-29 21:29:05
LAB00163178,,MRN99862023,DR00168,H003-D10,H003,1920-8,2026-08-29 21:08:50,2026-08-29 22:37:50,2026-08-29 23:48:50,Routine,72.311,,HH,0,2026-08-29 23:53:50
LAB00163179,,MRN99862023,DR00109,H004-D03,H004,88888-8,2026-08-30 07:08:50,2026-08-30 08:23:50,2026-08-30 08:49:50,Routine,32.69,,HH,0,2026-08-30 08:54:50
LAB00163180,,MRN99862023,DR00007,H001-D01,H001,30934-4,2026-08-30 06:08:50,2026-08-30 07:34:50,2026-08-30 12:11:50,Routine,30.629,,H,0,2026-08-30 12:16:50
LAB00163181,,MRN27483313,DR00106,H003-D05,H003,1742-6,2026-07-24 10:53:29,2026-07-24 11:18:29,2026-07-24 12:42:29,Routine,151.573,,L,0,2026-07-24 12:47:29
LAB00163182,,MRN27483313,DR00194,H002-D04,H002,2075-0,2026-07-24 07:53:29,2026-07-24 08:11:29,2026-07-24 08:59:29,STAT,46.826,,H,0,2026-07-24 09:04:29
LAB00163183,,MRN39145350,DR00049,H003-D09,H003,2075-0,2026-07-07 03:24:39,2026-07-07 03:53:39,2026-07-07 06:23:39,Routine,13.973,,N,0,2026-07-07 06:28:39
LAB00163184,,MRN39145350,DR00062,H002-D08,H002,10839-9,2026-07-07 12:24:39,2026-07-07 13:07:39,2026-07-07 14:30:39,Routine,31.581,,H,0,2026-07-07 14:35:39
LAB00163185,,MRN34822383,DR00216,H003-D08,H003,30934-4,2026-07-17 09:04:16,2026-07-17 09:47:16,2026-07-17 11:12:16,Routine,48.623,,HH,0,2026-07-17 11:17:16
LAB00163186,,MRN34822383,DR00170,H003-D02,H003,718-7,2026-07-17 01:04:16,2026-07-17 02:01:16,2026-07-17 04:46:16,Routine,53.562,,HH,0,2026-07-17 04:51:16
LAB00163187,,MRN34822383,DR00112,H001-D08,H001,6690-2,2026-07-15 16:04:16,2026-07-15 17:11:16,2026-07-15 19:12:16,Routine,124.675,,L,0,2026-07-15 19:17:16
LAB00163188,,MRN27447346,DR00083,H001-D05,H001,4548-4,2026-07-30 08:47:04,2026-07-30 09:54:04,2026-07-30 10:47:04,Routine,29.838,,L,0,2026-07-30 10:52:04
LAB00163189,,MRN43811682,DR00030,H003-D05,H003,2075-0,2026-08-06 13:57:31,2026-08-06 15:01:31,2026-08-06 17:54:31,Routine,51.465,,N,0,2026-08-06 17:59:31
LAB00163190,,MRN76216759,DR00025,H004-D03,H004,5811-5,2025-11-28 23:20:08,2025-11-29 00:18:08,2025-11-29 01:05:08,Routine,124.233,,H,0,2025-11-29 01:10:08
LAB00163191,,MRN10882951,DR00213,H003-D02,H003,5811-5,2025-07-13 05:46:20,2025-07-13 07:05:20,2025-07-13 07:45:20,Routine,63.605,,H,0,2025-07-13 07:50:20
LAB00163192,,MRN10882951,DR00134,H002-D01,H002,2093-3,2025-07-12 11:46:20,2025-07-12 12:21:20,2025-07-12 14:51:20,Routine,163.249,,L,0,2025-07-12 14:56:20
LAB00163193,,MRN10882951,DR00209,H001-D09,H001,1920-8,2025-07-12 04:46:20,2025-07-12 05:48:20,2025-07-12 09:57:20,Routine,193.813,,HH,0,2025-07-12 10:02:20
LAB00163194,,MRN98943218,DR00009,H003-D02,H003,1742-6,2026-08-17 14:22:46,2026-08-17 15:35:46,2026-08-17 16:18:46,Routine,113.758,,H,0,2026-08-17 16:23:46
LAB00163195,,MRN58142997,DR00137,H002-D04,H002,2075-0,2026-08-09 11:30:23,2026-08-09 12:33:23,2026-08-09 13:29:23,Routine,68.431,,H,0,2026-08-09 13:34:23
LAB00163196,,MRN58142997,DR00178,H001-D02,H001,4548-4,2026-08-08 21:30:23,2026-08-08 22:40:23,2026-08-08 23:35:23,Routine,150.711,,H,0,2026-08-08 23:40:23
LAB00163197,,MRN20065543,DR00055,H002-D06,H002,2951-2,2026-08-31 01:03:21,2026-08-31 01:40:21,2026-08-31 04:35:21,Routine,59.032,,H,0,2026-08-31 04:40:21
LAB00163198,,MRN20065543,DR00068,H003-D07,H003,3094-0,2026-09-01 04:03:21,2026-09-01 04:16:21,2026-09-01 05:13:21,Routine,191.045,,HH,0,2026-09-01 05:18:21
LAB00163199,,MRN59538852,DR00137,H001-D03,H001,600-7,2026-07-20 07:05:31,2026-07-20 08:33:31,2026-07-20 13:29:31,STAT,,,L,0,2026-07-20 13:34:31
LAB00163200,,MRN59538852,DR00145,H001-D08,H001,6301-6,2026-07-21 03:05:31,2026-07-21 03:35:31,2026-07-21 07:03:31,Routine,121.208,,HH,0,2026-07-21 07:08:31
LAB00163201,,MRN91257323,DR00044,H003-D03,H003,2075-0,2026-08-12 10:29:27,2026-08-12 10:40:27,2026-08-12 14:07:27,Routine,102.197,,L,0,2026-08-12 14:12:27
LAB00163202,,MRN91257323,DR00088,H002-D02,H002,2075-0,2026-08-12 21:29:27,2026-08-12 22:15:27,2026-08-13 01:04:27,Routine,31.616,,L,0,2026-08-13 01:09:27
LAB00163203,,MRN62337170,DR00086,H001-D10,H001,30934-4,2026-07-11 04:00:20,2026-07-11 04:27:20,2026-07-11 06:02:20,STAT,136.03,,HH,0,2026-07-11 06:07:20
LAB00163204,,MRN62337170,DR00086,H001-D10,H001,630-4,2026-07-11 22:00:20,2026-07-11 22:10:20,2026-07-11 23:04:20,Routine,,,N,0,2026-07-11 23:09:20
LAB00163205,,MRN62337170,DR00007,H001-D03,H001,10839-9,2026-07-10 21:00:20,2026-07-10 22:17:20,2026-07-11 01:35:20,Routine,117.037,,H,0,2026-07-11 01:40:20
LAB00163206,,MRN76539349,DR00238,H003-D07,H003,600-7,2026-09-01 04:47:09,2026-09-01 06:12:09,2026-09-01 09:02:09,Routine,,,HH,0,2026-09-01 09:07:09
LAB00163207,,MRN76539349,DR00098,H002-D10,H002,718-7,2026-09-01 12:47:09,2026-09-01 13:26:09,2026-09-01 15:29:09,Routine,186.888,,N,0,2026-09-01 15:34:09
LAB00163208,,MRN58948110,DR00182,H002-D04,H002,1988-5,2026-07-12 16:56:20,2026-07-12 17:50:20,2026-07-12 18:33:20,Routine,46.779,,HH,0,2026-07-12 18:38:20
LAB00163209,,MRN18135615,DR00223,H003-D10,H003,2951-2,2026-07-17 17:12:20,2026-07-17 17:55:20,2026-07-17 22:43:20,Routine,46.789,,HH,0,2026-07-17 22:48:20
LAB00163210,,MRN18135615,DR00139,H001-D08,H001,5902-2,2026-07-17 21:12:20,2026-07-17 21:47:20,2026-07-17 22:24:20,Routine,134.591,,HH,0,2026-07-17 22:29:20
LAB00163211,,MRN84724015,DR00089,H001-D09,H001,10839-9,2026-07-07 03:36:53,2026-07-07 03:47:53,2026-07-07 06:18:53,STAT,117.098,,HH,0,2026-07-07 06:23:53
LAB00163212,,MRN90600425,DR00125,H002-D01,H002,30934-4,2026-08-17 21:46:02,2026-08-17 23:03:02,2026-08-18 03:05:02,Routine,128.274,,N,0,2026-08-18 03:10:02
LAB00163213,,MRN90600425,DR00124,H004-D03,H004,5902-2,2026-08-16 15:46:02,2026-08-16 16:01:02,2026-08-16 20:08:02,Routine,34.067,,N,0,2026-08-16 20:13:02
LAB00163214,,MRN90600425,DR00085,H001-D05,H001,630-4,2026-08-17 23:46:02,2026-08-18 00:37:02,2026-08-18 03:02:02,Routine,,,N,0,2026-08-18 03:07:02
LAB00163215,,MRN53506320,DR00030,H003-D08,H003,1742-6,2026-07-31 00:33:25,2026-07-31 01:07:25,2026-07-31 03:13:25,Routine,165.121,,H,0,2026-07-31 03:18:25
LAB00163216,,MRN53506320,DR00057,H003-D10,H003,2345-7,2026-07-30 07:33:25,2026-07-30 08:23:25,2026-07-30 11:28:25,Routine,86.71,,H,0,2026-07-30 11:33:25
LAB00163217,,MRN53506320,DR00195,H002-D09,H002,2823-3,2026-07-30 18:33:25,2026-07-30 19:25:25,2026-07-30 20:12:25,STAT,63.322,,L,0,2026-07-30 20:17:25
LAB00163218,,MRN22842169,DR00033,H002-D02,H002,2075-0,2026-07-31 02:26:09,2026-07-31 02:43:09,2026-07-31 06:26:09,Routine,87.684,,HH,0,2026-07-31 06:31:09
LAB00163219,,MRN48965527,DR00075,H001-D09,H001,6690-2,2026-08-10 11:49:45,2026-08-10 13:01:45,2026-08-10 17:37:45,Routine,33.361,,L,0,2026-08-10 17:42:45
LAB00163220,,MRN75532387,DR00236,H002-D09,H002,718-7,2026-07-06 16:45:32,2026-07-06 17:32:32,2026-07-06 19:04:32,Routine,181.642,,HH,0,2026-07-06 19:09:32
LAB00163221,,MRN75532387,DR00116,H002-D08,H002,1742-6,2026-07-07 18:45:32,2026-07-07 19:18:32,2026-07-07 20:23:32,STAT,80.719,,N,0,2026-07-07 20:28:32
LAB00163222,,MRN18953451,DR00091,H002-D07,H002,5902-2,2026-08-24 14:21:47,2026-08-24 15:45:47,2026-08-24 16:48:47,STAT,148.516,,H,0,2026-08-24 16:53:47
LAB00163223,,MRN18953451,DR00117,H003-D04,H003,2823-3,2026-08-23 01:21:47,2026-08-23 02:25:47,2026-08-23 05:50:47,Routine,105.864,,H,0,2026-08-23 05:55:47
LAB00163224,,MRN18953451,DR00098,H001-D10,H001,6690-2,2026-08-23 13:21:47,2026-08-23 13:33:47,2026-08-23 17:45:47,Routine,31.116,,N,0,2026-08-23 17:50:47
LAB00163225,,MRN68310301,DR00016,H004-D03,H004,4544-3,2026-08-28 02:46:25,2026-08-28 04:00:25,2026-08-28 05:52:25,Routine,7.61,,N,0,2026-08-28 05:57:25
LAB00163226,,MRN68310301,DR00029,H002-D03,H002,1975-2,2026-08-27 13:46:25,2026-08-27 14:38:25,2026-08-27 17:26:25,Routine,193.607,,N,0,2026-08-27 17:31:25
LAB00163227,,MRN33791632,DR00195,H002-D03,H002,718-7,2026-07-06 01:50:06,2026-07-06 02:30:06,2026-07-06 06:20:06,Routine,51.52,,H,0,2026-07-06 06:25:06
LAB00163228,,MRN76659290,DR00003,H002-D02,H002,10839-9,2026-08-22 10:44:47,2026-08-22 12:12:47,2026-08-22 15:55:47,STAT,122.043,,H,0,2026-08-22 16:00:47
LAB00163229,,MRN76659290,DR00153,H001-D04,H001,2075-0,2026-08-22 10:44:47,2026-08-22 11:42:47,2026-08-22 16:34:47,Routine,154.2,,HH,0,2026-08-22 16:39:47
LAB00163230,,MRN76659290,DR00121,H002-D04,H002,2085-9,2026-08-23 07:44:47,2026-08-23 08:50:47,2026-08-23 09:35:47,STAT,172.158,,L,0,2026-08-23 09:40:47
LAB00163231,,MRN68680402,DR00093,H001-D05,H001,6690-2,2026-07-19 21:55:14,2026-07-19 22:00:14,2026-07-20 02:41:14,Routine,28.891,,HH,0,2026-07-20 02:46:14
LAB00163232,,MRN68680402,DR00192,H002-D08,H002,6301-6,2026-07-18 21:55:14,2026-07-18 23:10:14,2026-07-19 01:23:14,Routine,90.101,,L,0,2026-07-19 01:28:14
LAB00163233,,MRN68680402,DR00165,H002-D02,H002,777-3,2026-07-19 23:55:14,2026-07-20 01:13:14,2026-07-20 04:42:14,Routine,188.662,,H,0,2026-07-20 04:47:14
LAB00163234,,MRN94319460,DR00034,H002-D07,H002,1988-5,2026-07-04 01:58:28,2026-07-04 02:14:28,2026-07-04 03:31:28,Routine,104.263,,N,0,2026-07-04 03:36:28
LAB00163235,,MRN94319460,DR00178,H003-D06,H003,10839-9,2026-07-04 05:58:28,2026-07-04 07:22:28,2026-07-04 09:00:28,Routine,6.879,,H,0,2026-07-04 09:05:28
LAB00163236,,MRN94319460,DR00170,H002-D07,H002,4548-4,2026-07-05 01:58:28,2026-07-05 02:32:28,2026-07-05 06:26:28,STAT,95.333,,N,0,2026-07-05 06:31:28
LAB00163237,,MRN71279645,DR00119,H002-D05,H002,3016-3,2026-08-14 07:36:30,2026-08-14 08:20:30,2026-08-14 12:54:30,Routine,40.243,,HH,0,2026-08-14 12:59:30
LAB00163238,,MRN71279645,DR00012,H001-D05,H001,2345-7,2026-08-15 22:36:30,2026-08-15 23:40:30,2026-08-16 03:29:30,STAT,44.961,,N,0,2026-08-16 03:34:30
LAB00163239,,MRN71279645,DR00176,H002-D07,H002,1988-5,2026-08-15 09:36:30,2026-08-15 09:59:30,2026-08-15 13:42:30,Routine,81.995,,HH,0,2026-08-15 13:47:30
LAB00163240,,MRN51569676,DR00017,H001-D09,H001,5811-5,2026-07-13 04:15:45,2026-07-13 04:51:45,2026-07-13 05:22:45,Routine,147.171,,HH,0,2026-07-13 05:27:45
LAB00163241,,MRN51569676,DR00191,H001-D05,H001,600-7,2026-07-12 22:15:45,2026-07-12 22:39:45,2026-07-12 23:09:45,Routine,,,N,0,2026-07-12 23:14:45
LAB00163242,,MRN51569676,DR00202,H001-D08,H001,2345-7,2026-07-12 04:15:45,2026-07-12 04:27:45,2026-07-12 05:00:45,Routine,41.734,,H,0,2026-07-12 05:05:45
LAB00163243,,MRN59459688,DR00082,H002-D05,H002,1988-5,2026-07-06 03:41:46,2026-07-06 03:50:46,2026-07-06 05:59:46,Routine,28.329,,H,0,2026-07-06 06:04:46
LAB00163244,,MRN59459688,DR00173,H001-D02,H001,1920-8,2026-07-06 02:41:46,2026-07-06 03:23:46,2026-07-06 05:35:46,Routine,3.168,,H,0,2026-07-06 05:40:46
LAB00163245,,MRN81593545,DR00029,H003-D07,H003,718-7,2026-08-27 00:38:15,2026-08-27 00:50:15,2026-08-27 02:05:15,Routine,35.216,,H,0,2026-08-27 02:10:15
LAB00163246,,MRN81593545,DR00022,H001-D09,H001,6690-2,2026-08-27 01:38:15,2026-08-27 02:08:15,2026-08-27 03:39:15,STAT,186.761,,N,0,2026-08-27 03:44:15
LAB00163247,,MRN14446850,DR00100,H001-D09,H001,2093-3,2026-07-10 01:52:40,2026-07-10 03:04:40,2026-07-10 03:56:40,Routine,102.778,,HH,0,2026-07-10 04:01:40
LAB00163248,,MRN75776513,DR00019,H002-D10,H002,30934-4,2026-07-28 22:01:08,2026-07-28 22:46:08,2026-07-29 01:32:08,Routine,44.035,,HH,0,2026-07-29 01:37:08
LAB00163249,,MRN81093616,DR00224,H002-D08,H002,10839-9,2025-08-09 15:51:17,2025-08-09 16:10:17,2025-08-09 18:58:17,Routine,63.0,,L,0,2025-08-09 19:03:17
LAB00163250,,MRN81093616,DR00118,H001-D09,H001,10839-9,2025-08-11 06:51:17,2025-08-11 07:03:17,2025-08-11 09:04:17,Routine,89.128,,H,0,2025-08-11 09:09:17
LAB00163251,,MRN74281642,DR00007,H002-D05,H002,3016-3,2025-06-25 08:36:26,2025-06-25 08:54:26,2025-06-25 11:50:26,Routine,41.322,,HH,0,2025-06-25 11:55:26
LAB00163252,,MRN74281642,DR00127,H001-D07,H001,1920-8,2025-06-25 03:36:26,2025-06-25 04:56:26,2025-06-25 05:41:26,STAT,120.719,,H,0,2025-06-25 05:46:26
LAB00163253,,MRN74281642,DR00180,H003-D04,H003,2085-9,2025-06-25 00:36:26,2025-06-25 02:01:26,2025-06-25 02:32:26,STAT,93.879,,H,0,2025-06-25 02:37:26
LAB00163254,,MRN39736234,DR00007,H002-D10,H002,2093-3,2026-05-07 20:53:29,2026-05-07 21:55:29,2026-05-08 02:02:29,Routine,64.452,,L,0,2026-05-08 02:07:29
LAB00163255,,MRN39736234,DR00237,H002-D03,H002,3016-3,2026-05-07 17:53:29,2026-05-07 18:14:29,2026-05-07 22:11:29,STAT,136.319,,HH,0,2026-05-07 22:16:29
LAB00163256,,MRN86199244,DR00141,H002-D02,H002,2951-2,2026-08-18 05:35:35,2026-08-18 05:49:35,2026-08-18 06:16:35,Routine,128.939,,N,0,2026-08-18 06:21:35
LAB00163257,,MRN86199244,DR00155,H001-D10,H001,1742-6,2026-08-18 04:35:35,2026-08-18 04:55:35,2026-08-18 05:54:35,Routine,95.936,,H,0,2026-08-18 05:59:35
LAB00163258,,MRN86199244,DR00194,H002-D10,H002,LOCAL-777,2026-08-17 11:35:35,2026-08-17 12:48:35,2026-08-17 13:27:35,Routine,75.011,,L,0,2026-08-17 13:32:35
LAB00163259,,MRN58353818,DR00004,H001-D04,H001,2823-3,2026-08-20 05:52:26,2026-08-20 06:25:26,2026-08-20 08:00:26,Routine,101.959,,HH,0,2026-08-20 08:05:26
LAB00163260,,MRN93477978,DR00161,H003-D08,H003,2085-9,2026-07-29 10:21:07,2026-07-29 11:21:07,2026-07-29 13:25:07,STAT,159.256,,HH,0,2026-07-29 13:30:07
LAB00163261,,MRN10356290,DR00033,H001-D02,H001,2085-9,2026-08-15 05:16:13,2026-08-15 06:34:13,2026-08-15 10:37:13,STAT,130.472,,H,0,2026-08-15 10:42:13
LAB00163262,,MRN10356290,DR00155,H003-D05,H003,2075-0,2026-08-15 12:16:13,2026-08-15 13:17:13,2026-08-15 13:45:13,Routine,171.939,,N,0,2026-08-15 13:50:13
LAB00163263,,MRN10356290,DR00221,H001-D08,H001,777-3,2026-08-14 14:16:13,2026-08-14 14:54:13,2026-08-14 16:59:13,Routine,37.845,,N,0,2026-08-14 17:04:13
LAB00163264,,MRN44239697,DR00057,H003-D07,H003,2823-3,2026-07-11 02:26:30,2026-07-11 03:42:30,2026-07-11 07:15:30,Routine,69.03,,HH,0,2026-07-11 07:20:30
LAB00163265,,MRN70713280,DR00211,H001-D07,H001,3016-3,2026-07-05 19:27:40,2026-07-05 19:44:40,2026-07-06 00:21:40,Routine,128.05,,N,0,2026-07-06 00:26:40
LAB00163266,,MRN70713280,DR00211,H002-D10,H002,5902-2,2026-07-05 20:27:40,2026-07-05 21:34:40,2026-07-05 22:43:40,Routine,79.361,,HH,0,2026-07-05 22:48:40
LAB00163267,,MRN95693247,DR00226,H003-D09,H003,630-4,2026-07-13 15:36:33,2026-07-13 16:40:33,2026-07-13 17:19:33,Routine,,,H,0,2026-07-13 17:24:33
LAB00163268,,MRN24136251,DR00080,H003-D02,H003,2951-2,2026-07-13 09:58:50,2026-07-13 10:07:50,2026-07-13 14:22:50,Routine,20.148,,N,0,2026-07-13 14:27:50
LAB00163269,,MRN24136251,DR00087,H003-D01,H003,600-7,2026-07-12 18:58:50,2026-07-12 19:57:50,2026-07-12 22:35:50,STAT,,,N,0,2026-07-12 22:40:50
LAB00163270,,MRN24136251,DR00226,H003-D04,H003,1742-6,2026-07-12 11:58:50,2026-07-12 13:18:50,2026-07-12 17:17:50,Routine,65.278,,N,0,2026-07-12 17:22:50
LAB00163271,,MRN48436699,DR00135,H003-D05,H003,1742-6,2026-08-26 00:42:49,2026-08-26 01:56:49,2026-08-26 03:14:49,Routine,123.771,,H,0,2026-08-26 03:19:49
LAB00163272,,MRN78268980,DR00208,H001-D03,H001,5902-2,2026-08-21 02:59:18,2026-08-21 03:35:18,2026-08-21 05:49:18,STAT,106.812,,HH,0,2026-08-21 05:54:18
LAB00163273,,MRN78268980,DR00089,H003-D08,H003,2075-0,2026-08-20 23:59:18,2026-08-21 00:20:18,2026-08-21 04:10:18,Routine,163.998,,HH,0,2026-08-21 04:15:18
LAB00163274,,MRN78268980,DR00013,H004-D10,H004,2160-0,2026-08-20 20:59:18,2026-08-20 22:25:18,2026-08-21 02:35:18,Routine,44.487,,L,0,2026-08-21 02:40:18
LAB00163275,,MRN96799324,DR00041,H001-D07,H001,10839-9,2026-07-20 05:57:45,2026-07-20 06:54:45,2026-07-20 07:48:45,Routine,69.099,,L,0,2026-07-20 07:53:45
LAB00163276,,MRN96799324,DR00196,H002-D03,H002,2075-0,2026-07-20 21:57:45,2026-07-20 23:16:45,2026-07-21 00:51:45,Routine,56.196,,N,0,2026-07-21 00:56:45
LAB00163277,,MRN96799324,DR00042,H004-D03,H004,6690-2,2026-07-21 03:57:45,2026-07-21 05:11:45,2026-07-21 08:07:45,Routine,166.589,,HH,0,2026-07-21 08:12:45
LAB00163278,,MRN26472968,DR00126,H002-D02,H002,1920-8,2026-08-21 09:52:37,2026-08-21 10:29:37,2026-08-21 10:51:37,STAT,152.925,,HH,0,2026-08-21 10:56:37
LAB00163279,,MRN26472968,DR00162,H002-D06,H002,2160-0,2026-08-21 03:52:37,2026-08-21 04:38:37,2026-08-21 08:28:37,Routine,19.952,,N,0,2026-08-21 08:33:37
LAB00163280,,MRN26472968,DR00206,H001-D06,H001,5902-2,2026-08-21 13:52:37,2026-08-21 14:16:37,2026-08-21 18:49:37,Routine,94.541,,HH,0,2026-08-21 18:54:37
LAB00163281,,MRN13597407,DR00054,H002-D08,H002,3016-3,2026-08-05 04:29:21,2026-08-05 05:49:21,2026-08-05 06:31:21,Routine,85.483,,N,0,2026-08-05 06:36:21
LAB00163282,,MRN13597407,DR00009,H001-D06,H001,1920-8,2026-08-05 22:29:21,2026-08-05 23:02:21,2026-08-06 03:18:21,Routine,185.809,,HH,0,2026-08-06 03:23:21
LAB00163283,,MRN36044539,DR00011,H001-D02,H001,777-3,2026-07-29 02:19:03,2026-07-29 03:35:03,2026-07-29 05:26:03,Routine,68.668,,N,0,2026-07-29 05:31:03
LAB00163284,,MRN36044539,DR00140,H003-D05,H003,2075-0,2026-07-29 05:19:03,2026-07-29 05:37:03,2026-07-29 07:24:03,STAT,161.968,,L,0,2026-07-29 07:29:03
LAB00163285,,MRN79110589,DR00212,H003-D03,H003,777-3,2026-08-08 13:45:42,2026-08-08 14:46:42,2026-08-08 17:52:42,STAT,169.936,,L,0,2026-08-08 17:57:42
LAB00163286,,MRN79110589,DR00150,H001-D05,H001,777-3,2026-08-08 05:45:42,2026-08-08 06:38:42,2026-08-08 09:54:42,Routine,39.238,,L,0,2026-08-08 09:59:42
LAB00163287,,MRN79110589,DR00050,H003-D02,H003,2951-2,2026-08-08 05:45:42,2026-08-08 06:09:42,2026-08-08 08:18:42,Routine,7.813,,L,0,2026-08-08 08:23:42
LAB00163288,,MRN22000894,DR00116,H001-D06,H001,1988-5,2026-08-26 07:27:07,2026-08-26 08:34:07,2026-08-26 12:47:07,Routine,118.179,,H,0,2026-08-26 12:52:07
LAB00163289,,MRN22000894,DR00025,H002-D04,H002,10839-9,2026-08-25 23:27:07,2026-08-25 23:53:07,2026-08-26 00:21:07,Routine,48.307,,HH,0,2026-08-26 00:26:07
LAB00163290,,MRN65876053,DR00060,H002-D10,H002,2075-0,2026-08-26 13:04:14,2026-08-26 13:46:14,2026-08-26 16:09:14,Routine,26.297,,N,0,2026-08-26 16:14:14
LAB00163291,,MRN38790244,DR00132,H001-D04,H001,5811-5,2026-07-11 09:10:38,2026-07-11 09:18:38,2026-07-11 10:37:38,Routine,157.674,,H,0,2026-07-11 10:42:38
LAB00163292,,MRN38790244,DR00215,H003-D08,H003,6690-2,2026-07-10 14:10:38,2026-07-10 14:51:38,2026-07-10 17:37:38,Routine,173.957,,H,0,2026-07-10 17:42:38
LAB00163293,,MRN38790244,DR00041,H002-D04,H002,4544-3,2026-07-10 04:10:38,2026-07-10 04:43:38,2026-07-10 06:50:38,Routine,11.819,,H,0,2026-07-10 06:55:38
LAB00163294,,MRN78414913,DR00239,H003-D03,H003,630-4,2026-08-19 01:42:04,2026-08-19 02:28:04,2026-08-19 05:05:04,STAT,,,HH,0,2026-08-19 05:10:04
LAB00163295,,MRN78414913,DR00168,H002-D07,H002,5902-2,2026-08-18 23:42:04,2026-08-19 00:31:04,2026-08-19 03:57:04,Routine,159.199,,H,0,2026-08-19 04:02:04
LAB00163296,,MRN66786189,DR00140,H002-D07,H002,630-4,2026-08-09 09:41:17,2026-08-09 10:46:17,2026-08-09 15:13:17,STAT,,,N,0,2026-08-09 15:18:17
LAB00163297,,MRN66786189,DR00090,H003-D06,H003,4544-3,2026-08-09 11:41:17,2026-08-09 12:39:17,2026-08-09 15:36:17,Routine,177.43,,HH,0,2026-08-09 15:41:17
LAB00163298,,MRN66786189,DR00080,H002-D04,H002,6301-6,2026-08-08 10:41:17,2026-08-08 11:44:17,2026-08-08 12:43:17,STAT,24.489,,H,0,2026-08-08 12:48:17
LAB00163299,,MRN29839318,DR00105,H002-D03,H002,5811-5,2026-08-14 20:08:44,2026-08-14 21:24:44,2026-08-15 00:11:44,Routine,122.978,,N,0,2026-08-15 00:16:44
LAB00163300,,MRN29839318,DR00155,H003-D08,H003,600-7,2026-08-14 08:08:44,2026-08-14 09:20:44,2026-08-14 10:49:44,Routine,,,N,0,2026-08-14 10:54:44
LAB00163301,,MRN29839318,DR00165,H003-D06,H003,5811-5,2026-08-13 20:08:44,2026-08-13 21:18:44,2026-08-14 00:03:44,STAT,172.641,,H,0,2026-08-14 00:08:44
LAB00163302,,MRN16293347,DR00004,H003-D03,H003,2093-3,2026-07-05 08:57:57,2026-07-05 09:41:57,2026-07-05 10:15:57,STAT,178.934,,L,0,2026-07-05 10:20:57
LAB00163303,,MRN33003923,DR00009,H001-D02,H001,5902-2,2026-08-25 13:49:59,2026-08-25 13:58:59,2026-08-25 14:49:59,Routine,68.165,,N,0,2026-08-25 14:54:59
LAB00163304,,MRN50672953,DR00044,H003-D05,H003,2160-0,2026-07-07 19:12:52,2026-07-07 19:52:52,2026-07-07 23:16:52,Routine,198.9,,H,0,2026-07-07 23:21:52
LAB00163305,,MRN37210004,DR00214,H002-D04,H002,630-4,2026-07-09 16:02:14,2026-07-09 16:59:14,2026-07-09 20:48:14,Routine,,,H,0,2026-07-09 20:53:14
LAB00163306,,MRN37210004,DR00021,H002-D05,H002,1975-2,2026-07-08 07:02:14,2026-07-08 07:46:14,2026-07-08 10:38:14,Routine,46.262,,H,0,2026-07-08 10:43:14
LAB00163307,,MRN32513444,DR00230,H002-D04,H002,2823-3,2026-08-03 07:01:22,2026-08-03 07:43:22,2026-08-03 10:54:22,Routine,151.595,,L,0,2026-08-03 10:59:22
LAB00163308,,MRN32513444,DR00043,H003-D03,H003,630-4,2026-08-03 02:01:22,2026-08-03 02:52:22,2026-08-03 07:35:22,Routine,,,L,0,2026-08-03 07:40:22
LAB00163309,,MRN32513444,DR00085,H003-D01,H003,1975-2,2026-08-02 09:01:22,2026-08-02 09:24:22,2026-08-02 10:53:22,Routine,149.832,,L,0,2026-08-02 10:58:22
LAB00163310,,MRN19395946,DR00152,H004-D10,H004,3016-3,2026-08-28 19:37:43,2026-08-28 20:02:43,2026-08-29 00:55:43,Routine,89.87,,HH,0,2026-08-29 01:00:43
LAB00163311,,MRN19395946,DR00151,H002-D04,H002,2345-7,2026-08-28 12:37:43,2026-08-28 13:51:43,2026-08-28 18:34:43,STAT,38.9,,L,0,2026-08-28 18:39:43
LAB00163312,,MRN19395946,DR00016,H003-D03,H003,2093-3,2026-08-28 21:37:43,2026-08-28 21:45:43,2026-08-29 02:10:43,Routine,112.813,,HH,0,2026-08-29 02:15:43
LAB00163313,,MRN90424186,DR00099,H001-D05,H001,2093-3,2026-08-05 13:12:02,2026-08-05 13:18:02,2026-08-05 17:19:02,Routine,41.61,,H,0,2026-08-05 17:24:02
LAB00163314,,MRN90424186,DR00205,H004-D03,H004,718-7,2026-08-04 23:12:02,2026-08-05 00:37:02,2026-08-05 04:56:02,Routine,14.907,,N,0,2026-08-05 05:01:02
LAB00163315,,MRN90424186,DR00129,H003-D03,H003,718-7,2026-08-06 09:12:02,2026-08-06 10:24:02,2026-08-06 14:50:02,Routine,173.414,,H,0,2026-08-06 14:55:02
LAB00163316,,MRN34144569,DR00174,H002-D04,H002,630-4,2026-07-30 22:58:36,2026-07-30 23:07:36,2026-07-31 00:01:36,STAT,,,N,0,2026-07-31 00:06:36
LAB00163317,,MRN34144569,DR00146,H003-D01,H003,777-3,2026-07-31 20:58:36,2026-07-31 21:27:36,2026-08-01 00:25:36,STAT,144.521,,L,0,2026-08-01 00:30:36
LAB00163318,,MRN34144569,DR00006,H004-D03,H004,2951-2,2026-07-31 04:58:36,2026-07-31 05:22:36,2026-07-31 10:21:36,STAT,149.557,,H,0,2026-07-31 10:26:36
LAB00163319,,MRN24669190,DR00134,H001-D07,H001,777-3,2026-07-24 00:03:52,2026-07-24 00:12:52,2026-07-24 03:40:52,Routine,178.76,,HH,0,2026-07-24 03:45:52
LAB00163320,,MRN34437474,DR00188,H001-D03,H001,630-4,2026-07-09 09:04:14,2026-07-09 10:22:14,2026-07-09 14:22:14,Routine,,,L,0,2026-07-09 14:27:14
LAB00163321,,MRN34437474,DR00217,H003-D01,H003,3016-3,2026-07-08 16:04:14,2026-07-08 17:31:14,2026-07-08 18:19:14,Routine,67.184,,N,0,2026-07-08 18:24:14
LAB00163322,,MRN92546856,DR00124,H001-D02,H001,2160-0,2025-06-19 19:34:24,2025-06-19 20:05:24,2025-06-19 20:52:24,STAT,26.814,,N,0,2025-06-19 20:57:24
LAB00163323,,MRN92546856,DR00012,H001-D07,H001,2951-2,2025-06-19 20:34:24,2025-06-19 21:45:24,2025-06-19 23:08:24,Routine,109.458,,H,0,2025-06-19 23:13:24
LAB00163324,,MRN92546856,DR00240,H003-D10,H003,2075-0,2025-06-20 06:34:24,2025-06-20 08:02:24,2025-06-20 09:41:24,Routine,164.853,,HH,0,2025-06-20 09:46:24
LAB00163325,,MRN73787848,DR00219,H002-D04,H002,6690-2,2026-08-19 20:16:00,2026-08-19 21:19:00,2026-08-20 02:16:00,Routine,135.143,,N,0,2026-08-20 02:21:00
LAB00163326,,MRN30445742,DR00035,H001-D01,H001,2075-0,2025-06-01 03:11:31,2025-06-01 04:14:31,2025-06-01 05:47:31,Routine,59.117,,H,0,2025-06-01 05:52:31
LAB00163327,,MRN30445742,DR00091,H001-D02,H001,600-7,2025-05-31 05:11:31,2025-05-31 06:29:31,2025-05-31 06:53:31,Routine,,,N,0,2025-05-31 06:58:31
LAB00163328,,MRN19979913,DR00023,H001-D02,H001,600-7,2026-08-08 22:40:45,2026-08-08 23:53:45,2026-08-09 02:54:45,Routine,,,N,0,2026-08-09 02:59:45
LAB00163329,,MRN19979913,DR00118,H003-D04,H003,3094-0,2026-08-09 04:40:45,2026-08-09 05:04:45,2026-08-09 09:56:45,Routine,103.377,,HH,0,2026-08-09 10:01:45
LAB00163330,,MRN87321573,DR00076,H002-D04,H002,600-7,2026-07-13 09:08:17,2026-07-13 09:58:17,2026-07-13 14:22:17,Routine,,,N,0,2026-07-13 14:27:17
LAB00163331,,MRN87321573,DR00061,H003-D09,H003,1742-6,2026-07-13 13:08:17,2026-07-13 14:22:17,2026-07-13 18:39:17,Routine,109.571,,HH,0,2026-07-13 18:44:17
LAB00163332,,MRN94561604,DR00083,H003-D01,H003,5811-5,2026-08-12 14:38:39,2026-08-12 15:33:39,2026-08-12 15:53:39,Routine,74.275,,H,0,2026-08-12 15:58:39
LAB00163333,,MRN94561604,DR00073,H001-D05,H001,1988-5,2026-08-12 22:38:39,2026-08-12 22:52:39,2026-08-13 00:42:39,Routine,153.438,,HH,0,2026-08-13 00:47:39
LAB00163334,,MRN76925865,DR00233,H004-D10,H004,3094-0,2026-08-31 23:24:16,2026-08-31 23:41:16,2026-09-01 00:34:16,Routine,128.441,,L,0,2026-09-01 00:39:16
LAB00163335,,MRN76925865,DR00146,H002-D02,H002,2160-0,2026-09-02 07:24:16,2026-09-02 08:38:16,2026-09-02 13:30:16,Routine,174.541,,N,0,2026-09-02 13:35:16
LAB00163336,,MRN63073401,DR00212,H002-D07,H002,2093-3,2026-07-13 15:23:48,2026-07-13 16:27:48,2026-07-13 21:24:48,Routine,6.297,,N,0,2026-07-13 21:29:48
LAB00163337,,MRN63073401,DR00196,H003-D07,H003,5811-5,2026-07-15 03:23:48,2026-07-15 03:33:48,2026-07-15 07:28:48,STAT,159.802,,HH,0,2026-07-15 07:33:48
LAB00163338,,MRN63073401,DR00149,H004-D03,H004,4544-3,2026-07-15 00:23:48,2026-07-15 01:07:48,2026-07-15 01:43:48,Routine,100.593,,L,0,2026-07-15 01:48:48
LAB00163339,,MRN13824398,DR00043,H001-D10,H001,2823-3,2026-08-03 22:49:35,2026-08-03 23:03:35,2026-08-04 01:27:35,Routine,180.626,,N,0,2026-08-04 01:32:35
LAB00163340,,MRN13824398,DR00113,H002-D06,H002,2160-0,2026-08-03 21:49:35,2026-08-03 22:25:35,2026-08-04 02:53:35,Routine,95.441,,N,0,2026-08-04 02:58:35
LAB00163341,,MRN31399486,DR00050,H002-D09,H002,5811-5,2026-08-01 01:31:41,2026-08-01 01:52:41,2026-08-01 05:33:41,Routine,146.838,,H,0,2026-08-01 05:38:41
LAB00163342,,MRN31399486,DR00164,H001-D09,H001,1975-2,2026-08-01 21:31:41,2026-08-01 22:21:41,2026-08-02 02:39:41,Routine,102.207,,L,0,2026-08-02 02:44:41
LAB00163343,,MRN37181842,DR00239,H001-D09,H001,2951-2,2026-07-08 18:03:47,2026-07-08 18:29:47,2026-07-08 20:02:47,Routine,137.219,,H,0,2026-07-08 20:07:47
LAB00163344,,MRN81012020,DR00120,H001-D07,H001,10839-9,2026-08-09 01:18:55,2026-08-09 02:00:55,2026-08-09 06:24:55,Routine,196.273,,N,0,2026-08-09 06:29:55
LAB00163345,,MRN81012020,DR00212,H001-D06,H001,5811-5,2026-08-08 00:18:55,2026-08-08 00:23:55,2026-08-08 03:20:55,STAT,164.063,,L,0,2026-08-08 03:25:55
LAB00163346,,MRN81012020,DR00214,H004-D03,H004,1988-5,2026-08-08 03:18:55,2026-08-08 04:39:55,2026-08-08 08:34:55,Routine,145.675,,H,0,2026-08-08 08:39:55
LAB00163347,,MRN53098840,DR00098,H002-D08,H002,1920-8,2026-07-06 09:27:01,2026-07-06 09:36:01,2026-07-06 12:35:01,Routine,100.967,,N,0,2026-07-06 12:40:01
LAB00163348,,MRN53098840,DR00219,H003-D05,H003,3016-3,2026-07-07 10:27:01,2026-07-07 10:54:01,2026-07-07 13:00:01,STAT,72.267,,HH,0,2026-07-07 13:05:01
LAB00163349,,MRN53098840,DR00229,H002-D06,H002,1920-8,2026-07-08 02:27:01,2026-07-08 02:55:01,2026-07-08 03:59:01,Routine,110.617,,L,0,2026-07-08 04:04:01
LAB00163350,,MRN55379039,DR00085,H003-D04,H003,1975-2,2026-07-20 16:47:06,2026-07-20 17:22:06,2026-07-20 22:04:06,Routine,109.836,,HH,0,2026-07-20 22:09:06
LAB00163351,,MRN55379039,DR00148,H003-D02,H003,2085-9,2026-07-19 07:47:06,2026-07-19 08:12:06,2026-07-19 08:59:06,Routine,21.694,,H,0,2026-07-19 09:04:06
LAB00163352,,MRN55379039,DR00148,H001-D01,H001,2345-7,2026-07-19 03:47:06,2026-07-19 03:55:06,2026-07-19 04:48:06,Routine,35.843,,L,0,2026-07-19 04:53:06
LAB00163353,,MRN38870922,DR00073,H001-D07,H001,3016-3,2026-08-12 23:56:04,2026-08-13 00:07:04,2026-08-13 02:04:04,Routine,78.755,,HH,0,2026-08-13 02:09:04
LAB00163354,,MRN38870922,DR00216,H001-D05,H001,2085-9,2026-08-13 00:56:04,2026-08-13 02:06:04,2026-08-13 03:41:04,Routine,40.449,,L,0,2026-08-13 03:46:04
LAB00163355,,MRN60180686,DR00225,H001-D10,H001,6301-6,2026-08-11 01:45:27,2026-08-11 02:39:27,2026-08-11 07:00:27,Routine,51.443,,HH,0,2026-08-11 07:05:27
LAB00163356,,MRN26620399,DR00107,H003-D07,H003,2160-0,2026-08-09 19:07:48,2026-08-09 20:28:48,2026-08-09 23:57:48,STAT,25.896,,HH,0,2026-08-10 00:02:48
LAB00163357,,MRN48870408,DR00206,H004-D03,H004,1975-2,2026-07-20 22:37:16,2026-07-20 23:11:16,2026-07-20 23:37:16,STAT,176.652,,HH,0,2026-07-20 23:42:16
LAB00163358,,MRN54414086,DR00056,H003-D02,H003,1920-8,2026-07-08 17:55:23,2026-07-08 19:16:23,2026-07-08 20:06:23,STAT,72.947,,N,0,2026-07-08 20:11:23
LAB00163359,,MRN54414086,DR00154,H001-D07,H001,2345-7,2026-07-10 01:55:23,2026-07-10 03:01:23,2026-07-10 07:52:23,Routine,196.687,,L,0,2026-07-10 07:57:23
LAB00163360,,MRN86217346,DR00231,H003-D07,H003,1988-5,2026-07-08 02:47:35,2026-07-08 04:13:35,2026-07-08 08:15:35,Routine,122.967,,N,0,2026-07-08 08:20:35
LAB00163361,,MRN86217346,DR00168,H003-D06,H003,2345-7,2026-07-07 20:47:35,2026-07-07 20:57:35,2026-07-07 23:07:35,Routine,119.07,,H,0,2026-07-07 23:12:35
LAB00163362,,MRN86217346,DR00174,H002-D10,H002,630-4,2026-07-07 11:47:35,2026-07-07 13:07:35,2026-07-07 17:01:35,Routine,,,HH,0,2026-07-07 17:06:35
LAB00163363,,MRN23209924,DR00037,H001-D08,H001,5811-5,2025-11-22 08:29:08,2025-11-22 09:20:08,2025-11-22 09:58:08,Routine,56.152,,N,0,2025-11-22 10:03:08
LAB00163364,,MRN23209924,DR00130,H003-D08,H003,777-3,2025-11-22 20:29:08,2025-11-22 21:51:08,2025-11-23 01:33:08,Routine,26.237,,HH,0,2025-11-23 01:38:08
LAB00163365,,MRN23209924,DR00190,H002-D01,H002,5811-5,2025-11-23 17:29:08,2025-11-23 18:27:08,2025-11-23 21:26:08,STAT,34.988,,H,0,2025-11-23 21:31:08
LAB00163366,,MRN28718307,DR00235,H001-D08,H001,1988-5,2026-08-06 21:49:16,2026-08-06 22:09:16,2026-08-06 23:19:16,Routine,36.687,,HH,0,2026-08-06 23:24:16
LAB00163367,,MRN28718307,DR00185,H002-D05,H002,1988-5,2026-08-06 00:49:16,2026-08-06 01:03:16,2026-08-06 03:25:16,Routine,8.618,,L,0,2026-08-06 03:30:16
LAB00163368,,MRN40334575,DR00207,H002-D08,H002,3094-0,2026-07-16 20:57:06,2026-07-16 21:13:06,2026-07-17 01:27:06,Routine,142.446,,H,0,2026-07-17 01:32:06
LAB00163369,,MRN40334575,DR00195,H001-D09,H001,5811-5,2026-07-17 03:57:06,2026-07-17 05:22:06,2026-07-17 05:45:06,Routine,146.033,,HH,0,2026-07-17 05:50:06
LAB00163370,,MRN54333158,DR00162,H002-D05,H002,2160-0,2026-08-26 07:13:58,2026-08-26 07:28:58,2026-08-26 11:20:58,Routine,177.562,,HH,0,2026-08-26 11:25:58
LAB00163371,,MRN54333158,DR00115,H002-D03,H002,6301-6,2026-08-26 02:13:58,2026-08-26 03:31:58,2026-08-26 05:09:58,Routine,134.463,,L,0,2026-08-26 05:14:58
LAB00163372,,MRN76819403,DR00232,H001-D07,H001,4544-3,2026-07-25 10:17:26,2026-07-25 10:53:26,2026-07-25 14:17:26,Routine,143.214,,N,0,2026-07-25 14:22:26
LAB00163373,,MRN76819403,DR00048,H004-D10,H004,10839-9,2026-07-24 00:17:26,2026-07-24 01:17:26,2026-07-24 05:00:26,STAT,152.835,,N,0,2026-07-24 05:05:26
LAB00163374,,MRN15764288,DR00072,H003-D04,H003,5902-2,2026-07-16 01:07:01,2026-07-16 01:47:01,2026-07-16 03:11:01,Routine,73.314,,N,0,2026-07-16 03:16:01
LAB00163375,,MRN15764288,DR00228,H002-D03,H002,2075-0,2026-07-15 17:07:01,2026-07-15 17:41:01,2026-07-15 18:20:01,Routine,30.968,,L,0,2026-07-15 18:25:01
LAB00163376,,MRN15764288,DR00206,H002-D09,H002,2075-0,2026-07-16 17:07:01,2026-07-16 18:19:01,2026-07-16 21:38:01,Routine,30.588,,HH,0,2026-07-16 21:43:01
LAB00163377,,MRN68866300,DR00120,H003-D06,H003,3094-0,2026-08-21 14:20:28,2026-08-21 14:44:28,2026-08-21 19:10:28,Routine,109.422,,L,0,2026-08-21 19:15:28
LAB00163378,,MRN68866300,DR00050,H003-D05,H003,1988-5,2026-08-21 19:20:28,2026-08-21 19:56:28,2026-08-22 00:06:28,Routine,1.607,,H,0,2026-08-22 00:11:28
LAB00163379,,MRN58111897,DR00194,H003-D09,H003,88888-8,2026-08-07 21:38:09,2026-08-07 21:56:09,2026-08-08 01:48:09,Routine,,,L,0,2026-08-08 01:53:09
LAB00163380,,MRN58111897,DR00216,H002-D01,H002,2160-0,2026-08-09 06:38:09,2026-08-09 07:27:09,2026-08-09 12:26:09,Routine,122.829,,N,0,2026-08-09 12:31:09
LAB00163381,,MRN63142003,DR00081,H004-D10,H004,4544-3,2026-07-29 02:19:04,2026-07-29 03:39:04,2026-07-29 07:44:04,Routine,59.806,,HH,0,2026-07-29 07:49:04
LAB00163382,,MRN63142003,DR00007,H001-D02,H001,3094-0,2026-07-28 00:19:04,2026-07-28 01:35:04,2026-07-28 05:37:04,Routine,136.734,,L,0,2026-07-28 05:42:04
LAB00163383,,MRN63142003,DR00060,H001-D01,H001,2075-0,2026-07-27 21:19:04,2026-07-27 21:34:04,2026-07-28 00:40:04,Routine,55.75,,HH,0,2026-07-28 00:45:04
LAB00163384,,MRN62029641,DR00083,H001-D01,H001,3094-0,2025-11-08 13:28:50,2025-11-08 13:55:50,2025-11-08 15:24:50,Routine,25.745,,L,0,2025-11-08 15:29:50
LAB00163385,,MRN62029641,DR00044,H001-D09,H001,2345-7,2025-11-07 05:28:50,2025-11-07 05:34:50,2025-11-07 06:54:50,Routine,117.091,,N,0,2025-11-07 06:59:50
LAB00163386,,MRN62029641,DR00090,H003-D02,H003,1742-6,2025-11-07 17:28:50,2025-11-07 18:32:50,2025-11-07 22:46:50,Routine,157.871,,N,0,2025-11-07 22:51:50
LAB00163387,,MRN59135967,DR00166,H003-D06,H003,2085-9,2026-08-11 00:00:29,2026-08-11 00:35:29,2026-08-11 02:22:29,Routine,74.413,,L,0,2026-08-11 02:27:29
LAB00163388,,MRN59135967,DR00231,H002-D05,H002,2075-0,2026-08-10 13:00:29,2026-08-10 13:19:29,2026-08-10 17:51:29,STAT,53.084,,L,0,2026-08-10 17:56:29
LAB00163389,,MRN74219009,DR00017,H003-D06,H003,2160-0,2026-08-25 00:49:43,2026-08-25 02:02:43,2026-08-25 06:49:43,Routine,179.294,,L,0,2026-08-25 06:54:43
LAB00163390,,MRN71916958,DR00134,H002-D03,H002,2075-0,2026-02-26 05:59:57,2026-02-26 06:41:57,2026-02-26 08:33:57,Routine,105.544,,L,0,2026-02-26 08:38:57
LAB00163391,,MRN71916958,DR00049,H003-D04,H003,6690-2,2026-02-24 14:59:57,2026-02-24 16:26:57,2026-02-24 19:37:57,STAT,29.534,,H,0,2026-02-24 19:42:57
LAB00163392,,MRN71916958,DR00064,H004-D10,H004,1742-6,2026-02-25 16:59:57,2026-02-25 18:27:57,2026-02-25 21:20:57,Routine,66.539,,H,0,2026-02-25 21:25:57
LAB00163393,,MRN22004627,DR00165,H001-D09,H001,99999-9,2026-07-31 17:32:32,2026-07-31 18:27:32,2026-07-31 21:54:32,Routine,167.894,,HH,0,2026-07-31 21:59:32
LAB00163394,,MRN22004627,DR00148,H001-D07,H001,5902-2,2026-07-31 09:32:32,2026-07-31 10:23:32,2026-07-31 12:59:32,STAT,123.896,,HH,0,2026-07-31 13:04:32
LAB00163395,,MRN65446268,DR00088,H001-D01,H001,30934-4,2026-08-16 01:43:16,2026-08-16 01:52:16,2026-08-16 02:57:16,Routine,115.843,,H,0,2026-08-16 03:02:16
LAB00163396,,MRN39963292,DR00072,H002-D09,H002,10839-9,2026-08-17 01:27:06,2026-08-17 01:49:06,2026-08-17 06:00:06,Routine,17.755,,H,0,2026-08-17 06:05:06
LAB00163397,,MRN39963292,DR00214,H002-D08,H002,4544-3,2026-08-17 04:27:06,2026-08-17 04:56:06,2026-08-17 08:50:06,STAT,181.098,,HH,0,2026-08-17 08:55:06
LAB00163398,,MRN38803260,DR00240,H003-D04,H003,2345-7,2026-07-18 02:27:15,2026-07-18 03:15:15,2026-07-18 06:18:15,STAT,132.701,,H,0,2026-07-18 06:23:15
LAB00163399,,MRN68792858,DR00194,H002-D02,H002,5902-2,2026-08-24 19:22:46,2026-08-24 19:51:46,2026-08-24 20:46:46,Routine,141.591,,H,0,2026-08-24 20:51:46
LAB00163400,,MRN38251209,DR00140,H002-D06,H002,1988-5,2026-07-12 13:51:57,2026-07-12 15:17:57,2026-07-12 18:51:57,Routine,28.369,,H,0,2026-07-12 18:56:57
LAB00163401,,MRN38251209,DR00233,H003-D09,H003,1988-5,2026-07-11 22:51:57,2026-07-11 23:11:57,2026-07-12 02:32:57,Routine,142.73,,H,0,2026-07-12 02:37:57
LAB00163402,,MRN75025209,DR00025,H003-D06,H003,6301-6,2026-08-06 22:49:19,2026-08-06 23:14:19,2026-08-07 00:26:19,Routine,116.181,,HH,0,2026-08-07 00:31:19
LAB00163403,,MRN75025209,DR00232,H001-D02,H001,2093-3,2026-08-07 03:49:19,2026-08-07 05:16:19,2026-08-07 08:50:19,Routine,13.839,,L,0,2026-08-07 08:55:19
LAB00163404,,MRN93700450,DR00112,H002-D05,H002,1920-8,2026-07-20 08:45:51,2026-07-20 09:00:51,2026-07-20 11:07:51,Routine,37.631,,L,0,2026-07-20 11:12:51
LAB00163405,,MRN93700450,DR00210,H002-D02,H002,2085-9,2026-07-19 09:45:51,2026-07-19 10:22:51,2026-07-19 11:12:51,Routine,77.961,,H,0,2026-07-19 11:17:51
LAB00163406,,MRN50947583,DR00090,H002-D01,H002,6690-2,2026-07-12 22:54:13,2026-07-12 23:54:13,2026-07-13 03:21:13,Routine,103.478,,HH,0,2026-07-13 03:26:13
LAB00163407,,MRN36925512,DR00102,H002-D07,H002,5811-5,2026-08-20 04:48:38,2026-08-20 05:20:38,2026-08-20 06:00:38,Routine,156.85,,N,0,2026-08-20 06:05:38
LAB00163408,,MRN36925512,DR00060,H001-D07,H001,600-7,2026-08-19 10:48:38,2026-08-19 11:14:38,2026-08-19 15:27:38,Routine,,,HH,0,2026-08-19 15:32:38
LAB00163409,,MRN39198085,DR00212,H001-D04,H001,2160-0,2026-07-11 17:42:01,2026-07-11 18:48:01,2026-07-11 20:27:01,STAT,33.199,,HH,0,2026-07-11 20:32:01
LAB00163410,,MRN39198085,DR00088,H003-D08,H003,30934-4,2026-07-10 20:42:01,2026-07-10 21:21:01,2026-07-10 22:01:01,Routine,64.505,,L,0,2026-07-10 22:06:01
LAB00163411,,MRN39198085,DR00065,H003-D07,H003,1988-5,2026-07-10 18:42:01,2026-07-10 19:21:01,2026-07-10 20:52:01,Routine,128.513,,HH,0,2026-07-10 20:57:01
LAB00163412,,MRN24797052,DR00076,H003-D05,H003,1988-5,2026-08-18 13:33:52,2026-08-18 15:01:52,2026-08-18 16:38:52,Routine,191.329,,L,0,2026-08-18 16:43:52
LAB00163413,,MRN24797052,DR00079,H001-D02,H001,4548-4,2026-08-19 06:33:52,2026-08-19 07:23:52,2026-08-19 12:03:52,STAT,123.652,,HH,0,2026-08-19 12:08:52
LAB00163414,,MRN10822114,DR00098,H001-D03,H001,4548-4,2026-08-25 14:07:23,2026-08-25 15:34:23,2026-08-25 18:14:23,Routine,63.009,,N,0,2026-08-25 18:19:23
LAB00163415,,MRN60798062,DR00091,H003-D09,H003,2951-2,2026-08-28 14:48:52,2026-08-28 16:17:52,2026-08-28 18:21:52,STAT,65.325,,H,0,2026-08-28 18:26:52
LAB00163416,,MRN10845588,DR00181,H001-D03,H001,6690-2,2026-07-13 05:58:53,2026-07-13 07:02:53,2026-07-13 08:07:53,Routine,188.193,,H,0,2026-07-13 08:12:53
LAB00163417,,MRN10845588,DR00216,H001-D10,H001,4548-4,2026-07-12 23:58:53,2026-07-13 00:28:53,2026-07-13 02:34:53,STAT,28.982,,L,0,2026-07-13 02:39:53
LAB00163418,,MRN44683174,DR00223,H003-D02,H003,1975-2,2026-08-02 13:48:47,2026-08-02 14:30:47,2026-08-02 18:10:47,Routine,108.563,,HH,0,2026-08-02 18:15:47
LAB00163419,,MRN53244470,DR00190,H001-D10,H001,2160-0,2026-08-31 14:22:22,2026-08-31 15:48:22,2026-08-31 17:54:22,Routine,156.187,,N,0,2026-08-31 17:59:22
LAB00163420,,MRN53244470,DR00017,H001-D10,H001,6690-2,2026-08-31 12:22:22,2026-08-31 12:53:22,2026-08-31 14:45:22,Routine,82.572,,L,0,2026-08-31 14:50:22
LAB00163421,,MRN53244470,DR00163,H002-D04,H002,2075-0,2026-08-31 21:22:22,2026-08-31 21:33:22,2026-08-31 23:29:22,Routine,47.265,,HH,0,2026-08-31 23:34:22
LAB00163422,,MRN41649993,DR00117,H004-D03,H004,6690-2,2026-07-17 17:58:23,2026-07-17 18:21:23,2026-07-17 20:14:23,STAT,12.751,,H,0,2026-07-17 20:19:23
LAB00163423,,MRN41649993,DR00022,H003-D05,H003,2823-3,2026-07-18 05:58:23,2026-07-18 06:23:23,2026-07-18 07:47:23,Routine,72.344,,L,0,2026-07-18 07:52:23
LAB00163424,,MRN41649993,DR00106,H003-D02,H003,2085-9,2026-07-17 06:58:23,2026-07-17 07:46:23,2026-07-17 10:01:23,Routine,10.876,,L,0,2026-07-17 10:06:23
LAB00163425,,MRN94195192,DR00182,H003-D07,H003,777-3,2026-07-05 03:36:40,2026-07-05 04:14:40,2026-07-05 07:51:40,Routine,73.865,,HH,0,2026-07-05 07:56:40
LAB00163426,,MRN17571619,DR00079,H002-D06,H002,1742-6,2026-08-27 23:31:29,2026-08-28 00:59:29,2026-08-28 03:13:29,STAT,125.896,,L,0,2026-08-28 03:18:29
LAB00163427,,MRN10231458,DR00011,H003-D05,H003,5902-2,2026-07-30 05:43:51,2026-07-30 06:23:51,2026-07-30 09:21:51,Routine,107.747,,L,0,2026-07-30 09:26:51
LAB00163428,,MRN10231458,DR00198,H002-D03,H002,1988-5,2026-07-30 08:43:51,2026-07-30 09:00:51,2026-07-30 13:32:51,Routine,20.546,,H,0,2026-07-30 13:37:51
LAB00163429,,MRN10231458,DR00105,H002-D02,H002,6301-6,2026-07-30 14:43:51,2026-07-30 15:29:51,2026-07-30 16:40:51,STAT,12.763,,N,0,2026-07-30 16:45:51
LAB00163430,,MRN79740006,DR00167,H002-D02,H002,10839-9,2026-08-28 12:37:12,2026-08-28 13:10:12,2026-08-28 13:30:12,Routine,112.914,,HH,0,2026-08-28 13:35:12
LAB00163431,,MRN79740006,DR00224,H002-D10,H002,630-4,2026-08-29 01:37:12,2026-08-29 02:43:12,2026-08-29 03:30:12,Routine,,,H,0,2026-08-29 03:35:12
LAB00163432,,MRN79740006,DR00172,H002-D06,H002,1975-2,2026-08-28 20:37:12,2026-08-28 21:45:12,2026-08-29 01:45:12,Routine,103.643,,HH,0,2026-08-29 01:50:12
LAB00163433,,MRN61864193,DR00096,H003-D05,H003,2093-3,2026-07-26 19:00:15,2026-07-26 19:14:15,2026-07-26 22:46:15,STAT,20.101,,L,0,2026-07-26 22:51:15
LAB00163434,,MRN61864193,DR00057,H003-D05,H003,1742-6,2026-07-27 00:00:15,2026-07-27 01:00:15,2026-07-27 05:59:15,STAT,57.708,,N,0,2026-07-27 06:04:15
LAB00163435,,MRN17810551,DR00179,H001-D01,H001,5811-5,2026-08-10 05:42:09,2026-08-10 06:05:09,2026-08-10 06:50:09,Routine,22.43,,HH,0,2026-08-10 06:55:09
LAB00163436,,MRN17810551,DR00053,H002-D06,H002,30934-4,2026-08-11 07:42:09,2026-08-11 08:13:09,2026-08-11 09:41:09,Routine,85.456,,N,0,2026-08-11 09:46:09
LAB00163437,,MRN17810551,DR00154,H002-D10,H002,5902-2,2026-08-10 21:42:09,2026-08-10 21:49:09,2026-08-10 23:55:09,Routine,23.696,,N,0,2026-08-11 00:00:09
LAB00163438,,MRN36717767,DR00065,H001-D05,H001,630-4,2026-08-06 01:35:07,2026-08-06 01:52:07,2026-08-06 04:38:07,Routine,,,N,0,2026-08-06 04:43:07
LAB00163439,,MRN36717767,DR00091,H003-D04,H003,1975-2,2026-08-05 04:35:07,2026-08-05 05:28:07,2026-08-05 06:33:07,Routine,72.179,,N,0,2026-08-05 06:38:07
LAB00163440,,MRN82257897,DR00137,H002-D04,H002,2075-0,2026-07-20 13:46:06,2026-07-20 14:48:06,2026-07-20 18:14:06,Routine,191.85,,N,0,2026-07-20 18:19:06
LAB00163441,,MRN82257897,DR00195,H003-D05,H003,6301-6,2026-07-21 04:46:06,2026-07-21 05:02:06,2026-07-21 09:45:06,STAT,39.366,,L,0,2026-07-21 09:50:06
LAB00163442,,MRN85179694,DR00105,H003-D02,H003,2085-9,2026-08-11 08:39:31,2026-08-11 09:19:31,2026-08-11 12:47:31,STAT,70.297,,N,0,2026-08-11 12:52:31
LAB00163443,,MRN85179694,DR00201,H001-D01,H001,600-7,2026-08-11 15:39:31,2026-08-11 16:31:31,2026-08-11 18:49:31,STAT,,,L,0,2026-08-11 18:54:31
LAB00163444,,MRN35221568,DR00016,H003-D01,H003,3016-3,2026-08-15 08:11:48,2026-08-15 08:43:48,2026-08-15 11:34:48,STAT,102.641,,N,0,2026-08-15 11:39:48
LAB00163445,,MRN35221568,DR00231,H003-D10,H003,1975-2,2026-08-15 05:11:48,2026-08-15 05:39:48,2026-08-15 06:28:48,Routine,8.421,,H,0,2026-08-15 06:33:48
LAB00163446,,MRN35221568,DR00187,H001-D02,H001,1920-8,2026-08-15 23:11:48,2026-08-15 23:38:48,2026-08-16 00:26:48,STAT,61.017,,N,0,2026-08-16 00:31:48
LAB00163447,,MRN85457582,DR00141,H001-D07,H001,1975-2,2026-07-08 08:24:54,2026-07-08 09:05:54,2026-07-08 11:44:54,Routine,39.358,,H,0,2026-07-08 11:49:54
LAB00163448,,MRN51447144,DR00188,H002-D02,H002,2075-0,2026-07-28 21:54:25,2026-07-28 22:00:25,2026-07-28 23:44:25,Routine,176.659,,H,0,2026-07-28 23:49:25
LAB00163449,,MRN51447144,DR00221,H001-D07,H001,2085-9,2026-07-30 02:54:25,2026-07-30 04:21:25,2026-07-30 05:31:25,Routine,47.55,,N,0,2026-07-30 05:36:25
LAB00163450,,MRN48744989,DR00201,H002-D10,H002,5902-2,2026-08-16 12:29:37,2026-08-16 13:14:37,2026-08-16 18:01:37,Routine,189.504,,L,0,2026-08-16 18:06:37
LAB00163451,,MRN13650121,DR00079,H001-D05,H001,4548-4,2026-07-21 09:31:32,2026-07-21 09:44:32,2026-07-21 10:26:32,STAT,12.115,,HH,0,2026-07-21 10:31:32
LAB00163452,,MRN13650121,DR00168,H004-D10,H004,88888-8,2026-07-21 11:31:32,2026-07-21 11:40:32,2026-07-21 14:53:32,Routine,148.309,,H,0,2026-07-21 14:58:32
LAB00163453,,MRN13650121,DR00221,H002-D01,H002,10839-9,2026-07-21 15:31:32,2026-07-21 16:23:32,2026-07-21 18:19:32,Routine,86.907,,L,0,2026-07-21 18:24:32
LAB00163454,,MRN40549948,DR00197,H001-D05,H001,4548-4,2026-08-02 20:00:05,2026-08-02 20:17:05,2026-08-02 22:11:05,STAT,145.42,,N,0,2026-08-02 22:16:05
LAB00163455,,MRN40549948,DR00201,H001-D03,H001,5811-5,2026-08-03 00:00:05,2026-08-03 00:12:05,2026-08-03 04:52:05,Routine,95.045,,N,0,2026-08-03 04:57:05
LAB00163456,,MRN40549948,DR00162,H004-D10,H004,5902-2,2026-08-02 22:00:05,2026-08-02 22:10:05,2026-08-03 02:32:05,STAT,86.231,,N,0,2026-08-03 02:37:05
LAB00163457,,MRN75716580,DR00199,H002-D02,H002,777-3,2026-04-09 17:15:19,2026-04-09 17:23:19,2026-04-09 21:48:19,Routine,36.267,,N,0,2026-04-09 21:53:19
LAB00163458,,MRN75716580,DR00130,H001-D10,H001,4544-3,2026-04-08 22:15:19,2026-04-08 23:35:19,2026-04-09 02:06:19,Routine,49.446,,N,0,2026-04-09 02:11:19
LAB00163459,,MRN80793264,DR00206,H003-D07,H003,600-7,2026-08-13 23:41:44,2026-08-13 23:54:44,2026-08-14 04:53:44,Routine,,,HH,0,2026-08-14 04:58:44
LAB00163460,,MRN80793264,DR00045,H002-D08,H002,718-7,2026-08-14 21:41:44,2026-08-14 22:13:44,2026-08-15 00:43:44,Routine,88.017,,HH,0,2026-08-15 00:48:44
LAB00163461,,MRN80793264,DR00191,H001-D07,H001,600-7,2026-08-14 10:41:44,2026-08-14 11:50:44,2026-08-14 15:32:44,Routine,,,HH,0,2026-08-14 15:37:44
LAB00163462,,MRN21738337,DR00056,H003-D06,H003,6690-2,2026-08-13 04:17:15,2026-08-13 05:21:15,2026-08-13 07:56:15,Routine,151.701,,L,0,2026-08-13 08:01:15
LAB00163463,,MRN21738337,DR00191,H003-D10,H003,4548-4,2026-08-13 15:17:15,2026-08-13 15:47:15,2026-08-13 18:29:15,Routine,92.93,,H,0,2026-08-13 18:34:15
LAB00163464,,MRN21738337,DR00221,H004-D03,H004,1742-6,2026-08-13 22:17:15,2026-08-13 22:48:15,2026-08-13 23:21:15,Routine,126.311,,N,0,2026-08-13 23:26:15
LAB00163465,,MRN66986304,DR00135,H002-D07,H002,10839-9,2026-07-31 05:15:52,2026-07-31 05:21:52,2026-07-31 09:03:52,STAT,80.613,,HH,0,2026-07-31 09:08:52
LAB00163466,,MRN66986304,DR00208,H001-D07,H001,4548-4,2026-08-01 11:15:52,2026-08-01 12:36:52,2026-08-01 13:48:52,Routine,69.181,,L,0,2026-08-01 13:53:52
LAB00163467,,MRN84241299,DR00127,H004-D03,H004,718-7,2026-08-08 09:25:16,2026-08-08 10:37:16,2026-08-08 13:07:16,Routine,11.061,,L,0,2026-08-08 13:12:16
LAB00163468,,MRN33037876,DR00165,H001-D03,H001,4548-4,2026-07-28 04:11:08,2026-07-28 04:28:08,2026-07-28 05:40:08,Routine,85.992,,L,0,2026-07-28 05:45:08
LAB00163469,,MRN33037876,DR00166,H003-D01,H003,1975-2,2026-07-28 07:11:08,2026-07-28 07:23:08,2026-07-28 09:03:08,Routine,151.137,,H,0,2026-07-28 09:08:08
LAB00163470,,MRN76661479,DR00076,H002-D04,H002,10839-9,2026-07-27 22:17:44,2026-07-27 22:57:44,2026-07-28 00:26:44,STAT,137.087,,H,0,2026-07-28 00:31:44
LAB00163471,,MRN76661479,DR00100,H003-D09,H003,10839-9,2026-07-27 01:17:44,2026-07-27 01:26:44,2026-07-27 04:07:44,Routine,91.818,,L,0,2026-07-27 04:12:44
LAB00163472,,MRN64199818,DR00056,H002-D05,H002,1742-6,2026-08-19 18:56:11,2026-08-19 20:25:11,2026-08-19 23:02:11,Routine,47.57,,H,0,2026-08-19 23:07:11
LAB00163473,,MRN73911688,DR00190,H002-D06,H002,2823-3,2026-07-19 04:30:53,2026-07-19 05:34:53,2026-07-19 06:10:53,Routine,160.347,,N,0,2026-07-19 06:15:53
LAB00163474,,MRN73911688,DR00089,H002-D05,H002,3016-3,2026-07-17 17:30:53,2026-07-17 18:07:53,2026-07-17 22:23:53,Routine,75.229,,HH,0,2026-07-17 22:28:53
LAB00163475,,MRN73911688,DR00022,H004-D03,H004,2345-7,2026-07-18 00:30:53,2026-07-18 01:06:53,2026-07-18 03:48:53,Routine,192.857,,N,0,2026-07-18 03:53:53
LAB00163476,,MRN23039754,DR00091,H002-D10,H002,2075-0,2026-08-25 08:39:53,2026-08-25 09:58:53,2026-08-25 11:01:53,Routine,105.615,,N,0,2026-08-25 11:06:53
LAB00163477,,MRN23039754,DR00233,H003-D07,H003,718-7,2026-08-26 22:39:53,2026-08-26 23:25:53,2026-08-27 00:46:53,STAT,19.056,,HH,0,2026-08-27 00:51:53
LAB00163478,,MRN23039754,DR00166,H002-D06,H002,1988-5,2026-08-26 20:39:53,2026-08-26 21:53:53,2026-08-27 01:34:53,STAT,185.199,,L,0,2026-08-27 01:39:53
LAB00163479,,MRN51975590,DR00184,H002-D02,H002,630-4,2026-08-04 05:43:22,2026-08-04 06:13:22,2026-08-04 08:38:22,STAT,,,N,0,2026-08-04 08:43:22
LAB00163480,,MRN51975590,DR00173,H003-D07,H003,2093-3,2026-08-02 21:43:22,2026-08-02 22:19:22,2026-08-02 23:29:22,Routine,162.67,,H,0,2026-08-02 23:34:22
LAB00163481,,MRN51975590,DR00111,H001-D09,H001,6301-6,2026-08-04 07:43:22,2026-08-04 08:28:22,2026-08-04 12:21:22,Routine,174.982,,H,0,2026-08-04 12:26:22
LAB00163482,,MRN31414689,DR00204,H001-D07,H001,2093-3,2026-04-12 18:41:35,2026-04-12 20:01:35,2026-04-12 20:39:35,Routine,158.226,,L,0,2026-04-12 20:44:35
LAB00163483,,MRN51336218,DR00162,H002-D04,H002,4544-3,2026-07-04 16:27:07,2026-07-04 17:09:07,2026-07-04 17:30:07,STAT,49.14,,H,0,2026-07-04 17:35:07
LAB00163484,,MRN51336218,DR00018,H002-D03,H002,2951-2,2026-07-05 01:27:07,2026-07-05 02:34:07,2026-07-05 03:24:07,Routine,153.316,,L,0,2026-07-05 03:29:07
LAB00163485,,MRN51336218,DR00211,H003-D02,H003,10839-9,2026-07-04 13:27:07,2026-07-04 14:24:07,2026-07-04 17:27:07,Routine,85.418,,HH,0,2026-07-04 17:32:07
LAB00163486,,MRN45952806,DR00134,H004-D10,H004,718-7,2026-07-20 00:13:24,2026-07-20 01:25:24,2026-07-20 04:05:24,Routine,51.833,,HH,0,2026-07-20 04:10:24
LAB00163487,,MRN45952806,DR00012,H003-D10,H003,1920-8,2026-07-18 11:13:24,2026-07-18 11:27:24,2026-07-18 12:34:24,Routine,80.586,,N,0,2026-07-18 12:39:24
LAB00163488,,MRN45952806,DR00189,H003-D05,H003,2085-9,2026-07-18 22:13:24,2026-07-18 22:33:24,2026-07-19 01:06:24,Routine,37.165,,L,0,2026-07-19 01:11:24
LAB00163489,,MRN68790544,DR00119,H001-D07,H001,1920-8,2026-07-15 03:25:39,2026-07-15 04:19:39,2026-07-15 05:33:39,Routine,15.811,,HH,0,2026-07-15 05:38:39
LAB00163490,,MRN68790544,DR00103,H002-D01,H002,3016-3,2026-07-14 10:25:39,2026-07-14 11:41:39,2026-07-14 15:39:39,Routine,103.42,,L,0,2026-07-14 15:44:39
LAB00163491,,MRN68790544,DR00104,H002-D09,H002,718-7,2026-07-13 16:25:39,2026-07-13 17:02:39,2026-07-13 20:21:39,Routine,187.041,,N,0,2026-07-13 20:26:39
LAB00163492,,MRN14376824,DR00192,H003-D01,H003,4544-3,2026-07-19 09:03:49,2026-07-19 09:53:49,2026-07-19 14:49:49,Routine,60.238,,L,0,2026-07-19 14:54:49
LAB00163493,,MRN14376824,DR00060,H001-D03,H001,10839-9,2026-07-19 20:03:49,2026-07-19 21:12:49,2026-07-19 22:37:49,STAT,14.983,,L,0,2026-07-19 22:42:49
LAB00163494,,MRN14376824,DR00123,H003-D05,H003,2075-0,2026-07-19 06:03:49,2026-07-19 06:24:49,2026-07-19 10:02:49,Routine,180.461,,H,0,2026-07-19 10:07:49
LAB00163495,,MRN91257323,DR00234,H003-D03,H003,6301-6,2026-08-27 18:46:56,2026-08-27 19:54:56,2026-08-27 21:15:56,Routine,161.693,,H,0,2026-08-27 21:20:56
LAB00163496,,MRN91257323,DR00215,H001-D02,H001,99999-9,2026-08-29 03:46:56,2026-08-29 04:46:56,2026-08-29 09:01:56,Routine,64.582,,HH,0,2026-08-29 09:06:56
LAB00163497,,MRN70130249,DR00221,H001-D09,H001,777-3,2026-07-25 08:56:16,2026-07-25 10:09:16,2026-07-25 12:25:16,Routine,118.489,,HH,0,2026-07-25 12:30:16
LAB00163498,,MRN70130249,DR00195,H003-D04,H003,1988-5,2026-07-26 00:56:16,2026-07-26 01:43:16,2026-07-26 02:46:16,STAT,190.531,,H,0,2026-07-26 02:51:16
LAB00163499,,MRN13792387,DR00198,H002-D10,H002,1975-2,2026-07-25 13:13:38,2026-07-25 13:36:38,2026-07-25 17:32:38,Routine,64.274,,L,0,2026-07-25 17:37:38
LAB00163500,,MRN62264048,DR00119,H003-D06,H003,600-7,2025-09-04 12:07:33,2025-09-04 12:36:33,2025-09-04 13:16:33,Routine,,,N,0,2025-09-04 13:21:33
LAB00163501,,MRN59172974,DR00098,H001-D05,H001,4544-3,2026-07-15 11:29:57,2026-07-15 12:08:57,2026-07-15 14:23:57,Routine,151.617,,N,0,2026-07-15 14:28:57
LAB00163502,,MRN59172974,DR00124,H001-D08,H001,1742-6,2026-07-15 16:29:57,2026-07-15 16:36:57,2026-07-15 18:42:57,Routine,114.608,,L,0,2026-07-15 18:47:57
LAB00163503,,MRN59172974,DR00085,H002-D10,H002,3016-3,2026-07-16 02:29:57,2026-07-16 03:50:57,2026-07-16 06:29:57,Routine,48.607,,L,0,2026-07-16 06:34:57
LAB00163504,,MRN59413084,DR00125,H003-D03,H003,1742-6,2026-07-20 08:10:24,2026-07-20 09:39:24,2026-07-20 12:04:24,STAT,111.253,,HH,0,2026-07-20 12:09:24
LAB00163505,,MRN59413084,DR00233,H004-D10,H004,2951-2,2026-07-20 18:10:24,2026-07-20 18:53:24,2026-07-20 21:39:24,Routine,114.697,,L,0,2026-07-20 21:44:24
LAB00163506,,MRN59413084,DR00071,H002-D02,H002,5811-5,2026-07-20 07:10:24,2026-07-20 08:34:24,2026-07-20 10:59:24,Routine,78.972,,HH,0,2026-07-20 11:04:24
LAB00163507,,MRN12877925,DR00108,H003-D05,H003,1988-5,2026-07-07 19:51:59,2026-07-07 20:06:59,2026-07-08 01:04:59,Routine,34.5,,L,0,2026-07-08 01:09:59
LAB00163508,,MRN78530954,DR00079,H003-D05,H003,4548-4,2026-07-11 08:22:21,2026-07-11 08:33:21,2026-07-11 13:20:21,Routine,99.977,,HH,0,2026-07-11 13:25:21
LAB00163509,,MRN72397875,DR00126,H001-D02,H001,2085-9,2026-08-16 13:14:35,2026-08-16 13:31:35,2026-08-16 17:51:35,Routine,74.308,,H,0,2026-08-16 17:56:35
LAB00163510,,MRN72397875,DR00006,H002-D08,H002,99999-9,2026-08-17 01:14:35,2026-08-17 01:46:35,2026-08-17 05:03:35,Routine,28.485,,L,0,2026-08-17 05:08:35
LAB00163511,,MRN20511912,DR00096,H002-D01,H002,2093-3,2026-02-25 02:57:44,2026-02-25 03:48:44,2026-02-25 06:50:44,STAT,78.844,,H,0,2026-02-25 06:55:44
LAB00163512,,MRN81478776,DR00151,H002-D01,H002,4544-3,2026-07-15 07:21:07,2026-07-15 08:23:07,2026-07-15 10:28:07,Routine,43.221,,L,0,2026-07-15 10:33:07
LAB00163513,,MRN81478776,DR00176,H002-D04,H002,630-4,2026-07-15 23:21:07,2026-07-15 23:48:07,2026-07-16 04:10:07,Routine,,,N,0,2026-07-16 04:15:07
LAB00163514,,MRN27328422,DR00076,H003-D03,H003,1975-2,2026-04-06 20:05:25,2026-04-06 21:34:25,2026-04-06 23:42:25,Routine,171.546,,L,0,2026-04-06 23:47:25
LAB00163515,,MRN62896022,DR00031,H002-D07,H002,2823-3,2026-08-07 07:26:19,2026-08-07 08:43:19,2026-08-07 10:22:19,STAT,147.229,,H,0,2026-08-07 10:27:19
LAB00163516,,MRN63009482,DR00214,H002-D03,H002,2823-3,2026-07-20 23:17:46,2026-07-21 00:04:46,2026-07-21 01:38:46,Routine,163.29,,L,0,2026-07-21 01:43:46
LAB00163517,,MRN63009482,DR00014,H003-D05,H003,5811-5,2026-07-20 20:17:46,2026-07-20 20:55:46,2026-07-21 00:21:46,Routine,6.436,,HH,0,2026-07-21 00:26:46
LAB00163518,,MRN65810694,DR00117,H001-D04,H001,1742-6,2026-07-17 07:24:30,2026-07-17 08:14:30,2026-07-17 09:54:30,Routine,172.446,,N,0,2026-07-17 09:59:30
LAB00163519,,MRN25017137,DR00125,H002-D05,H002,2951-2,2026-08-12 09:33:21,2026-08-12 10:28:21,2026-08-12 11:33:21,Routine,16.524,,L,0,2026-08-12 11:38:21
LAB00163520,,MRN45051584,DR00143,H004-D03,H004,4544-3,2026-07-26 11:25:14,2026-07-26 12:13:14,2026-07-26 13:36:14,Routine,17.648,,L,0,2026-07-26 13:41:14
LAB00163521,,MRN45051584,DR00012,H001-D08,H001,2075-0,2026-07-26 16:25:14,2026-07-26 17:50:14,2026-07-26 20:19:14,Routine,188.761,,N,0,2026-07-26 20:24:14
LAB00163522,,MRN45051584,DR00027,H001-D10,H001,718-7,2026-07-26 00:25:14,2026-07-26 01:00:14,2026-07-26 03:53:14,Routine,176.991,,L,0,2026-07-26 03:58:14
LAB00163523,,MRN82776804,DR00217,H001-D04,H001,2951-2,2026-08-27 00:29:40,2026-08-27 00:49:40,2026-08-27 01:23:40,Routine,185.099,,HH,0,2026-08-27 01:28:40
LAB00163524,,MRN26024453,DR00226,H001-D01,H001,3016-3,2026-08-23 06:10:13,2026-08-23 07:16:13,2026-08-23 10:04:13,Routine,126.636,,L,0,2026-08-23 10:09:13
LAB00163525,,MRN95537991,DR00059,H003-D03,H003,2345-7,2026-04-12 11:27:20,2026-04-12 12:28:20,2026-04-12 15:57:20,Routine,73.17,,HH,0,2026-04-12 16:02:20
LAB00163526,,MRN95537991,DR00090,H003-D06,H003,2345-7,2026-04-12 19:27:20,2026-04-12 20:00:20,2026-04-12 23:09:20,Routine,93.268,,H,0,2026-04-12 23:14:20
LAB00163527,,MRN48208476,DR00178,H003-D06,H003,2345-7,2026-09-01 16:32:02,2026-09-01 17:19:02,2026-09-01 21:17:02,Routine,142.889,,N,0,2026-09-01 21:22:02
LAB00163528,,MRN48208476,DR00115,H003-D07,H003,777-3,2026-09-02 16:32:02,2026-09-02 17:18:02,2026-09-02 21:55:02,Routine,154.689,,N,0,2026-09-02 22:00:02
LAB00163529,,MRN35856390,DR00048,H001-D06,H001,4544-3,2026-07-20 05:48:10,2026-07-20 07:00:10,2026-07-20 09:53:10,Routine,53.904,,HH,0,2026-07-20 09:58:10
LAB00163530,,MRN35856390,DR00219,H003-D02,H003,30934-4,2026-07-19 08:48:10,2026-07-19 09:14:10,2026-07-19 13:19:10,STAT,63.99,,N,0,2026-07-19 13:24:10
LAB00163531,,MRN35856390,DR00124,H002-D02,H002,3016-3,2026-07-19 02:48:10,2026-07-19 02:59:10,2026-07-19 07:44:10,Routine,158.707,,N,0,2026-07-19 07:49:10
LAB00163532,,MRN48040310,DR00163,H002-D02,H002,5811-5,2026-08-22 12:53:28,2026-08-22 13:12:28,2026-08-22 17:23:28,Routine,130.515,,HH,0,2026-08-22 17:28:28
LAB00163533,,MRN48040310,DR00171,H003-D04,H003,777-3,2026-08-21 14:53:28,2026-08-21 15:02:28,2026-08-21 16:09:28,Routine,117.458,,HH,0,2026-08-21 16:14:28
LAB00163534,,MRN11893984,DR00139,H001-D08,H001,5811-5,2026-07-29 18:25:43,2026-07-29 18:36:43,2026-07-29 22:48:43,Routine,69.331,,L,0,2026-07-29 22:53:43
LAB00163535,,MRN11893984,DR00037,H003-D02,H003,30934-4,2026-07-31 02:25:43,2026-07-31 03:48:43,2026-07-31 06:01:43,Routine,46.352,,H,0,2026-07-31 06:06:43
LAB00163536,,MRN85034643,DR00146,H002-D07,H002,1988-5,2026-08-20 09:40:09,2026-08-20 11:07:09,2026-08-20 15:17:09,STAT,170.838,,L,0,2026-08-20 15:22:09
LAB00163537,,MRN85034643,DR00093,H003-D06,H003,6690-2,2026-08-20 02:40:09,2026-08-20 03:32:09,2026-08-20 08:25:09,Routine,64.227,,HH,0,2026-08-20 08:30:09
LAB00163538,,MRN85034643,DR00037,H002-D08,H002,2093-3,2026-08-21 07:40:09,2026-08-21 08:31:09,2026-08-21 09:50:09,STAT,104.515,,H,0,2026-08-21 09:55:09
LAB00163539,,MRN71192249,DR00068,H001-D10,H001,30934-4,2026-07-06 10:28:57,2026-07-06 11:27:57,2026-07-06 12:24:57,Routine,161.59,,N,0,2026-07-06 12:29:57
LAB00163540,,MRN96587518,DR00149,H001-D10,H001,1742-6,2026-08-13 16:14:07,2026-08-13 17:07:07,2026-08-13 20:44:07,Routine,60.435,,L,0,2026-08-13 20:49:07
LAB00163541,,MRN84596547,DR00138,H003-D02,H003,4548-4,2026-08-04 14:49:57,2026-08-04 15:27:57,2026-08-04 18:57:57,Routine,68.935,,HH,0,2026-08-04 19:02:57
LAB00163542,,MRN84596547,DR00175,H001-D06,H001,600-7,2026-08-03 19:49:57,2026-08-03 20:50:57,2026-08-03 22:08:57,Routine,,,N,0,2026-08-03 22:13:57
LAB00163543,,MRN65664952,DR00222,H001-D01,H001,1975-2,2026-07-15 05:35:18,2026-07-15 06:48:18,2026-07-15 07:59:18,STAT,151.178,,L,0,2026-07-15 08:04:18
LAB00163544,,MRN65664952,DR00011,H001-D08,H001,4544-3,2026-07-15 06:35:18,2026-07-15 07:47:18,2026-07-15 11:14:18,Routine,54.283,,N,0,2026-07-15 11:19:18
LAB00163545,,MRN82110659,DR00054,H001-D05,H001,718-7,2026-07-26 12:04:59,2026-07-26 13:21:59,2026-07-26 15:25:59,Routine,45.485,,H,0,2026-07-26 15:30:59
LAB00163546,,MRN82110659,DR00100,H001-D02,H001,10839-9,2026-07-26 15:04:59,2026-07-26 15:57:59,2026-07-26 19:18:59,Routine,70.447,,L,0,2026-07-26 19:23:59
LAB00163547,,MRN82110659,DR00056,H003-D07,H003,1742-6,2026-07-26 20:04:59,2026-07-26 21:33:59,2026-07-26 22:50:59,STAT,34.97,,HH,0,2026-07-26 22:55:59
LAB00163548,,MRN59825533,DR00160,H003-D10,H003,630-4,2026-08-06 15:00:08,2026-08-06 16:22:08,2026-08-06 17:10:08,Routine,,,N,0,2026-08-06 17:15:08
LAB00163549,,MRN88775454,DR00031,H002-D05,H002,2951-2,2026-08-02 09:50:13,2026-08-02 10:51:13,2026-08-02 14:07:13,Routine,175.0,,HH,0,2026-08-02 14:12:13
LAB00163550,,MRN78401874,DR00221,H001-D04,H001,1742-6,2026-07-23 08:33:52,2026-07-23 09:08:52,2026-07-23 14:00:52,Routine,6.62,,L,0,2026-07-23 14:05:52
LAB00163551,,MRN23417149,DR00176,H001-D03,H001,4544-3,2026-07-17 13:11:26,2026-07-17 13:55:26,2026-07-17 14:39:26,Routine,104.468,,H,0,2026-07-17 14:44:26
LAB00163552,,MRN23417149,DR00014,H001-D02,H001,1988-5,2026-07-17 08:11:26,2026-07-17 09:12:26,2026-07-17 14:05:26,Routine,129.614,,L,0,2026-07-17 14:10:26
LAB00163553,,MRN18512231,DR00025,H003-D06,H003,1975-2,2026-08-07 21:36:30,2026-08-07 21:49:30,2026-08-07 23:44:30,STAT,68.823,,N,0,2026-08-07 23:49:30
LAB00163554,,MRN26369649,DR00034,H002-D05,H002,3094-0,2026-08-29 01:00:04,2026-08-29 01:59:04,2026-08-29 06:03:04,Routine,17.449,,N,0,2026-08-29 06:08:04
LAB00163555,,MRN26369649,DR00088,H003-D08,H003,2160-0,2026-08-28 00:00:04,2026-08-28 00:44:04,2026-08-28 03:09:04,Routine,26.663,,L,0,2026-08-28 03:14:04
LAB00163556,,MRN26369649,DR00234,H001-D02,H001,5902-2,2026-08-28 07:00:04,2026-08-28 07:35:04,2026-08-28 09:50:04,Routine,82.597,,L,0,2026-08-28 09:55:04
LAB00163557,,MRN48573447,DR00097,H002-D06,H002,6690-2,2026-07-06 21:21:21,2026-07-06 22:44:21,2026-07-06 23:23:21,Routine,33.562,,N,0,2026-07-06 23:28:21
LAB00163558,,MRN48573447,DR00119,H002-D02,H002,2075-0,2026-07-05 21:21:21,2026-07-05 22:41:21,2026-07-06 03:39:21,Routine,3.343,,HH,0,2026-07-06 03:44:21
LAB00163559,,MRN48573447,DR00171,H003-D05,H003,1988-5,2026-07-06 11:21:21,2026-07-06 12:04:21,2026-07-06 16:47:21,STAT,149.931,,HH,0,2026-07-06 16:52:21
LAB00163560,,MRN87888061,DR00142,H001-D02,H001,5811-5,2026-08-22 10:08:56,2026-08-22 11:08:56,2026-08-22 13:57:56,Routine,187.082,,N,0,2026-08-22 14:02:56
LAB00163561,,MRN87888061,DR00167,H004-D03,H004,6690-2,2026-08-22 05:08:56,2026-08-22 06:07:56,2026-08-22 09:01:56,STAT,112.59,,H,0,2026-08-22 09:06:56
LAB00163562,,MRN87888061,DR00085,H002-D03,H002,5811-5,2026-08-23 19:08:56,2026-08-23 19:19:56,2026-08-23 21:29:56,Routine,11.135,,H,0,2026-08-23 21:34:56
LAB00163563,,MRN77091222,DR00212,H003-D01,H003,1742-6,2026-09-01 18:01:44,2026-09-01 18:43:44,2026-09-01 23:17:44,Routine,170.385,,HH,0,2026-09-01 23:22:44
LAB00163564,,MRN94199587,DR00083,H003-D10,H003,3094-0,2026-08-11 10:31:21,2026-08-11 10:45:21,2026-08-11 13:58:21,Routine,168.186,,N,0,2026-08-11 14:03:21
LAB00163565,,MRN94199587,DR00099,H002-D06,H002,1742-6,2026-08-11 19:31:21,2026-08-11 20:35:21,2026-08-11 22:00:21,Routine,197.116,,L,0,2026-08-11 22:05:21
LAB00163566,,MRN91695189,DR00073,H003-D09,H003,1988-5,2026-07-27 08:16:55,2026-07-27 08:37:55,2026-07-27 09:20:55,Routine,105.255,,HH,0,2026-07-27 09:25:55
LAB00163567,,MRN44463910,DR00221,H001-D06,H001,30934-4,2026-07-12 12:51:36,2026-07-12 13:58:36,2026-07-12 17:29:36,STAT,179.562,,H,0,2026-07-12 17:34:36
LAB00163568,,MRN44463910,DR00104,H003-D10,H003,4544-3,2026-07-12 09:51:36,2026-07-12 10:21:36,2026-07-12 10:54:36,Routine,43.181,,N,0,2026-07-12 10:59:36
LAB00163569,,MRN75020870,DR00231,H002-D05,H002,6301-6,2026-07-26 03:06:03,2026-07-26 04:18:03,2026-07-26 08:54:03,Routine,178.532,,N,0,2026-07-26 08:59:03
LAB00163570,,MRN75020870,DR00162,H003-D09,H003,1975-2,2026-07-24 04:06:03,2026-07-24 04:41:03,2026-07-24 06:39:03,Routine,176.501,,H,0,2026-07-24 06:44:03
LAB00163571,,MRN57735969,DR00203,H001-D09,H001,2075-0,2026-03-13 16:57:58,2026-03-13 17:28:58,2026-03-13 19:31:58,Routine,170.724,,H,0,2026-03-13 19:36:58
LAB00163572,,MRN57735969,DR00114,H003-D08,H003,2093-3,2026-03-12 23:57:58,2026-03-13 00:29:58,2026-03-13 04:50:58,Routine,43.801,,L,0,2026-03-13 04:55:58
LAB00163573,,MRN79982065,DR00186,H001-D01,H001,2085-9,2026-08-17 07:38:37,2026-08-17 09:00:37,2026-08-17 13:19:37,Routine,94.011,,N,0,2026-08-17 13:24:37
LAB00163574,,MRN79982065,DR00056,H002-D06,H002,600-7,2026-08-17 12:38:37,2026-08-17 13:06:37,2026-08-17 16:10:37,Routine,,,H,0,2026-08-17 16:15:37
LAB00163575,,MRN52836978,DR00233,H003-D03,H003,1975-2,2026-07-10 02:23:00,2026-07-10 03:52:00,2026-07-10 08:43:00,Routine,49.829,,N,0,2026-07-10 08:48:00
LAB00163576,,MRN52836978,DR00240,H001-D04,H001,1920-8,2026-07-09 13:23:00,2026-07-09 13:44:00,2026-07-09 18:07:00,Routine,19.574,,H,0,2026-07-09 18:12:00
LAB00163577,,MRN82718327,DR00202,H003-D07,H003,3094-0,2026-07-22 02:06:34,2026-07-22 03:15:34,2026-07-22 08:10:34,Routine,75.077,,L,0,2026-07-22 08:15:34
LAB00163578,,MRN97671212,DR00211,H002-D04,H002,2093-3,2026-07-28 20:39:13,2026-07-28 20:48:13,2026-07-28 23:04:13,Routine,67.864,,L,0,2026-07-28 23:09:13
LAB00163579,,MRN97671212,DR00235,H001-D05,H001,6301-6,2026-07-29 10:39:13,2026-07-29 10:59:13,2026-07-29 13:36:13,Routine,160.37,,H,0,2026-07-29 13:41:13
LAB00163580,,MRN97671212,DR00105,H004-D10,H004,2085-9,2026-07-29 13:39:13,2026-07-29 14:45:13,2026-07-29 16:05:13,Routine,149.992,,HH,0,2026-07-29 16:10:13
LAB00163581,,MRN45770878,DR00111,H001-D09,H001,10839-9,2025-12-08 14:40:36,2025-12-08 15:05:36,2025-12-08 18:58:36,Routine,82.175,,L,0,2025-12-08 19:03:36
LAB00163582,,MRN45770878,DR00023,H001-D07,H001,3016-3,2025-12-09 11:40:36,2025-12-09 12:14:36,2025-12-09 15:07:36,Routine,189.376,,N,0,2025-12-09 15:12:36
LAB00163583,,MRN45770878,DR00004,H003-D06,H003,1920-8,2025-12-09 12:40:36,2025-12-09 12:45:36,2025-12-09 17:39:36,Routine,42.767,,HH,0,2025-12-09 17:44:36
LAB00163584,,MRN39588594,DR00161,H003-D08,H003,4544-3,2026-08-20 23:17:23,2026-08-20 23:32:23,2026-08-21 03:50:23,Routine,190.926,,H,0,2026-08-21 03:55:23
LAB00163585,,MRN39588594,DR00216,H003-D08,H003,6690-2,2026-08-20 12:17:23,2026-08-20 12:52:23,2026-08-20 15:42:23,Routine,116.928,,HH,0,2026-08-20 15:47:23
LAB00163586,,MRN56250473,DR00205,H002-D09,H002,3094-0,2026-07-31 13:36:34,2026-07-31 13:58:34,2026-07-31 14:38:34,Routine,147.489,,N,0,2026-07-31 14:43:34
LAB00163587,,MRN56250473,DR00117,H003-D03,H003,4548-4,2026-08-01 09:36:34,2026-08-01 10:32:34,2026-08-01 12:54:34,Routine,84.857,,HH,0,2026-08-01 12:59:34
LAB00163588,,MRN22832659,DR00171,H002-D03,H002,5811-5,2026-08-16 11:28:48,2026-08-16 11:49:48,2026-08-16 13:35:48,STAT,3.83,,N,0,2026-08-16 13:40:48
LAB00163589,,MRN22832659,DR00153,H003-D09,H003,718-7,2026-08-15 02:28:48,2026-08-15 02:53:48,2026-08-15 05:27:48,Routine,151.785,,HH,0,2026-08-15 05:32:48
LAB00163590,,MRN22832659,DR00056,H001-D02,H001,2823-3,2026-08-15 08:28:48,2026-08-15 09:57:48,2026-08-15 10:21:48,Routine,103.488,,L,0,2026-08-15 10:26:48
LAB00163591,,MRN47447690,DR00016,H002-D10,H002,2160-0,2026-08-31 13:55:30,2026-08-31 14:00:30,2026-08-31 17:12:30,STAT,61.917,,HH,0,2026-08-31 17:17:30
LAB00163592,,MRN47447690,DR00151,H002-D06,H002,2823-3,2026-08-31 11:55:30,2026-08-31 12:10:30,2026-08-31 16:33:30,Routine,154.113,,L,0,2026-08-31 16:38:30
LAB00163593,,MRN28799066,DR00161,H001-D07,H001,4548-4,2026-07-19 16:00:42,2026-07-19 16:55:42,2026-07-19 18:33:42,Routine,147.016,,HH,0,2026-07-19 18:38:42
LAB00163594,,MRN28799066,DR00235,H001-D02,H001,777-3,2026-07-20 13:00:42,2026-07-20 14:17:42,2026-07-20 16:52:42,Routine,88.723,,HH,0,2026-07-20 16:57:42
LAB00163595,,MRN28799066,DR00113,H001-D07,H001,5902-2,2026-07-20 20:00:42,2026-07-20 20:06:42,2026-07-21 00:38:42,Routine,80.532,,H,0,2026-07-21 00:43:42
LAB00163596,,MRN95809481,DR00212,H001-D10,H001,30934-4,2026-08-04 20:59:35,2026-08-04 21:50:35,2026-08-05 02:23:35,STAT,150.461,,H,0,2026-08-05 02:28:35
LAB00163597,,MRN95979778,DR00147,H001-D06,H001,6301-6,2026-03-21 07:42:55,2026-03-21 08:56:55,2026-03-21 09:17:55,Routine,199.238,,L,0,2026-03-21 09:22:55
LAB00163598,,MRN95979778,DR00080,H003-D04,H003,1920-8,2026-03-20 16:42:55,2026-03-20 17:13:55,2026-03-20 18:00:55,Routine,105.899,,N,0,2026-03-20 18:05:55
LAB00163599,,MRN68589030,DR00095,H002-D02,H002,4544-3,2026-07-30 23:30:09,2026-07-30 23:40:09,2026-07-31 04:14:09,Routine,59.723,,H,0,2026-07-31 04:19:09
LAB00163600,,MRN68589030,DR00142,H001-D02,H001,5902-2,2026-07-31 03:30:09,2026-07-31 04:19:09,2026-07-31 08:45:09,Routine,169.16,,H,0,2026-07-31 08:50:09
LAB00163601,,MRN78169829,DR00069,H002-D06,H002,2093-3,2026-08-20 19:26:23,2026-08-20 20:40:23,2026-08-20 23:17:23,Routine,155.705,,N,0,2026-08-20 23:22:23
LAB00163602,,MRN78169829,DR00232,H002-D10,H002,600-7,2026-08-20 16:26:23,2026-08-20 17:41:23,2026-08-20 19:28:23,Routine,,,H,0,2026-08-20 19:33:23
LAB00163603,,MRN78169829,DR00236,H001-D03,H001,1742-6,2026-08-21 07:26:23,2026-08-21 07:45:23,2026-08-21 10:50:23,Routine,9.082,,H,0,2026-08-21 10:55:23
LAB00163604,,MRN68790544,DR00187,H003-D07,H003,88888-8,2026-08-16 15:36:38,2026-08-16 16:00:38,2026-08-16 20:25:38,Routine,,,HH,0,2026-08-16 20:30:38
LAB00163605,,MRN68790544,DR00153,H002-D06,H002,2093-3,2026-08-16 08:36:38,2026-08-16 09:09:38,2026-08-16 10:07:38,STAT,53.04,,HH,0,2026-08-16 10:12:38
LAB00163606,,MRN92835384,DR00011,H002-D02,H002,3016-3,2026-08-16 23:08:16,2026-08-16 23:32:16,2026-08-17 03:46:16,Routine,57.47,,L,0,2026-08-17 03:51:16
LAB00163607,,MRN46877098,DR00153,H003-D07,H003,2951-2,2026-08-28 00:25:12,2026-08-28 00:43:12,2026-08-28 02:46:12,STAT,34.134,,H,0,2026-08-28 02:51:12
LAB00163608,,MRN65046472,DR00120,H003-D01,H003,5811-5,2026-07-12 23:22:18,2026-07-13 00:41:18,2026-07-13 01:43:18,Routine,74.581,,N,0,2026-07-13 01:48:18
LAB00163609,,MRN45815525,DR00196,H001-D09,H001,718-7,2026-07-09 17:45:03,2026-07-09 18:19:03,2026-07-09 19:03:03,Routine,4.895,,H,0,2026-07-09 19:08:03
LAB00163610,,MRN29294444,DR00209,H001-D01,H001,2345-7,2026-07-06 12:39:02,2026-07-06 13:17:02,2026-07-06 13:45:02,Routine,198.865,,HH,0,2026-07-06 13:50:02
LAB00163611,,MRN90734363,DR00172,H003-D10,H003,1920-8,2026-08-07 13:51:41,2026-08-07 14:38:41,2026-08-07 16:56:41,Routine,26.352,,N,0,2026-08-07 17:01:41
LAB00163612,,MRN90734363,DR00128,H003-D06,H003,1975-2,2026-08-08 15:51:41,2026-08-08 17:04:41,2026-08-08 17:26:41,Routine,69.777,,N,0,2026-08-08 17:31:41
LAB00163613,,MRN56319814,DR00129,H002-D06,H002,2085-9,2026-08-25 11:58:55,2026-08-25 12:57:55,2026-08-25 13:25:55,STAT,74.618,,L,0,2026-08-25 13:30:55
LAB00163614,,MRN56319814,DR00212,H002-D03,H002,10839-9,2026-08-24 23:58:55,2026-08-25 00:41:55,2026-08-25 02:14:55,Routine,189.4,,N,0,2026-08-25 02:19:55
LAB00163615,,MRN56319814,DR00168,H004-D10,H004,6301-6,2026-08-25 15:58:55,2026-08-25 16:43:55,2026-08-25 19:00:55,STAT,105.955,,HH,0,2026-08-25 19:05:55
LAB00163616,,MRN90170309,DR00221,H002-D07,H002,6301-6,2026-08-30 22:15:42,2026-08-30 22:25:42,2026-08-31 03:03:42,STAT,199.885,,N,0,2026-08-31 03:08:42
LAB00163617,,MRN90170309,DR00053,H003-D03,H003,630-4,2026-08-29 11:15:42,2026-08-29 11:23:42,2026-08-29 13:06:42,Routine,,,HH,0,2026-08-29 13:11:42
LAB00163618,,MRN90170309,DR00082,H002-D06,H002,2823-3,2026-08-30 17:15:42,2026-08-30 17:59:42,2026-08-30 19:15:42,Routine,47.442,,HH,0,2026-08-30 19:20:42
LAB00163619,,MRN86921721,DR00170,H003-D02,H003,2345-7,2026-08-03 16:25:36,2026-08-03 16:34:36,2026-08-03 18:34:36,STAT,117.558,,H,0,2026-08-03 18:39:36
LAB00163620,,MRN86730926,DR00223,H002-D05,H002,2951-2,2026-08-14 18:52:05,2026-08-14 19:00:05,2026-08-14 21:46:05,Routine,92.441,,L,0,2026-08-14 21:51:05
LAB00163621,,MRN62722894,DR00080,H003-D10,H003,2093-3,2026-08-16 02:28:26,2026-08-16 03:12:26,2026-08-16 07:58:26,Routine,9.971,,N,0,2026-08-16 08:03:26
LAB00163622,,MRN62722894,DR00175,H003-D02,H003,6301-6,2026-08-16 03:28:26,2026-08-16 04:09:26,2026-08-16 08:26:26,Routine,92.397,,H,0,2026-08-16 08:31:26
LAB00163623,,MRN62722894,DR00133,H003-D08,H003,5902-2,2026-08-15 06:28:26,2026-08-15 07:09:26,2026-08-15 08:30:26,Routine,28.541,,HH,0,2026-08-15 08:35:26
LAB00163624,,MRN88405236,DR00050,H001-D07,H001,777-3,2026-07-13 17:54:13,2026-07-13 19:02:13,2026-07-13 20:01:13,Routine,143.474,,N,0,2026-07-13 20:06:13
LAB00163625,,MRN88405236,DR00003,H003-D05,H003,5811-5,2026-07-13 07:54:13,2026-07-13 09:18:13,2026-07-13 11:35:13,Routine,28.785,,H,0,2026-07-13 11:40:13
LAB00163626,,MRN68155537,DR00143,H003-D02,H003,30934-4,2026-08-04 21:26:25,2026-08-04 22:15:25,2026-08-04 23:48:25,STAT,154.264,,L,0,2026-08-04 23:53:25
LAB00163627,,MRN68155537,DR00054,H003-D03,H003,10839-9,2026-08-05 11:26:25,2026-08-05 11:54:25,2026-08-05 12:59:25,Routine,83.283,,L,0,2026-08-05 13:04:25
LAB00163628,,MRN68155537,DR00122,H003-D06,H003,10839-9,2026-08-05 11:26:25,2026-08-05 12:53:25,2026-08-05 15:25:25,Routine,136.383,,H,0,2026-08-05 15:30:25
LAB00163629,,MRN83849741,DR00089,H003-D09,H003,2160-0,2026-08-22 01:13:31,2026-08-22 02:01:31,2026-08-22 03:31:31,STAT,34.312,,H,0,2026-08-22 03:36:31
LAB00163630,,MRN83849741,DR00015,H001-D09,H001,2160-0,2026-08-22 00:13:31,2026-08-22 00:50:31,2026-08-22 01:18:31,STAT,47.774,,N,0,2026-08-22 01:23:31
LAB00163631,,MRN83849741,DR00088,H003-D08,H003,1920-8,2026-08-20 23:13:31,2026-08-20 23:21:31,2026-08-21 01:27:31,Routine,104.858,,N,0,2026-08-21 01:32:31
LAB00163632,,MRN91565688,DR00148,H003-D04,H003,2075-0,2026-08-28 08:46:42,2026-08-28 08:51:42,2026-08-28 12:27:42,Routine,94.823,,H,0,2026-08-28 12:32:42
LAB00163633,,MRN91565688,DR00153,H001-D01,H001,1975-2,2026-08-29 16:46:42,2026-08-29 16:51:42,2026-08-29 17:11:42,Routine,196.554,,H,0,2026-08-29 17:16:42
LAB00163634,,MRN34026567,DR00007,H002-D10,H002,30934-4,2026-07-22 05:15:13,2026-07-22 06:35:13,2026-07-22 09:11:13,Routine,110.969,,N,0,2026-07-22 09:16:13
LAB00163635,,MRN34026567,DR00116,H002-D06,H002,2085-9,2026-07-23 06:15:13,2026-07-23 06:32:13,2026-07-23 11:28:13,Routine,7.513,,H,0,2026-07-23 11:33:13
LAB00163636,,MRN26818500,DR00112,H002-D04,H002,LOCAL-777,2026-07-29 21:53:19,2026-07-29 22:22:19,2026-07-29 23:18:19,Routine,14.913,,HH,0,2026-07-29 23:23:19
LAB00163637,,MRN26818500,DR00236,H002-D07,H002,4544-3,2026-07-29 11:53:19,2026-07-29 13:00:19,2026-07-29 16:54:19,Routine,87.629,,H,0,2026-07-29 16:59:19
LAB00163638,,MRN85785657,DR00078,H001-D08,H001,1988-5,2026-07-12 04:41:38,2026-07-12 05:38:38,2026-07-12 10:04:38,Routine,55.884,,H,0,2026-07-12 10:09:38
LAB00163639,,MRN85785657,DR00162,H003-D04,H003,6690-2,2026-07-11 09:41:38,2026-07-11 10:55:38,2026-07-11 14:26:38,Routine,79.303,,HH,0,2026-07-11 14:31:38
LAB00163640,,MRN94943099,DR00083,H002-D09,H002,5902-2,2026-07-21 03:39:25,2026-07-21 03:53:25,2026-07-21 05:45:25,Routine,144.344,,HH,0,2026-07-21 05:50:25
LAB00163641,,MRN12994787,DR00189,H002-D10,H002,630-4,2026-07-19 23:38:35,2026-07-20 00:40:35,2026-07-20 05:28:35,Routine,,,HH,0,2026-07-20 05:33:35
LAB00163642,,MRN84686694,DR00073,H001-D08,H001,6301-6,2026-07-13 16:20:32,2026-07-13 16:36:32,2026-07-13 17:39:32,Routine,186.889,,HH,0,2026-07-13 17:44:32
LAB00163643,,MRN84686694,DR00028,H002-D06,H002,30934-4,2026-07-14 03:20:32,2026-07-14 04:29:32,2026-07-14 07:35:32,Routine,25.615,,L,0,2026-07-14 07:40:32
LAB00163644,,MRN84686694,DR00178,H002-D08,H002,600-7,2026-07-14 12:20:32,2026-07-14 12:41:32,2026-07-14 14:22:32,Routine,,,HH,0,2026-07-14 14:27:32
LAB00163645,,MRN57058344,DR00145,H003-D08,H003,2823-3,2026-07-16 00:14:44,2026-07-16 01:28:44,2026-07-16 02:14:44,Routine,185.924,,HH,0,2026-07-16 02:19:44
LAB00163646,,MRN84093591,DR00183,H002-D08,H002,2345-7,2026-08-14 14:43:02,2026-08-14 15:08:02,2026-08-14 17:19:02,Routine,117.14,,HH,0,2026-08-14 17:24:02
LAB00163647,,MRN84093591,DR00053,H003-D06,H003,2823-3,2026-08-13 21:43:02,2026-08-13 22:36:02,2026-08-14 00:02:02,Routine,189.831,,H,0,2026-08-14 00:07:02
LAB00163648,,MRN12665079,DR00053,H003-D02,H003,1988-5,2026-07-09 00:43:10,2026-07-09 01:12:10,2026-07-09 01:44:10,Routine,137.57,,H,0,2026-07-09 01:49:10
LAB00163649,,MRN12665079,DR00001,H003-D07,H003,30934-4,2026-07-08 23:43:10,2026-07-09 00:39:10,2026-07-09 03:12:10,Routine,30.713,,H,0,2026-07-09 03:17:10
LAB00163650,,MRN12665079,DR00017,H002-D09,H002,1988-5,2026-07-08 01:43:10,2026-07-08 02:26:10,2026-07-08 07:16:10,Routine,69.195,,L,0,2026-07-08 07:21:10
LAB00163651,,MRN65133384,DR00128,H001-D03,H001,2093-3,2026-07-14 14:12:49,2026-07-14 14:40:49,2026-07-14 15:27:49,STAT,107.44,,H,0,2026-07-14 15:32:49
LAB00163652,,MRN65133384,DR00175,H003-D07,H003,2160-0,2026-07-14 03:12:49,2026-07-14 03:58:49,2026-07-14 04:25:49,Routine,25.577,,N,0,2026-07-14 04:30:49
LAB00163653,,MRN22350815,DR00056,H003-D10,H003,10839-9,2026-07-27 02:59:01,2026-07-27 04:14:01,2026-07-27 05:53:01,Routine,14.77,,L,0,2026-07-27 05:58:01
LAB00163654,,MRN37991827,DR00236,H002-D01,H002,30934-4,2026-08-03 14:11:21,2026-08-03 15:20:21,2026-08-03 19:44:21,Routine,181.67,,HH,0,2026-08-03 19:49:21
LAB00163655,,MRN37991827,DR00106,H003-D07,H003,4544-3,2026-08-03 02:11:21,2026-08-03 02:45:21,2026-08-03 07:00:21,Routine,92.409,,L,0,2026-08-03 07:05:21
LAB00163656,,MRN26931374,DR00051,H004-D03,H004,2345-7,2026-08-24 09:00:25,2026-08-24 10:18:25,2026-08-24 14:17:25,Routine,97.569,,H,0,2026-08-24 14:22:25
LAB00163657,,MRN26931374,DR00016,H001-D05,H001,3016-3,2026-08-24 21:00:25,2026-08-24 21:09:25,2026-08-24 22:38:25,Routine,93.736,,N,0,2026-08-24 22:43:25
LAB00163658,,MRN26931374,DR00027,H002-D08,H002,777-3,2026-08-24 11:00:25,2026-08-24 12:28:25,2026-08-24 16:21:25,Routine,59.369,,N,0,2026-08-24 16:26:25
LAB00163659,,MRN56037530,DR00120,H002-D08,H002,4548-4,2026-08-02 17:31:51,2026-08-02 18:38:51,2026-08-02 21:34:51,STAT,19.332,,H,0,2026-08-02 21:39:51
LAB00163660,,MRN42420730,DR00010,H004-D10,H004,2085-9,2026-08-31 20:24:54,2026-08-31 21:25:54,2026-09-01 00:37:54,Routine,140.713,,L,0,2026-09-01 00:42:54
LAB00163661,,MRN42420730,DR00104,H002-D01,H002,2345-7,2026-08-31 13:24:54,2026-08-31 14:49:54,2026-08-31 19:43:54,Routine,94.948,,L,0,2026-08-31 19:48:54
LAB00163662,,MRN42420730,DR00096,H001-D05,H001,1742-6,2026-09-01 19:24:54,2026-09-01 20:28:54,2026-09-01 22:15:54,Routine,125.789,,L,0,2026-09-01 22:20:54
LAB00163663,,MRN27219156,DR00056,H003-D05,H003,30934-4,2026-07-29 22:45:40,2026-07-30 00:04:40,2026-07-30 01:34:40,Routine,64.836,,HH,0,2026-07-30 01:39:40
LAB00163664,,MRN27219156,DR00193,H001-D10,H001,600-7,2026-07-28 01:45:40,2026-07-28 02:22:40,2026-07-28 07:06:40,Routine,,,L,0,2026-07-28 07:11:40
LAB00163665,,MRN27219156,DR00236,H003-D02,H003,30934-4,2026-07-28 11:45:40,2026-07-28 12:32:40,2026-07-28 12:57:40,Routine,161.657,,HH,0,2026-07-28 13:02:40
LAB00163666,,MRN82200228,DR00006,H001-D10,H001,1742-6,2026-07-04 14:56:05,2026-07-04 15:21:05,2026-07-04 17:13:05,Routine,113.395,,H,0,2026-07-04 17:18:05
LAB00163667,,MRN82200228,DR00091,H002-D06,H002,1742-6,2026-07-04 04:56:05,2026-07-04 06:09:05,2026-07-04 09:54:05,STAT,121.517,,H,0,2026-07-04 09:59:05
LAB00163668,,MRN63304851,DR00238,H003-D05,H003,2075-0,2026-07-30 16:56:55,2026-07-30 17:08:55,2026-07-30 19:06:55,STAT,101.98,,HH,0,2026-07-30 19:11:55
LAB00163669,,MRN65410308,DR00104,H004-D10,H004,3016-3,2026-08-04 02:34:50,2026-08-04 03:37:50,2026-08-04 06:35:50,Routine,195.2,,N,0,2026-08-04 06:40:50
LAB00163670,,MRN37080652,DR00182,H004-D03,H004,718-7,2026-07-10 00:35:05,2026-07-10 02:04:05,2026-07-10 02:37:05,Routine,152.043,,N,0,2026-07-10 02:42:05
LAB00163671,,MRN37080652,DR00179,H002-D02,H002,1920-8,2026-07-09 18:35:05,2026-07-09 19:38:05,2026-07-10 00:02:05,Routine,65.992,,HH,0,2026-07-10 00:07:05
LAB00163672,,MRN84745488,DR00235,H002-D04,H002,2823-3,2026-08-19 09:18:22,2026-08-19 09:25:22,2026-08-19 12:30:22,Routine,20.364,,L,0,2026-08-19 12:35:22
LAB00163673,,MRN63670963,DR00180,H002-D03,H002,3094-0,2026-07-08 10:06:11,2026-07-08 11:31:11,2026-07-08 15:13:11,Routine,66.329,,HH,0,2026-07-08 15:18:11
LAB00163674,,MRN63670963,DR00108,H002-D01,H002,718-7,2026-07-08 07:06:11,2026-07-08 08:32:11,2026-07-08 11:43:11,Routine,33.401,,L,0,2026-07-08 11:48:11
LAB00163675,,MRN63670963,DR00051,H001-D01,H001,3094-0,2026-07-08 01:06:11,2026-07-08 01:40:11,2026-07-08 05:57:11,Routine,3.198,,L,0,2026-07-08 06:02:11
LAB00163676,,MRN79139583,DR00106,H003-D04,H003,777-3,2026-07-10 02:38:36,2026-07-10 03:56:36,2026-07-10 04:21:36,Routine,15.614,,N,0,2026-07-10 04:26:36
LAB00163677,,MRN79139583,DR00148,H001-D09,H001,2951-2,2026-07-09 14:38:36,2026-07-09 15:36:36,2026-07-09 16:04:36,STAT,20.283,,L,0,2026-07-09 16:09:36
LAB00163678,,MRN79139583,DR00147,H002-D04,H002,2951-2,2026-07-09 17:38:36,2026-07-09 18:00:36,2026-07-09 21:15:36,Routine,21.225,,HH,0,2026-07-09 21:20:36
LAB00163679,,MRN19794803,DR00098,H002-D03,H002,3094-0,2026-09-02 04:42:41,2026-09-02 05:39:41,2026-09-02 06:15:41,Routine,143.013,,N,0,2026-09-02 06:20:41
LAB00163680,,MRN56990897,DR00027,H003-D09,H003,3016-3,2026-08-07 15:53:37,2026-08-07 16:23:37,2026-08-07 17:59:37,STAT,68.83,,HH,0,2026-08-07 18:04:37
LAB00163681,,MRN56990897,DR00049,H003-D06,H003,1920-8,2026-08-06 18:53:37,2026-08-06 18:58:37,2026-08-06 23:45:37,Routine,120.598,,H,0,2026-08-06 23:50:37
LAB00163682,,MRN56990897,DR00157,H001-D08,H001,4548-4,2026-08-07 13:53:37,2026-08-07 15:14:37,2026-08-07 16:10:37,Routine,99.545,,HH,0,2026-08-07 16:15:37
LAB00163683,,MRN87419264,DR00020,H003-D09,H003,1742-6,2026-07-11 20:58:33,2026-07-11 22:22:33,2026-07-11 22:53:33,Routine,181.842,,L,0,2026-07-11 22:58:33
LAB00163684,,MRN87419264,DR00178,H002-D10,H002,2160-0,2026-07-11 10:58:33,2026-07-11 12:27:33,2026-07-11 12:59:33,Routine,75.525,,H,0,2026-07-11 13:04:33
LAB00163685,,MRN87419264,DR00079,H002-D01,H002,3094-0,2026-07-11 16:58:33,2026-07-11 17:41:33,2026-07-11 20:47:33,Routine,101.417,,L,0,2026-07-11 20:52:33
LAB00163686,,MRN15457845,DR00039,H003-D03,H003,6690-2,2026-08-26 02:56:34,2026-08-26 04:07:34,2026-08-26 07:55:34,Routine,90.368,,H,0,2026-08-26 08:00:34
LAB00163687,,MRN15457845,DR00053,H001-D01,H001,2823-3,2026-08-26 07:56:34,2026-08-26 09:13:34,2026-08-26 12:01:34,Routine,11.534,,L,0,2026-08-26 12:06:34
LAB00163688,,MRN15457845,DR00154,H001-D05,H001,718-7,2026-08-26 00:56:34,2026-08-26 02:14:34,2026-08-26 04:48:34,STAT,18.436,,L,0,2026-08-26 04:53:34
LAB00163689,,MRN85102587,DR00212,H002-D02,H002,2093-3,2026-08-15 02:25:48,2026-08-15 03:28:48,2026-08-15 05:19:48,Routine,141.82,,N,0,2026-08-15 05:24:48
LAB00163690,,MRN85102587,DR00168,H002-D01,H002,1742-6,2026-08-15 04:25:48,2026-08-15 05:40:48,2026-08-15 10:24:48,Routine,171.018,,HH,0,2026-08-15 10:29:48
LAB00163691,,MRN79933077,DR00074,H002-D01,H002,6301-6,2026-08-08 02:51:07,2026-08-08 04:13:07,2026-08-08 06:09:07,STAT,26.009,,H,0,2026-08-08 06:14:07
LAB00163692,,MRN64696329,DR00094,H003-D03,H003,2160-0,2026-08-26 05:46:32,2026-08-26 06:56:32,2026-08-26 07:42:32,Routine,63.003,,HH,0,2026-08-26 07:47:32
LAB00163693,,MRN12396740,DR00021,H003-D08,H003,630-4,2026-08-26 19:36:17,2026-08-26 20:41:17,2026-08-27 00:36:17,Routine,,,N,0,2026-08-27 00:41:17
LAB00163694,,MRN10024950,DR00172,H001-D01,H001,2093-3,2026-07-28 16:18:20,2026-07-28 17:34:20,2026-07-28 22:00:20,STAT,91.001,,N,0,2026-07-28 22:05:20
LAB00163695,,MRN84352515,DR00230,H001-D01,H001,600-7,2026-07-29 16:22:18,2026-07-29 17:47:18,2026-07-29 20:35:18,Routine,,,H,0,2026-07-29 20:40:18
LAB00163696,,MRN92511243,DR00098,H001-D04,H001,3094-0,2026-08-07 16:59:53,2026-08-07 18:09:53,2026-08-07 19:38:53,Routine,90.384,,L,0,2026-08-07 19:43:53
LAB00163697,,MRN92511243,DR00053,H003-D07,H003,30934-4,2026-08-08 16:59:53,2026-08-08 17:15:53,2026-08-08 20:15:53,STAT,105.297,,HH,0,2026-08-08 20:20:53
LAB00163698,,MRN92511243,DR00129,H002-D10,H002,6690-2,2026-08-07 14:59:53,2026-08-07 15:07:53,2026-08-07 15:38:53,Routine,2.643,,H,0,2026-08-07 15:43:53
LAB00163699,,MRN59412387,DR00063,H002-D06,H002,1988-5,2026-07-13 06:32:45,2026-07-13 07:33:45,2026-07-13 09:24:45,STAT,42.774,,L,0,2026-07-13 09:29:45
LAB00163700,,MRN59412387,DR00047,H003-D05,H003,10839-9,2026-07-12 03:32:45,2026-07-12 04:23:45,2026-07-12 08:14:45,Routine,110.784,,HH,0,2026-07-12 08:19:45
LAB00163701,,MRN59412387,DR00044,H003-D04,H003,4544-3,2026-07-12 04:32:45,2026-07-12 05:06:45,2026-07-12 08:03:45,Routine,86.198,,N,0,2026-07-12 08:08:45
LAB00163702,,MRN87310944,DR00118,H003-D09,H003,30934-4,2026-07-07 09:25:21,2026-07-07 10:23:21,2026-07-07 13:18:21,STAT,61.727,,HH,0,2026-07-07 13:23:21
LAB00163703,,MRN87310944,DR00176,H004-D10,H004,2951-2,2026-07-08 04:25:21,2026-07-08 05:43:21,2026-07-08 07:10:21,Routine,176.174,,HH,0,2026-07-08 07:15:21
LAB00163704,,MRN64774178,DR00133,H004-D10,H004,6301-6,2026-08-11 09:40:52,2026-08-11 09:58:52,2026-08-11 10:53:52,Routine,164.809,,L,0,2026-08-11 10:58:52
LAB00163705,,MRN64774178,DR00138,H001-D09,H001,5902-2,2026-08-10 02:40:52,2026-08-10 03:44:52,2026-08-10 05:15:52,Routine,145.607,,L,0,2026-08-10 05:20:52
LAB00163706,,MRN13956379,DR00082,H002-D09,H002,2075-0,2026-07-13 09:55:46,2026-07-13 10:07:46,2026-07-13 10:41:46,Routine,36.366,,L,0,2026-07-13 10:46:46
LAB00163707,,MRN13956379,DR00121,H002-D10,H002,2160-0,2026-07-14 04:55:46,2026-07-14 05:43:46,2026-07-14 08:59:46,Routine,2.809,,N,0,2026-07-14 09:04:46
LAB00163708,,MRN13956379,DR00164,H001-D07,H001,4548-4,2026-07-13 05:55:46,2026-07-13 07:16:46,2026-07-13 10:06:46,Routine,189.717,,HH,0,2026-07-13 10:11:46
LAB00163709,,MRN78983728,DR00168,H003-D01,H003,4544-3,2026-08-25 04:17:55,2026-08-25 04:31:55,2026-08-25 08:11:55,Routine,194.385,,N,0,2026-08-25 08:16:55
LAB00163710,,MRN78983728,DR00181,H002-D02,H002,1742-6,2026-08-24 03:17:55,2026-08-24 04:41:55,2026-08-24 06:15:55,Routine,6.652,,N,0,2026-08-24 06:20:55
LAB00163711,,MRN57183797,DR00216,H001-D06,H001,2951-2,2026-07-05 21:24:54,2026-07-05 22:18:54,2026-07-06 01:46:54,Routine,177.728,,HH,0,2026-07-06 01:51:54
LAB00163712,,MRN57183797,DR00145,H003-D02,H003,718-7,2026-07-05 20:24:54,2026-07-05 21:48:54,2026-07-06 02:15:54,STAT,93.09,,L,0,2026-07-06 02:20:54
LAB00163713,,MRN24365568,DR00221,H002-D06,H002,5902-2,2026-02-07 11:34:03,2026-02-07 12:01:03,2026-02-07 16:08:03,Routine,196.4,,HH,0,2026-02-07 16:13:03
LAB00163714,,MRN24365568,DR00077,H001-D02,H001,2075-0,2026-02-07 12:34:03,2026-02-07 12:57:03,2026-02-07 14:55:03,Routine,57.485,,HH,0,2026-02-07 15:00:03
LAB00163715,,MRN24669190,DR00073,H001-D03,H001,2951-2,2026-08-29 15:44:16,2026-08-29 16:59:16,2026-08-29 18:03:16,Routine,163.61,,L,0,2026-08-29 18:08:16
LAB00163716,,MRN83928685,DR00091,H003-D05,H003,10839-9,2026-07-21 17:22:48,2026-07-21 17:32:48,2026-07-21 18:18:48,Routine,86.296,,H,0,2026-07-21 18:23:48
LAB00163717,,MRN83928685,DR00107,H001-D02,H001,4544-3,2026-07-21 07:22:48,2026-07-21 08:25:48,2026-07-21 11:01:48,STAT,16.276,,H,0,2026-07-21 11:06:48
LAB00163718,,MRN97190532,DR00110,H002-D10,H002,30934-4,2026-08-20 20:02:37,2026-08-20 20:32:37,2026-08-21 00:11:37,Routine,194.546,,N,0,2026-08-21 00:16:37
LAB00163719,,MRN93468702,DR00101,H001-D06,H001,718-7,2026-08-29 13:56:50,2026-08-29 14:35:50,2026-08-29 19:28:50,Routine,24.451,,N,0,2026-08-29 19:33:50
LAB00163720,,MRN93468702,DR00209,H001-D10,H001,2093-3,2026-08-28 03:56:50,2026-08-28 04:56:50,2026-08-28 07:33:50,Routine,16.481,,L,0,2026-08-28 07:38:50
LAB00163721,,MRN93468702,DR00049,H003-D09,H003,5902-2,2026-08-28 17:56:50,2026-08-28 18:54:50,2026-08-28 19:52:50,Routine,19.777,,HH,0,2026-08-28 19:57:50
LAB00163722,,MRN72060855,DR00093,H001-D10,H001,2823-3,2026-08-13 00:07:09,2026-08-13 00:40:09,2026-08-13 03:31:09,Routine,27.44,,H,0,2026-08-13 03:36:09
LAB00163723,,MRN33019149,DR00215,H004-D10,H004,3016-3,2026-08-15 18:31:16,2026-08-15 19:48:16,2026-08-15 23:46:16,Routine,68.94,,HH,0,2026-08-15 23:51:16
LAB00163724,,MRN99873979,DR00073,H001-D09,H001,630-4,2026-07-16 10:16:08,2026-07-16 11:11:08,2026-07-16 14:25:08,Routine,,,L,0,2026-07-16 14:30:08
LAB00163725,,MRN99873979,DR00072,H003-D05,H003,2093-3,2026-07-16 08:16:08,2026-07-16 08:55:08,2026-07-16 13:17:08,Routine,89.566,,L,0,2026-07-16 13:22:08
LAB00163726,,MRN35246402,DR00169,H001-D06,H001,2075-0,2026-08-11 15:23:35,2026-08-11 16:24:35,2026-08-11 20:28:35,Routine,120.841,,HH,0,2026-08-11 20:33:35
LAB00163727,,MRN35246402,DR00027,H003-D09,H003,6301-6,2026-08-12 02:23:35,2026-08-12 03:22:35,2026-08-12 07:58:35,Routine,42.585,,N,0,2026-08-12 08:03:35
LAB00163728,,MRN35246402,DR00088,H003-D04,H003,3016-3,2026-08-12 07:23:35,2026-08-12 08:16:35,2026-08-12 09:21:35,Routine,15.212,,HH,0,2026-08-12 09:26:35
LAB00163729,,MRN68895134,DR00055,H001-D08,H001,2085-9,2026-07-25 07:37:40,2026-07-25 08:34:40,2026-07-25 09:48:40,Routine,83.799,,L,0,2026-07-25 09:53:40
LAB00163730,,MRN12251658,DR00131,H003-D10,H003,3094-0,2026-07-18 17:52:39,2026-07-18 18:23:39,2026-07-18 23:17:39,Routine,180.28,,H,0,2026-07-18 23:22:39
LAB00163731,,MRN28305999,DR00214,H003-D07,H003,4544-3,2026-07-25 05:30:24,2026-07-25 05:46:24,2026-07-25 07:48:24,Routine,132.979,,N,0,2026-07-25 07:53:24
LAB00163732,,MRN19674706,DR00207,H002-D09,H002,718-7,2026-07-27 23:55:14,2026-07-28 00:15:14,2026-07-28 01:17:14,Routine,158.985,,L,0,2026-07-28 01:22:14
LAB00163733,,MRN19674706,DR00059,H003-D06,H003,5902-2,2026-07-28 12:55:14,2026-07-28 13:17:14,2026-07-28 16:26:14,Routine,66.211,,L,0,2026-07-28 16:31:14
LAB00163734,,MRN19674706,DR00143,H002-D05,H002,99999-9,2026-07-28 03:55:14,2026-07-28 04:52:14,2026-07-28 07:16:14,Routine,1.664,,L,0,2026-07-28 07:21:14
LAB00163735,,MRN55374998,DR00221,H002-D10,H002,2093-3,2026-08-02 09:25:37,2026-08-02 10:15:37,2026-08-02 11:23:37,Routine,70.02,,N,0,2026-08-02 11:28:37
LAB00163736,,MRN55374998,DR00200,H003-D02,H003,1920-8,2026-08-01 23:25:37,2026-08-02 00:51:37,2026-08-02 05:28:37,Routine,0.945,,L,0,2026-08-02 05:33:37
LAB00163737,,MRN71234322,DR00037,H002-D10,H002,3016-3,2026-09-01 10:37:08,2026-09-01 11:34:08,2026-09-01 15:45:08,Routine,78.622,,L,0,2026-09-01 15:50:08
LAB00163738,,MRN71234322,DR00166,H003-D03,H003,718-7,2026-09-01 07:37:08,2026-09-01 08:11:08,2026-09-01 08:44:08,Routine,62.692,,N,0,2026-09-01 08:49:08
LAB00163739,,MRN73844572,DR00135,H001-D09,H001,1742-6,2026-07-31 06:31:46,2026-07-31 07:59:46,2026-07-31 08:20:46,Routine,74.533,,H,0,2026-07-31 08:25:46
LAB00163740,,MRN73844572,DR00196,H003-D06,H003,777-3,2026-07-30 21:31:46,2026-07-30 21:51:46,2026-07-31 00:30:46,Routine,178.216,,HH,0,2026-07-31 00:35:46
LAB00163741,,MRN73844572,DR00189,H001-D08,H001,2160-0,2026-07-30 06:31:46,2026-07-30 06:55:46,2026-07-30 11:23:46,STAT,38.973,,L,0,2026-07-30 11:28:46
LAB00163742,,MRN93840197,DR00021,H001-D01,H001,10839-9,2025-09-04 22:40:44,2025-09-04 23:35:44,2025-09-05 03:10:44,STAT,9.311,,H,0,2025-09-05 03:15:44
LAB00163743,,MRN31414185,DR00101,H001-D04,H001,2093-3,2026-07-11 14:13:20,2026-07-11 14:54:20,2026-07-11 19:30:20,Routine,53.635,,H,0,2026-07-11 19:35:20
LAB00163744,,MRN73347384,DR00213,H003-D06,H003,5902-2,2026-07-15 23:10:59,2026-07-15 23:17:59,2026-07-15 23:44:59,Routine,131.749,,L,0,2026-07-15 23:49:59
LAB00163745,,MRN73347384,DR00123,H001-D07,H001,5811-5,2026-07-16 03:10:59,2026-07-16 03:55:59,2026-07-16 06:23:59,Routine,197.416,,N,0,2026-07-16 06:28:59
LAB00163746,,MRN13760173,DR00066,H004-D10,H004,2093-3,2026-08-29 17:22:19,2026-08-29 18:34:19,2026-08-29 21:29:19,Routine,79.349,,N,0,2026-08-29 21:34:19
LAB00163747,,MRN92413539,DR00110,H002-D07,H002,6301-6,2026-08-15 22:34:55,2026-08-15 23:32:55,2026-08-16 01:17:55,Routine,146.137,,H,0,2026-08-16 01:22:55
LAB00163748,,MRN92413539,DR00144,H003-D06,H003,4544-3,2026-08-16 00:34:55,2026-08-16 00:41:55,2026-08-16 01:49:55,Routine,96.074,,N,0,2026-08-16 01:54:55
LAB00163749,,MRN92413539,DR00222,H003-D09,H003,718-7,2026-08-15 18:34:55,2026-08-15 19:13:55,2026-08-15 23:17:55,STAT,135.044,,N,0,2026-08-15 23:22:55
LAB00163750,,MRN61883943,DR00124,H001-D09,H001,630-4,2026-07-12 02:10:07,2026-07-12 02:44:07,2026-07-12 04:55:07,Routine,,,H,0,2026-07-12 05:00:07
LAB00163751,,MRN61883943,DR00054,H002-D10,H002,1988-5,2026-07-12 13:10:07,2026-07-12 13:22:07,2026-07-12 14:37:07,STAT,90.352,,N,0,2026-07-12 14:42:07
LAB00163752,,MRN61883943,DR00154,H001-D02,H001,1988-5,2026-07-12 17:10:07,2026-07-12 18:14:07,2026-07-12 23:08:07,STAT,126.883,,N,0,2026-07-12 23:13:07
LAB00163753,,MRN39813549,DR00207,H001-D01,H001,6301-6,2026-08-05 17:02:45,2026-08-05 18:25:45,2026-08-05 23:05:45,Routine,65.516,,N,0,2026-08-05 23:10:45
LAB00163754,,MRN39813549,DR00108,H001-D06,H001,2085-9,2026-08-07 06:02:45,2026-08-07 07:13:45,2026-08-07 07:49:45,Routine,159.521,,HH,0,2026-08-07 07:54:45
LAB00163755,,MRN39813549,DR00062,H003-D02,H003,2085-9,2026-08-05 13:02:45,2026-08-05 13:15:45,2026-08-05 17:12:45,STAT,196.332,,N,0,2026-08-05 17:17:45
LAB00163756,,MRN13283126,DR00191,H002-D08,H002,5902-2,2026-08-21 15:37:09,2026-08-21 16:35:09,2026-08-21 17:21:09,Routine,96.715,,H,0,2026-08-21 17:26:09
LAB00163757,,MRN13283126,DR00091,H002-D07,H002,4548-4,2026-08-23 00:37:09,2026-08-23 01:14:09,2026-08-23 05:22:09,Routine,12.773,,HH,0,2026-08-23 05:27:09
LAB00163758,,MRN35689745,DR00141,H001-D04,H001,6301-6,2026-07-18 20:21:24,2026-07-18 20:55:24,2026-07-18 23:16:24,Routine,10.989,,N,0,2026-07-18 23:21:24
LAB00163759,,MRN35689745,DR00019,H001-D02,H001,2345-7,2026-07-18 10:21:24,2026-07-18 10:27:24,2026-07-18 14:24:24,STAT,35.007,,H,0,2026-07-18 14:29:24
LAB00163760,,MRN35689745,DR00121,H002-D06,H002,6301-6,2026-07-19 09:21:24,2026-07-19 10:50:24,2026-07-19 11:19:24,Routine,139.861,,HH,0,2026-07-19 11:24:24
LAB00163761,,MRN69330292,DR00070,H003-D06,H003,4548-4,2026-08-12 18:37:21,2026-08-12 19:42:21,2026-08-12 20:30:21,Routine,87.025,,N,0,2026-08-12 20:35:21
LAB00163762,,MRN69330292,DR00209,H002-D09,H002,6301-6,2026-08-11 23:37:21,2026-08-12 00:33:21,2026-08-12 01:20:21,Routine,5.062,,L,0,2026-08-12 01:25:21
LAB00163763,,MRN69330292,DR00114,H003-D02,H003,2093-3,2026-08-11 13:37:21,2026-08-11 13:51:21,2026-08-11 14:59:21,Routine,132.24,,N,0,2026-08-11 15:04:21
LAB00163764,,MRN45147522,DR00180,H001-D01,H001,2075-0,2026-08-25 10:57:57,2026-08-25 12:13:57,2026-08-25 15:58:57,Routine,182.976,,H,0,2026-08-25 16:03:57
LAB00163765,,MRN23218452,DR00147,H003-D06,H003,2951-2,2026-08-24 02:57:23,2026-08-24 03:22:23,2026-08-24 06:53:23,Routine,22.495,,L,0,2026-08-24 06:58:23
LAB00163766,,MRN12951491,DR00033,H003-D03,H003,2075-0,2026-08-25 03:06:25,2026-08-25 03:55:25,2026-08-25 07:05:25,Routine,8.678,,H,0,2026-08-25 07:10:25
LAB00163767,,MRN52210527,DR00145,H003-D01,H003,2951-2,2026-08-30 06:23:50,2026-08-30 06:30:50,2026-08-30 09:59:50,Routine,191.529,,HH,0,2026-08-30 10:04:50
LAB00163768,,MRN59871777,DR00052,H004-D10,H004,5811-5,2026-08-29 23:17:56,2026-08-29 23:25:56,2026-08-30 00:09:56,Routine,99.555,,L,0,2026-08-30 00:14:56
LAB00163769,,MRN59871777,DR00033,H004-D10,H004,2093-3,2026-08-29 13:17:56,2026-08-29 14:18:56,2026-08-29 15:50:56,Routine,193.997,,HH,0,2026-08-29 15:55:56
LAB00163770,,MRN59871777,DR00054,H002-D10,H002,6301-6,2026-08-28 07:17:56,2026-08-28 07:22:56,2026-08-28 09:49:56,Routine,56.935,,N,0,2026-08-28 09:54:56
LAB00163771,,MRN53783290,DR00107,H002-D09,H002,5811-5,2026-08-05 23:50:26,2026-08-06 00:09:26,2026-08-06 01:43:26,Routine,189.749,,HH,0,2026-08-06 01:48:26
LAB00163772,,MRN53783290,DR00167,H001-D04,H001,600-7,2026-08-06 09:50:26,2026-08-06 10:20:26,2026-08-06 12:59:26,Routine,,,H,0,2026-08-06 13:04:26
LAB00163773,,MRN53783290,DR00176,H001-D09,H001,3094-0,2026-08-06 08:50:26,2026-08-06 09:32:26,2026-08-06 14:27:26,Routine,37.856,,L,0,2026-08-06 14:32:26
LAB00163774,,MRN50920962,DR00004,H001-D08,H001,3094-0,2026-07-09 11:48:44,2026-07-09 12:46:44,2026-07-09 15:53:44,Routine,156.704,,L,0,2026-07-09 15:58:44
LAB00163775,,MRN50920962,DR00181,H002-D06,H002,2085-9,2026-07-09 08:48:44,2026-07-09 10:04:44,2026-07-09 10:42:44,Routine,150.243,,HH,0,2026-07-09 10:47:44
LAB00163776,,MRN50920962,DR00169,H003-D04,H003,777-3,2026-07-09 18:48:44,2026-07-09 19:29:44,2026-07-09 21:08:44,Routine,100.33,,H,0,2026-07-09 21:13:44
LAB00163777,,MRN26843845,DR00077,H001-D03,H001,777-3,2026-07-12 09:18:40,2026-07-12 10:39:40,2026-07-12 12:37:40,Routine,173.487,,H,0,2026-07-12 12:42:40
LAB00163778,,MRN26843845,DR00001,H002-D08,H002,4544-3,2026-07-11 17:18:40,2026-07-11 17:33:40,2026-07-11 20:30:40,Routine,134.228,,L,0,2026-07-11 20:35:40
LAB00163779,,MRN26843845,DR00161,H003-D08,H003,630-4,2026-07-12 04:18:40,2026-07-12 05:06:40,2026-07-12 08:59:40,Routine,,,N,0,2026-07-12 09:04:40
LAB00163780,,MRN38731462,DR00176,H001-D08,H001,2951-2,2026-07-20 03:12:44,2026-07-20 03:19:44,2026-07-20 08:18:44,Routine,12.428,,HH,0,2026-07-20 08:23:44
LAB00163781,,MRN46008329,DR00171,H003-D01,H003,2085-9,2026-07-10 03:05:47,2026-07-10 03:49:47,2026-07-10 06:31:47,STAT,186.719,,H,0,2026-07-10 06:36:47
LAB00163782,,MRN46008329,DR00069,H001-D08,H001,4544-3,2026-07-10 08:05:47,2026-07-10 09:09:47,2026-07-10 13:26:47,Routine,88.243,,H,0,2026-07-10 13:31:47
LAB00163783,,MRN51544267,DR00125,H002-D05,H002,630-4,2026-08-14 13:02:10,2026-08-14 14:07:10,2026-08-14 18:41:10,STAT,,,H,0,2026-08-14 18:46:10
LAB00163784,,MRN51544267,DR00135,H003-D10,H003,718-7,2026-08-13 23:02:10,2026-08-13 23:50:10,2026-08-14 02:39:10,Routine,20.92,,HH,0,2026-08-14 02:44:10
LAB00163785,,MRN51544267,DR00158,H002-D05,H002,5811-5,2026-08-13 15:02:10,2026-08-13 16:02:10,2026-08-13 19:15:10,Routine,87.468,,L,0,2026-08-13 19:20:10
LAB00163786,,MRN79468773,DR00176,H001-D06,H001,630-4,2026-08-10 09:59:40,2026-08-10 11:15:40,2026-08-10 14:46:40,STAT,,,HH,0,2026-08-10 14:51:40
LAB00163787,,MRN79468773,DR00176,H002-D03,H002,1975-2,2026-08-09 05:59:40,2026-08-09 06:31:40,2026-08-09 08:53:40,Routine,33.037,,L,0,2026-08-09 08:58:40
LAB00163788,,MRN79468773,DR00129,H001-D04,H001,2951-2,2026-08-09 08:59:40,2026-08-09 10:11:40,2026-08-09 13:15:40,Routine,122.273,,H,0,2026-08-09 13:20:40
LAB00163789,,MRN96722328,DR00061,H004-D03,H004,2823-3,2026-07-23 11:50:46,2026-07-23 12:04:46,2026-07-23 13:38:46,Routine,77.649,,HH,0,2026-07-23 13:43:46
LAB00163790,,MRN96722328,DR00168,H003-D10,H003,6301-6,2026-07-22 08:50:46,2026-07-22 09:15:46,2026-07-22 10:08:46,Routine,84.592,,H,0,2026-07-22 10:13:46
LAB00163791,,MRN91998833,DR00007,H001-D05,H001,777-3,2026-08-21 00:51:09,2026-08-21 01:03:09,2026-08-21 05:25:09,Routine,34.354,,H,0,2026-08-21 05:30:09
LAB00163792,,MRN91998833,DR00110,H002-D09,H002,1920-8,2026-08-21 04:51:09,2026-08-21 05:32:09,2026-08-21 08:15:09,Routine,34.658,,L,0,2026-08-21 08:20:09
LAB00163793,,MRN91998833,DR00019,H003-D08,H003,2345-7,2026-08-20 03:51:09,2026-08-20 04:35:09,2026-08-20 09:27:09,STAT,126.889,,N,0,2026-08-20 09:32:09
LAB00163794,,MRN86002209,DR00095,H002-D05,H002,2823-3,2026-08-26 09:53:13,2026-08-26 11:07:13,2026-08-26 15:36:13,Routine,54.627,,L,0,2026-08-26 15:41:13
LAB00163795,,MRN86002209,DR00130,H002-D05,H002,2085-9,2026-08-26 01:53:13,2026-08-26 02:48:13,2026-08-26 03:58:13,Routine,56.525,,HH,0,2026-08-26 04:03:13
LAB00163796,,MRN52441821,DR00009,H001-D09,H001,6301-6,2026-07-08 06:20:30,2026-07-08 07:04:30,2026-07-08 07:57:30,Routine,2.771,,H,0,2026-07-08 08:02:30
LAB00163797,,MRN52441821,DR00147,H001-D03,H001,718-7,2026-07-06 20:20:30,2026-07-06 20:39:30,2026-07-07 00:12:30,STAT,78.639,,H,0,2026-07-07 00:17:30
LAB00163798,,MRN97164299,DR00117,H003-D06,H003,6301-6,2026-08-30 08:51:49,2026-08-30 09:43:49,2026-08-30 11:48:49,Routine,12.516,,N,0,2026-08-30 11:53:49
LAB00163799,,MRN97164299,DR00146,H002-D02,H002,4548-4,2026-08-30 16:51:49,2026-08-30 17:15:49,2026-08-30 19:50:49,Routine,129.124,,L,0,2026-08-30 19:55:49
LAB00163800,,MRN97164299,DR00035,H002-D01,H002,5902-2,2026-08-30 07:51:49,2026-08-30 09:06:49,2026-08-30 12:02:49,Routine,159.427,,N,0,2026-08-30 12:07:49
LAB00163801,,MRN48346623,DR00041,H002-D01,H002,2951-2,2026-08-25 03:09:18,2026-08-25 04:19:18,2026-08-25 05:10:18,Routine,187.684,,H,0,2026-08-25 05:15:18
LAB00163802,,MRN84139849,DR00118,H003-D08,H003,2085-9,2026-08-18 01:07:49,2026-08-18 02:29:49,2026-08-18 04:36:49,Routine,141.112,,N,0,2026-08-18 04:41:49
LAB00163803,,MRN63464074,DR00025,H002-D08,H002,2075-0,2026-07-11 01:12:45,2026-07-11 02:20:45,2026-07-11 03:09:45,Routine,126.083,,HH,0,2026-07-11 03:14:45
LAB00163804,,MRN63464074,DR00013,H001-D08,H001,4548-4,2026-07-10 10:12:45,2026-07-10 11:41:45,2026-07-10 14:48:45,Routine,86.63,,L,0,2026-07-10 14:53:45
LAB00163805,,MRN63464074,DR00143,H003-D06,H003,2160-0,2026-07-11 13:12:45,2026-07-11 13:32:45,2026-07-11 16:15:45,STAT,56.059,,L,0,2026-07-11 16:20:45
LAB00163806,,MRN36755950,DR00082,H003-D02,H003,718-7,2025-10-01 09:58:42,2025-10-01 11:01:42,2025-10-01 12:58:42,Routine,185.572,,L,0,2025-10-01 13:03:42
LAB00163807,,MRN36755950,DR00077,H003-D06,H003,2345-7,2025-10-01 03:58:42,2025-10-01 05:09:42,2025-10-01 08:46:42,Routine,60.106,,N,0,2025-10-01 08:51:42
LAB00163808,,MRN36755950,DR00065,H002-D10,H002,777-3,2025-10-01 09:58:42,2025-10-01 10:49:42,2025-10-01 14:00:42,STAT,54.161,,HH,0,2025-10-01 14:05:42
LAB00163809,,MRN37075692,DR00166,H002-D09,H002,4544-3,2026-07-17 08:40:05,2026-07-17 09:17:05,2026-07-17 13:15:05,Routine,53.944,,L,0,2026-07-17 13:20:05
LAB00163810,,MRN72855594,DR00036,H002-D10,H002,2085-9,2026-07-27 15:41:28,2026-07-27 16:44:28,2026-07-27 17:22:28,Routine,55.035,,L,0,2026-07-27 17:27:28
LAB00163811,,MRN24736235,DR00057,H001-D02,H001,4544-3,2026-08-24 02:07:04,2026-08-24 02:56:04,2026-08-24 07:17:04,STAT,139.428,,H,0,2026-08-24 07:22:04
LAB00163812,,MRN24736235,DR00062,H003-D04,H003,2093-3,2026-08-24 06:07:04,2026-08-24 06:56:04,2026-08-24 11:20:04,Routine,126.9,,L,0,2026-08-24 11:25:04
LAB00163813,,MRN24736235,DR00006,H003-D08,H003,30934-4,2026-08-24 04:07:04,2026-08-24 05:35:04,2026-08-24 07:20:04,STAT,190.874,,HH,0,2026-08-24 07:25:04
LAB00163814,,MRN38043996,DR00184,H002-D07,H002,718-7,2026-08-12 21:30:34,2026-08-12 21:50:34,2026-08-13 02:39:34,Routine,142.602,,H,0,2026-08-13 02:44:34
LAB00163815,,MRN88663147,DR00152,H001-D09,H001,1920-8,2026-08-13 20:10:21,2026-08-13 21:18:21,2026-08-14 00:20:21,STAT,6.994,,H,0,2026-08-14 00:25:21
LAB00163816,,MRN33826592,DR00102,H001-D09,H001,5902-2,2026-08-24 20:14:38,2026-08-24 21:00:38,2026-08-25 00:00:38,Routine,129.603,,HH,0,2026-08-25 00:05:38
LAB00163817,,MRN33826592,DR00014,H003-D04,H003,10839-9,2026-08-23 07:14:38,2026-08-23 07:32:38,2026-08-23 12:18:38,STAT,105.232,,L,0,2026-08-23 12:23:38
LAB00163818,,MRN33826592,DR00197,H003-D06,H003,777-3,2026-08-23 20:14:38,2026-08-23 20:32:38,2026-08-23 23:45:38,STAT,182.532,,N,0,2026-08-23 23:50:38
LAB00163819,,MRN56167231,DR00147,H003-D08,H003,1920-8,2026-07-13 21:39:03,2026-07-13 22:29:03,2026-07-14 00:35:03,Routine,93.916,,L,0,2026-07-14 00:40:03
LAB00163820,,MRN56167231,DR00003,H001-D05,H001,1920-8,2026-07-13 06:39:03,2026-07-13 07:23:03,2026-07-13 12:18:03,Routine,128.868,,HH,0,2026-07-13 12:23:03
LAB00163821,,MRN29158352,DR00069,H004-D10,H004,1920-8,2026-07-15 19:59:04,2026-07-15 20:31:04,2026-07-15 22:51:04,Routine,78.501,,HH,0,2026-07-15 22:56:04
LAB00163822,,MRN75848013,DR00052,H003-D03,H003,777-3,2026-08-01 06:23:27,2026-08-01 06:32:27,2026-08-01 08:11:27,Routine,139.705,,HH,0,2026-08-01 08:16:27
LAB00163823,,MRN87526045,DR00166,H001-D05,H001,2345-7,2026-08-20 01:23:29,2026-08-20 02:35:29,2026-08-20 05:43:29,Routine,80.518,,HH,0,2026-08-20 05:48:29
LAB00163824,,MRN87526045,DR00165,H002-D08,H002,2093-3,2026-08-21 00:23:29,2026-08-21 00:59:29,2026-08-21 01:26:29,Routine,159.689,,N,0,2026-08-21 01:31:29
LAB00163825,,MRN87526045,DR00130,H001-D01,H001,2345-7,2026-08-20 16:23:29,2026-08-20 16:52:29,2026-08-20 18:01:29,Routine,39.424,,N,0,2026-08-20 18:06:29
LAB00163826,,MRN25890553,DR00231,H003-D03,H003,2075-0,2026-07-28 00:19:57,2026-07-28 01:02:57,2026-07-28 02:23:57,Routine,174.411,,N,0,2026-07-28 02:28:57
LAB00163827,,MRN25890553,DR00079,H001-D07,H001,777-3,2026-07-26 02:19:57,2026-07-26 02:28:57,2026-07-26 04:29:57,Routine,9.539,,H,0,2026-07-26 04:34:57
LAB00163828,,MRN66775212,DR00173,H002-D01,H002,1975-2,2026-07-24 02:59:16,2026-07-24 03:30:16,2026-07-24 04:44:16,Routine,191.85,,H,0,2026-07-24 04:49:16
LAB00163829,,MRN66775212,DR00054,H002-D01,H002,2075-0,2026-07-25 03:59:16,2026-07-25 05:07:16,2026-07-25 06:57:16,STAT,44.16,,N,0,2026-07-25 07:02:16
LAB00163830,,MRN25892243,DR00162,H001-D08,H001,30934-4,2026-03-19 16:48:32,2026-03-19 17:24:32,2026-03-19 19:45:32,Routine,92.475,,HH,0,2026-03-19 19:50:32
LAB00163831,,MRN25892243,DR00020,H002-D03,H002,777-3,2026-03-19 20:48:32,2026-03-19 21:02:32,2026-03-19 21:50:32,Routine,37.257,,N,0,2026-03-19 21:55:32
LAB00163832,,MRN25892243,DR00228,H002-D05,H002,2160-0,2026-03-19 06:48:32,2026-03-19 07:46:32,2026-03-19 10:59:32,Routine,137.331,,H,0,2026-03-19 11:04:32
LAB00163833,,MRN63148453,DR00176,H002-D05,H002,2160-0,2026-07-30 16:05:06,2026-07-30 16:11:06,2026-07-30 17:43:06,STAT,155.443,,L,0,2026-07-30 17:48:06
LAB00163834,,MRN63148453,DR00197,H001-D03,H001,3016-3,2026-07-29 16:05:06,2026-07-29 16:11:06,2026-07-29 17:58:06,Routine,33.642,,L,0,2026-07-29 18:03:06
LAB00163835,,MRN63148453,DR00038,H001-D09,H001,10839-9,2026-07-29 13:05:06,2026-07-29 14:11:06,2026-07-29 18:32:06,Routine,98.673,,L,0,2026-07-29 18:37:06
LAB00163836,,MRN75291360,DR00185,H003-D04,H003,2075-0,2026-07-19 06:43:49,2026-07-19 07:13:49,2026-07-19 10:17:49,STAT,129.053,,H,0,2026-07-19 10:22:49
LAB00163837,,MRN75291360,DR00026,H001-D09,H001,5811-5,2026-07-20 23:43:49,2026-07-21 00:21:49,2026-07-21 04:52:49,Routine,82.942,,HH,0,2026-07-21 04:57:49
LAB00163838,,MRN35954930,DR00157,H002-D06,H002,1920-8,2026-09-25 22:08:55,2026-09-25 23:28:55,2026-09-26 02:23:55,Routine,102.803,,HH,0,2026-09-26 02:28:55
LAB00163839,,MRN35954930,DR00053,H002-D06,H002,3094-0,2026-09-25 10:08:55,2026-09-25 10:46:55,2026-09-25 12:10:55,Routine,195.76,,N,0,2026-09-25 12:15:55
LAB00163840,,MRN77173525,DR00094,H001-D06,H001,1988-5,2026-07-07 16:49:42,2026-07-07 17:56:42,2026-07-07 19:13:42,STAT,75.037,,N,0,2026-07-07 19:18:42
LAB00163841,,MRN77173525,DR00204,H002-D10,H002,3094-0,2026-07-08 02:49:42,2026-07-08 03:47:42,2026-07-08 05:51:42,STAT,51.346,,H,0,2026-07-08 05:56:42
LAB00163842,,MRN93039782,DR00161,H001-D03,H001,30934-4,2026-08-27 21:32:39,2026-08-27 22:53:39,2026-08-28 03:12:39,Routine,193.283,,H,0,2026-08-28 03:17:39
LAB00163843,,MRN93039782,DR00030,H002-D07,H002,1920-8,2026-08-29 19:32:39,2026-08-29 19:43:39,2026-08-29 21:33:39,STAT,105.437,,N,0,2026-08-29 21:38:39
LAB00163844,,MRN15533313,DR00211,H001-D01,H001,630-4,2026-07-09 03:18:36,2026-07-09 03:55:36,2026-07-09 06:08:36,Routine,,,N,0,2026-07-09 06:13:36
LAB00163845,,MRN64598173,DR00079,H003-D05,H003,10839-9,2025-12-02 15:49:22,2025-12-02 16:58:22,2025-12-02 19:03:22,STAT,151.98,,N,0,2025-12-02 19:08:22
LAB00163846,,MRN50434405,DR00061,H003-D04,H003,4548-4,2026-07-10 19:03:16,2026-07-10 19:47:16,2026-07-10 23:38:16,Routine,114.396,,H,0,2026-07-10 23:43:16
LAB00163847,,MRN50434405,DR00222,H002-D01,H002,2345-7,2026-07-11 12:03:16,2026-07-11 13:17:16,2026-07-11 17:25:16,STAT,34.117,,H,0,2026-07-11 17:30:16
LAB00163848,,MRN50434405,DR00133,H002-D03,H002,2075-0,2026-07-11 11:03:16,2026-07-11 11:14:16,2026-07-11 13:23:16,Routine,126.893,,N,0,2026-07-11 13:28:16
LAB00163849,,MRN34779667,DR00176,H002-D10,H002,6690-2,2026-05-26 16:58:30,2026-05-26 17:43:30,2026-05-26 18:04:30,Routine,60.051,,HH,0,2026-05-26 18:09:30
LAB00163850,,MRN51856827,DR00053,H003-D02,H003,2345-7,2026-08-05 13:28:10,2026-08-05 14:05:10,2026-08-05 18:43:10,Routine,24.17,,HH,0,2026-08-05 18:48:10
LAB00163851,,MRN99982722,DR00233,H003-D10,H003,1988-5,2026-07-05 06:22:44,2026-07-05 07:50:44,2026-07-05 10:44:44,Routine,19.853,,HH,0,2026-07-05 10:49:44
LAB00163852,,MRN99982722,DR00154,H003-D01,H003,3094-0,2026-07-04 09:22:44,2026-07-04 09:38:44,2026-07-04 11:20:44,Routine,197.116,,H,0,2026-07-04 11:25:44
LAB00163853,,MRN14694234,DR00052,H003-D03,H003,1920-8,2026-08-30 03:57:55,2026-08-30 04:16:55,2026-08-30 05:48:55,STAT,127.194,,N,0,2026-08-30 05:53:55
LAB00163854,,MRN72577213,DR00132,H002-D04,H002,600-7,2026-07-21 20:14:25,2026-07-21 20:43:25,2026-07-22 00:57:25,Routine,,,L,0,2026-07-22 01:02:25
LAB00163855,,MRN72577213,DR00064,H001-D04,H001,2951-2,2026-07-22 06:14:25,2026-07-22 06:40:25,2026-07-22 10:20:25,Routine,87.157,,N,0,2026-07-22 10:25:25
LAB00163856,,MRN27540152,DR00200,H001-D09,H001,2345-7,2026-08-28 22:31:25,2026-08-28 23:23:25,2026-08-29 03:15:25,STAT,29.085,,L,0,2026-08-29 03:20:25
LAB00163857,,MRN33544476,DR00204,H003-D10,H003,600-7,2026-08-08 01:10:49,2026-08-08 01:40:49,2026-08-08 04:48:49,Routine,,,N,0,2026-08-08 04:53:49
LAB00163858,,MRN33544476,DR00189,H002-D07,H002,10839-9,2026-08-07 14:10:49,2026-08-07 14:53:49,2026-08-07 19:17:49,STAT,18.683,,L,0,2026-08-07 19:22:49
LAB00163859,,MRN33544476,DR00228,H002-D03,H002,630-4,2026-08-06 06:10:49,2026-08-06 06:42:49,2026-08-06 09:41:49,Routine,,,N,0,2026-08-06 09:46:49
LAB00163860,,MRN21684829,DR00125,H001-D10,H001,777-3,2026-07-29 23:23:56,2026-07-29 23:55:56,2026-07-30 04:22:56,STAT,144.419,,H,0,2026-07-30 04:27:56
LAB00163861,,MRN15213809,DR00038,H003-D01,H003,30934-4,2026-07-14 08:59:08,2026-07-14 10:13:08,2026-07-14 13:37:08,Routine,179.341,,HH,0,2026-07-14 13:42:08
LAB00163862,,MRN15213809,DR00154,H001-D09,H001,718-7,2026-07-14 00:59:08,2026-07-14 01:52:08,2026-07-14 06:32:08,Routine,151.536,,HH,0,2026-07-14 06:37:08
LAB00163863,,MRN15213809,DR00188,H001-D02,H001,30934-4,2026-07-15 22:59:08,2026-07-15 23:44:08,2026-07-16 04:33:08,Routine,151.136,,H,0,2026-07-16 04:38:08
LAB00163864,,MRN52900954,DR00173,H002-D06,H002,4544-3,2026-07-06 13:58:11,2026-07-06 14:54:11,2026-07-06 18:51:11,Routine,132.026,,L,0,2026-07-06 18:56:11
LAB00163865,,MRN52900954,DR00025,H002-D08,H002,718-7,2026-07-05 22:58:11,2026-07-05 23:30:11,2026-07-06 02:24:11,Routine,87.324,,L,0,2026-07-06 02:29:11
LAB00163866,,MRN42633376,DR00198,H004-D10,H004,3094-0,2026-08-05 14:22:23,2026-08-05 15:17:23,2026-08-05 16:10:23,Routine,125.046,,N,0,2026-08-05 16:15:23
LAB00163867,,MRN42633376,DR00107,H002-D10,H002,30934-4,2026-08-05 23:22:23,2026-08-06 00:20:23,2026-08-06 01:55:23,Routine,30.883,,H,0,2026-08-06 02:00:23
LAB00163868,,MRN42633376,DR00080,H003-D01,H003,3094-0,2026-08-04 17:22:23,2026-08-04 17:34:23,2026-08-04 19:08:23,Routine,30.628,,HH,0,2026-08-04 19:13:23
LAB00163869,,MRN85302390,DR00068,H001-D03,H001,5902-2,2026-08-03 23:26:15,2026-08-03 23:36:15,2026-08-04 02:07:15,Routine,178.454,,N,0,2026-08-04 02:12:15
LAB00163870,,MRN85302390,DR00081,H001-D08,H001,6301-6,2026-08-03 00:26:15,2026-08-03 00:45:15,2026-08-03 05:27:15,Routine,87.455,,H,0,2026-08-03 05:32:15
LAB00163871,,MRN20646265,DR00186,H002-D10,H002,718-7,2026-08-25 00:29:01,2026-08-25 00:56:01,2026-08-25 01:56:01,Routine,151.846,,HH,0,2026-08-25 02:01:01
LAB00163872,,MRN20646265,DR00149,H002-D05,H002,2093-3,2026-08-25 02:29:01,2026-08-25 02:58:01,2026-08-25 07:00:01,Routine,16.675,,HH,0,2026-08-25 07:05:01
LAB00163873,,MRN41736785,DR00117,H002-D10,H002,2075-0,2026-08-26 21:34:12,2026-08-26 22:13:12,2026-08-27 01:05:12,STAT,85.224,,L,0,2026-08-27 01:10:12
LAB00163874,,MRN41736785,DR00043,H004-D03,H004,6301-6,2026-08-28 01:34:12,2026-08-28 02:44:12,2026-08-28 04:00:12,Routine,90.969,,H,0,2026-08-28 04:05:12
LAB00163875,,MRN94482190,DR00046,H001-D04,H001,777-3,2026-08-25 09:36:04,2026-08-25 10:51:04,2026-08-25 11:44:04,Routine,186.694,,H,0,2026-08-25 11:49:04
LAB00163876,,MRN94482190,DR00079,H001-D03,H001,2823-3,2026-08-26 09:36:04,2026-08-26 10:24:04,2026-08-26 12:35:04,STAT,31.429,,L,0,2026-08-26 12:40:04
LAB00163877,,MRN62520369,DR00071,H001-D07,H001,2345-7,2026-08-15 05:02:50,2026-08-15 06:14:50,2026-08-15 08:18:50,Routine,78.968,,N,0,2026-08-15 08:23:50
LAB00163878,,MRN62520369,DR00226,H001-D02,H001,630-4,2026-08-14 18:02:50,2026-08-14 18:10:50,2026-08-14 21:15:50,Routine,,,L,0,2026-08-14 21:20:50
LAB00163879,,MRN78482859,DR00053,H002-D10,H002,630-4,2026-08-28 08:36:11,2026-08-28 09:44:11,2026-08-28 12:12:11,Routine,,,L,0,2026-08-28 12:17:11
LAB00163880,,MRN78482859,DR00163,H003-D01,H003,4544-3,2026-08-30 04:36:11,2026-08-30 04:41:11,2026-08-30 08:30:11,STAT,115.801,,N,0,2026-08-30 08:35:11
LAB00163881,,MRN28362545,DR00056,H003-D04,H003,6301-6,2026-07-26 17:09:03,2026-07-26 17:44:03,2026-07-26 20:26:03,Routine,96.008,,L,0,2026-07-26 20:31:03
LAB00163882,,MRN63991956,DR00171,H003-D07,H003,718-7,2026-08-31 08:27:39,2026-08-31 08:32:39,2026-08-31 11:29:39,Routine,1.996,,L,0,2026-08-31 11:34:39
LAB00163883,,MRN63991956,DR00238,H003-D04,H003,2345-7,2026-08-30 14:27:39,2026-08-30 15:09:39,2026-08-30 18:19:39,Routine,145.926,,L,0,2026-08-30 18:24:39
LAB00163884,,MRN63991956,DR00055,H003-D10,H003,2093-3,2026-09-01 00:27:39,2026-09-01 01:16:39,2026-09-01 02:00:39,Routine,173.188,,HH,0,2026-09-01 02:05:39
LAB00163885,,MRN47292217,DR00078,H001-D09,H001,3016-3,2026-07-17 12:59:44,2026-07-17 14:28:44,2026-07-17 16:37:44,Routine,141.906,,L,0,2026-07-17 16:42:44
LAB00163886,,MRN47292217,DR00028,H003-D08,H003,4548-4,2026-07-17 21:59:44,2026-07-17 23:20:44,2026-07-18 02:40:44,Routine,119.107,,HH,0,2026-07-18 02:45:44
LAB00163887,,MRN47292217,DR00003,H001-D01,H001,2951-2,2026-07-16 11:59:44,2026-07-16 13:03:44,2026-07-16 17:55:44,Routine,48.128,,L,0,2026-07-16 18:00:44
LAB00163888,,MRN73905092,DR00161,H001-D08,H001,3016-3,2026-08-07 19:02:55,2026-08-07 19:59:55,2026-08-07 22:19:55,Routine,49.799,,L,0,2026-08-07 22:24:55
LAB00163889,,MRN73905092,DR00174,H003-D04,H003,2075-0,2026-08-07 02:02:55,2026-08-07 02:47:55,2026-08-07 03:44:55,STAT,193.333,,H,0,2026-08-07 03:49:55
LAB00163890,,MRN48331714,DR00051,H002-D01,H002,5902-2,2026-07-23 17:42:17,2026-07-23 18:47:17,2026-07-23 20:25:17,STAT,82.0,,N,0,2026-07-23 20:30:17
LAB00163891,,MRN48331714,DR00114,H001-D07,H001,5811-5,2026-07-23 14:42:17,2026-07-23 14:57:17,2026-07-23 18:20:17,Routine,3.009,,N,0,2026-07-23 18:25:17
LAB00163892,,MRN48331714,DR00187,H001-D06,H001,718-7,2026-07-24 13:42:17,2026-07-24 14:06:17,2026-07-24 15:32:17,Routine,175.477,,HH,0,2026-07-24 15:37:17
LAB00163893,,MRN61627367,DR00065,H003-D09,H003,2951-2,2026-08-03 16:17:31,2026-08-03 17:31:31,2026-08-03 21:03:31,Routine,168.677,,L,0,2026-08-03 21:08:31
LAB00163894,,MRN61627367,DR00108,H003-D09,H003,3016-3,2026-08-03 12:17:31,2026-08-03 13:01:31,2026-08-03 14:09:31,Routine,141.487,,HH,0,2026-08-03 14:14:31
LAB00163895,,MRN45509758,DR00100,H003-D04,H003,2075-0,2026-07-24 05:36:30,2026-07-24 05:49:30,2026-07-24 07:33:30,STAT,95.07,,N,0,2026-07-24 07:38:30
LAB00163896,,MRN45509758,DR00183,H003-D02,H003,2823-3,2026-07-24 14:36:30,2026-07-24 15:36:30,2026-07-24 18:24:30,Routine,17.484,,N,0,2026-07-24 18:29:30
LAB00163897,,MRN45509758,DR00068,H003-D06,H003,4544-3,2026-07-24 20:36:30,2026-07-24 21:50:30,2026-07-25 02:39:30,Routine,160.448,,H,0,2026-07-25 02:44:30
LAB00163898,,MRN18709620,DR00240,H001-D09,H001,718-7,2026-08-11 00:12:21,2026-08-11 01:13:21,2026-08-11 05:36:21,Routine,103.093,,L,0,2026-08-11 05:41:21
LAB00163899,,MRN18709620,DR00170,H001-D03,H001,777-3,2026-08-10 20:12:21,2026-08-10 20:30:21,2026-08-11 00:02:21,Routine,142.222,,N,0,2026-08-11 00:07:21
LAB00163900,,MRN74749668,DR00020,H003-D10,H003,2160-0,2026-08-22 05:02:12,2026-08-22 05:41:12,2026-08-22 06:12:12,Routine,11.874,,N,0,2026-08-22 06:17:12
LAB00163901,,MRN92115075,DR00036,H003-D03,H003,777-3,2026-08-22 21:20:54,2026-08-22 21:26:54,2026-08-23 00:50:54,STAT,54.001,,L,0,2026-08-23 00:55:54
LAB00163902,,MRN92115075,DR00179,H003-D05,H003,718-7,2026-08-23 22:20:54,2026-08-23 23:14:54,2026-08-23 23:53:54,Routine,156.337,,N,0,2026-08-23 23:58:54
LAB00163903,,MRN92655794,DR00229,H003-D10,H003,4544-3,2026-07-30 22:05:54,2026-07-30 22:26:54,2026-07-31 02:36:54,Routine,39.163,,HH,0,2026-07-31 02:41:54
LAB00163904,,MRN84644363,DR00112,H001-D09,H001,1920-8,2026-07-13 06:28:26,2026-07-13 07:48:26,2026-07-13 08:29:26,Routine,68.89,,H,0,2026-07-13 08:34:26
LAB00163905,,MRN84644363,DR00072,H002-D07,H002,6301-6,2026-07-12 10:28:26,2026-07-12 11:30:26,2026-07-12 13:33:26,Routine,103.807,,N,0,2026-07-12 13:38:26
LAB00163906,,MRN84644363,DR00086,H002-D06,H002,4548-4,2026-07-12 02:28:26,2026-07-12 02:43:26,2026-07-12 03:06:26,Routine,28.112,,H,0,2026-07-12 03:11:26
LAB00163907,,MRN33231882,DR00053,H001-D02,H001,6690-2,2026-07-06 03:08:36,2026-07-06 04:08:36,2026-07-06 07:32:36,Routine,148.059,,N,0,2026-07-06 07:37:36
LAB00163908,,MRN33231882,DR00041,H002-D10,H002,99999-9,2026-07-06 19:08:36,2026-07-06 20:32:36,2026-07-06 22:58:36,Routine,82.673,,HH,0,2026-07-06 23:03:36
LAB00163909,,MRN90339306,DR00095,H002-D07,H002,2160-0,2026-07-13 12:23:41,2026-07-13 12:47:41,2026-07-13 14:58:41,STAT,98.884,,L,0,2026-07-13 15:03:41
LAB00163910,,MRN90339306,DR00151,H001-D07,H001,1742-6,2026-07-13 00:23:41,2026-07-13 00:33:41,2026-07-13 01:22:41,Routine,5.985,,L,0,2026-07-13 01:27:41
LAB00163911,,MRN71859710,DR00149,H001-D07,H001,2093-3,2026-07-15 03:00:39,2026-07-15 03:09:39,2026-07-15 08:07:39,Routine,85.596,,L,0,2026-07-15 08:12:39
LAB00163912,,MRN71859710,DR00039,H001-D06,H001,1988-5,2026-07-14 03:00:39,2026-07-14 04:05:39,2026-07-14 05:42:39,Routine,117.178,,H,0,2026-07-14 05:47:39
LAB00163913,,MRN71859710,DR00036,H002-D02,H002,30934-4,2026-07-15 16:00:39,2026-07-15 17:08:39,2026-07-15 21:40:39,Routine,50.898,,HH,0,2026-07-15 21:45:39
LAB00163914,,MRN40152316,DR00010,H002-D10,H002,10839-9,2026-08-17 17:57:17,2026-08-17 18:10:17,2026-08-17 18:54:17,Routine,30.721,,N,0,2026-08-17 18:59:17
LAB00163915,,MRN40152316,DR00040,H001-D09,H001,2085-9,2026-08-17 06:57:17,2026-08-17 08:00:17,2026-08-17 12:46:17,Routine,97.214,,H,0,2026-08-17 12:51:17
LAB00163916,,MRN97603874,DR00002,H001-D02,H001,3016-3,2026-08-17 13:05:48,2026-08-17 13:43:48,2026-08-17 17:52:48,STAT,17.537,,L,0,2026-08-17 17:57:48
LAB00163917,,MRN97603874,DR00150,H003-D07,H003,6690-2,2026-08-17 08:05:48,2026-08-17 09:09:48,2026-08-17 10:32:48,Routine,110.624,,L,0,2026-08-17 10:37:48
LAB00163918,,MRN97603874,DR00200,H002-D04,H002,630-4,2026-08-16 14:05:48,2026-08-16 14:28:48,2026-08-16 15:14:48,STAT,,,H,0,2026-08-16 15:19:48
LAB00163919,,MRN97444075,DR00041,H002-D05,H002,2085-9,2026-07-29 07:22:24,2026-07-29 07:34:24,2026-07-29 08:40:24,Routine,129.997,,L,0,2026-07-29 08:45:24
LAB00163920,,MRN84834690,DR00080,H003-D10,H003,1920-8,2026-07-15 18:56:57,2026-07-15 19:15:57,2026-07-15 20:46:57,Routine,123.952,,HH,0,2026-07-15 20:51:57
LAB00163921,,MRN84834690,DR00091,H003-D05,H003,6301-6,2026-07-16 08:56:57,2026-07-16 09:01:57,2026-07-16 09:35:57,STAT,43.273,,HH,0,2026-07-16 09:40:57
LAB00163922,,MRN84834690,DR00108,H002-D02,H002,3094-0,2026-07-15 16:56:57,2026-07-15 17:14:57,2026-07-15 17:44:57,Routine,71.9,,L,0,2026-07-15 17:49:57
LAB00163923,,MRN73372743,DR00100,H002-D06,H002,2951-2,2025-12-29 16:49:43,2025-12-29 18:14:43,2025-12-29 20:38:43,Routine,193.023,,HH,0,2025-12-29 20:43:43
LAB00163924,,MRN40048733,DR00186,H002-D09,H002,6690-2,2026-08-06 09:21:54,2026-08-06 10:14:54,2026-08-06 10:38:54,Routine,97.579,,H,0,2026-08-06 10:43:54
LAB00163925,,MRN40048733,DR00087,H003-D07,H003,3094-0,2026-08-05 01:21:54,2026-08-05 01:53:54,2026-08-05 06:51:54,Routine,126.281,,HH,0,2026-08-05 06:56:54
LAB00163926,,MRN91881674,DR00093,H003-D02,H003,4548-4,2026-07-17 03:34:24,2026-07-17 04:18:24,2026-07-17 06:45:24,Routine,14.327,,H,0,2026-07-17 06:50:24
LAB00163927,,MRN19707537,DR00121,H002-D02,H002,600-7,2026-07-21 18:36:01,2026-07-21 19:26:01,2026-07-21 21:14:01,Routine,,,H,0,2026-07-21 21:19:01
LAB00163928,,MRN19707537,DR00107,H001-D01,H001,2345-7,2026-07-21 11:36:01,2026-07-21 12:22:01,2026-07-21 17:18:01,STAT,3.955,,H,0,2026-07-21 17:23:01
LAB00163929,,MRN28310895,DR00004,H002-D05,H002,6690-2,2026-07-05 22:29:34,2026-07-05 22:43:34,2026-07-06 03:06:34,Routine,23.356,,HH,0,2026-07-06 03:11:34
LAB00163930,,MRN13569329,DR00078,H001-D10,H001,1742-6,2026-08-01 09:47:57,2026-08-01 11:09:57,2026-08-01 14:41:57,STAT,40.511,,HH,0,2026-08-01 14:46:57
LAB00163931,,MRN13569329,DR00142,H001-D04,H001,6301-6,2026-08-01 14:47:57,2026-08-01 15:37:57,2026-08-01 18:21:57,Routine,33.594,,HH,0,2026-08-01 18:26:57
LAB00163932,,MRN42717032,DR00228,H001-D04,H001,10839-9,2026-07-17 12:17:32,2026-07-17 13:04:32,2026-07-17 15:14:32,Routine,38.049,,H,0,2026-07-17 15:19:32
LAB00163933,,MRN62832957,DR00126,H001-D08,H001,LOCAL-777,2026-07-12 08:21:59,2026-07-12 08:38:59,2026-07-12 10:37:59,Routine,118.255,,L,0,2026-07-12 10:42:59
LAB00163934,,MRN62832957,DR00068,H001-D03,H001,10839-9,2026-07-13 13:21:59,2026-07-13 14:28:59,2026-07-13 15:30:59,STAT,121.693,,N,0,2026-07-13 15:35:59
LAB00163935,,MRN29917941,DR00036,H001-D08,H001,5811-5,2026-07-09 08:19:51,2026-07-09 09:35:51,2026-07-09 10:04:51,Routine,130.092,,N,0,2026-07-09 10:09:51
LAB00163936,,MRN29917941,DR00155,H002-D10,H002,1988-5,2026-07-08 02:19:51,2026-07-08 02:58:51,2026-07-08 07:01:51,Routine,57.729,,HH,0,2026-07-08 07:06:51
LAB00163937,,MRN48246939,DR00156,H002-D05,H002,1975-2,2026-08-10 17:46:29,2026-08-10 18:18:29,2026-08-10 20:40:29,Routine,40.162,,L,0,2026-08-10 20:45:29
LAB00163938,,MRN29188139,DR00003,H002-D04,H002,2160-0,2026-07-21 07:41:15,2026-07-21 08:06:15,2026-07-21 10:56:15,Routine,62.131,,H,0,2026-07-21 11:01:15
LAB00163939,,MRN29188139,DR00036,H001-D09,H001,1988-5,2026-07-21 03:41:15,2026-07-21 04:38:15,2026-07-21 08:54:15,Routine,9.765,,HH,0,2026-07-21 08:59:15
LAB00163940,,MRN29451337,DR00011,H003-D10,H003,718-7,2026-08-23 03:12:35,2026-08-23 03:38:35,2026-08-23 08:11:35,Routine,92.495,,N,0,2026-08-23 08:16:35
LAB00163941,,MRN29451337,DR00014,H004-D10,H004,1742-6,2026-08-24 00:12:35,2026-08-24 00:38:35,2026-08-24 02:01:35,STAT,173.825,,HH,0,2026-08-24 02:06:35
LAB00163942,,MRN29451337,DR00013,H001-D02,H001,2085-9,2026-08-22 20:12:35,2026-08-22 20:23:35,2026-08-22 21:11:35,STAT,26.707,,HH,0,2026-08-22 21:16:35
LAB00163943,,MRN46094653,DR00186,H001-D06,H001,3094-0,2026-08-01 20:37:52,2026-08-01 20:50:52,2026-08-01 23:47:52,Routine,38.915,,N,0,2026-08-01 23:52:52
LAB00163944,,MRN55886036,DR00114,H003-D02,H003,5811-5,2026-08-16 04:21:18,2026-08-16 05:04:18,2026-08-16 07:28:18,Routine,15.559,,HH,0,2026-08-16 07:33:18
LAB00163945,,MRN55886036,DR00065,H002-D06,H002,3094-0,2026-08-16 13:21:18,2026-08-16 14:48:18,2026-08-16 15:30:18,STAT,3.283,,L,0,2026-08-16 15:35:18
LAB00163946,,MRN55886036,DR00075,H003-D01,H003,1975-2,2026-08-15 14:21:18,2026-08-15 15:20:18,2026-08-15 18:29:18,Routine,181.971,,L,0,2026-08-15 18:34:18
LAB00163947,,MRN50988671,DR00036,H002-D01,H002,5902-2,2026-08-17 00:14:23,2026-08-17 01:43:23,2026-08-17 02:22:23,Routine,160.474,,HH,0,2026-08-17 02:27:23
LAB00163948,,MRN50988671,DR00189,H004-D03,H004,777-3,2026-08-16 00:14:23,2026-08-16 01:18:23,2026-08-16 05:46:23,Routine,54.235,,L,0,2026-08-16 05:51:23
LAB00163949,,MRN57225948,DR00158,H003-D02,H003,2085-9,2026-08-08 22:20:36,2026-08-08 23:21:36,2026-08-09 00:07:36,STAT,129.915,,H,0,2026-08-09 00:12:36
LAB00163950,,MRN57225948,DR00172,H003-D07,H003,1975-2,2026-08-09 07:20:36,2026-08-09 08:22:36,2026-08-09 12:16:36,Routine,51.63,,L,0,2026-08-09 12:21:36
LAB00163951,,MRN64063911,DR00103,H001-D03,H001,1742-6,2026-07-23 15:58:36,2026-07-23 16:26:36,2026-07-23 20:41:36,Routine,159.783,,N,0,2026-07-23 20:46:36
LAB00163952,,MRN64063911,DR00021,H001-D02,H001,6690-2,2026-07-23 07:58:36,2026-07-23 08:28:36,2026-07-23 11:41:36,Routine,118.719,,H,0,2026-07-23 11:46:36
LAB00163953,,MRN64063911,DR00105,H001-D01,H001,1920-8,2026-07-23 15:58:36,2026-07-23 16:12:36,2026-07-23 20:48:36,Routine,19.28,,L,0,2026-07-23 20:53:36
LAB00163954,,MRN61567220,DR00061,H001-D06,H001,6301-6,2026-08-25 03:56:31,2026-08-25 04:55:31,2026-08-25 08:16:31,STAT,58.659,,L,0,2026-08-25 08:21:31
LAB00163955,,MRN36023965,DR00033,H003-D10,H003,3094-0,2026-08-31 19:32:37,2026-08-31 19:41:37,2026-08-31 20:13:37,Routine,93.661,,H,0,2026-08-31 20:18:37
LAB00163956,,MRN20947334,DR00118,H002-D08,H002,2823-3,2026-08-20 16:58:56,2026-08-20 18:02:56,2026-08-20 22:24:56,Routine,28.312,,H,0,2026-08-20 22:29:56
LAB00163957,,MRN35860247,DR00093,H001-D09,H001,1920-8,2026-08-03 11:25:51,2026-08-03 11:50:51,2026-08-03 16:00:51,Routine,187.575,,N,0,2026-08-03 16:05:51
LAB00163958,,MRN35860247,DR00106,H001-D01,H001,777-3,2026-08-04 10:25:51,2026-08-04 11:19:51,2026-08-04 12:44:51,Routine,54.831,,L,0,2026-08-04 12:49:51
LAB00163959,,MRN76042485,DR00225,H003-D07,H003,5902-2,2026-07-08 08:19:28,2026-07-08 08:48:28,2026-07-08 12:18:28,Routine,9.32,,HH,0,2026-07-08 12:23:28
LAB00163960,,MRN76042485,DR00127,H002-D06,H002,2160-0,2026-07-07 09:19:28,2026-07-07 10:21:28,2026-07-07 14:21:28,Routine,178.252,,L,0,2026-07-07 14:26:28
LAB00163961,,MRN76042485,DR00122,H003-D02,H003,2075-0,2026-07-06 19:19:28,2026-07-06 20:44:28,2026-07-06 23:09:28,Routine,150.34,,HH,0,2026-07-06 23:14:28
LAB00163962,,MRN97271473,DR00191,H003-D04,H003,5902-2,2026-07-12 14:10:37,2026-07-12 14:49:37,2026-07-12 16:15:37,STAT,12.912,,HH,0,2026-07-12 16:20:37
LAB00163963,,MRN33733518,DR00177,H001-D09,H001,3016-3,2026-07-27 23:11:56,2026-07-27 23:39:56,2026-07-28 00:02:56,Routine,129.438,,L,0,2026-07-28 00:07:56
LAB00163964,,MRN33733518,DR00140,H002-D02,H002,2823-3,2026-07-27 12:11:56,2026-07-27 12:20:56,2026-07-27 17:05:56,Routine,32.008,,H,0,2026-07-27 17:10:56
LAB00163965,,MRN66035104,DR00209,H002-D08,H002,2160-0,2026-07-17 05:40:59,2026-07-17 06:21:59,2026-07-17 07:48:59,Routine,66.145,,L,0,2026-07-17 07:53:59
LAB00163966,,MRN66035104,DR00177,H002-D08,H002,30934-4,2026-07-16 06:40:59,2026-07-16 07:33:59,2026-07-16 08:48:59,Routine,128.884,,N,0,2026-07-16 08:53:59
LAB00163967,,MRN66035104,DR00208,H003-D05,H003,10839-9,2026-07-17 13:40:59,2026-07-17 14:51:59,2026-07-17 19:10:59,Routine,41.72,,H,0,2026-07-17 19:15:59
LAB00163968,,MRN68684303,DR00107,H003-D01,H003,2345-7,2026-08-06 02:24:06,2026-08-06 03:53:06,2026-08-06 07:47:06,Routine,140.849,,N,0,2026-08-06 07:52:06
LAB00163969,,MRN68684303,DR00240,H001-D03,H001,718-7,2026-08-06 16:24:06,2026-08-06 16:34:06,2026-08-06 18:44:06,Routine,160.13,,L,0,2026-08-06 18:49:06
LAB00163970,,MRN68684303,DR00123,H001-D05,H001,5811-5,2026-08-05 22:24:06,2026-08-05 23:47:06,2026-08-06 00:40:06,STAT,153.659,,N,0,2026-08-06 00:45:06
LAB00163971,,MRN85556137,DR00229,H002-D06,H002,1988-5,2026-07-17 01:01:59,2026-07-17 01:54:59,2026-07-17 02:34:59,STAT,111.277,,N,0,2026-07-17 02:39:59
LAB00163972,,MRN85556137,DR00103,H003-D10,H003,600-7,2026-07-17 14:01:59,2026-07-17 14:21:59,2026-07-17 18:17:59,Routine,,,L,0,2026-07-17 18:22:59
LAB00163973,,MRN98792516,DR00156,H003-D06,H003,600-7,2026-08-20 18:26:38,2026-08-20 19:17:38,2026-08-20 23:23:38,Routine,,,H,0,2026-08-20 23:28:38
LAB00163974,,MRN98792516,DR00050,H004-D10,H004,3094-0,2026-08-19 17:26:38,2026-08-19 18:24:38,2026-08-19 22:19:38,STAT,15.155,,L,0,2026-08-19 22:24:38
LAB00163975,,MRN98792516,DR00047,H002-D08,H002,1920-8,2026-08-21 00:26:38,2026-08-21 01:01:38,2026-08-21 05:52:38,Routine,57.928,,N,0,2026-08-21 05:57:38
LAB00163976,,MRN83150035,DR00079,H001-D07,H001,2085-9,2025-09-02 08:37:01,2025-09-02 09:24:01,2025-09-02 13:43:01,Routine,59.093,,H,0,2025-09-02 13:48:01
LAB00163977,,MRN83150035,DR00043,H002-D02,H002,5902-2,2025-09-01 11:37:01,2025-09-01 12:06:01,2025-09-01 16:49:01,Routine,119.672,,HH,0,2025-09-01 16:54:01
LAB00163978,,MRN23608298,DR00117,H002-D08,H002,2951-2,2026-07-09 20:47:42,2026-07-09 21:29:42,2026-07-09 23:12:42,STAT,11.534,,N,0,2026-07-09 23:17:42
LAB00163979,,MRN51743231,DR00234,H002-D09,H002,5811-5,2026-07-06 08:14:25,2026-07-06 08:53:25,2026-07-06 12:30:25,Routine,106.849,,L,0,2026-07-06 12:35:25
LAB00163980,,MRN51743231,DR00066,H002-D04,H002,1742-6,2026-07-07 16:14:25,2026-07-07 17:20:25,2026-07-07 19:55:25,Routine,132.168,,H,0,2026-07-07 20:00:25
LAB00163981,,MRN51743231,DR00074,H002-D01,H002,30934-4,2026-07-05 23:14:25,2026-07-05 23:26:25,2026-07-06 01:28:25,Routine,177.764,,H,0,2026-07-06 01:33:25
LAB00163982,,MRN20308191,DR00008,H001-D07,H001,2160-0,2026-08-14 23:24:38,2026-08-15 00:52:38,2026-08-15 05:27:38,Routine,70.423,,H,0,2026-08-15 05:32:38
LAB00163983,,MRN96542851,DR00011,H002-D07,H002,1920-8,2025-09-21 10:47:46,2025-09-21 11:13:46,2025-09-21 12:32:46,Routine,194.077,,L,0,2025-09-21 12:37:46
LAB00163984,,MRN59538852,DR00083,H003-D01,H003,5902-2,2026-07-29 10:43:28,2026-07-29 11:44:28,2026-07-29 14:41:28,Routine,123.041,,H,0,2026-07-29 14:46:28
LAB00163985,,MRN59538852,DR00221,H004-D10,H004,2823-3,2026-07-29 14:43:28,2026-07-29 15:04:28,2026-07-29 18:56:28,STAT,20.616,,HH,0,2026-07-29 19:01:28
LAB00163986,,MRN58257479,DR00224,H001-D08,H001,6301-6,2026-07-31 17:55:57,2026-07-31 19:24:57,2026-07-31 20:33:57,Routine,74.355,,N,0,2026-07-31 20:38:57
LAB00163987,,MRN58257479,DR00168,H003-D04,H003,6301-6,2026-07-30 07:55:57,2026-07-30 09:04:57,2026-07-30 11:09:57,Routine,142.536,,N,0,2026-07-30 11:14:57
LAB00163988,,MRN55121323,DR00217,H002-D09,H002,5811-5,2026-07-13 18:55:02,2026-07-13 20:23:02,2026-07-14 01:16:02,Routine,162.001,,HH,0,2026-07-14 01:21:02
LAB00163989,,MRN50092740,DR00019,H001-D09,H001,10839-9,2026-08-10 06:53:36,2026-08-10 07:43:36,2026-08-10 09:13:36,Routine,176.298,,L,0,2026-08-10 09:18:36
LAB00163990,,MRN50092740,DR00068,H003-D07,H003,5902-2,2026-08-09 12:53:36,2026-08-09 13:02:36,2026-08-09 17:14:36,STAT,103.592,,HH,0,2026-08-09 17:19:36
LAB00163991,,MRN64353890,DR00069,H003-D06,H003,718-7,2026-08-15 21:05:07,2026-08-15 21:54:07,2026-08-15 23:29:07,Routine,131.014,,H,0,2026-08-15 23:34:07
LAB00163992,,MRN61820073,DR00230,H003-D01,H003,10839-9,2026-07-06 01:56:21,2026-07-06 02:06:21,2026-07-06 03:49:21,Routine,139.845,,L,0,2026-07-06 03:54:21
LAB00163993,,MRN11107773,DR00108,H002-D01,H002,2951-2,2026-07-08 03:11:42,2026-07-08 03:20:42,2026-07-08 06:36:42,Routine,106.666,,HH,0,2026-07-08 06:41:42
LAB00163994,,MRN11107773,DR00012,H003-D08,H003,5902-2,2026-07-07 01:11:42,2026-07-07 01:47:42,2026-07-07 03:38:42,Routine,81.196,,H,0,2026-07-07 03:43:42
LAB00163995,,MRN11107773,DR00216,H002-D02,H002,3016-3,2026-07-08 22:11:42,2026-07-08 22:56:42,2026-07-09 01:23:42,STAT,64.16,,L,0,2026-07-09 01:28:42
LAB00163996,,MRN48951541,DR00037,H004-D03,H004,5902-2,2026-08-12 00:18:48,2026-08-12 01:29:48,2026-08-12 06:27:48,Routine,183.992,,HH,0,2026-08-12 06:32:48
LAB00163997,,MRN56333608,DR00012,H001-D05,H001,600-7,2026-08-21 04:30:37,2026-08-21 05:29:37,2026-08-21 10:23:37,Routine,,,L,0,2026-08-21 10:28:37
LAB00163998,,MRN56333608,DR00140,H001-D09,H001,2951-2,2026-08-21 21:30:37,2026-08-21 21:53:37,2026-08-22 00:53:37,Routine,64.29,,L,0,2026-08-22 00:58:37
LAB00163999,,MRN47501110,DR00125,H003-D03,H003,2951-2,2026-07-06 11:21:41,2026-07-06 12:06:41,2026-07-06 12:31:41,Routine,2.675,,N,0,2026-07-06 12:36:41
LAB00164000,,MRN94750496,DR00153,H002-D03,H002,4544-3,2026-08-20 08:30:29,2026-08-20 09:26:29,2026-08-20 12:33:29,Routine,44.091,,N,0,2026-08-20 12:38:29
LAB00164001,,MRN94750496,DR00143,H003-D10,H003,630-4,2026-08-18 22:30:29,2026-08-18 23:40:29,2026-08-19 02:05:29,Routine,,,HH,0,2026-08-19 02:10:29
LAB00164002,,MRN94750496,DR00189,H002-D02,H002,1975-2,2026-08-19 13:30:29,2026-08-19 14:50:29,2026-08-19 19:03:29,Routine,170.283,,N,0,2026-08-19 19:08:29
LAB00164003,,MRN80406484,DR00150,H002-D10,H002,2085-9,2026-08-09 20:36:43,2026-08-09 21:36:43,2026-08-10 01:51:43,Routine,30.458,,HH,0,2026-08-10 01:56:43
LAB00164004,,MRN80406484,DR00073,H002-D09,H002,2823-3,2026-08-11 14:36:43,2026-08-11 15:38:43,2026-08-11 19:06:43,Routine,112.955,,HH,0,2026-08-11 19:11:43
LAB00164005,,MRN56739190,DR00124,H002-D02,H002,1742-6,2026-04-11 01:44:43,2026-04-11 02:10:43,2026-04-11 04:51:43,Routine,11.957,,L,0,2026-04-11 04:56:43
LAB00164006,,MRN14660384,DR00208,H001-D08,H001,2085-9,2026-08-28 11:07:33,2026-08-28 12:25:33,2026-08-28 16:57:33,Routine,119.595,,HH,0,2026-08-28 17:02:33
LAB00164007,,MRN14660384,DR00218,H002-D09,H002,5902-2,2026-08-28 14:07:33,2026-08-28 14:48:33,2026-08-28 15:48:33,STAT,190.893,,HH,0,2026-08-28 15:53:33
LAB00164008,,MRN14660384,DR00037,H002-D03,H002,5902-2,2026-08-29 11:07:33,2026-08-29 12:28:33,2026-08-29 15:55:33,Routine,179.904,,H,0,2026-08-29 16:00:33
LAB00164009,,MRN10823197,DR00088,H003-D10,H003,1975-2,2026-07-21 18:25:26,2026-07-21 19:36:26,2026-07-21 21:59:26,Routine,67.013,,HH,0,2026-07-21 22:04:26
LAB00164010,,MRN79508099,DR00194,H003-D01,H003,2085-9,2026-07-03 18:29:46,2026-07-03 18:56:46,2026-07-03 20:08:46,Routine,24.696,,L,0,2026-07-03 20:13:46
LAB00164011,,MRN79508099,DR00023,H002-D09,H002,3094-0,2026-07-05 05:29:46,2026-07-05 05:53:46,2026-07-05 07:37:46,Routine,193.53,,N,0,2026-07-05 07:42:46
LAB00164012,,MRN79508099,DR00130,H001-D07,H001,2085-9,2026-07-04 18:29:46,2026-07-04 19:55:46,2026-07-05 00:21:46,Routine,54.754,,H,0,2026-07-05 00:26:46
LAB00164013,,MRN31587544,DR00012,H003-D08,H003,6690-2,2026-07-28 21:16:52,2026-07-28 21:59:52,2026-07-29 01:03:52,Routine,127.447,,H,0,2026-07-29 01:08:52
LAB00164014,,MRN31587544,DR00069,H002-D04,H002,1742-6,2026-07-28 07:16:52,2026-07-28 08:22:52,2026-07-28 10:45:52,Routine,29.404,,H,0,2026-07-28 10:50:52
LAB00164015,,MRN31587544,DR00008,H002-D08,H002,30934-4,2026-07-28 00:16:52,2026-07-28 01:39:52,2026-07-28 05:26:52,Routine,99.01,,HH,0,2026-07-28 05:31:52
LAB00164016,,MRN29564717,DR00030,H002-D07,H002,2345-7,2026-07-30 03:47:03,2026-07-30 04:49:03,2026-07-30 06:20:03,STAT,117.753,,N,0,2026-07-30 06:25:03
LAB00164017,,MRN71832380,DR00157,H004-D10,H004,1988-5,2026-07-22 13:26:47,2026-07-22 14:30:47,2026-07-22 18:38:47,Routine,152.423,,L,0,2026-07-22 18:43:47
LAB00164018,,MRN33028635,DR00107,H003-D02,H003,2160-0,2026-08-27 16:26:07,2026-08-27 17:08:07,2026-08-27 18:59:07,Routine,98.569,,H,0,2026-08-27 19:04:07
LAB00164019,,MRN33028635,DR00146,H001-D04,H001,1975-2,2026-08-29 00:26:07,2026-08-29 00:48:07,2026-08-29 03:58:07,Routine,20.653,,H,0,2026-08-29 04:03:07
LAB00164020,,MRN33028635,DR00075,H003-D05,H003,2093-3,2026-08-28 14:26:07,2026-08-28 15:05:07,2026-08-28 17:04:07,Routine,159.815,,H,0,2026-08-28 17:09:07
LAB00164021,,MRN30300483,DR00078,H003-D08,H003,6301-6,2025-07-09 17:23:28,2025-07-09 18:02:28,2025-07-09 18:23:28,Routine,20.658,,L,0,2025-07-09 18:28:28
LAB00164022,,MRN30300483,DR00027,H002-D01,H002,777-3,2025-07-08 21:23:28,2025-07-08 22:40:28,2025-07-09 01:58:28,STAT,116.132,,HH,0,2025-07-09 02:03:28
LAB00164023,,MRN30300483,DR00196,H001-D01,H001,2823-3,2025-07-09 23:23:28,2025-07-09 23:42:28,2025-07-10 00:46:28,Routine,132.583,,H,0,2025-07-10 00:51:28
LAB00164024,,MRN42728426,DR00237,H004-D10,H004,2951-2,2026-09-01 12:29:03,2026-09-01 12:54:03,2026-09-01 17:42:03,Routine,153.443,,HH,0,2026-09-01 17:47:03
LAB00164025,,MRN42728426,DR00234,H002-D10,H002,2823-3,2026-09-01 00:29:03,2026-09-01 01:21:03,2026-09-01 02:12:03,Routine,148.398,,HH,0,2026-09-01 02:17:03
LAB00164026,,MRN65953945,DR00169,H001-D01,H001,1975-2,2026-09-01 12:30:45,2026-09-01 13:28:45,2026-09-01 16:03:45,Routine,172.25,,H,0,2026-09-01 16:08:45
LAB00164027,,MRN65953945,DR00053,H002-D07,H002,2160-0,2026-08-31 13:30:45,2026-08-31 14:15:45,2026-08-31 15:51:45,Routine,150.555,,HH,0,2026-08-31 15:56:45
LAB00164028,,MRN65953945,DR00074,H002-D06,H002,1975-2,2026-09-01 12:30:45,2026-09-01 13:20:45,2026-09-01 15:25:45,STAT,34.032,,L,0,2026-09-01 15:30:45
LAB00164029,,MRN85172696,DR00217,H002-D05,H002,3016-3,2026-07-11 10:39:52,2026-07-11 11:03:52,2026-07-11 14:48:52,STAT,22.54,,L,0,2026-07-11 14:53:52
LAB00164030,,MRN85172696,DR00212,H003-D08,H003,4548-4,2026-07-12 16:39:52,2026-07-12 17:29:52,2026-07-12 18:27:52,Routine,138.083,,H,0,2026-07-12 18:32:52
LAB00164031,,MRN46605650,DR00197,H001-D08,H001,2075-0,2025-08-06 00:28:27,2025-08-06 01:41:27,2025-08-06 06:31:27,STAT,70.178,,H,0,2025-08-06 06:36:27
LAB00164032,,MRN46605650,DR00075,H004-D03,H004,1920-8,2025-08-06 01:28:27,2025-08-06 02:31:27,2025-08-06 06:44:27,Routine,92.435,,H,0,2025-08-06 06:49:27
LAB00164033,,MRN46605650,DR00137,H002-D04,H002,600-7,2025-08-04 22:28:27,2025-08-04 23:47:27,2025-08-05 02:20:27,Routine,,,L,0,2025-08-05 02:25:27
LAB00164034,,MRN56046434,DR00140,H001-D09,H001,630-4,2026-08-01 14:52:55,2026-08-01 15:48:55,2026-08-01 19:06:55,Routine,,,L,0,2026-08-01 19:11:55
LAB00164035,,MRN56046434,DR00050,H002-D06,H002,1920-8,2026-08-01 01:52:55,2026-08-01 02:46:55,2026-08-01 03:21:55,Routine,26.118,,L,0,2026-08-01 03:26:55
LAB00164036,,MRN66781915,DR00199,H002-D04,H002,630-4,2026-08-19 06:50:34,2026-08-19 07:39:34,2026-08-19 11:09:34,Routine,,,L,0,2026-08-19 11:14:34
LAB00164037,,MRN15169151,DR00205,H002-D03,H002,10839-9,2026-08-15 12:15:36,2026-08-15 13:33:36,2026-08-15 15:46:36,Routine,185.181,,L,0,2026-08-15 15:51:36
LAB00164038,,MRN15169151,DR00174,H003-D09,H003,2951-2,2026-08-15 02:15:36,2026-08-15 03:16:36,2026-08-15 06:15:36,Routine,19.215,,N,0,2026-08-15 06:20:36
LAB00164039,,MRN15169151,DR00147,H002-D09,H002,4544-3,2026-08-15 01:15:36,2026-08-15 02:05:36,2026-08-15 05:57:36,Routine,139.696,,N,0,2026-08-15 06:02:36
LAB00164040,,MRN60478747,DR00157,H003-D06,H003,2075-0,2025-08-22 19:21:23,2025-08-22 19:59:23,2025-08-23 00:32:23,Routine,175.022,,N,0,2025-08-23 00:37:23
LAB00164041,,MRN33729648,DR00161,H003-D10,H003,4544-3,2026-08-10 09:37:25,2026-08-10 09:54:25,2026-08-10 10:54:25,Routine,124.965,,L,0,2026-08-10 10:59:25
LAB00164042,,MRN33729648,DR00037,H003-D08,H003,2075-0,2026-08-09 19:37:25,2026-08-09 19:44:25,2026-08-09 21:55:25,Routine,9.462,,H,0,2026-08-09 22:00:25
LAB00164043,,MRN33729648,DR00143,H001-D09,H001,4544-3,2026-08-11 00:37:25,2026-08-11 02:02:25,2026-08-11 02:40:25,Routine,114.919,,HH,0,2026-08-11 02:45:25
LAB00164044,,MRN15557829,DR00098,H003-D06,H003,2093-3,2026-08-20 23:01:06,2026-08-20 23:06:06,2026-08-21 03:03:06,Routine,11.846,,L,0,2026-08-21 03:08:06
LAB00164045,,MRN10935979,DR00176,H001-D04,H001,5902-2,2026-07-05 11:21:49,2026-07-05 11:37:49,2026-07-05 13:05:49,Routine,112.54,,N,0,2026-07-05 13:10:49
LAB00164046,,MRN10935979,DR00219,H001-D04,H001,2345-7,2026-07-06 15:21:49,2026-07-06 16:27:49,2026-07-06 20:38:49,STAT,195.816,,L,0,2026-07-06 20:43:49
LAB00164047,,MRN10935979,DR00021,H003-D08,H003,2345-7,2026-07-06 13:21:49,2026-07-06 13:28:49,2026-07-06 14:38:49,Routine,85.428,,L,0,2026-07-06 14:43:49
LAB00164048,,MRN88530940,DR00125,H003-D02,H003,1975-2,2026-08-01 18:34:37,2026-08-01 19:14:37,2026-08-01 22:25:37,STAT,116.57,,N,0,2026-08-01 22:30:37
LAB00164049,,MRN82500777,DR00126,H001-D02,H001,1988-5,2026-08-21 11:07:16,2026-08-21 11:28:16,2026-08-21 12:53:16,Routine,104.016,,L,0,2026-08-21 12:58:16
LAB00164050,,MRN13599226,DR00125,H004-D10,H004,4544-3,2026-07-14 17:36:46,2026-07-14 18:56:46,2026-07-14 19:18:46,STAT,24.303,,N,0,2026-07-14 19:23:46
LAB00164051,,MRN13599226,DR00025,H002-D06,H002,1742-6,2026-07-14 23:36:46,2026-07-15 00:50:46,2026-07-15 03:39:46,Routine,198.829,,N,0,2026-07-15 03:44:46
LAB00164052,,MRN38125717,DR00153,H003-D09,H003,2823-3,2026-07-20 22:14:49,2026-07-20 22:31:49,2026-07-21 02:16:49,Routine,89.813,,L,0,2026-07-21 02:21:49
LAB00164053,,MRN60827128,DR00237,H002-D04,H002,10839-9,2026-09-26 03:39:34,2026-09-26 04:45:34,2026-09-26 07:22:34,Routine,12.644,,L,0,2026-09-26 07:27:34
LAB00164054,,MRN60827128,DR00126,H001-D07,H001,1920-8,2026-09-27 00:39:34,2026-09-27 02:03:34,2026-09-27 03:11:34,Routine,107.168,,L,0,2026-09-27 03:16:34
LAB00164055,,MRN65213245,DR00066,H002-D09,H002,600-7,2026-08-25 07:59:33,2026-08-25 09:00:33,2026-08-25 12:36:33,Routine,,,HH,0,2026-08-25 12:41:33
LAB00164056,,MRN17072688,DR00160,H003-D01,H003,2345-7,2026-08-04 23:54:46,2026-08-05 01:04:46,2026-08-05 02:41:46,STAT,2.817,,HH,0,2026-08-05 02:46:46
LAB00164057,,MRN17072688,DR00170,H002-D10,H002,2823-3,2026-08-04 05:54:46,2026-08-04 06:47:46,2026-08-04 08:08:46,Routine,89.001,,HH,0,2026-08-04 08:13:46
LAB00164058,,MRN55999175,DR00007,H001-D07,H001,4544-3,2026-08-31 22:47:01,2026-08-31 23:12:01,2026-09-01 01:05:01,Routine,88.318,,HH,0,2026-09-01 01:10:01
LAB00164059,,MRN55999175,DR00073,H001-D05,H001,1988-5,2026-08-31 02:47:01,2026-08-31 03:20:01,2026-08-31 07:14:01,Routine,184.22,,L,0,2026-08-31 07:19:01
LAB00164060,,MRN17772534,DR00105,H002-D07,H002,5902-2,2026-08-08 05:05:56,2026-08-08 05:15:56,2026-08-08 07:14:56,STAT,66.617,,HH,0,2026-08-08 07:19:56
LAB00164061,,MRN17772534,DR00233,H002-D07,H002,2093-3,2026-08-07 21:05:56,2026-08-07 21:16:56,2026-08-08 00:33:56,STAT,59.142,,HH,0,2026-08-08 00:38:56
LAB00164062,,MRN37988400,DR00017,H001-D04,H001,3016-3,2026-08-24 18:55:49,2026-08-24 20:08:49,2026-08-25 00:44:49,Routine,57.598,,L,0,2026-08-25 00:49:49
LAB00164063,,MRN68877383,DR00032,H001-D01,H001,718-7,2025-09-25 23:09:30,2025-09-26 00:24:30,2025-09-26 03:51:30,Routine,58.147,,HH,0,2025-09-26 03:56:30
LAB00164064,,MRN68877383,DR00050,H003-D03,H003,2823-3,2025-09-26 23:09:30,2025-09-26 23:20:30,2025-09-27 01:55:30,STAT,99.284,,H,0,2025-09-27 02:00:30
LAB00164065,,MRN68877383,DR00074,H002-D09,H002,10839-9,2025-09-25 20:09:30,2025-09-25 21:23:30,2025-09-26 00:06:30,Routine,129.001,,H,0,2025-09-26 00:11:30
LAB00164066,,MRN23221643,DR00132,H003-D05,H003,1742-6,2026-08-30 12:10:35,2026-08-30 13:04:35,2026-08-30 15:13:35,Routine,170.719,,HH,0,2026-08-30 15:18:35
LAB00164067,,MRN23221643,DR00224,H002-D09,H002,6690-2,2026-08-31 16:10:35,2026-08-31 16:20:35,2026-08-31 20:31:35,STAT,171.254,,HH,0,2026-08-31 20:36:35
LAB00164068,,MRN23221643,DR00224,H002-D01,H002,2075-0,2026-08-30 19:10:35,2026-08-30 19:18:35,2026-08-30 20:45:35,Routine,180.769,,L,0,2026-08-30 20:50:35
LAB00164069,,MRN95108517,DR00183,H002-D01,H002,718-7,2026-08-05 18:01:17,2026-08-05 18:23:17,2026-08-05 19:26:17,Routine,70.758,,N,0,2026-08-05 19:31:17
LAB00164070,,MRN33415231,DR00179,H002-D10,H002,4548-4,2026-08-29 03:52:47,2026-08-29 04:47:47,2026-08-29 08:13:47,Routine,77.314,,L,0,2026-08-29 08:18:47
LAB00164071,,MRN12433125,DR00012,H001-D05,H001,718-7,2026-07-30 11:59:32,2026-07-30 13:26:32,2026-07-30 15:42:32,Routine,31.191,,L,0,2026-07-30 15:47:32
LAB00164072,,MRN12433125,DR00063,H003-D02,H003,5902-2,2026-07-30 07:59:32,2026-07-30 09:05:32,2026-07-30 11:50:32,Routine,44.989,,H,0,2026-07-30 11:55:32
LAB00164073,,MRN37962716,DR00167,H002-D09,H002,2823-3,2026-08-03 23:12:10,2026-08-03 23:25:10,2026-08-04 03:29:10,Routine,108.874,,HH,0,2026-08-04 03:34:10
LAB00164074,,MRN37962716,DR00207,H001-D08,H001,30934-4,2026-08-03 13:12:10,2026-08-03 13:50:10,2026-08-03 17:32:10,Routine,67.13,,L,0,2026-08-03 17:37:10
LAB00164075,,MRN51283754,DR00059,H001-D01,H001,2951-2,2026-08-16 02:28:11,2026-08-16 02:53:11,2026-08-16 07:01:11,Routine,102.423,,H,0,2026-08-16 07:06:11
LAB00164076,,MRN14680773,DR00233,H001-D10,H001,2823-3,2026-08-17 10:50:26,2026-08-17 11:25:26,2026-08-17 14:45:26,Routine,18.906,,L,0,2026-08-17 14:50:26
LAB00164077,,MRN14680773,DR00040,H001-D01,H001,5902-2,2026-08-17 02:50:26,2026-08-17 03:27:26,2026-08-17 07:59:26,Routine,21.303,,H,0,2026-08-17 08:04:26
LAB00164078,,MRN72726224,DR00027,H002-D03,H002,2093-3,2026-08-10 18:00:22,2026-08-10 19:00:22,2026-08-10 19:55:22,Routine,171.068,,H,0,2026-08-10 20:00:22
LAB00164079,,MRN72726224,DR00036,H004-D03,H004,1742-6,2026-08-12 04:00:22,2026-08-12 04:16:22,2026-08-12 08:01:22,Routine,119.737,,H,0,2026-08-12 08:06:22
LAB00164080,,MRN75200165,DR00123,H002-D02,H002,30934-4,2026-07-19 08:10:30,2026-07-19 08:57:30,2026-07-19 10:41:30,Routine,86.476,,H,0,2026-07-19 10:46:30
LAB00164081,,MRN75200165,DR00021,H002-D02,H002,6301-6,2026-07-20 01:10:30,2026-07-20 02:18:30,2026-07-20 02:50:30,Routine,170.335,,N,0,2026-07-20 02:55:30
LAB00164082,,MRN75200165,DR00198,H001-D01,H001,777-3,2026-07-19 17:10:30,2026-07-19 18:17:30,2026-07-19 19:32:30,Routine,31.733,,HH,0,2026-07-19 19:37:30
LAB00164083,,MRN86293669,DR00226,H003-D04,H003,4544-3,2026-07-05 17:09:10,2026-07-05 18:14:10,2026-07-05 21:13:10,Routine,175.942,,H,0,2026-07-05 21:18:10
LAB00164084,,MRN77652026,DR00121,H002-D04,H002,30934-4,2026-07-23 07:12:30,2026-07-23 07:48:30,2026-07-23 11:59:30,STAT,166.215,,L,0,2026-07-23 12:04:30
LAB00164085,,MRN77652026,DR00027,H001-D06,H001,1988-5,2026-07-21 20:12:30,2026-07-21 21:35:30,2026-07-22 01:39:30,STAT,170.413,,N,0,2026-07-22 01:44:30
LAB00164086,,MRN32167720,DR00063,H002-D01,H002,10839-9,2026-08-02 06:01:00,2026-08-02 06:08:00,2026-08-02 06:36:00,Routine,30.025,,N,0,2026-08-02 06:41:00
LAB00164087,,MRN91829394,DR00034,H003-D05,H003,630-4,2026-01-16 13:20:19,2026-01-16 14:10:19,2026-01-16 16:39:19,Routine,,,L,0,2026-01-16 16:44:19
LAB00164088,,MRN67664279,DR00038,H001-D01,H001,1920-8,2026-07-06 03:56:39,2026-07-06 04:48:39,2026-07-06 08:35:39,Routine,24.743,,HH,0,2026-07-06 08:40:39
LAB00164089,,MRN67664279,DR00148,H001-D10,H001,2160-0,2026-07-05 12:56:39,2026-07-05 13:16:39,2026-07-05 15:26:39,Routine,130.659,,HH,0,2026-07-05 15:31:39
LAB00164090,,MRN93384269,DR00002,H001-D02,H001,1742-6,2026-08-23 23:28:50,2026-08-24 00:48:50,2026-08-24 02:27:50,Routine,20.134,,HH,0,2026-08-24 02:32:50
LAB00164091,,MRN93384269,DR00040,H002-D06,H002,5811-5,2026-08-23 17:28:50,2026-08-23 18:00:50,2026-08-23 19:29:50,Routine,94.137,,H,0,2026-08-23 19:34:50
LAB00164092,,MRN73149483,DR00082,H004-D03,H004,10839-9,2026-08-30 02:58:54,2026-08-30 04:12:54,2026-08-30 06:10:54,Routine,76.664,,H,0,2026-08-30 06:15:54
LAB00164093,,MRN73149483,DR00087,H003-D01,H003,5902-2,2026-08-29 05:58:54,2026-08-29 07:25:54,2026-08-29 12:01:54,Routine,85.174,,N,0,2026-08-29 12:06:54
LAB00164094,,MRN73149483,DR00125,H002-D02,H002,2093-3,2026-08-29 17:58:54,2026-08-29 19:02:54,2026-08-29 19:59:54,Routine,182.784,,N,0,2026-08-29 20:04:54
LAB00164095,,MRN32125939,DR00132,H001-D02,H001,2093-3,2026-08-19 08:55:16,2026-08-19 09:23:16,2026-08-19 12:10:16,Routine,177.014,,HH,0,2026-08-19 12:15:16
LAB00164096,,MRN13889496,DR00101,H002-D01,H002,6301-6,2026-08-15 11:38:57,2026-08-15 12:39:57,2026-08-15 17:19:57,STAT,167.494,,N,0,2026-08-15 17:24:57
LAB00164097,,MRN13889496,DR00150,H001-D02,H001,2345-7,2026-08-16 11:38:57,2026-08-16 11:57:57,2026-08-16 16:21:57,Routine,192.486,,H,0,2026-08-16 16:26:57
LAB00164098,,MRN82294991,DR00091,H003-D08,H003,1988-5,2026-08-13 13:33:42,2026-08-13 14:52:42,2026-08-13 15:43:42,Routine,15.967,,H,0,2026-08-13 15:48:42
LAB00164099,,MRN82294991,DR00121,H003-D02,H003,2075-0,2026-08-12 01:33:42,2026-08-12 02:05:42,2026-08-12 05:20:42,Routine,6.462,,HH,0,2026-08-12 05:25:42
LAB00164100,,MRN45582057,DR00016,H002-D03,H002,5902-2,2026-08-24 17:12:05,2026-08-24 18:19:05,2026-08-24 21:34:05,Routine,10.262,,H,0,2026-08-24 21:39:05
LAB00164101,,MRN45582057,DR00070,H003-D06,H003,2075-0,2026-08-25 18:12:05,2026-08-25 19:25:05,2026-08-25 20:39:05,STAT,131.312,,L,0,2026-08-25 20:44:05
LAB00164102,,MRN44381583,DR00148,H004-D10,H004,4544-3,2026-07-11 15:06:37,2026-07-11 15:36:37,2026-07-11 17:17:37,Routine,111.69,,N,0,2026-07-11 17:22:37
LAB00164103,,MRN44381583,DR00199,H002-D09,H002,4544-3,2026-07-12 19:06:37,2026-07-12 20:07:37,2026-07-13 00:39:37,Routine,103.016,,HH,0,2026-07-13 00:44:37
LAB00164104,,MRN44381583,DR00223,H002-D02,H002,5902-2,2026-07-12 02:06:37,2026-07-12 02:20:37,2026-07-12 04:08:37,Routine,56.461,,L,0,2026-07-12 04:13:37
LAB00164105,,MRN90970679,DR00155,H001-D09,H001,3094-0,2026-08-23 18:36:01,2026-08-23 19:05:01,2026-08-23 20:44:01,Routine,107.769,,N,0,2026-08-23 20:49:01
LAB00164106,,MRN90970679,DR00047,H002-D06,H002,2075-0,2026-08-23 05:36:01,2026-08-23 05:56:01,2026-08-23 09:08:01,Routine,68.03,,HH,0,2026-08-23 09:13:01
LAB00164107,,MRN90970679,DR00192,H001-D09,H001,1742-6,2026-08-22 07:36:01,2026-08-22 08:56:01,2026-08-22 13:54:01,Routine,107.823,,L,0,2026-08-22 13:59:01
LAB00164108,,MRN92826718,DR00094,H002-D07,H002,2823-3,2025-12-15 16:56:00,2025-12-15 17:49:00,2025-12-15 21:13:00,Routine,177.995,,H,0,2025-12-15 21:18:00
LAB00164109,,MRN92826718,DR00215,H001-D06,H001,30934-4,2025-12-15 11:56:00,2025-12-15 12:27:00,2025-12-15 15:27:00,Routine,183.576,,H,0,2025-12-15 15:32:00
LAB00164110,,MRN92826718,DR00223,H002-D08,H002,4544-3,2025-12-15 08:56:00,2025-12-15 09:10:00,2025-12-15 12:18:00,STAT,71.519,,H,0,2025-12-15 12:23:00
LAB00164111,,MRN27219156,DR00117,H003-D05,H003,777-3,2026-06-01 21:51:16,2026-06-01 22:04:16,2026-06-02 02:23:16,Routine,5.614,,HH,0,2026-06-02 02:28:16
LAB00164112,,MRN14764988,DR00231,H003-D10,H003,6690-2,2026-08-19 10:39:06,2026-08-19 11:46:06,2026-08-19 13:15:06,Routine,169.851,,L,0,2026-08-19 13:20:06
LAB00164113,,MRN76142430,DR00160,H001-D09,H001,2093-3,2026-07-07 01:30:24,2026-07-07 01:42:24,2026-07-07 04:17:24,Routine,149.53,,H,0,2026-07-07 04:22:24
LAB00164114,,MRN76142430,DR00037,H002-D10,H002,2085-9,2026-07-07 12:30:24,2026-07-07 12:47:24,2026-07-07 15:22:24,STAT,89.559,,L,0,2026-07-07 15:27:24
LAB00164115,,MRN58804014,DR00083,H003-D03,H003,6301-6,2026-08-08 01:49:30,2026-08-08 02:22:30,2026-08-08 05:59:30,Routine,135.183,,H,0,2026-08-08 06:04:30
LAB00164116,,MRN34779667,DR00192,H003-D10,H003,5902-2,2026-08-11 18:31:06,2026-08-11 18:42:06,2026-08-11 19:37:06,Routine,194.975,,N,0,2026-08-11 19:42:06
LAB00164117,,MRN30017336,DR00107,H003-D09,H003,777-3,2026-07-27 23:39:00,2026-07-28 00:04:00,2026-07-28 01:29:00,Routine,54.383,,HH,0,2026-07-28 01:34:00
LAB00164118,,MRN30017336,DR00136,H001-D03,H001,2085-9,2026-07-28 06:39:00,2026-07-28 07:21:00,2026-07-28 10:03:00,STAT,102.468,,HH,0,2026-07-28 10:08:00
LAB00164119,,MRN30017336,DR00086,H001-D01,H001,1988-5,2026-07-28 07:39:00,2026-07-28 08:20:00,2026-07-28 13:16:00,Routine,33.732,,HH,0,2026-07-28 13:21:00
LAB00164120,,MRN44708821,DR00090,H001-D07,H001,777-3,2026-08-24 22:26:50,2026-08-24 23:40:50,2026-08-25 00:13:50,Routine,115.793,,N,0,2026-08-25 00:18:50
LAB00164121,,MRN76142646,DR00165,H002-D03,H002,2823-3,2026-08-02 11:25:27,2026-08-02 11:51:27,2026-08-02 15:25:27,Routine,190.275,,L,0,2026-08-02 15:30:27
LAB00164122,,MRN76142646,DR00151,H003-D09,H003,2085-9,2026-08-01 14:25:27,2026-08-01 15:47:27,2026-08-01 20:22:27,Routine,49.493,,L,0,2026-08-01 20:27:27
LAB00164123,,MRN18206636,DR00118,H001-D02,H001,2093-3,2026-08-22 14:15:41,2026-08-22 15:32:41,2026-08-22 20:19:41,Routine,138.214,,L,0,2026-08-22 20:24:41
LAB00164124,,MRN18206636,DR00074,H001-D06,H001,4544-3,2026-08-23 01:15:41,2026-08-23 02:33:41,2026-08-23 05:08:41,Routine,184.12,,N,0,2026-08-23 05:13:41
LAB00164125,,MRN18206636,DR00058,H002-D06,H002,6690-2,2026-08-22 15:15:41,2026-08-22 15:47:41,2026-08-22 19:29:41,STAT,124.811,,H,0,2026-08-22 19:34:41
LAB00164126,,MRN66250678,DR00208,H002-D05,H002,2093-3,2026-08-27 04:43:49,2026-08-27 05:53:49,2026-08-27 08:17:49,Routine,112.565,,HH,0,2026-08-27 08:22:49
LAB00164127,,MRN66250678,DR00003,H003-D03,H003,2951-2,2026-08-28 00:43:49,2026-08-28 01:34:49,2026-08-28 06:03:49,Routine,94.077,,N,0,2026-08-28 06:08:49
LAB00164128,,MRN54694089,DR00043,H002-D01,H002,1988-5,2026-08-28 21:18:46,2026-08-28 21:46:46,2026-08-28 22:11:46,Routine,135.448,,H,0,2026-08-28 22:16:46
LAB00164129,,MRN54694089,DR00100,H002-D04,H002,4548-4,2026-08-30 12:18:46,2026-08-30 12:53:46,2026-08-30 17:17:46,Routine,70.131,,L,0,2026-08-30 17:22:46
LAB00164130,,MRN54694089,DR00172,H001-D03,H001,1988-5,2026-08-29 21:18:46,2026-08-29 21:35:46,2026-08-30 00:43:46,Routine,160.983,,H,0,2026-08-30 00:48:46
LAB00164131,,MRN51495619,DR00063,H002-D02,H002,1742-6,2026-08-24 19:43:16,2026-08-24 20:42:16,2026-08-24 22:11:16,Routine,85.408,,H,0,2026-08-24 22:16:16
LAB00164132,,MRN51495619,DR00202,H002-D01,H002,4548-4,2026-08-25 04:43:16,2026-08-25 05:35:16,2026-08-25 08:01:16,Routine,66.182,,N,0,2026-08-25 08:06:16
LAB00164133,,MRN51495619,DR00220,H002-D03,H002,1920-8,2026-08-25 07:43:16,2026-08-25 08:16:16,2026-08-25 09:55:16,Routine,94.405,,HH,0,2026-08-25 10:00:16
LAB00164134,,MRN69195736,DR00039,H004-D03,H004,2093-3,2026-08-06 15:26:34,2026-08-06 16:24:34,2026-08-06 21:02:34,STAT,9.929,,L,0,2026-08-06 21:07:34
LAB00164135,,MRN69195736,DR00221,H002-D06,H002,6301-6,2026-08-07 07:26:34,2026-08-07 08:37:34,2026-08-07 10:34:34,Routine,28.291,,HH,0,2026-08-07 10:39:34
LAB00164136,,MRN69195736,DR00141,H001-D02,H001,3094-0,2026-08-07 22:26:34,2026-08-07 23:14:34,2026-08-08 00:18:34,Routine,42.977,,N,0,2026-08-08 00:23:34
LAB00164137,,MRN99591170,DR00049,H004-D10,H004,6301-6,2026-07-31 04:41:57,2026-07-31 05:14:57,2026-07-31 06:26:57,STAT,117.129,,HH,0,2026-07-31 06:31:57
LAB00164138,,MRN99591170,DR00105,H003-D04,H003,2093-3,2026-07-29 22:41:57,2026-07-30 00:04:57,2026-07-30 01:38:57,Routine,95.421,,L,0,2026-07-30 01:43:57
LAB00164139,,MRN68367953,DR00168,H002-D03,H002,3094-0,2026-08-26 02:25:52,2026-08-26 02:30:52,2026-08-26 04:27:52,Routine,162.425,,N,0,2026-08-26 04:32:52
LAB00164140,,MRN68367953,DR00149,H003-D08,H003,2085-9,2026-08-24 21:25:52,2026-08-24 22:40:52,2026-08-25 03:29:52,Routine,136.144,,H,0,2026-08-25 03:34:52
LAB00164141,,MRN85022729,DR00176,H003-D05,H003,1920-8,2026-07-09 20:47:49,2026-07-09 22:15:49,2026-07-10 01:08:49,Routine,157.092,,H,0,2026-07-10 01:13:49
LAB00164142,,MRN44300356,DR00007,H002-D04,H002,777-3,2026-07-14 11:15:25,2026-07-14 11:51:25,2026-07-14 13:59:25,Routine,173.89,,L,0,2026-07-14 14:04:25
LAB00164143,,MRN67563738,DR00102,H001-D06,H001,2823-3,2026-08-01 10:27:07,2026-08-01 11:01:07,2026-08-01 11:48:07,Routine,178.261,,L,0,2026-08-01 11:53:07
LAB00164144,,MRN67563738,DR00129,H002-D01,H002,718-7,2026-07-31 17:27:07,2026-07-31 17:45:07,2026-07-31 21:44:07,Routine,92.496,,N,0,2026-07-31 21:49:07
LAB00164145,,MRN67563738,DR00043,H001-D05,H001,3016-3,2026-07-30 22:27:07,2026-07-30 23:19:07,2026-07-31 01:37:07,Routine,9.74,,N,0,2026-07-31 01:42:07
LAB00164146,,MRN90363683,DR00139,H001-D09,H001,88888-8,2026-09-01 03:39:52,2026-09-01 03:52:52,2026-09-01 08:32:52,Routine,8.619,,H,0,2026-09-01 08:37:52
LAB00164147,,MRN50204969,DR00065,H001-D05,H001,2075-0,2026-07-25 23:38:53,2026-07-25 23:50:53,2026-07-26 00:35:53,Routine,40.264,,N,0,2026-07-26 00:40:53
LAB00164148,,MRN50204969,DR00042,H003-D05,H003,1988-5,2026-07-25 21:38:53,2026-07-25 21:45:53,2026-07-26 01:01:53,Routine,4.599,,H,0,2026-07-26 01:06:53
LAB00164149,,MRN50204969,DR00163,H003-D10,H003,600-7,2026-07-26 08:38:53,2026-07-26 09:34:53,2026-07-26 10:29:53,Routine,,,H,0,2026-07-26 10:34:53
LAB00164150,,MRN40901390,DR00044,H001-D01,H001,2093-3,2026-08-22 09:04:49,2026-08-22 09:48:49,2026-08-22 12:44:49,Routine,31.9,,H,0,2026-08-22 12:49:49
LAB00164151,,MRN40901390,DR00162,H003-D09,H003,2345-7,2026-08-22 18:04:49,2026-08-22 18:36:49,2026-08-22 19:00:49,Routine,107.457,,N,0,2026-08-22 19:05:49
LAB00164152,,MRN40901390,DR00046,H003-D02,H003,600-7,2026-08-23 12:04:49,2026-08-23 12:53:49,2026-08-23 13:15:49,Routine,,,N,0,2026-08-23 13:20:49
LAB00164153,,MRN33492820,DR00229,H001-D05,H001,2823-3,2026-07-13 05:01:15,2026-07-13 06:01:15,2026-07-13 09:26:15,Routine,127.597,,HH,0,2026-07-13 09:31:15
LAB00164154,,MRN66599680,DR00078,H001-D10,H001,2951-2,2026-08-19 19:43:50,2026-08-19 20:16:50,2026-08-19 20:56:50,Routine,37.244,,L,0,2026-08-19 21:01:50
LAB00164155,,MRN83045658,DR00035,H002-D10,H002,5811-5,2026-07-03 20:54:07,2026-07-03 21:18:07,2026-07-04 00:29:07,Routine,86.909,,HH,0,2026-07-04 00:34:07
LAB00164156,,MRN78291512,DR00068,H001-D07,H001,600-7,2026-07-24 15:24:17,2026-07-24 16:41:17,2026-07-24 20:32:17,Routine,,,HH,0,2026-07-24 20:37:17
LAB00164157,,MRN65912485,DR00062,H001-D09,H001,2085-9,2026-08-31 13:27:56,2026-08-31 14:23:56,2026-08-31 17:27:56,STAT,177.055,,L,0,2026-08-31 17:32:56
LAB00164158,,MRN65912485,DR00204,H002-D05,H002,1975-2,2026-08-30 06:27:56,2026-08-30 06:46:56,2026-08-30 08:26:56,Routine,55.278,,HH,0,2026-08-30 08:31:56
LAB00164159,,MRN65912485,DR00232,H002-D02,H002,5811-5,2026-08-31 19:27:56,2026-08-31 20:06:56,2026-09-01 00:03:56,Routine,53.324,,H,0,2026-09-01 00:08:56
LAB00164160,,MRN86730926,DR00230,H001-D04,H001,2093-3,2026-07-06 12:21:28,2026-07-06 13:23:28,2026-07-06 14:28:28,Routine,66.175,,N,0,2026-07-06 14:33:28
LAB00164161,,MRN86730926,DR00114,H003-D10,H003,2085-9,2026-07-06 22:21:28,2026-07-06 23:30:28,2026-07-07 03:10:28,Routine,121.506,,H,0,2026-07-07 03:15:28
LAB00164162,,MRN86730926,DR00171,H001-D04,H001,630-4,2026-07-06 09:21:28,2026-07-06 10:26:28,2026-07-06 11:45:28,Routine,,,HH,0,2026-07-06 11:50:28
LAB00164163,,MRN41165469,DR00118,H001-D03,H001,5902-2,2025-06-02 18:17:47,2025-06-02 19:46:47,2025-06-02 20:52:47,STAT,40.993,,HH,0,2025-06-02 20:57:47
LAB00164164,,MRN91080729,DR00044,H002-D01,H002,4544-3,2026-07-16 14:03:55,2026-07-16 14:31:55,2026-07-16 18:30:55,Routine,13.881,,HH,0,2026-07-16 18:35:55
LAB00164165,,MRN50099484,DR00103,H001-D04,H001,10839-9,2026-09-01 21:11:47,2026-09-01 22:13:47,2026-09-02 01:04:47,STAT,113.452,,L,0,2026-09-02 01:09:47
LAB00164166,,MRN50099484,DR00069,H001-D03,H001,630-4,2026-08-31 16:11:47,2026-08-31 16:54:47,2026-08-31 19:58:47,STAT,,,N,0,2026-08-31 20:03:47
LAB00164167,,MRN91853989,DR00073,H001-D04,H001,2075-0,2026-08-15 01:10:11,2026-08-15 02:28:11,2026-08-15 06:52:11,Routine,32.188,,HH,0,2026-08-15 06:57:11
LAB00164168,,MRN91853989,DR00166,H002-D03,H002,6301-6,2026-08-16 09:10:11,2026-08-16 10:23:11,2026-08-16 14:59:11,Routine,19.585,,HH,0,2026-08-16 15:04:11
LAB00164169,,MRN91853989,DR00240,H003-D03,H003,2823-3,2026-08-16 17:10:11,2026-08-16 17:20:11,2026-08-16 21:40:11,STAT,168.002,,L,0,2026-08-16 21:45:11
LAB00164170,,MRN45203507,DR00223,H003-D05,H003,1920-8,2026-07-04 20:37:32,2026-07-04 21:45:32,2026-07-04 22:23:32,Routine,70.158,,L,0,2026-07-04 22:28:32
LAB00164171,,MRN45203507,DR00044,H002-D01,H002,4548-4,2026-07-05 20:37:32,2026-07-05 21:45:32,2026-07-06 02:25:32,Routine,197.455,,HH,0,2026-07-06 02:30:32
LAB00164172,,MRN65606733,DR00031,H003-D02,H003,6301-6,2026-07-31 18:37:56,2026-07-31 19:43:56,2026-07-31 21:59:56,Routine,138.833,,L,0,2026-07-31 22:04:56
LAB00164173,,MRN65606733,DR00197,H003-D08,H003,2160-0,2026-07-31 16:37:56,2026-07-31 17:57:56,2026-07-31 19:51:56,Routine,134.856,,N,0,2026-07-31 19:56:56
LAB00164174,,MRN88797771,DR00033,H001-D10,H001,600-7,2026-08-10 14:52:09,2026-08-10 15:04:09,2026-08-10 17:17:09,Routine,,,H,0,2026-08-10 17:22:09
LAB00164175,,MRN88797771,DR00149,H003-D03,H003,6301-6,2026-08-10 07:52:09,2026-08-10 08:24:09,2026-08-10 09:14:09,Routine,176.045,,L,0,2026-08-10 09:19:09
LAB00164176,,MRN88797771,DR00050,H001-D07,H001,600-7,2026-08-10 21:52:09,2026-08-10 23:12:09,2026-08-11 02:56:09,Routine,,,H,0,2026-08-11 03:01:09
LAB00164177,,MRN95533537,DR00027,H003-D08,H003,2951-2,2026-07-22 02:04:10,2026-07-22 02:28:10,2026-07-22 02:55:10,STAT,57.674,,N,0,2026-07-22 03:00:10
LAB00164178,,MRN95533537,DR00233,H002-D04,H002,10839-9,2026-07-21 19:04:10,2026-07-21 19:35:10,2026-07-21 21:26:10,Routine,75.45,,H,0,2026-07-21 21:31:10
LAB00164179,,MRN75934821,DR00125,H001-D07,H001,6690-2,2026-07-08 07:18:12,2026-07-08 07:55:12,2026-07-08 10:19:12,Routine,126.632,,L,0,2026-07-08 10:24:12
LAB00164180,,MRN75934821,DR00178,H002-D03,H002,1920-8,2026-07-09 03:18:12,2026-07-09 04:15:12,2026-07-09 07:21:12,Routine,177.09,,H,0,2026-07-09 07:26:12
LAB00164181,,MRN52435910,DR00225,H001-D07,H001,1920-8,2026-07-07 11:08:05,2026-07-07 11:14:05,2026-07-07 15:05:05,Routine,146.018,,N,0,2026-07-07 15:10:05
LAB00164182,,MRN52435910,DR00071,H001-D08,H001,2093-3,2026-07-08 06:08:05,2026-07-08 07:08:05,2026-07-08 11:35:05,Routine,23.983,,L,0,2026-07-08 11:40:05
LAB00164183,,MRN52435910,DR00183,H001-D07,H001,4548-4,2026-07-08 20:08:05,2026-07-08 20:20:05,2026-07-08 21:48:05,STAT,38.605,,N,0,2026-07-08 21:53:05
LAB00164184,,MRN79712320,DR00062,H003-D04,H003,5902-2,2026-08-13 10:04:03,2026-08-13 11:23:03,2026-08-13 16:16:03,Routine,66.812,,L,0,2026-08-13 16:21:03
LAB00164185,,MRN79712320,DR00014,H003-D01,H003,2345-7,2026-08-13 06:04:03,2026-08-13 06:57:03,2026-08-13 07:36:03,STAT,109.444,,L,0,2026-08-13 07:41:03
LAB00164186,,MRN24733001,DR00032,H004-D03,H004,2951-2,2026-07-06 08:28:01,2026-07-06 09:13:01,2026-07-06 12:04:01,Routine,181.833,,N,0,2026-07-06 12:09:01
LAB00164187,,MRN24733001,DR00127,H003-D03,H003,630-4,2026-07-07 09:28:01,2026-07-07 10:46:01,2026-07-07 13:17:01,Routine,,,H,0,2026-07-07 13:22:01
LAB00164188,,MRN73934196,DR00052,H002-D01,H002,2085-9,2026-08-07 06:20:57,2026-08-07 06:56:57,2026-08-07 09:25:57,STAT,62.403,,H,0,2026-08-07 09:30:57
LAB00164189,,MRN73934196,DR00057,H002-D03,H002,2160-0,2026-08-06 04:20:57,2026-08-06 04:56:57,2026-08-06 06:17:57,STAT,181.646,,H,0,2026-08-06 06:22:57
LAB00164190,,MRN73934196,DR00159,H003-D09,H003,1975-2,2026-08-05 23:20:57,2026-08-06 00:31:57,2026-08-06 02:33:57,STAT,55.349,,N,0,2026-08-06 02:38:57
LAB00164191,,MRN61727655,DR00080,H003-D02,H003,6301-6,2026-07-09 23:04:41,2026-07-09 23:37:41,2026-07-10 03:46:41,Routine,146.136,,L,0,2026-07-10 03:51:41
LAB00164192,,MRN67721130,DR00147,H003-D03,H003,1975-2,2026-08-29 04:49:45,2026-08-29 05:19:45,2026-08-29 06:51:45,Routine,21.946,,H,0,2026-08-29 06:56:45
LAB00164193,,MRN67721130,DR00199,H001-D03,H001,6690-2,2026-08-30 07:49:45,2026-08-30 09:12:45,2026-08-30 12:32:45,STAT,44.416,,H,0,2026-08-30 12:37:45
LAB00164194,,MRN36269405,DR00107,H001-D07,H001,6301-6,2026-08-12 04:27:15,2026-08-12 04:38:15,2026-08-12 06:36:15,STAT,184.087,,N,0,2026-08-12 06:41:15
LAB00164195,,MRN36269405,DR00176,H003-D08,H003,2345-7,2026-08-11 21:27:15,2026-08-11 21:39:15,2026-08-12 01:39:15,STAT,166.402,,N,0,2026-08-12 01:44:15
LAB00164196,,MRN36269405,DR00052,H002-D10,H002,1920-8,2026-08-11 07:27:15,2026-08-11 08:13:15,2026-08-11 11:53:15,Routine,170.379,,N,0,2026-08-11 11:58:15
LAB00164197,,MRN98097851,DR00039,H001-D06,H001,3016-3,2026-08-31 04:14:03,2026-08-31 05:30:03,2026-08-31 09:10:03,Routine,10.212,,HH,0,2026-08-31 09:15:03
LAB00164198,,MRN92032310,DR00194,H002-D01,H002,4548-4,2026-08-19 07:18:14,2026-08-19 08:42:14,2026-08-19 13:25:14,Routine,110.918,,N,0,2026-08-19 13:30:14
LAB00164199,,MRN96940686,DR00013,H003-D06,H003,4548-4,2026-07-18 06:51:51,2026-07-18 07:44:51,2026-07-18 11:18:51,Routine,160.927,,HH,0,2026-07-18 11:23:51
LAB00164200,,MRN96940686,DR00069,H003-D04,H003,1742-6,2026-07-17 23:51:51,2026-07-18 01:11:51,2026-07-18 02:49:51,Routine,103.038,,H,0,2026-07-18 02:54:51
LAB00164201,,MRN75392599,DR00154,H002-D04,H002,777-3,2026-08-27 22:52:07,2026-08-27 23:11:07,2026-08-28 00:23:07,STAT,92.914,,N,0,2026-08-28 00:28:07
LAB00164202,,MRN93700523,DR00144,H003-D10,H003,30934-4,2026-08-12 00:29:36,2026-08-12 01:33:36,2026-08-12 03:12:36,Routine,183.113,,HH,0,2026-08-12 03:17:36
LAB00164203,,MRN93700523,DR00208,H001-D06,H001,4548-4,2026-08-11 19:29:36,2026-08-11 20:35:36,2026-08-11 21:11:36,Routine,56.454,,HH,0,2026-08-11 21:16:36
LAB00164204,,MRN64126317,DR00013,H002-D02,H002,1920-8,2026-07-08 23:07:47,2026-07-08 23:56:47,2026-07-09 04:29:47,Routine,151.18,,H,0,2026-07-09 04:34:47
LAB00164205,,MRN64126317,DR00195,H004-D10,H004,2160-0,2026-07-08 11:07:47,2026-07-08 11:49:47,2026-07-08 16:41:47,STAT,111.71,,N,0,2026-07-08 16:46:47
LAB00164206,,MRN64126317,DR00015,H001-D05,H001,777-3,2026-07-08 18:07:47,2026-07-08 18:33:47,2026-07-08 21:01:47,Routine,149.829,,H,0,2026-07-08 21:06:47
LAB00164207,,MRN83237872,DR00085,H002-D05,H002,1988-5,2026-08-16 19:21:45,2026-08-16 20:32:45,2026-08-16 23:15:45,STAT,54.019,,N,0,2026-08-16 23:20:45
LAB00164208,,MRN83237872,DR00172,H004-D03,H004,10839-9,2026-08-16 18:21:45,2026-08-16 18:45:45,2026-08-16 20:30:45,STAT,15.061,,HH,0,2026-08-16 20:35:45
LAB00164209,,MRN60246383,DR00065,H001-D02,H001,2093-3,2026-07-03 16:45:58,2026-07-03 17:20:58,2026-07-03 17:43:58,STAT,154.654,,HH,0,2026-07-03 17:48:58
LAB00164210,,MRN60246383,DR00220,H003-D01,H003,5902-2,2026-07-04 04:45:58,2026-07-04 05:40:58,2026-07-04 08:05:58,Routine,164.244,,H,0,2026-07-04 08:10:58
LAB00164211,,MRN10344607,DR00043,H004-D10,H004,1988-5,2026-07-16 03:16:28,2026-07-16 03:46:28,2026-07-16 06:59:28,Routine,59.499,,L,0,2026-07-16 07:04:28
LAB00164212,,MRN65353299,DR00201,H001-D02,H001,1742-6,2026-09-01 15:23:28,2026-09-01 15:57:28,2026-09-01 17:25:28,Routine,105.363,,H,0,2026-09-01 17:30:28
LAB00164213,,MRN81034795,DR00234,H001-D05,H001,2085-9,2026-08-09 17:36:09,2026-08-09 18:35:09,2026-08-09 23:09:09,Routine,39.161,,HH,0,2026-08-09 23:14:09
LAB00164214,,MRN81034795,DR00038,H001-D07,H001,4548-4,2026-08-10 20:36:09,2026-08-10 21:44:09,2026-08-10 23:47:09,Routine,152.268,,HH,0,2026-08-10 23:52:09
LAB00164215,,MRN87674449,DR00092,H002-D09,H002,10839-9,2026-07-21 03:03:02,2026-07-21 03:12:02,2026-07-21 08:00:02,Routine,154.925,,N,0,2026-07-21 08:05:02
LAB00164216,,MRN27101458,DR00123,H003-D06,H003,LOCAL-777,2026-07-27 03:12:30,2026-07-27 04:04:30,2026-07-27 06:06:30,Routine,,,H,0,2026-07-27 06:11:30
LAB00164217,,MRN27101458,DR00130,H003-D07,H003,777-3,2026-07-26 18:12:30,2026-07-26 19:03:30,2026-07-26 19:36:30,Routine,150.18,,HH,0,2026-07-26 19:41:30
LAB00164218,,MRN27101458,DR00135,H001-D02,H001,4544-3,2026-07-26 23:12:30,2026-07-27 00:22:30,2026-07-27 00:49:30,Routine,178.305,,HH,0,2026-07-27 00:54:30
LAB00164219,,MRN60263105,DR00019,H001-D07,H001,3016-3,2026-08-16 00:22:22,2026-08-16 01:31:22,2026-08-16 05:04:22,Routine,82.241,,L,0,2026-08-16 05:09:22
LAB00164220,,MRN60263105,DR00161,H002-D04,H002,5902-2,2026-08-15 10:22:22,2026-08-15 11:24:22,2026-08-15 16:05:22,STAT,8.91,,N,0,2026-08-15 16:10:22
LAB00164221,,MRN60263105,DR00193,H003-D06,H003,3094-0,2026-08-14 11:22:22,2026-08-14 11:59:22,2026-08-14 15:07:22,Routine,191.694,,N,0,2026-08-14 15:12:22
LAB00164222,,MRN55999175,DR00021,H001-D08,H001,30934-4,2026-08-19 08:58:00,2026-08-19 10:16:00,2026-08-19 12:10:00,Routine,185.504,,H,0,2026-08-19 12:15:00
LAB00164223,,MRN55999175,DR00185,H003-D07,H003,600-7,2026-08-18 08:58:00,2026-08-18 10:27:00,2026-08-18 12:23:00,STAT,,,N,0,2026-08-18 12:28:00
LAB00164224,,MRN70096590,DR00042,H001-D10,H001,1975-2,2026-08-26 20:09:02,2026-08-26 21:26:02,2026-08-26 23:41:02,STAT,100.408,,L,0,2026-08-26 23:46:02
LAB00164225,,MRN68136683,DR00132,H003-D02,H003,2085-9,2026-08-06 14:13:24,2026-08-06 15:04:24,2026-08-06 16:54:24,Routine,56.868,,L,0,2026-08-06 16:59:24
LAB00164226,,MRN68136683,DR00001,H002-D04,H002,1742-6,2026-08-07 10:13:24,2026-08-07 11:35:24,2026-08-07 14:04:24,Routine,37.06,,N,0,2026-08-07 14:09:24
LAB00164227,,MRN25108088,DR00036,H002-D02,H002,3016-3,2026-08-06 19:06:56,2026-08-06 19:27:56,2026-08-06 20:29:56,Routine,155.303,,N,0,2026-08-06 20:34:56
LAB00164228,,MRN25108088,DR00114,H004-D10,H004,6690-2,2026-08-08 03:06:56,2026-08-08 03:56:56,2026-08-08 05:58:56,STAT,124.584,,H,0,2026-08-08 06:03:56
LAB00164229,,MRN25108088,DR00142,H004-D10,H004,10839-9,2026-08-07 00:06:56,2026-08-07 01:07:56,2026-08-07 05:01:56,Routine,36.882,,L,0,2026-08-07 05:06:56
LAB00164230,,MRN77954648,DR00160,H001-D02,H001,4544-3,2026-07-06 10:48:41,2026-07-06 12:14:41,2026-07-06 16:15:41,Routine,163.139,,N,0,2026-07-06 16:20:41
LAB00164231,,MRN77954648,DR00165,H002-D01,H002,4544-3,2026-07-06 02:48:41,2026-07-06 03:30:41,2026-07-06 04:45:41,Routine,111.02,,N,0,2026-07-06 04:50:41
LAB00164232,,MRN77954648,DR00114,H003-D02,H003,10839-9,2026-07-07 10:48:41,2026-07-07 11:28:41,2026-07-07 15:18:41,Routine,92.535,,HH,0,2026-07-07 15:23:41
LAB00164233,,MRN85418530,DR00229,H001-D06,H001,718-7,2026-08-02 17:10:20,2026-08-02 18:07:20,2026-08-02 19:21:20,STAT,180.058,,H,0,2026-08-02 19:26:20
LAB00164234,,MRN65307292,DR00013,H002-D04,H002,5902-2,2026-08-15 09:07:01,2026-08-15 09:44:01,2026-08-15 12:03:01,Routine,114.519,,N,0,2026-08-15 12:08:01
LAB00164235,,MRN65307292,DR00077,H002-D10,H002,2085-9,2026-08-16 15:07:01,2026-08-16 16:08:01,2026-08-16 20:55:01,STAT,191.038,,L,0,2026-08-16 21:00:01
LAB00164236,,MRN67494884,DR00089,H002-D08,H002,6690-2,2026-07-25 00:22:35,2026-07-25 01:12:35,2026-07-25 03:01:35,STAT,167.632,,N,0,2026-07-25 03:06:35
LAB00164237,,MRN59008382,DR00238,H001-D02,H001,5811-5,2026-08-28 06:53:06,2026-08-28 08:10:06,2026-08-28 11:03:06,Routine,91.928,,HH,0,2026-08-28 11:08:06
LAB00164238,,MRN59008382,DR00189,H003-D08,H003,4544-3,2026-08-28 16:53:06,2026-08-28 17:54:06,2026-08-28 19:24:06,STAT,98.077,,N,0,2026-08-28 19:29:06
LAB00164239,,MRN59008382,DR00038,H003-D06,H003,1920-8,2026-08-27 01:53:06,2026-08-27 02:10:06,2026-08-27 05:39:06,Routine,52.324,,H,0,2026-08-27 05:44:06
LAB00164240,,MRN54685205,DR00189,H004-D10,H004,1988-5,2026-07-06 21:44:46,2026-07-06 22:38:46,2026-07-07 03:34:46,Routine,134.877,,H,0,2026-07-07 03:39:46
LAB00164241,,MRN19558339,DR00015,H003-D01,H003,4548-4,2026-07-10 11:39:56,2026-07-10 12:00:56,2026-07-10 14:26:56,Routine,167.619,,HH,0,2026-07-10 14:31:56
LAB00164242,,MRN19558339,DR00188,H002-D05,H002,2345-7,2026-07-11 11:39:56,2026-07-11 11:46:56,2026-07-11 14:43:56,Routine,71.211,,H,0,2026-07-11 14:48:56
LAB00164243,,MRN97187835,DR00079,H001-D03,H001,777-3,2025-09-16 16:02:27,2025-09-16 16:45:27,2025-09-16 18:18:27,STAT,145.369,,HH,0,2025-09-16 18:23:27
LAB00164244,,MRN97187835,DR00057,H003-D05,H003,2093-3,2025-09-16 13:02:27,2025-09-16 13:17:27,2025-09-16 17:08:27,Routine,112.654,,HH,0,2025-09-16 17:13:27
LAB00164245,,MRN20209062,DR00075,H002-D07,H002,1988-5,2026-07-17 08:24:44,2026-07-17 08:31:44,2026-07-17 11:06:44,Routine,144.134,,H,0,2026-07-17 11:11:44
LAB00164246,,MRN80089778,DR00238,H001-D01,H001,3016-3,2026-08-18 21:17:01,2026-08-18 22:26:01,2026-08-18 23:08:01,Routine,166.835,,HH,0,2026-08-18 23:13:01
LAB00164247,,MRN39182810,DR00175,H002-D01,H002,2093-3,2026-08-31 10:41:21,2026-08-31 10:47:21,2026-08-31 13:41:21,Routine,173.955,,HH,0,2026-08-31 13:46:21
LAB00164248,,MRN39182810,DR00091,H001-D03,H001,1975-2,2026-08-31 03:41:21,2026-08-31 03:46:21,2026-08-31 08:09:21,Routine,50.38,,HH,0,2026-08-31 08:14:21
LAB00164249,,MRN39182810,DR00140,H002-D05,H002,1975-2,2026-08-31 02:41:21,2026-08-31 03:47:21,2026-08-31 05:53:21,Routine,133.038,,HH,0,2026-08-31 05:58:21
LAB00164250,,MRN10207636,DR00085,H002-D05,H002,2823-3,2026-07-08 18:15:33,2026-07-08 19:28:33,2026-07-08 22:04:33,Routine,63.537,,N,0,2026-07-08 22:09:33
LAB00164251,,MRN10207636,DR00040,H002-D01,H002,1742-6,2026-07-07 11:15:33,2026-07-07 11:50:33,2026-07-07 13:13:33,Routine,89.675,,L,0,2026-07-07 13:18:33
LAB00164252,,MRN10207636,DR00092,H003-D03,H003,10839-9,2026-07-08 02:15:33,2026-07-08 02:23:33,2026-07-08 03:30:33,STAT,40.686,,HH,0,2026-07-08 03:35:33
LAB00164253,,MRN48530093,DR00204,H003-D03,H003,10839-9,2026-07-05 07:39:35,2026-07-05 08:06:35,2026-07-05 10:50:35,Routine,43.016,,H,0,2026-07-05 10:55:35
LAB00164254,,MRN48530093,DR00128,H003-D09,H003,630-4,2026-07-04 01:39:35,2026-07-04 01:52:35,2026-07-04 04:07:35,Routine,,,H,0,2026-07-04 04:12:35
LAB00164255,,MRN48530093,DR00202,H002-D09,H002,2823-3,2026-07-04 19:39:35,2026-07-04 20:52:35,2026-07-05 00:05:35,Routine,186.741,,H,0,2026-07-05 00:10:35
LAB00164256,,MRN10829840,DR00165,H002-D04,H002,10839-9,2026-08-01 11:19:27,2026-08-01 12:13:27,2026-08-01 13:41:27,Routine,133.723,,L,0,2026-08-01 13:46:27
LAB00164257,,MRN55913769,DR00009,H001-D05,H001,5811-5,2026-08-19 12:45:23,2026-08-19 13:23:23,2026-08-19 17:13:23,Routine,116.152,,N,0,2026-08-19 17:18:23
LAB00164258,,MRN45682341,DR00177,H002-D05,H002,2093-3,2026-08-05 23:50:46,2026-08-06 00:07:46,2026-08-06 03:16:46,Routine,91.377,,N,0,2026-08-06 03:21:46
LAB00164259,,MRN45682341,DR00164,H001-D04,H001,2345-7,2026-08-06 08:50:46,2026-08-06 09:55:46,2026-08-06 11:41:46,Routine,57.019,,H,0,2026-08-06 11:46:46
LAB00164260,,MRN45682341,DR00031,H001-D01,H001,6301-6,2026-08-06 03:50:46,2026-08-06 04:40:46,2026-08-06 08:32:46,Routine,57.596,,HH,0,2026-08-06 08:37:46
LAB00164261,,MRN75318757,DR00215,H002-D04,H002,3094-0,2026-08-25 19:06:51,2026-08-25 19:50:51,2026-08-25 22:28:51,STAT,87.38,,L,0,2026-08-25 22:33:51
LAB00164262,,MRN75318757,DR00017,H001-D06,H001,6301-6,2026-08-27 10:06:51,2026-08-27 11:05:51,2026-08-27 12:04:51,STAT,73.848,,HH,0,2026-08-27 12:09:51
LAB00164263,,MRN65719669,DR00019,H001-D06,H001,1742-6,2026-07-24 20:16:37,2026-07-24 20:33:37,2026-07-24 23:15:37,Routine,17.01,,H,0,2026-07-24 23:20:37
LAB00164264,,MRN65719669,DR00131,H004-D03,H004,2075-0,2026-07-24 13:16:37,2026-07-24 13:23:37,2026-07-24 14:54:37,Routine,99.785,,HH,0,2026-07-24 14:59:37
LAB00164265,,MRN60218881,DR00028,H002-D02,H002,6690-2,2026-08-14 15:56:19,2026-08-14 16:47:19,2026-08-14 17:42:19,STAT,143.13,,HH,0,2026-08-14 17:47:19
LAB00164266,,MRN60218881,DR00026,H001-D09,H001,6690-2,2026-08-14 12:56:19,2026-08-14 13:37:19,2026-08-14 17:43:19,STAT,67.908,,N,0,2026-08-14 17:48:19
LAB00164267,,MRN60218881,DR00175,H001-D06,H001,600-7,2026-08-15 07:56:19,2026-08-15 08:32:19,2026-08-15 09:25:19,Routine,,,HH,0,2026-08-15 09:30:19
LAB00164268,,MRN30883023,DR00141,H001-D10,H001,LOCAL-777,2026-08-08 03:10:29,2026-08-08 03:48:29,2026-08-08 05:07:29,Routine,101.354,,N,0,2026-08-08 05:12:29
LAB00164269,,MRN30883023,DR00005,H002-D05,H002,6690-2,2026-08-09 09:10:29,2026-08-09 09:37:29,2026-08-09 10:23:29,Routine,93.321,,H,0,2026-08-09 10:28:29
LAB00164270,,MRN30883023,DR00197,H002-D01,H002,3016-3,2026-08-08 06:10:29,2026-08-08 07:29:29,2026-08-08 12:22:29,STAT,48.114,,N,0,2026-08-08 12:27:29
LAB00164271,,MRN52723388,DR00196,H003-D07,H003,777-3,2026-08-10 09:59:13,2026-08-10 10:09:13,2026-08-10 13:47:13,STAT,39.689,,HH,0,2026-08-10 13:52:13
LAB00164272,,MRN72937706,DR00037,H001-D09,H001,5902-2,2026-08-27 23:21:03,2026-08-28 00:40:03,2026-08-28 01:30:03,Routine,80.64,,H,0,2026-08-28 01:35:03
LAB00164273,,MRN39616417,DR00091,H001-D06,H001,1742-6,2026-08-28 18:35:42,2026-08-28 18:50:42,2026-08-28 19:47:42,Routine,166.053,,HH,0,2026-08-28 19:52:42
LAB00164274,,MRN39616417,DR00014,H002-D01,H002,3094-0,2026-08-28 15:35:42,2026-08-28 16:56:42,2026-08-28 20:04:42,STAT,84.92,,H,0,2026-08-28 20:09:42
LAB00164275,,MRN39616417,DR00113,H001-D07,H001,4544-3,2026-08-29 12:35:42,2026-08-29 12:54:42,2026-08-29 16:32:42,Routine,87.62,,L,0,2026-08-29 16:37:42
LAB00164276,,MRN46879202,DR00073,H003-D06,H003,10839-9,2026-08-24 08:23:10,2026-08-24 09:50:10,2026-08-24 10:54:10,Routine,27.739,,H,0,2026-08-24 10:59:10
LAB00164277,,MRN78475512,DR00121,H002-D06,H002,LOCAL-777,2026-07-27 01:46:58,2026-07-27 01:56:58,2026-07-27 04:14:58,Routine,14.481,,L,0,2026-07-27 04:19:58
LAB00164278,,MRN20506587,DR00040,H003-D07,H003,2075-0,2026-08-17 01:13:10,2026-08-17 01:24:10,2026-08-17 02:12:10,Routine,149.513,,N,0,2026-08-17 02:17:10
LAB00164279,,MRN20506587,DR00121,H003-D01,H003,1742-6,2026-08-17 11:13:10,2026-08-17 11:43:10,2026-08-17 13:38:10,Routine,118.796,,H,0,2026-08-17 13:43:10
LAB00164280,,MRN94517566,DR00068,H003-D09,H003,1988-5,2026-08-15 12:21:29,2026-08-15 12:26:29,2026-08-15 13:38:29,Routine,64.316,,HH,0,2026-08-15 13:43:29
LAB00164281,,MRN34394518,DR00127,H003-D10,H003,777-3,2026-07-05 21:15:15,2026-07-05 21:42:15,2026-07-06 01:38:15,Routine,38.748,,H,0,2026-07-06 01:43:15
LAB00164282,,MRN19837790,DR00172,H002-D02,H002,3016-3,2026-08-16 07:17:18,2026-08-16 07:42:18,2026-08-16 08:08:18,Routine,157.807,,H,0,2026-08-16 08:13:18
LAB00164283,,MRN90803312,DR00006,H001-D08,H001,1742-6,2026-08-23 05:58:22,2026-08-23 06:19:22,2026-08-23 10:17:22,Routine,172.36,,HH,0,2026-08-23 10:22:22
LAB00164284,,MRN90803312,DR00005,H001-D05,H001,4544-3,2026-08-22 11:58:22,2026-08-22 12:17:22,2026-08-22 14:46:22,Routine,69.662,,H,0,2026-08-22 14:51:22
LAB00164285,,MRN58823687,DR00210,H002-D06,H002,4544-3,2026-08-01 12:05:21,2026-08-01 12:12:21,2026-08-01 13:35:21,Routine,103.087,,N,0,2026-08-01 13:40:21
LAB00164286,,MRN58823687,DR00076,H002-D10,H002,6301-6,2026-08-01 08:05:21,2026-08-01 09:14:21,2026-08-01 13:09:21,Routine,67.567,,L,0,2026-08-01 13:14:21
LAB00164287,,MRN58823687,DR00148,H004-D10,H004,2823-3,2026-07-30 22:05:21,2026-07-30 22:18:21,2026-07-31 02:34:21,Routine,140.807,,H,0,2026-07-31 02:39:21
LAB00164288,,MRN76246414,DR00177,H001-D01,H001,600-7,2026-08-16 22:21:40,2026-08-16 23:14:40,2026-08-17 01:44:40,Routine,,,HH,0,2026-08-17 01:49:40
LAB00164289,,MRN99239119,DR00235,H001-D03,H001,1988-5,2026-08-09 09:22:30,2026-08-09 10:09:30,2026-08-09 11:28:30,Routine,5.622,,HH,0,2026-08-09 11:33:30
LAB00164290,,MRN99239119,DR00056,H002-D10,H002,2823-3,2026-08-08 17:22:30,2026-08-08 18:20:30,2026-08-08 18:40:30,Routine,182.766,,L,0,2026-08-08 18:45:30
LAB00164291,,MRN41345098,DR00170,H001-D06,H001,2075-0,2026-08-31 07:47:56,2026-08-31 08:31:56,2026-08-31 13:21:56,Routine,124.389,,H,0,2026-08-31 13:26:56
LAB00164292,,MRN41345098,DR00237,H003-D02,H003,2823-3,2026-08-30 09:47:56,2026-08-30 09:59:56,2026-08-30 10:48:56,Routine,73.939,,N,0,2026-08-30 10:53:56
LAB00164293,,MRN41345098,DR00176,H002-D04,H002,5902-2,2026-08-29 19:47:56,2026-08-29 21:01:56,2026-08-30 01:35:56,Routine,170.964,,L,0,2026-08-30 01:40:56
LAB00164294,,MRN63770070,DR00046,H001-D06,H001,1920-8,2026-08-14 07:58:51,2026-08-14 09:15:51,2026-08-14 12:35:51,STAT,19.276,,N,0,2026-08-14 12:40:51
LAB00164295,,MRN33769864,DR00201,H003-D08,H003,1742-6,2026-07-30 14:28:48,2026-07-30 15:36:48,2026-07-30 17:16:48,Routine,149.253,,L,0,2026-07-30 17:21:48
LAB00164296,,MRN33769864,DR00055,H002-D01,H002,2823-3,2026-07-30 11:28:48,2026-07-30 11:35:48,2026-07-30 12:45:48,Routine,185.133,,HH,0,2026-07-30 12:50:48
LAB00164297,,MRN12902229,DR00235,H002-D01,H002,600-7,2026-07-17 04:22:32,2026-07-17 05:29:32,2026-07-17 09:40:32,Routine,,,HH,0,2026-07-17 09:45:32
LAB00164298,,MRN12902229,DR00065,H004-D03,H004,4544-3,2026-07-17 14:22:32,2026-07-17 14:29:32,2026-07-17 18:48:32,STAT,36.427,,L,0,2026-07-17 18:53:32
LAB00164299,,MRN30432835,DR00184,H003-D03,H003,1920-8,2026-08-24 18:09:33,2026-08-24 19:09:33,2026-08-24 21:04:33,Routine,33.741,,H,0,2026-08-24 21:09:33
LAB00164300,,MRN78259842,DR00139,H002-D04,H002,5811-5,2026-07-19 00:25:58,2026-07-19 01:31:58,2026-07-19 03:24:58,STAT,111.387,,HH,0,2026-07-19 03:29:58
LAB00164301,,MRN32331271,DR00077,H003-D08,H003,2085-9,2026-07-16 15:00:04,2026-07-16 15:29:04,2026-07-16 19:04:04,Routine,167.35,,L,0,2026-07-16 19:09:04
LAB00164302,,MRN76805689,DR00238,H001-D03,H001,6690-2,2026-07-30 22:06:45,2026-07-30 23:32:45,2026-07-31 04:02:45,Routine,86.286,,H,0,2026-07-31 04:07:45
LAB00164303,,MRN76805689,DR00053,H002-D07,H002,718-7,2026-07-31 19:06:45,2026-07-31 19:31:45,2026-07-31 21:24:45,Routine,145.535,,L,0,2026-07-31 21:29:45
LAB00164304,,MRN76805689,DR00143,H001-D01,H001,777-3,2026-08-01 02:06:45,2026-08-01 03:03:45,2026-08-01 06:21:45,STAT,62.025,,L,0,2026-08-01 06:26:45
LAB00164305,,MRN90259687,DR00075,H001-D07,H001,777-3,2026-07-27 09:05:41,2026-07-27 09:17:41,2026-07-27 12:40:41,Routine,15.561,,HH,0,2026-07-27 12:45:41
LAB00164306,,MRN90259687,DR00166,H003-D02,H003,2823-3,2026-07-27 14:05:41,2026-07-27 15:32:41,2026-07-27 18:00:41,Routine,185.361,,N,0,2026-07-27 18:05:41
LAB00164307,,MRN26657422,DR00159,H001-D08,H001,2823-3,2026-08-01 08:21:16,2026-08-01 09:08:16,2026-08-01 11:48:16,STAT,174.945,,N,0,2026-08-01 11:53:16
LAB00164308,,MRN95294624,DR00219,H001-D07,H001,2093-3,2026-08-05 18:24:07,2026-08-05 19:37:07,2026-08-05 21:37:07,Routine,117.437,,H,0,2026-08-05 21:42:07
LAB00164309,,MRN35685679,DR00062,H002-D09,H002,1988-5,2026-08-17 21:04:04,2026-08-17 21:52:04,2026-08-18 02:41:04,Routine,199.602,,HH,0,2026-08-18 02:46:04
LAB00164310,,MRN35685679,DR00161,H004-D03,H004,1975-2,2026-08-16 22:04:04,2026-08-16 22:38:04,2026-08-17 01:23:04,Routine,61.807,,L,0,2026-08-17 01:28:04
LAB00164311,,MRN35685679,DR00236,H003-D05,H003,3016-3,2026-08-17 08:04:04,2026-08-17 09:27:04,2026-08-17 10:32:04,Routine,188.236,,L,0,2026-08-17 10:37:04
LAB00164312,,MRN57600587,DR00019,H004-D10,H004,1920-8,2026-08-03 20:50:46,2026-08-03 22:14:46,2026-08-04 00:06:46,Routine,8.161,,N,0,2026-08-04 00:11:46
LAB00164313,,MRN54030866,DR00014,H001-D07,H001,2823-3,2026-07-18 03:38:05,2026-07-18 05:04:05,2026-07-18 09:11:05,STAT,83.454,,L,0,2026-07-18 09:16:05
LAB00164314,,MRN54030866,DR00023,H004-D03,H004,2951-2,2026-07-18 02:38:05,2026-07-18 04:07:05,2026-07-18 06:49:05,STAT,76.964,,HH,0,2026-07-18 06:54:05
LAB00164315,,MRN51096856,DR00215,H001-D03,H001,6690-2,2026-07-31 10:37:42,2026-07-31 11:07:42,2026-07-31 12:36:42,Routine,112.625,,N,0,2026-07-31 12:41:42
LAB00164316,,MRN41297600,DR00227,H003-D10,H003,2345-7,2026-07-21 00:14:16,2026-07-21 01:37:16,2026-07-21 04:00:16,STAT,111.853,,N,0,2026-07-21 04:05:16
LAB00164317,,MRN33032437,DR00019,H002-D09,H002,777-3,2026-08-08 15:34:07,2026-08-08 15:52:07,2026-08-08 18:02:07,Routine,118.262,,L,0,2026-08-08 18:07:07
LAB00164318,,MRN33032437,DR00205,H002-D10,H002,2160-0,2026-08-10 04:34:07,2026-08-10 04:40:07,2026-08-10 05:16:07,STAT,37.902,,N,0,2026-08-10 05:21:07
LAB00164319,,MRN71876715,DR00178,H004-D03,H004,6690-2,2026-07-08 21:48:24,2026-07-08 21:53:24,2026-07-08 22:20:24,STAT,72.906,,N,0,2026-07-08 22:25:24
LAB00164320,,MRN71876715,DR00224,H001-D08,H001,1920-8,2026-07-08 06:48:24,2026-07-08 07:11:24,2026-07-08 07:55:24,STAT,141.519,,N,0,2026-07-08 08:00:24
LAB00164321,,MRN84661889,DR00230,H002-D08,H002,2093-3,2026-07-26 00:59:59,2026-07-26 02:16:59,2026-07-26 02:56:59,STAT,70.381,,L,0,2026-07-26 03:01:59
LAB00164322,,MRN84661889,DR00149,H002-D06,H002,2160-0,2026-07-27 05:59:59,2026-07-27 06:05:59,2026-07-27 08:42:59,Routine,175.961,,L,0,2026-07-27 08:47:59
LAB00164323,,MRN56224921,DR00188,H003-D06,H003,2951-2,2026-07-05 04:16:27,2026-07-05 04:33:27,2026-07-05 06:37:27,Routine,170.451,,L,0,2026-07-05 06:42:27
LAB00164324,,MRN56224921,DR00015,H003-D01,H003,777-3,2026-07-04 18:16:27,2026-07-04 18:55:27,2026-07-04 21:31:27,Routine,113.628,,HH,0,2026-07-04 21:36:27
LAB00164325,,MRN56224921,DR00227,H002-D01,H002,2345-7,2026-07-04 11:16:27,2026-07-04 11:40:27,2026-07-04 14:32:27,Routine,11.032,,HH,0,2026-07-04 14:37:27
LAB00164326,,MRN90897285,DR00038,H001-D02,H001,2160-0,2026-07-28 03:49:38,2026-07-28 04:32:38,2026-07-28 09:13:38,Routine,43.646,,H,0,2026-07-28 09:18:38
LAB00164327,,MRN91433252,DR00112,H003-D05,H003,600-7,2026-05-12 18:19:31,2026-05-12 18:43:31,2026-05-12 21:16:31,STAT,,,N,0,2026-05-12 21:21:31
LAB00164328,,MRN91433252,DR00071,H002-D03,H002,2823-3,2026-05-13 00:19:31,2026-05-13 01:34:31,2026-05-13 03:22:31,Routine,171.378,,H,0,2026-05-13 03:27:31
LAB00164329,,MRN91433252,DR00026,H003-D05,H003,1975-2,2026-05-13 01:19:31,2026-05-13 01:31:31,2026-05-13 02:11:31,STAT,192.489,,HH,0,2026-05-13 02:16:31
LAB00164330,,MRN21956274,DR00122,H001-D08,H001,600-7,2026-08-20 05:12:05,2026-08-20 05:49:05,2026-08-20 09:22:05,Routine,,,N,0,2026-08-20 09:27:05
LAB00164331,,MRN21956274,DR00194,H002-D06,H002,1742-6,2026-08-21 09:12:05,2026-08-21 09:37:05,2026-08-21 11:47:05,STAT,15.544,,HH,0,2026-08-21 11:52:05
LAB00164332,,MRN67999852,DR00082,H003-D08,H003,6690-2,2026-07-23 20:52:35,2026-07-23 21:30:35,2026-07-23 23:51:35,Routine,79.879,,L,0,2026-07-23 23:56:35
LAB00164333,,MRN67999852,DR00131,H003-D10,H003,2093-3,2026-07-24 08:52:35,2026-07-24 10:06:35,2026-07-24 11:58:35,STAT,28.24,,H,0,2026-07-24 12:03:35
LAB00164334,,MRN67999852,DR00117,H001-D04,H001,2823-3,2026-07-23 11:52:35,2026-07-23 12:12:35,2026-07-23 13:52:35,Routine,101.524,,H,0,2026-07-23 13:57:35
LAB00164335,,MRN91200580,DR00235,H003-D03,H003,2951-2,2026-07-12 11:23:06,2026-07-12 11:47:06,2026-07-12 12:14:06,Routine,189.328,,HH,0,2026-07-12 12:19:06
LAB00164336,,MRN91200580,DR00174,H003-D09,H003,2823-3,2026-07-12 12:23:06,2026-07-12 13:23:06,2026-07-12 15:05:06,Routine,91.032,,N,0,2026-07-12 15:10:06
LAB00164337,,MRN91200580,DR00196,H002-D07,H002,718-7,2026-07-13 07:23:06,2026-07-13 08:47:06,2026-07-13 09:33:06,Routine,138.731,,HH,0,2026-07-13 09:38:06
LAB00164338,,MRN45524669,DR00017,H003-D05,H003,6301-6,2026-08-03 01:12:35,2026-08-03 02:38:35,2026-08-03 06:56:35,Routine,68.228,,HH,0,2026-08-03 07:01:35
LAB00164339,,MRN45524669,DR00052,H001-D03,H001,630-4,2026-08-03 13:12:35,2026-08-03 14:20:35,2026-08-03 15:20:35,Routine,,,HH,0,2026-08-03 15:25:35
LAB00164340,,MRN45524669,DR00068,H002-D04,H002,2075-0,2026-08-03 02:12:35,2026-08-03 03:37:35,2026-08-03 05:43:35,STAT,199.022,,H,0,2026-08-03 05:48:35
LAB00164341,,MRN59685196,DR00126,H003-D03,H003,30934-4,2026-08-30 09:34:18,2026-08-30 10:01:18,2026-08-30 11:40:18,Routine,75.452,,H,0,2026-08-30 11:45:18
LAB00164342,,MRN50720575,DR00057,H003-D07,H003,2075-0,2026-08-26 02:27:22,2026-08-26 03:40:22,2026-08-26 08:35:22,Routine,152.404,,N,0,2026-08-26 08:40:22
LAB00164343,,MRN12260868,DR00069,H004-D10,H004,2075-0,2026-08-12 21:36:57,2026-08-12 22:30:57,2026-08-13 02:05:57,Routine,197.787,,N,0,2026-08-13 02:10:57
LAB00164344,,MRN12061058,DR00126,H001-D09,H001,2085-9,2026-08-03 06:04:17,2026-08-03 06:38:17,2026-08-03 11:19:17,Routine,109.314,,HH,0,2026-08-03 11:24:17
LAB00164345,,MRN12525456,DR00192,H001-D07,H001,3094-0,2026-07-14 11:28:37,2026-07-14 12:32:37,2026-07-14 13:16:37,Routine,165.938,,N,0,2026-07-14 13:21:37
LAB00164346,,MRN12525456,DR00044,H003-D05,H003,600-7,2026-07-14 06:28:37,2026-07-14 06:50:37,2026-07-14 09:48:37,Routine,,,H,0,2026-07-14 09:53:37
LAB00164347,,MRN12525456,DR00061,H003-D06,H003,600-7,2026-07-15 21:28:37,2026-07-15 21:54:37,2026-07-16 02:23:37,Routine,,,HH,0,2026-07-16 02:28:37
LAB00164348,,MRN54467918,DR00021,H001-D06,H001,6301-6,2026-08-22 18:59:51,2026-08-22 20:20:51,2026-08-22 22:23:51,Routine,59.11,,N,0,2026-08-22 22:28:51
LAB00164349,,MRN54467918,DR00237,H001-D01,H001,3016-3,2026-08-23 21:59:51,2026-08-23 22:26:51,2026-08-24 01:22:51,Routine,78.788,,HH,0,2026-08-24 01:27:51
LAB00164350,,MRN54467918,DR00100,H002-D03,H002,2093-3,2026-08-24 16:59:51,2026-08-24 17:46:51,2026-08-24 18:54:51,Routine,26.584,,N,0,2026-08-24 18:59:51
LAB00164351,,MRN61567232,DR00032,H004-D10,H004,4544-3,2026-07-14 00:56:35,2026-07-14 01:13:35,2026-07-14 04:00:35,STAT,136.801,,HH,0,2026-07-14 04:05:35
LAB00164352,,MRN61567232,DR00127,H003-D03,H003,3094-0,2026-07-15 00:56:35,2026-07-15 02:24:35,2026-07-15 06:16:35,STAT,82.121,,HH,0,2026-07-15 06:21:35
LAB00164353,,MRN78106933,DR00121,H001-D06,H001,5902-2,2026-07-20 06:46:27,2026-07-20 08:13:27,2026-07-20 08:45:27,Routine,28.957,,L,0,2026-07-20 08:50:27
LAB00164354,,MRN78106933,DR00153,H002-D04,H002,LOCAL-777,2026-07-20 00:46:27,2026-07-20 02:09:27,2026-07-20 06:48:27,Routine,181.429,,H,0,2026-07-20 06:53:27
LAB00164355,,MRN78106933,DR00007,H004-D03,H004,4548-4,2026-07-20 20:46:27,2026-07-20 21:44:27,2026-07-21 01:38:27,Routine,154.625,,H,0,2026-07-21 01:43:27
LAB00164356,,MRN32275847,DR00070,H003-D06,H003,6690-2,2026-07-19 22:03:31,2026-07-19 22:56:31,2026-07-20 00:27:31,Routine,170.001,,H,0,2026-07-20 00:32:31
LAB00164357,,MRN32275847,DR00167,H004-D10,H004,2345-7,2026-07-19 00:03:31,2026-07-19 01:18:31,2026-07-19 02:52:31,Routine,148.97,,H,0,2026-07-19 02:57:31
LAB00164358,,MRN32275847,DR00002,H004-D03,H004,3016-3,2026-07-19 07:03:31,2026-07-19 08:10:31,2026-07-19 11:53:31,Routine,169.96,,H,0,2026-07-19 11:58:31
LAB00164359,,MRN14016876,DR00119,H003-D05,H003,630-4,2026-08-14 05:29:09,2026-08-14 05:48:09,2026-08-14 08:41:09,Routine,,,N,0,2026-08-14 08:46:09
LAB00164360,,MRN14016876,DR00086,H003-D03,H003,777-3,2026-08-14 22:29:09,2026-08-14 22:54:09,2026-08-15 01:42:09,Routine,3.492,,L,0,2026-08-15 01:47:09
LAB00164361,,MRN14016876,DR00068,H004-D03,H004,4548-4,2026-08-14 12:29:09,2026-08-14 12:59:09,2026-08-14 14:51:09,Routine,103.562,,HH,0,2026-08-14 14:56:09
LAB00164362,,MRN80898216,DR00120,H001-D06,H001,30934-4,2026-08-21 08:34:22,2026-08-21 09:52:22,2026-08-21 12:40:22,Routine,133.304,,H,0,2026-08-21 12:45:22
LAB00164363,,MRN22867580,DR00080,H004-D10,H004,3094-0,2026-07-18 19:35:12,2026-07-18 20:45:12,2026-07-19 01:05:12,Routine,182.224,,H,0,2026-07-19 01:10:12
LAB00164364,,MRN22867580,DR00036,H003-D09,H003,30934-4,2026-07-19 00:35:12,2026-07-19 01:12:12,2026-07-19 02:36:12,Routine,168.318,,H,0,2026-07-19 02:41:12
LAB00164365,,MRN22867580,DR00190,H001-D05,H001,6690-2,2026-07-17 23:35:12,2026-07-18 00:02:12,2026-07-18 02:04:12,Routine,6.73,,H,0,2026-07-18 02:09:12
LAB00164366,,MRN70206411,DR00233,H002-D05,H002,6301-6,2026-08-16 03:14:59,2026-08-16 03:30:59,2026-08-16 06:57:59,Routine,7.708,,HH,0,2026-08-16 07:02:59
LAB00164367,,MRN70206411,DR00184,H004-D10,H004,5902-2,2026-08-15 06:14:59,2026-08-15 06:26:59,2026-08-15 10:38:59,STAT,129.492,,N,0,2026-08-15 10:43:59
LAB00164368,,MRN80143396,DR00113,H004-D03,H004,30934-4,2026-07-04 03:08:54,2026-07-04 04:10:54,2026-07-04 05:45:54,Routine,160.838,,L,0,2026-07-04 05:50:54
LAB00164369,,MRN80143396,DR00067,H002-D01,H002,10839-9,2026-07-05 06:08:54,2026-07-05 07:12:54,2026-07-05 09:13:54,Routine,8.504,,L,0,2026-07-05 09:18:54
LAB00164370,,MRN80143396,DR00231,H003-D05,H003,3094-0,2026-07-04 19:08:54,2026-07-04 19:52:54,2026-07-04 22:24:54,Routine,163.36,,HH,0,2026-07-04 22:29:54
LAB00164371,,MRN25975250,DR00125,H001-D08,H001,1975-2,2026-08-28 01:30:49,2026-08-28 01:39:49,2026-08-28 05:44:49,Routine,21.905,,L,0,2026-08-28 05:49:49
LAB00164372,,MRN34460219,DR00103,H003-D07,H003,10839-9,2026-07-31 01:59:49,2026-07-31 02:31:49,2026-07-31 03:54:49,STAT,101.033,,H,0,2026-07-31 03:59:49
LAB00164373,,MRN34460219,DR00189,H002-D04,H002,2345-7,2026-07-31 00:59:49,2026-07-31 02:09:49,2026-07-31 06:26:49,Routine,100.795,,N,0,2026-07-31 06:31:49
LAB00164374,,MRN34460219,DR00051,H003-D07,H003,5811-5,2026-07-31 08:59:49,2026-07-31 10:23:49,2026-07-31 15:04:49,Routine,121.729,,H,0,2026-07-31 15:09:49
LAB00164375,,MRN50017025,DR00065,H002-D08,H002,3016-3,2026-08-28 11:33:27,2026-08-28 12:11:27,2026-08-28 15:22:27,Routine,138.714,,L,0,2026-08-28 15:27:27
LAB00164376,,MRN32578894,DR00217,H003-D02,H003,718-7,2026-07-24 10:26:49,2026-07-24 11:13:49,2026-07-24 15:17:49,Routine,157.098,,L,0,2026-07-24 15:22:49
LAB00164377,,MRN32578894,DR00071,H001-D05,H001,718-7,2026-07-25 16:26:49,2026-07-25 16:44:49,2026-07-25 21:19:49,Routine,12.042,,H,0,2026-07-25 21:24:49
LAB00164378,,MRN32578894,DR00122,H001-D04,H001,777-3,2026-07-24 13:26:49,2026-07-24 14:42:49,2026-07-24 15:26:49,Routine,59.133,,N,0,2026-07-24 15:31:49
LAB00164379,,MRN89157897,DR00175,H002-D09,H002,2093-3,2026-07-08 01:57:13,2026-07-08 03:19:13,2026-07-08 04:38:13,STAT,71.605,,N,0,2026-07-08 04:43:13
LAB00164380,,MRN91407770,DR00046,H003-D02,H003,630-4,2026-08-29 11:13:16,2026-08-29 12:27:16,2026-08-29 13:53:16,Routine,,,L,0,2026-08-29 13:58:16
LAB00164381,,MRN91407770,DR00174,H003-D10,H003,1988-5,2026-08-30 23:13:16,2026-08-30 23:18:16,2026-08-31 03:35:16,Routine,8.955,,N,0,2026-08-31 03:40:16
LAB00164382,,MRN91407770,DR00041,H001-D08,H001,30934-4,2026-08-30 23:13:16,2026-08-31 00:01:16,2026-08-31 01:36:16,Routine,177.407,,HH,0,2026-08-31 01:41:16
LAB00164383,,MRN71797519,DR00034,H004-D10,H004,2093-3,2026-08-16 20:20:07,2026-08-16 21:30:07,2026-08-17 01:40:07,STAT,153.282,,H,0,2026-08-17 01:45:07
LAB00164384,,MRN71797519,DR00017,H003-D07,H003,4548-4,2026-08-16 23:20:07,2026-08-17 00:13:07,2026-08-17 01:59:07,Routine,64.035,,H,0,2026-08-17 02:04:07
LAB00164385,,MRN71797519,DR00017,H002-D02,H002,2823-3,2026-08-18 02:20:07,2026-08-18 02:53:07,2026-08-18 03:27:07,STAT,117.435,,L,0,2026-08-18 03:32:07
LAB00164386,,MRN76990673,DR00130,H002-D03,H002,6690-2,2026-07-04 02:01:53,2026-07-04 03:03:53,2026-07-04 07:56:53,STAT,95.493,,N,0,2026-07-04 08:01:53
LAB00164387,,MRN76990673,DR00003,H003-D01,H003,4548-4,2026-07-03 19:01:53,2026-07-03 19:17:53,2026-07-03 22:29:53,Routine,151.725,,L,0,2026-07-03 22:34:53
LAB00164388,,MRN70111983,DR00084,H002-D05,H002,4548-4,2026-08-09 22:24:01,2026-08-09 23:25:01,2026-08-10 00:16:01,Routine,168.243,,HH,0,2026-08-10 00:21:01
LAB00164389,,MRN70111983,DR00173,H003-D10,H003,6301-6,2026-08-11 12:24:01,2026-08-11 13:08:01,2026-08-11 16:09:01,Routine,93.347,,L,0,2026-08-11 16:14:01
LAB00164390,,MRN16693567,DR00032,H001-D04,H001,630-4,2026-07-25 05:05:27,2026-07-25 05:10:27,2026-07-25 09:24:27,Routine,,,N,0,2026-07-25 09:29:27
LAB00164391,,MRN99868278,DR00094,H001-D07,H001,5902-2,2026-08-10 03:20:53,2026-08-10 04:38:53,2026-08-10 09:23:53,Routine,86.725,,H,0,2026-08-10 09:28:53
LAB00164392,,MRN99868278,DR00162,H002-D05,H002,6690-2,2026-08-08 16:20:53,2026-08-08 17:37:53,2026-08-08 22:07:53,Routine,131.266,,L,0,2026-08-08 22:12:53
LAB00164393,,MRN99868278,DR00168,H001-D06,H001,1988-5,2026-08-09 14:20:53,2026-08-09 14:27:53,2026-08-09 14:56:53,Routine,159.536,,N,0,2026-08-09 15:01:53
LAB00164394,,MRN57135166,DR00104,H002-D04,H002,4548-4,2026-07-06 02:35:23,2026-07-06 02:59:23,2026-07-06 06:18:23,Routine,48.422,,N,0,2026-07-06 06:23:23
LAB00164395,,MRN41126374,DR00109,H004-D10,H004,2075-0,2026-08-11 19:52:45,2026-08-11 20:31:45,2026-08-11 21:26:45,Routine,155.979,,L,0,2026-08-11 21:31:45
LAB00164396,,MRN41126374,DR00212,H003-D05,H003,2160-0,2026-08-09 21:52:45,2026-08-09 22:09:45,2026-08-09 22:59:45,Routine,124.907,,H,0,2026-08-09 23:04:45
LAB00164397,,MRN14874373,DR00197,H003-D05,H003,2823-3,2026-08-02 01:45:06,2026-08-02 02:08:06,2026-08-02 03:19:06,Routine,33.923,,HH,0,2026-08-02 03:24:06
LAB00164398,,MRN14874373,DR00213,H004-D03,H004,630-4,2026-08-02 13:45:06,2026-08-02 14:57:06,2026-08-02 19:25:06,STAT,,,N,0,2026-08-02 19:30:06
LAB00164399,,MRN62152110,DR00141,H004-D10,H004,2093-3,2026-08-26 07:21:27,2026-08-26 07:31:27,2026-08-26 10:42:27,Routine,123.825,,N,0,2026-08-26 10:47:27
LAB00164400,,MRN62152110,DR00019,H001-D09,H001,600-7,2026-08-25 19:21:27,2026-08-25 19:29:27,2026-08-25 23:08:27,STAT,,,L,0,2026-08-25 23:13:27
LAB00164401,,MRN29567444,DR00229,H002-D08,H002,1920-8,2026-07-15 11:26:00,2026-07-15 11:52:00,2026-07-15 13:28:00,Routine,47.692,,H,0,2026-07-15 13:33:00
LAB00164402,,MRN29567444,DR00064,H001-D03,H001,6301-6,2026-07-14 03:26:00,2026-07-14 04:39:00,2026-07-14 06:57:00,Routine,28.133,,L,0,2026-07-14 07:02:00
LAB00164403,,MRN29332218,DR00088,H002-D06,H002,2075-0,2026-08-24 18:04:14,2026-08-24 18:13:14,2026-08-24 20:34:14,Routine,141.794,,N,0,2026-08-24 20:39:14
LAB00164404,,MRN29332218,DR00206,H003-D10,H003,5811-5,2026-08-26 00:04:14,2026-08-26 01:18:14,2026-08-26 02:04:14,Routine,4.893,,L,0,2026-08-26 02:09:14
LAB00164405,,MRN29332218,DR00198,H003-D07,H003,99999-9,2026-08-25 08:04:14,2026-08-25 09:22:14,2026-08-25 14:01:14,Routine,,,N,0,2026-08-25 14:06:14
LAB00164406,,MRN82075175,DR00200,H001-D04,H001,2160-0,2026-07-31 16:17:40,2026-07-31 17:09:40,2026-07-31 20:46:40,Routine,153.66,,N,0,2026-07-31 20:51:40
LAB00164407,,MRN82075175,DR00030,H003-D05,H003,5902-2,2026-07-31 02:17:40,2026-07-31 02:57:40,2026-07-31 05:56:40,STAT,29.211,,HH,0,2026-07-31 06:01:40
LAB00164408,,MRN82075175,DR00037,H004-D10,H004,1742-6,2026-07-30 05:17:40,2026-07-30 05:51:40,2026-07-30 10:09:40,STAT,171.539,,HH,0,2026-07-30 10:14:40
LAB00164409,,MRN25633035,DR00121,H003-D04,H003,5811-5,2025-08-04 02:38:06,2025-08-04 03:11:06,2025-08-04 07:30:06,Routine,83.324,,H,0,2025-08-04 07:35:06
LAB00164410,,MRN25633035,DR00220,H001-D07,H001,2075-0,2025-08-03 10:38:06,2025-08-03 11:35:06,2025-08-03 15:26:06,STAT,173.842,,H,0,2025-08-03 15:31:06
LAB00164411,,MRN25633035,DR00159,H002-D06,H002,2823-3,2025-08-03 14:38:06,2025-08-03 15:30:06,2025-08-03 16:04:06,Routine,54.47,,HH,0,2025-08-03 16:09:06
LAB00164412,,MRN35321368,DR00142,H002-D03,H002,30934-4,2026-08-01 23:06:14,2026-08-02 00:26:14,2026-08-02 03:36:14,Routine,112.476,,N,0,2026-08-02 03:41:14
LAB00164413,,MRN89531121,DR00184,H003-D09,H003,3016-3,2026-07-30 08:50:09,2026-07-30 09:19:09,2026-07-30 13:37:09,STAT,15.003,,H,0,2026-07-30 13:42:09
LAB00164414,,MRN79206569,DR00181,H003-D02,H003,4544-3,2026-08-15 17:30:28,2026-08-15 18:51:28,2026-08-15 21:06:28,Routine,143.175,,N,0,2026-08-15 21:11:28
LAB00164415,,MRN79206569,DR00193,H001-D10,H001,5902-2,2026-08-17 10:30:28,2026-08-17 10:58:28,2026-08-17 11:33:28,Routine,148.427,,N,0,2026-08-17 11:38:28
LAB00164416,,MRN82899762,DR00118,H003-D04,H003,600-7,2026-08-05 17:46:54,2026-08-05 19:14:54,2026-08-05 20:54:54,Routine,,,L,0,2026-08-05 20:59:54
LAB00164417,,MRN82899762,DR00169,H002-D09,H002,LOCAL-777,2026-08-06 10:46:54,2026-08-06 12:09:54,2026-08-06 13:16:54,STAT,12.942,,L,0,2026-08-06 13:21:54
LAB00164418,,MRN26124755,DR00036,H003-D08,H003,3016-3,2025-10-20 06:04:33,2025-10-20 06:40:33,2025-10-20 08:52:33,Routine,65.041,,N,0,2025-10-20 08:57:33
LAB00164419,,MRN47479542,DR00128,H001-D07,H001,5902-2,2026-07-11 12:05:01,2026-07-11 13:20:01,2026-07-11 16:01:01,Routine,178.755,,N,0,2026-07-11 16:06:01
LAB00164420,,MRN47479542,DR00069,H004-D10,H004,2093-3,2026-07-12 19:05:01,2026-07-12 19:22:01,2026-07-12 21:25:01,Routine,191.399,,L,0,2026-07-12 21:30:01
LAB00164421,,MRN20573808,DR00232,H001-D07,H001,4548-4,2026-08-26 13:01:12,2026-08-26 14:18:12,2026-08-26 18:43:12,Routine,183.565,,N,0,2026-08-26 18:48:12
LAB00164422,,MRN20573808,DR00030,H001-D07,H001,6301-6,2026-08-26 15:01:12,2026-08-26 15:29:12,2026-08-26 17:15:12,Routine,83.291,,H,0,2026-08-26 17:20:12
LAB00164423,,MRN20573808,DR00197,H002-D01,H002,2093-3,2026-08-25 18:01:12,2026-08-25 19:27:12,2026-08-25 20:18:12,STAT,108.807,,N,0,2026-08-25 20:23:12
LAB00164424,,MRN79573475,DR00016,H001-D04,H001,2085-9,2026-08-22 06:46:36,2026-08-22 08:02:36,2026-08-22 12:40:36,Routine,132.072,,HH,0,2026-08-22 12:45:36
LAB00164425,,MRN52435388,DR00047,H004-D10,H004,777-3,2026-07-10 02:43:58,2026-07-10 03:52:58,2026-07-10 05:06:58,Routine,140.043,,H,0,2026-07-10 05:11:58
LAB00164426,,MRN52435388,DR00033,H001-D02,H001,1975-2,2026-07-09 08:43:58,2026-07-09 09:30:58,2026-07-09 13:36:58,Routine,155.499,,L,0,2026-07-09 13:41:58
LAB00164427,,MRN52435388,DR00122,H002-D02,H002,5902-2,2026-07-10 05:43:58,2026-07-10 06:53:58,2026-07-10 09:18:58,Routine,59.956,,N,0,2026-07-10 09:23:58
LAB00164428,,MRN53990690,DR00079,H003-D05,H003,718-7,2026-07-30 08:40:12,2026-07-30 09:01:12,2026-07-30 13:47:12,Routine,93.434,,HH,0,2026-07-30 13:52:12
LAB00164429,,MRN53990690,DR00088,H002-D02,H002,777-3,2026-07-30 19:40:12,2026-07-30 20:51:12,2026-07-31 01:50:12,Routine,138.329,,HH,0,2026-07-31 01:55:12
LAB00164430,,MRN37682754,DR00205,H002-D04,H002,3016-3,2026-08-25 08:53:23,2026-08-25 10:10:23,2026-08-25 12:12:23,Routine,167.643,,L,0,2026-08-25 12:17:23
LAB00164431,,MRN30461940,DR00046,H002-D02,H002,4544-3,2026-07-05 15:13:39,2026-07-05 16:02:39,2026-07-05 19:08:39,Routine,139.104,,L,0,2026-07-05 19:13:39
LAB00164432,,MRN30461940,DR00123,H002-D05,H002,4544-3,2026-07-05 02:13:39,2026-07-05 03:22:39,2026-07-05 06:53:39,Routine,106.878,,H,0,2026-07-05 06:58:39
LAB00164433,,MRN30461940,DR00138,H001-D06,H001,5902-2,2026-07-05 00:13:39,2026-07-05 01:07:39,2026-07-05 02:26:39,Routine,104.483,,HH,0,2026-07-05 02:31:39
LAB00164434,,MRN28055922,DR00152,H003-D09,H003,630-4,2026-08-16 23:32:20,2026-08-17 00:57:20,2026-08-17 04:27:20,Routine,,,L,0,2026-08-17 04:32:20
LAB00164435,,MRN83453860,DR00185,H003-D05,H003,2093-3,2026-07-28 17:15:31,2026-07-28 17:52:31,2026-07-28 21:03:31,Routine,136.646,,N,0,2026-07-28 21:08:31
LAB00164436,,MRN83453860,DR00158,H004-D03,H004,1742-6,2026-07-27 21:15:31,2026-07-27 21:29:31,2026-07-28 00:46:31,Routine,147.231,,HH,0,2026-07-28 00:51:31
LAB00164437,,MRN83453860,DR00012,H001-D07,H001,2345-7,2026-07-28 12:15:31,2026-07-28 13:38:31,2026-07-28 15:48:31,Routine,160.708,,H,0,2026-07-28 15:53:31
LAB00164438,,MRN43743413,DR00090,H002-D05,H002,2160-0,2026-07-05 14:07:50,2026-07-05 14:25:50,2026-07-05 18:06:50,STAT,145.158,,H,0,2026-07-05 18:11:50
LAB00164439,,MRN68667866,DR00070,H001-D03,H001,2085-9,2026-07-04 21:58:39,2026-07-04 22:36:39,2026-07-05 00:18:39,STAT,14.233,,HH,0,2026-07-05 00:23:39
LAB00164440,,MRN68667866,DR00067,H002-D07,H002,1975-2,2026-07-05 04:58:39,2026-07-05 05:08:39,2026-07-05 06:46:39,Routine,29.784,,L,0,2026-07-05 06:51:39
LAB00164441,,MRN68667866,DR00105,H001-D05,H001,2345-7,2026-07-05 02:58:39,2026-07-05 03:40:39,2026-07-05 07:57:39,STAT,20.131,,L,0,2026-07-05 08:02:39
LAB00164442,,MRN72849221,DR00139,H001-D06,H001,5902-2,2026-08-23 02:23:17,2026-08-23 02:32:17,2026-08-23 05:38:17,Routine,123.012,,H,0,2026-08-23 05:43:17
LAB00164443,,MRN46339016,DR00004,H003-D04,H003,10839-9,2026-07-16 08:38:48,2026-07-16 09:08:48,2026-07-16 11:32:48,Routine,128.604,,HH,0,2026-07-16 11:37:48
LAB00164444,,MRN46339016,DR00137,H002-D05,H002,2085-9,2026-07-15 08:38:48,2026-07-15 09:58:48,2026-07-15 12:07:48,Routine,103.187,,N,0,2026-07-15 12:12:48
LAB00164445,,MRN60583343,DR00198,H002-D01,H002,1975-2,2026-08-30 04:11:29,2026-08-30 05:32:29,2026-08-30 08:20:29,Routine,160.115,,H,0,2026-08-30 08:25:29
LAB00164446,,MRN60583343,DR00196,H004-D10,H004,5811-5,2026-08-29 09:11:29,2026-08-29 10:12:29,2026-08-29 13:10:29,STAT,145.627,,HH,0,2026-08-29 13:15:29
LAB00164447,,MRN60583343,DR00123,H002-D04,H002,10839-9,2026-08-29 12:11:29,2026-08-29 12:59:29,2026-08-29 15:49:29,Routine,68.999,,L,0,2026-08-29 15:54:29
LAB00164448,,MRN69144319,DR00171,H002-D02,H002,718-7,2026-07-17 15:03:57,2026-07-17 15:53:57,2026-07-17 20:36:57,Routine,144.63,,L,0,2026-07-17 20:41:57
LAB00164449,,MRN69144319,DR00238,H004-D10,H004,2823-3,2026-07-17 08:03:57,2026-07-17 08:34:57,2026-07-17 10:37:57,Routine,34.262,,L,0,2026-07-17 10:42:57
LAB00164450,,MRN69144319,DR00153,H001-D06,H001,630-4,2026-07-18 15:03:57,2026-07-18 16:12:57,2026-07-18 18:05:57,Routine,,,HH,0,2026-07-18 18:10:57
LAB00164451,,MRN36284338,DR00206,H001-D02,H001,777-3,2026-08-13 00:44:01,2026-08-13 01:40:01,2026-08-13 02:51:01,STAT,166.818,,L,0,2026-08-13 02:56:01
LAB00164452,,MRN62418846,DR00139,H003-D10,H003,2345-7,2026-07-04 15:45:11,2026-07-04 16:06:11,2026-07-04 17:59:11,Routine,165.109,,HH,0,2026-07-04 18:04:11
LAB00164453,,MRN62418846,DR00233,H003-D06,H003,10839-9,2026-07-05 15:45:11,2026-07-05 16:52:11,2026-07-05 17:56:11,STAT,191.613,,L,0,2026-07-05 18:01:11
LAB00164454,,MRN42905634,DR00195,H003-D01,H003,1975-2,2026-07-15 04:21:44,2026-07-15 05:09:44,2026-07-15 09:22:44,Routine,149.341,,H,0,2026-07-15 09:27:44
LAB00164455,,MRN41395531,DR00220,H002-D03,H002,5811-5,2026-08-10 13:44:39,2026-08-10 14:59:39,2026-08-10 15:22:39,Routine,140.355,,HH,0,2026-08-10 15:27:39
LAB00164456,,MRN41395531,DR00018,H003-D03,H003,1920-8,2026-08-09 09:44:39,2026-08-09 10:01:39,2026-08-09 14:49:39,STAT,35.783,,H,0,2026-08-09 14:54:39
LAB00164457,,MRN94534576,DR00059,H001-D06,H001,718-7,2026-07-03 22:12:07,2026-07-03 22:20:07,2026-07-03 23:10:07,Routine,171.567,,H,0,2026-07-03 23:15:07
LAB00164458,,MRN16358011,DR00210,H001-D09,H001,10839-9,2026-08-09 01:18:44,2026-08-09 02:44:44,2026-08-09 07:26:44,STAT,92.69,,N,0,2026-08-09 07:31:44
LAB00164459,,MRN16358011,DR00036,H003-D03,H003,2160-0,2026-08-09 08:18:44,2026-08-09 08:38:44,2026-08-09 12:35:44,Routine,188.911,,L,0,2026-08-09 12:40:44
LAB00164460,,MRN46412377,DR00065,H002-D07,H002,1742-6,2025-06-12 12:57:59,2025-06-12 13:18:59,2025-06-12 17:54:59,Routine,84.71,,H,0,2025-06-12 17:59:59
LAB00164461,,MRN37792601,DR00027,H004-D10,H004,4544-3,2026-08-13 14:52:20,2026-08-13 15:59:20,2026-08-13 17:26:20,Routine,92.795,,HH,0,2026-08-13 17:31:20
LAB00164462,,MRN37792601,DR00147,H003-D08,H003,718-7,2026-08-13 10:52:20,2026-08-13 11:29:20,2026-08-13 14:33:20,Routine,102.118,,N,0,2026-08-13 14:38:20
LAB00164463,,MRN37792601,DR00188,H001-D08,H001,600-7,2026-08-13 06:52:20,2026-08-13 07:48:20,2026-08-13 08:37:20,Routine,,,H,0,2026-08-13 08:42:20
LAB00164464,,MRN59819804,DR00122,H001-D07,H001,2093-3,2026-08-23 17:37:40,2026-08-23 18:54:40,2026-08-23 22:13:40,Routine,77.793,,HH,0,2026-08-23 22:18:40
LAB00164465,,MRN59819804,DR00053,H003-D09,H003,2160-0,2026-08-23 23:37:40,2026-08-24 00:06:40,2026-08-24 03:21:40,Routine,132.752,,L,0,2026-08-24 03:26:40
LAB00164466,,MRN59819804,DR00060,H001-D10,H001,600-7,2026-08-25 00:37:40,2026-08-25 00:55:40,2026-08-25 04:45:40,Routine,,,L,0,2026-08-25 04:50:40
LAB00164467,,MRN59965908,DR00032,H003-D06,H003,10839-9,2026-07-04 14:15:12,2026-07-04 15:22:12,2026-07-04 19:22:12,Routine,144.683,,N,0,2026-07-04 19:27:12
LAB00164468,,MRN95183639,DR00054,H003-D08,H003,2951-2,2026-08-07 02:02:41,2026-08-07 03:27:41,2026-08-07 07:05:41,Routine,41.678,,H,0,2026-08-07 07:10:41
LAB00164469,,MRN95183639,DR00104,H003-D10,H003,4548-4,2026-08-05 20:02:41,2026-08-05 20:29:41,2026-08-05 22:18:41,Routine,42.894,,HH,0,2026-08-05 22:23:41
LAB00164470,,MRN95183639,DR00137,H001-D02,H001,5811-5,2026-08-06 10:02:41,2026-08-06 10:59:41,2026-08-06 13:11:41,Routine,147.522,,HH,0,2026-08-06 13:16:41
LAB00164471,,MRN75220688,DR00117,H002-D05,H002,6301-6,2026-08-16 17:45:32,2026-08-16 18:33:32,2026-08-16 23:13:32,Routine,109.495,,H,0,2026-08-16 23:18:32
LAB00164472,,MRN75220688,DR00124,H002-D05,H002,777-3,2026-08-15 16:45:32,2026-08-15 16:50:32,2026-08-15 19:04:32,Routine,93.037,,H,0,2026-08-15 19:09:32
LAB00164473,,MRN75220688,DR00238,H002-D08,H002,30934-4,2026-08-16 02:45:32,2026-08-16 03:39:32,2026-08-16 04:18:32,Routine,112.545,,HH,0,2026-08-16 04:23:32
LAB00164474,,MRN29981051,DR00041,H003-D01,H003,600-7,2026-07-29 03:19:18,2026-07-29 04:04:18,2026-07-29 05:14:18,Routine,,,H,0,2026-07-29 05:19:18
LAB00164475,,MRN29981051,DR00116,H002-D08,H002,5902-2,2026-07-27 15:19:18,2026-07-27 16:31:18,2026-07-27 20:26:18,STAT,30.533,,H,0,2026-07-27 20:31:18
LAB00164476,,MRN29981051,DR00169,H001-D03,H001,2075-0,2026-07-28 13:19:18,2026-07-28 14:08:18,2026-07-28 15:50:18,Routine,3.261,,H,0,2026-07-28 15:55:18
LAB00164477,,MRN63631193,DR00051,H003-D07,H003,2093-3,2026-08-05 15:15:42,2026-08-05 15:34:42,2026-08-05 16:00:42,Routine,128.639,,L,0,2026-08-05 16:05:42
LAB00164478,,MRN36417807,DR00127,H003-D09,H003,LOCAL-777,2026-07-04 05:20:02,2026-07-04 06:32:02,2026-07-04 09:59:02,Routine,164.999,,N,0,2026-07-04 10:04:02
LAB00164479,,MRN22523309,DR00055,H003-D01,H003,6301-6,2026-07-30 23:15:32,2026-07-31 00:33:32,2026-07-31 01:43:32,Routine,28.468,,N,0,2026-07-31 01:48:32
LAB00164480,,MRN18768639,DR00123,H003-D01,H003,5811-5,2026-07-22 01:45:33,2026-07-22 03:05:33,2026-07-22 05:00:33,Routine,96.481,,N,0,2026-07-22 05:05:33
LAB00164481,,MRN77411746,DR00185,H001-D06,H001,2093-3,2026-07-15 06:17:43,2026-07-15 06:22:43,2026-07-15 07:29:43,STAT,165.246,,L,0,2026-07-15 07:34:43
LAB00164482,,MRN27582758,DR00167,H003-D04,H003,630-4,2026-07-15 22:10:24,2026-07-15 22:38:24,2026-07-15 23:00:24,Routine,,,H,0,2026-07-15 23:05:24
LAB00164483,,MRN31442778,DR00091,H001-D07,H001,1920-8,2026-07-30 19:10:22,2026-07-30 19:32:22,2026-07-30 21:38:22,Routine,14.378,,N,0,2026-07-30 21:43:22
LAB00164484,,MRN26948158,DR00238,H002-D06,H002,2345-7,2026-08-11 14:43:39,2026-08-11 14:48:39,2026-08-11 17:06:39,Routine,197.748,,N,0,2026-08-11 17:11:39
LAB00164485,,MRN64886966,DR00132,H001-D08,H001,777-3,2025-08-05 18:44:58,2025-08-05 19:47:58,2025-08-05 20:54:58,Routine,129.391,,L,0,2025-08-05 20:59:58
LAB00164486,,MRN64886966,DR00047,H001-D01,H001,1988-5,2025-08-04 23:44:58,2025-08-05 00:43:58,2025-08-05 04:56:58,Routine,139.894,,HH,0,2025-08-05 05:01:58
LAB00164487,,MRN91985650,DR00061,H002-D09,H002,4544-3,2026-08-19 14:27:29,2026-08-19 15:52:29,2026-08-19 19:17:29,Routine,197.644,,N,0,2026-08-19 19:22:29
LAB00164488,,MRN91985650,DR00209,H001-D10,H001,6301-6,2026-08-17 22:27:29,2026-08-17 23:33:29,2026-08-18 03:22:29,Routine,19.262,,L,0,2026-08-18 03:27:29
LAB00164489,,MRN84985458,DR00104,H003-D01,H003,600-7,2026-07-28 05:22:06,2026-07-28 06:20:06,2026-07-28 08:47:06,Routine,,,H,0,2026-07-28 08:52:06
LAB00164490,,MRN84985458,DR00068,H002-D08,H002,1975-2,2026-07-29 10:22:06,2026-07-29 10:29:06,2026-07-29 10:54:06,STAT,174.488,,L,0,2026-07-29 10:59:06
LAB00164491,,MRN84985458,DR00219,H004-D03,H004,2075-0,2026-07-28 14:22:06,2026-07-28 15:05:06,2026-07-28 16:46:06,Routine,159.96,,L,0,2026-07-28 16:51:06
LAB00164492,,MRN12327200,DR00226,H002-D04,H002,1742-6,2026-08-09 19:08:39,2026-08-09 19:29:39,2026-08-09 23:24:39,Routine,67.724,,H,0,2026-08-09 23:29:39
LAB00164493,,MRN16805486,DR00222,H002-D06,H002,5902-2,2026-08-08 06:59:33,2026-08-08 08:02:33,2026-08-08 11:47:33,STAT,7.9,,N,0,2026-08-08 11:52:33
LAB00164494,,MRN64764162,DR00071,H002-D07,H002,777-3,2026-07-20 13:13:24,2026-07-20 14:10:24,2026-07-20 18:07:24,Routine,156.513,,N,0,2026-07-20 18:12:24
LAB00164495,,MRN64764162,DR00036,H001-D09,H001,2951-2,2026-07-21 12:13:24,2026-07-21 12:33:24,2026-07-21 16:49:24,STAT,7.352,,H,0,2026-07-21 16:54:24
LAB00164496,,MRN64764162,DR00106,H002-D06,H002,600-7,2026-07-19 22:13:24,2026-07-19 23:41:24,2026-07-20 02:46:24,Routine,,,HH,0,2026-07-20 02:51:24
LAB00164497,,MRN75209936,DR00121,H001-D05,H001,2075-0,2026-07-11 08:13:46,2026-07-11 08:55:46,2026-07-11 13:23:46,Routine,99.662,,N,0,2026-07-11 13:28:46
LAB00164498,,MRN29685196,DR00087,H002-D01,H002,2085-9,2026-08-25 23:34:21,2026-08-26 00:58:21,2026-08-26 05:15:21,Routine,5.274,,HH,0,2026-08-26 05:20:21
LAB00164499,,MRN29685196,DR00068,H003-D01,H003,5902-2,2026-08-27 18:34:21,2026-08-27 18:51:21,2026-08-27 22:16:21,Routine,197.859,,HH,0,2026-08-27 22:21:21
LAB00164500,,MRN29685196,DR00224,H001-D05,H001,30934-4,2026-08-27 10:34:21,2026-08-27 11:12:21,2026-08-27 15:41:21,Routine,36.668,,N,0,2026-08-27 15:46:21
LAB00164501,,MRN18825586,DR00052,H004-D10,H004,5811-5,2026-08-07 12:38:20,2026-08-07 13:06:20,2026-08-07 13:31:20,Routine,189.553,,N,0,2026-08-07 13:36:20
LAB00164502,,MRN58215886,DR00031,H001-D10,H001,5902-2,2026-07-20 18:06:29,2026-07-20 18:11:29,2026-07-20 19:15:29,Routine,159.463,,N,0,2026-07-20 19:20:29
LAB00164503,,MRN58215886,DR00213,H002-D02,H002,600-7,2026-07-20 21:06:29,2026-07-20 21:54:29,2026-07-21 01:59:29,Routine,,,HH,0,2026-07-21 02:04:29
LAB00164504,,MRN85803978,DR00155,H001-D05,H001,2160-0,2026-08-03 02:40:58,2026-08-03 04:06:58,2026-08-03 05:53:58,Routine,125.016,,HH,0,2026-08-03 05:58:58
LAB00164505,,MRN85803978,DR00194,H003-D02,H003,2085-9,2026-08-03 20:40:58,2026-08-03 22:03:58,2026-08-04 01:54:58,Routine,0.792,,H,0,2026-08-04 01:59:58
LAB00164506,,MRN53013032,DR00123,H002-D06,H002,1920-8,2026-09-26 09:08:02,2026-09-26 10:34:02,2026-09-26 11:58:02,Routine,153.285,,HH,0,2026-09-26 12:03:02
LAB00164507,,MRN53013032,DR00219,H002-D08,H002,10839-9,2026-09-26 12:08:02,2026-09-26 12:32:02,2026-09-26 13:53:02,Routine,1.293,,H,0,2026-09-26 13:58:02
LAB00164508,,MRN53013032,DR00045,H002-D08,H002,777-3,2026-09-27 06:08:02,2026-09-27 06:59:02,2026-09-27 09:06:02,Routine,12.388,,L,0,2026-09-27 09:11:02
LAB00164509,,MRN50707214,DR00004,H003-D07,H003,630-4,2026-08-08 05:46:18,2026-08-08 06:54:18,2026-08-08 08:08:18,Routine,,,H,0,2026-08-08 08:13:18
LAB00164510,,MRN50707214,DR00059,H002-D08,H002,630-4,2026-08-07 15:46:18,2026-08-07 16:32:18,2026-08-07 16:52:18,Routine,,,N,0,2026-08-07 16:57:18
LAB00164511,,MRN99867562,DR00227,H001-D03,H001,6690-2,2026-07-10 13:32:19,2026-07-10 14:23:19,2026-07-10 19:19:19,STAT,30.28,,N,0,2026-07-10 19:24:19
LAB00164512,,MRN62771424,DR00035,H002-D02,H002,4544-3,2026-07-29 04:16:46,2026-07-29 04:35:46,2026-07-29 05:49:46,STAT,187.725,,N,0,2026-07-29 05:54:46
LAB00164513,,MRN72629448,DR00063,H001-D03,H001,2951-2,2025-12-31 08:39:06,2025-12-31 09:49:06,2025-12-31 12:41:06,Routine,73.407,,L,0,2025-12-31 12:46:06
LAB00164514,,MRN72629448,DR00174,H002-D04,H002,6301-6,2026-01-01 05:39:06,2026-01-01 06:57:06,2026-01-01 10:25:06,Routine,149.47,,N,0,2026-01-01 10:30:06
LAB00164515,,MRN72629448,DR00016,H001-D03,H001,6690-2,2025-12-31 23:39:06,2026-01-01 00:18:06,2026-01-01 05:14:06,STAT,139.355,,HH,0,2026-01-01 05:19:06
LAB00164516,,MRN80458065,DR00112,H002-D06,H002,5811-5,2026-08-17 08:24:13,2026-08-17 08:48:13,2026-08-17 11:38:13,Routine,178.27,,HH,0,2026-08-17 11:43:13
LAB00164517,,MRN80458065,DR00187,H002-D04,H002,3016-3,2026-08-17 19:24:13,2026-08-17 20:40:13,2026-08-17 22:46:13,STAT,162.537,,H,0,2026-08-17 22:51:13
LAB00164518,,MRN80458065,DR00017,H003-D02,H003,2823-3,2026-08-16 10:24:13,2026-08-16 11:32:13,2026-08-16 12:25:13,Routine,107.789,,N,0,2026-08-16 12:30:13
LAB00164519,,MRN36344652,DR00107,H003-D06,H003,630-4,2026-07-12 07:26:27,2026-07-12 08:40:27,2026-07-12 13:35:27,Routine,,,N,0,2026-07-12 13:40:27
LAB00164520,,MRN36344652,DR00155,H003-D09,H003,777-3,2026-07-11 12:26:27,2026-07-11 13:38:27,2026-07-11 18:03:27,STAT,69.477,,HH,0,2026-07-11 18:08:27
LAB00164521,,MRN67731737,DR00009,H001-D01,H001,5811-5,2026-08-01 10:43:38,2026-08-01 11:31:38,2026-08-01 15:46:38,STAT,21.454,,L,0,2026-08-01 15:51:38
LAB00164522,,MRN44493633,DR00185,H003-D06,H003,1742-6,2026-07-16 13:50:47,2026-07-16 14:11:47,2026-07-16 16:09:47,STAT,33.886,,H,0,2026-07-16 16:14:47
LAB00164523,,MRN44493633,DR00052,H002-D03,H002,718-7,2026-07-17 04:50:47,2026-07-17 05:52:47,2026-07-17 10:11:47,Routine,141.354,,HH,0,2026-07-17 10:16:47
LAB00164524,,MRN44493633,DR00217,H002-D02,H002,3016-3,2026-07-16 11:50:47,2026-07-16 13:12:47,2026-07-16 13:33:47,Routine,65.823,,L,0,2026-07-16 13:38:47
LAB00164525,,MRN77887242,DR00214,H004-D10,H004,1742-6,2026-07-11 08:25:40,2026-07-11 09:04:40,2026-07-11 10:15:40,STAT,156.277,,L,0,2026-07-11 10:20:40
LAB00164526,,MRN77887242,DR00160,H003-D08,H003,1742-6,2026-07-10 19:25:40,2026-07-10 20:12:40,2026-07-10 23:26:40,STAT,177.405,,N,0,2026-07-10 23:31:40
LAB00164527,,MRN88800840,DR00239,H002-D06,H002,10839-9,2026-08-25 20:55:53,2026-08-25 21:01:53,2026-08-25 22:43:53,Routine,24.648,,H,0,2026-08-25 22:48:53
LAB00164528,,MRN88800840,DR00063,H002-D07,H002,30934-4,2026-08-27 16:55:53,2026-08-27 17:56:53,2026-08-27 21:21:53,Routine,184.735,,H,0,2026-08-27 21:26:53
LAB00164529,,MRN29572577,DR00071,H004-D03,H004,10839-9,2026-07-08 09:50:04,2026-07-08 11:15:04,2026-07-08 15:32:04,Routine,104.705,,H,0,2026-07-08 15:37:04
LAB00164530,,MRN29572577,DR00095,H002-D05,H002,3094-0,2026-07-09 02:50:04,2026-07-09 03:58:04,2026-07-09 07:38:04,Routine,169.683,,L,0,2026-07-09 07:43:04
LAB00164531,,MRN29572577,DR00067,H002-D10,H002,2093-3,2026-07-07 16:50:04,2026-07-07 17:44:04,2026-07-07 18:59:04,Routine,148.686,,HH,0,2026-07-07 19:04:04
LAB00164532,,MRN11414433,DR00053,H003-D03,H003,2951-2,2026-08-27 17:51:56,2026-08-27 19:12:56,2026-08-28 00:08:56,STAT,68.812,,L,0,2026-08-28 00:13:56
LAB00164533,,MRN28384111,DR00034,H003-D06,H003,2160-0,2025-08-28 20:14:35,2025-08-28 20:51:35,2025-08-29 00:46:35,Routine,5.76,,HH,0,2025-08-29 00:51:35
LAB00164534,,MRN26671200,DR00109,H001-D05,H001,3016-3,2026-07-11 00:04:47,2026-07-11 00:12:47,2026-07-11 00:43:47,STAT,182.665,,HH,0,2026-07-11 00:48:47
LAB00164535,,MRN26671200,DR00089,H003-D05,H003,1988-5,2026-07-10 13:04:47,2026-07-10 13:27:47,2026-07-10 17:28:47,STAT,76.393,,H,0,2026-07-10 17:33:47
LAB00164536,,MRN17573208,DR00041,H003-D07,H003,2085-9,2026-07-24 04:35:03,2026-07-24 04:40:03,2026-07-24 05:00:03,Routine,173.358,,HH,0,2026-07-24 05:05:03
LAB00164537,,MRN52078334,DR00188,H003-D10,H003,600-7,2026-08-13 09:03:07,2026-08-13 09:39:07,2026-08-13 14:27:07,Routine,,,HH,0,2026-08-13 14:32:07
LAB00164538,,MRN52078334,DR00146,H002-D02,H002,99999-9,2026-08-12 20:03:07,2026-08-12 20:27:07,2026-08-12 23:43:07,Routine,59.695,,L,0,2026-08-12 23:48:07
LAB00164539,,MRN52078334,DR00053,H003-D09,H003,4544-3,2026-08-12 09:03:07,2026-08-12 09:31:07,2026-08-12 14:26:07,Routine,119.14,,H,0,2026-08-12 14:31:07
LAB00164540,,MRN34386292,DR00215,H004-D10,H004,4544-3,2026-07-17 05:35:27,2026-07-17 06:55:27,2026-07-17 11:33:27,STAT,117.012,,N,0,2026-07-17 11:38:27
LAB00164541,,MRN36645515,DR00181,H003-D08,H003,2093-3,2026-07-13 09:18:31,2026-07-13 10:35:31,2026-07-13 12:51:31,Routine,19.47,,H,0,2026-07-13 12:56:31
LAB00164542,,MRN84388918,DR00122,H001-D06,H001,600-7,2026-07-11 14:08:11,2026-07-11 15:27:11,2026-07-11 18:32:11,Routine,,,N,0,2026-07-11 18:37:11
LAB00164543,,MRN90830211,DR00027,H004-D03,H004,777-3,2026-08-11 01:00:39,2026-08-11 01:18:39,2026-08-11 02:25:39,Routine,10.491,,H,0,2026-08-11 02:30:39
LAB00164544,,MRN42655052,DR00207,H002-D07,H002,30934-4,2026-08-08 20:59:33,2026-08-08 21:43:33,2026-08-08 22:20:33,Routine,48.651,,H,0,2026-08-08 22:25:33
LAB00164545,,MRN42655052,DR00040,H001-D01,H001,3094-0,2026-08-07 19:59:33,2026-08-07 20:29:33,2026-08-07 23:38:33,Routine,25.226,,H,0,2026-08-07 23:43:33
LAB00164546,,MRN46925817,DR00106,H002-D10,H002,2085-9,2026-08-11 11:38:53,2026-08-11 13:00:53,2026-08-11 13:44:53,Routine,151.619,,H,0,2026-08-11 13:49:53
LAB00164547,,MRN46925817,DR00048,H003-D09,H003,10839-9,2026-08-11 06:38:53,2026-08-11 07:34:53,2026-08-11 07:58:53,STAT,109.423,,L,0,2026-08-11 08:03:53
LAB00164548,,MRN46925817,DR00225,H004-D03,H004,1920-8,2026-08-11 20:38:53,2026-08-11 21:19:53,2026-08-11 22:12:53,STAT,87.304,,H,0,2026-08-11 22:17:53
LAB00164549,,MRN98115281,DR00008,H001-D09,H001,88888-8,2026-08-10 20:26:45,2026-08-10 20:49:45,2026-08-11 01:42:45,STAT,151.496,,N,0,2026-08-11 01:47:45
LAB00164550,,MRN40195749,DR00049,H001-D03,H001,630-4,2026-02-26 16:10:59,2026-02-26 17:21:59,2026-02-26 21:43:59,Routine,,,N,0,2026-02-26 21:48:59
LAB00164551,,MRN40195749,DR00039,H002-D01,H002,4544-3,2026-02-27 11:10:59,2026-02-27 11:28:59,2026-02-27 14:43:59,Routine,45.33,,HH,0,2026-02-27 14:48:59
LAB00164552,,MRN35288734,DR00025,H003-D03,H003,5902-2,2026-01-11 14:30:59,2026-01-11 15:25:59,2026-01-11 20:06:59,Routine,103.799,,L,0,2026-01-11 20:11:59
LAB00164553,,MRN35288734,DR00216,H002-D01,H002,4548-4,2026-01-11 15:30:59,2026-01-11 16:04:59,2026-01-11 17:44:59,Routine,184.068,,H,0,2026-01-11 17:49:59
LAB00164554,,MRN35288734,DR00186,H002-D04,H002,4548-4,2026-01-12 19:30:59,2026-01-12 20:16:59,2026-01-12 23:04:59,STAT,162.102,,N,0,2026-01-12 23:09:59
LAB00164555,,MRN47024575,DR00220,H003-D09,H003,2823-3,2026-07-06 10:36:36,2026-07-06 11:32:36,2026-07-06 12:49:36,Routine,73.264,,L,0,2026-07-06 12:54:36
LAB00164556,,MRN26763261,DR00139,H001-D02,H001,10839-9,2026-08-30 06:08:34,2026-08-30 07:25:34,2026-08-30 10:51:34,Routine,167.898,,L,0,2026-08-30 10:56:34
LAB00164557,,MRN26763261,DR00222,H002-D03,H002,1920-8,2026-08-30 17:08:34,2026-08-30 17:29:34,2026-08-30 21:51:34,Routine,197.066,,HH,0,2026-08-30 21:56:34
LAB00164558,,MRN26763261,DR00106,H001-D07,H001,777-3,2026-08-29 07:08:34,2026-08-29 08:02:34,2026-08-29 10:33:34,Routine,154.223,,N,0,2026-08-29 10:38:34
LAB00164559,,MRN90832362,DR00225,H003-D05,H003,777-3,2026-08-24 20:29:34,2026-08-24 21:47:34,2026-08-25 01:11:34,Routine,162.157,,L,0,2026-08-25 01:16:34
LAB00164560,,MRN93649693,DR00171,H001-D04,H001,1742-6,2026-08-30 17:58:55,2026-08-30 19:27:55,2026-08-30 23:54:55,Routine,102.706,,N,0,2026-08-30 23:59:55
LAB00164561,,MRN95861476,DR00034,H001-D10,H001,30934-4,2026-08-25 01:21:48,2026-08-25 02:44:48,2026-08-25 05:29:48,Routine,123.053,,H,0,2026-08-25 05:34:48
LAB00164562,,MRN95861476,DR00011,H003-D01,H003,2085-9,2026-08-25 01:21:48,2026-08-25 01:47:48,2026-08-25 02:28:48,Routine,21.101,,HH,0,2026-08-25 02:33:48
LAB00164563,,MRN95861476,DR00095,H001-D06,H001,1920-8,2026-08-24 21:21:48,2026-08-24 22:01:48,2026-08-25 02:44:48,Routine,175.669,,L,0,2026-08-25 02:49:48
LAB00164564,,MRN17830595,DR00051,H001-D01,H001,777-3,2026-08-20 18:57:19,2026-08-20 19:08:19,2026-08-20 20:17:19,Routine,187.5,,L,0,2026-08-20 20:22:19
LAB00164565,,MRN17830595,DR00141,H002-D05,H002,6301-6,2026-08-21 00:57:19,2026-08-21 02:14:19,2026-08-21 06:50:19,Routine,73.617,,H,0,2026-08-21 06:55:19
LAB00164566,,MRN37959433,DR00228,H002-D09,H002,2160-0,2026-08-24 02:36:18,2026-08-24 04:00:18,2026-08-24 05:02:18,STAT,59.109,,HH,0,2026-08-24 05:07:18
LAB00164567,,MRN37959433,DR00234,H001-D06,H001,3094-0,2026-08-22 20:36:18,2026-08-22 21:16:18,2026-08-22 21:47:18,Routine,124.229,,N,0,2026-08-22 21:52:18
LAB00164568,,MRN37959433,DR00025,H001-D04,H001,3016-3,2026-08-22 15:36:18,2026-08-22 16:00:18,2026-08-22 17:38:18,STAT,135.688,,N,0,2026-08-22 17:43:18
LAB00164569,,MRN82012052,DR00184,H002-D02,H002,6690-2,2026-08-01 04:49:40,2026-08-01 06:13:40,2026-08-01 07:30:40,Routine,194.595,,HH,0,2026-08-01 07:35:40
LAB00164570,,MRN19872066,DR00040,H001-D03,H001,4548-4,2026-08-12 07:22:16,2026-08-12 07:53:16,2026-08-12 10:47:16,STAT,49.604,,L,0,2026-08-12 10:52:16
LAB00164571,,MRN19872066,DR00158,H003-D04,H003,777-3,2026-08-11 13:22:16,2026-08-11 14:23:16,2026-08-11 16:53:16,Routine,151.222,,N,0,2026-08-11 16:58:16
LAB00164572,,MRN19872066,DR00015,H001-D04,H001,2085-9,2026-08-11 16:22:16,2026-08-11 16:44:16,2026-08-11 17:08:16,STAT,108.126,,H,0,2026-08-11 17:13:16
LAB00164573,,MRN59158943,DR00147,H001-D08,H001,10839-9,2026-08-17 13:59:00,2026-08-17 14:09:00,2026-08-17 18:16:00,Routine,138.328,,H,0,2026-08-17 18:21:00
LAB00164574,,MRN14529400,DR00125,H001-D07,H001,6301-6,2026-08-17 05:20:21,2026-08-17 05:30:21,2026-08-17 07:42:21,Routine,22.463,,H,0,2026-08-17 07:47:21
LAB00164575,,MRN14529400,DR00134,H003-D04,H003,1920-8,2026-08-16 06:20:21,2026-08-16 07:21:21,2026-08-16 09:51:21,Routine,60.504,,H,0,2026-08-16 09:56:21
LAB00164576,,MRN14529400,DR00119,H002-D08,H002,6690-2,2026-08-17 16:20:21,2026-08-17 17:44:21,2026-08-17 20:22:21,Routine,77.272,,H,0,2026-08-17 20:27:21
LAB00164577,,MRN21317380,DR00197,H003-D09,H003,4548-4,2026-07-24 00:15:27,2026-07-24 01:15:27,2026-07-24 04:47:27,Routine,161.993,,N,0,2026-07-24 04:52:27
LAB00164578,,MRN21317380,DR00004,H001-D01,H001,2345-7,2026-07-23 18:15:27,2026-07-23 19:02:27,2026-07-23 21:47:27,Routine,68.843,,H,0,2026-07-23 21:52:27
LAB00164579,,MRN97277798,DR00010,H001-D09,H001,10839-9,2026-08-12 02:14:14,2026-08-12 02:26:14,2026-08-12 05:46:14,Routine,70.977,,HH,0,2026-08-12 05:51:14
LAB00164580,,MRN97277798,DR00213,H004-D10,H004,2093-3,2026-08-11 13:14:14,2026-08-11 14:24:14,2026-08-11 15:33:14,Routine,82.924,,H,0,2026-08-11 15:38:14
LAB00164581,,MRN61711091,DR00158,H002-D05,H002,2345-7,2026-02-04 22:26:34,2026-02-04 23:33:34,2026-02-05 03:24:34,STAT,94.024,,L,0,2026-02-05 03:29:34
LAB00164582,,MRN61711091,DR00044,H002-D07,H002,2075-0,2026-02-04 16:26:34,2026-02-04 17:52:34,2026-02-04 20:21:34,STAT,70.975,,H,0,2026-02-04 20:26:34
LAB00164583,,MRN69823669,DR00083,H001-D05,H001,4548-4,2026-08-08 00:55:55,2026-08-08 01:48:55,2026-08-08 02:51:55,Routine,63.354,,HH,0,2026-08-08 02:56:55
LAB00164584,,MRN69823669,DR00037,H002-D08,H002,3094-0,2026-08-09 02:55:55,2026-08-09 03:05:55,2026-08-09 04:46:55,Routine,29.196,,H,0,2026-08-09 04:51:55
LAB00164585,,MRN16669140,DR00149,H003-D07,H003,2085-9,2026-08-16 14:01:14,2026-08-16 14:28:14,2026-08-16 16:04:14,Routine,134.812,,H,0,2026-08-16 16:09:14
LAB00164586,,MRN83150035,DR00178,H003-D09,H003,3094-0,2026-07-22 03:30:01,2026-07-22 04:22:01,2026-07-22 08:09:01,Routine,2.334,,H,0,2026-07-22 08:14:01
LAB00164587,,MRN83150035,DR00224,H002-D04,H002,3094-0,2026-07-23 00:30:01,2026-07-23 00:42:01,2026-07-23 03:13:01,Routine,160.189,,H,0,2026-07-23 03:18:01
LAB00164588,,MRN16722467,DR00182,H003-D05,H003,2093-3,2026-07-15 20:58:58,2026-07-15 21:16:58,2026-07-15 23:31:58,Routine,97.481,,N,0,2026-07-15 23:36:58
LAB00164589,,MRN16722467,DR00146,H003-D09,H003,5902-2,2026-07-15 10:58:58,2026-07-15 11:57:58,2026-07-15 14:17:58,Routine,100.172,,L,0,2026-07-15 14:22:58
LAB00164590,,MRN16722467,DR00151,H001-D01,H001,LOCAL-777,2026-07-16 00:58:58,2026-07-16 01:44:58,2026-07-16 02:29:58,STAT,68.709,,L,0,2026-07-16 02:34:58
LAB00164591,,MRN98550682,DR00144,H003-D03,H003,2075-0,2026-02-25 09:34:59,2026-02-25 10:10:59,2026-02-25 13:56:59,Routine,139.016,,H,0,2026-02-25 14:01:59
LAB00164592,,MRN79574418,DR00148,H002-D08,H002,2823-3,2026-08-09 07:08:39,2026-08-09 07:55:39,2026-08-09 08:25:39,Routine,79.457,,L,0,2026-08-09 08:30:39
LAB00164593,,MRN79574418,DR00194,H002-D10,H002,2075-0,2026-08-09 09:08:39,2026-08-09 09:50:39,2026-08-09 11:14:39,Routine,56.59,,L,0,2026-08-09 11:19:39
LAB00164594,,MRN58281962,DR00119,H003-D04,H003,2093-3,2026-08-04 01:23:35,2026-08-04 01:59:35,2026-08-04 06:34:35,STAT,118.527,,L,0,2026-08-04 06:39:35
LAB00164595,,MRN55745489,DR00104,H003-D06,H003,630-4,2026-07-10 22:24:17,2026-07-10 22:51:17,2026-07-11 02:08:17,STAT,,,N,0,2026-07-11 02:13:17
LAB00164596,,MRN55745489,DR00127,H003-D03,H003,4548-4,2026-07-12 03:24:17,2026-07-12 04:51:17,2026-07-12 08:47:17,Routine,182.768,,HH,0,2026-07-12 08:52:17
LAB00164597,,MRN55745489,DR00190,H001-D04,H001,1920-8,2026-07-11 12:24:17,2026-07-11 12:53:17,2026-07-11 15:29:17,Routine,174.292,,HH,0,2026-07-11 15:34:17
LAB00164598,,MRN76197541,DR00044,H003-D05,H003,1920-8,2026-08-25 20:29:53,2026-08-25 20:37:53,2026-08-25 23:49:53,Routine,100.43,,H,0,2026-08-25 23:54:53
LAB00164599,,MRN88573608,DR00223,H001-D03,H001,1742-6,2026-07-15 13:33:54,2026-07-15 14:47:54,2026-07-15 16:33:54,STAT,65.244,,H,0,2026-07-15 16:38:54
LAB00164600,,MRN88573608,DR00154,H001-D06,H001,6690-2,2026-07-14 15:33:54,2026-07-14 16:17:54,2026-07-14 17:13:54,Routine,99.222,,H,0,2026-07-14 17:18:54
LAB00164601,,MRN42235508,DR00108,H004-D03,H004,6301-6,2026-08-07 17:00:11,2026-08-07 17:54:11,2026-08-07 19:47:11,Routine,83.464,,L,0,2026-08-07 19:52:11
LAB00164602,,MRN42235508,DR00104,H003-D05,H003,2345-7,2026-08-08 18:00:11,2026-08-08 18:14:11,2026-08-08 21:54:11,Routine,65.87,,H,0,2026-08-08 21:59:11
LAB00164603,,MRN82959177,DR00007,H002-D09,H002,1742-6,2026-07-23 23:58:21,2026-07-24 00:48:21,2026-07-24 03:05:21,STAT,50.491,,N,0,2026-07-24 03:10:21
LAB00164604,,MRN21527556,DR00111,H003-D02,H003,630-4,2026-07-18 14:41:14,2026-07-18 15:21:14,2026-07-18 18:29:14,Routine,,,L,0,2026-07-18 18:34:14
LAB00164605,,MRN21527556,DR00001,H002-D04,H002,630-4,2026-07-18 04:41:14,2026-07-18 05:04:14,2026-07-18 06:54:14,STAT,,,L,0,2026-07-18 06:59:14
LAB00164606,,MRN37564387,DR00151,H003-D09,H003,2345-7,2026-08-06 04:06:27,2026-08-06 05:16:27,2026-08-06 07:08:27,Routine,51.167,,L,0,2026-08-06 07:13:27
LAB00164607,,MRN55163086,DR00160,H001-D09,H001,1988-5,2026-08-20 11:41:19,2026-08-20 12:52:19,2026-08-20 16:11:19,Routine,114.552,,HH,0,2026-08-20 16:16:19
LAB00164608,,MRN55163086,DR00197,H003-D08,H003,2085-9,2026-08-20 20:41:19,2026-08-20 20:58:19,2026-08-21 00:55:19,Routine,21.632,,N,0,2026-08-21 01:00:19
LAB00164609,,MRN55163086,DR00124,H001-D06,H001,2093-3,2026-08-20 23:41:19,2026-08-21 01:03:19,2026-08-21 04:12:19,Routine,131.075,,N,0,2026-08-21 04:17:19
LAB00164610,,MRN35843543,DR00024,H003-D02,H003,4548-4,2026-07-21 02:09:26,2026-07-21 02:31:26,2026-07-21 06:26:26,STAT,178.927,,N,0,2026-07-21 06:31:26
LAB00164611,,MRN35843543,DR00230,H001-D09,H001,88888-8,2026-07-20 11:09:26,2026-07-20 11:16:26,2026-07-20 12:33:26,Routine,76.881,,N,0,2026-07-20 12:38:26
LAB00164612,,MRN35843543,DR00223,H002-D05,H002,2951-2,2026-07-19 16:09:26,2026-07-19 17:18:26,2026-07-19 21:37:26,Routine,63.977,,N,0,2026-07-19 21:42:26
LAB00164613,,MRN97570360,DR00034,H001-D01,H001,2075-0,2026-07-04 11:07:00,2026-07-04 12:22:00,2026-07-04 15:20:00,Routine,155.92,,L,0,2026-07-04 15:25:00
LAB00164614,,MRN97570360,DR00201,H001-D02,H001,2823-3,2026-07-04 07:07:00,2026-07-04 07:35:00,2026-07-04 12:17:00,Routine,141.628,,N,0,2026-07-04 12:22:00
LAB00164615,,MRN97570360,DR00222,H004-D10,H004,6690-2,2026-07-04 16:07:00,2026-07-04 17:08:00,2026-07-04 22:05:00,Routine,53.787,,HH,0,2026-07-04 22:10:00
LAB00164616,,MRN10370876,DR00049,H001-D02,H001,777-3,2026-04-03 11:20:15,2026-04-03 11:33:15,2026-04-03 15:40:15,Routine,173.579,,L,0,2026-04-03 15:45:15
LAB00164617,,MRN10370876,DR00236,H001-D07,H001,777-3,2026-04-03 15:20:15,2026-04-03 15:32:15,2026-04-03 16:14:15,STAT,131.363,,HH,0,2026-04-03 16:19:15
LAB00164618,,MRN10370876,DR00019,H003-D09,H003,4544-3,2026-04-03 20:20:15,2026-04-03 20:38:15,2026-04-03 23:39:15,Routine,94.598,,H,0,2026-04-03 23:44:15
LAB00164619,,MRN49252056,DR00234,H002-D01,H002,5902-2,2026-07-22 16:42:54,2026-07-22 17:15:54,2026-07-22 18:47:54,STAT,153.002,,N,0,2026-07-22 18:52:54
LAB00164620,,MRN82126722,DR00146,H004-D10,H004,1975-2,2026-08-20 19:29:40,2026-08-20 20:24:40,2026-08-20 21:43:40,STAT,154.969,,H,0,2026-08-20 21:48:40
LAB00164621,,MRN82126722,DR00101,H002-D10,H002,4544-3,2026-08-21 09:29:40,2026-08-21 10:30:40,2026-08-21 13:22:40,STAT,41.876,,L,0,2026-08-21 13:27:40
LAB00164622,,MRN52045085,DR00237,H002-D04,H002,5811-5,2026-08-16 01:39:06,2026-08-16 02:45:06,2026-08-16 05:36:06,STAT,94.98,,H,0,2026-08-16 05:41:06
LAB00164623,,MRN58662525,DR00132,H003-D10,H003,4544-3,2026-07-20 02:37:06,2026-07-20 02:48:06,2026-07-20 06:09:06,Routine,171.222,,N,0,2026-07-20 06:14:06
LAB00164624,,MRN58662525,DR00075,H001-D02,H001,2345-7,2026-07-21 02:37:06,2026-07-21 03:55:06,2026-07-21 05:31:06,Routine,149.089,,L,0,2026-07-21 05:36:06
LAB00164625,,MRN13918027,DR00124,H001-D06,H001,1920-8,2026-07-08 13:02:54,2026-07-08 14:10:54,2026-07-08 18:46:54,STAT,28.572,,HH,0,2026-07-08 18:51:54
LAB00164626,,MRN13918027,DR00131,H003-D07,H003,4548-4,2026-07-09 09:02:54,2026-07-09 09:40:54,2026-07-09 14:17:54,Routine,22.764,,N,0,2026-07-09 14:22:54
LAB00164627,,MRN27432130,DR00216,H003-D04,H003,1975-2,2026-07-28 22:35:49,2026-07-28 23:26:49,2026-07-29 00:51:49,Routine,75.807,,L,0,2026-07-29 00:56:49
LAB00164628,,MRN27432130,DR00009,H003-D05,H003,1920-8,2026-07-29 08:35:49,2026-07-29 08:56:49,2026-07-29 10:39:49,Routine,48.753,,HH,0,2026-07-29 10:44:49
LAB00164629,,MRN27432130,DR00045,H003-D01,H003,2075-0,2026-07-27 17:35:49,2026-07-27 18:04:49,2026-07-27 22:18:49,STAT,134.239,,H,0,2026-07-27 22:23:49
LAB00164630,,MRN10855256,DR00127,H001-D07,H001,2093-3,2026-07-18 13:55:45,2026-07-18 14:40:45,2026-07-18 17:22:45,Routine,197.036,,L,0,2026-07-18 17:27:45
LAB00164631,,MRN10855256,DR00034,H002-D07,H002,2823-3,2026-07-19 08:55:45,2026-07-19 10:02:45,2026-07-19 10:44:45,Routine,186.438,,N,0,2026-07-19 10:49:45
LAB00164632,,MRN20437342,DR00007,H002-D09,H002,1988-5,2026-07-22 13:16:07,2026-07-22 14:38:07,2026-07-22 18:15:07,Routine,18.602,,H,0,2026-07-22 18:20:07
LAB00164633,,MRN93952829,DR00106,H004-D03,H004,10839-9,2026-07-26 19:48:23,2026-07-26 20:11:23,2026-07-27 00:43:23,Routine,49.463,,HH,0,2026-07-27 00:48:23
LAB00164634,,MRN93952829,DR00007,H001-D04,H001,1988-5,2026-07-26 23:48:23,2026-07-27 00:50:23,2026-07-27 04:21:23,STAT,171.728,,H,0,2026-07-27 04:26:23
LAB00164635,,MRN90103972,DR00075,H002-D04,H002,2093-3,2026-08-19 05:45:12,2026-08-19 06:57:12,2026-08-19 10:11:12,Routine,108.116,,N,0,2026-08-19 10:16:12
LAB00164636,,MRN90103972,DR00061,H002-D09,H002,630-4,2026-08-18 06:45:12,2026-08-18 06:56:12,2026-08-18 08:49:12,Routine,,,HH,0,2026-08-18 08:54:12
LAB00164637,,MRN70619362,DR00075,H001-D09,H001,6301-6,2026-08-08 00:00:00,2026-08-08 00:07:00,2026-08-08 01:40:00,Routine,58.015,,H,0,2026-08-08 01:45:00
LAB00164638,,MRN70619362,DR00001,H001-D05,H001,30934-4,2026-08-06 18:00:00,2026-08-06 18:16:00,2026-08-06 21:00:00,Routine,129.751,,N,0,2026-08-06 21:05:00
LAB00164639,,MRN74556111,DR00192,H001-D02,H001,5811-5,2026-08-28 17:41:25,2026-08-28 18:49:25,2026-08-28 23:17:25,Routine,60.93,,N,0,2026-08-28 23:22:25
LAB00164640,,MRN74556111,DR00182,H004-D10,H004,2951-2,2026-08-28 05:41:25,2026-08-28 07:06:25,2026-08-28 09:41:25,Routine,122.415,,N,0,2026-08-28 09:46:25
LAB00164641,,MRN74556111,DR00167,H003-D08,H003,5811-5,2026-08-27 14:41:25,2026-08-27 15:32:25,2026-08-27 17:54:25,Routine,95.751,,N,0,2026-08-27 17:59:25
LAB00164642,,MRN95755335,DR00042,H002-D05,H002,2075-0,2026-07-15 19:32:27,2026-07-15 19:56:27,2026-07-15 20:36:27,Routine,3.302,,N,0,2026-07-15 20:41:27
LAB00164643,,MRN68296463,DR00125,H003-D05,H003,2093-3,2026-07-04 03:52:15,2026-07-04 05:10:15,2026-07-04 07:05:15,Routine,110.972,,H,0,2026-07-04 07:10:15
LAB00164644,,MRN68296463,DR00227,H002-D04,H002,1975-2,2026-07-03 09:52:15,2026-07-03 10:22:15,2026-07-03 13:32:15,Routine,88.941,,HH,0,2026-07-03 13:37:15
LAB00164645,,MRN16672376,DR00047,H003-D03,H003,600-7,2026-08-15 23:49:20,2026-08-16 00:07:20,2026-08-16 03:15:20,Routine,,,N,0,2026-08-16 03:20:20
LAB00164646,,MRN42097221,DR00228,H001-D01,H001,5811-5,2026-08-06 04:19:14,2026-08-06 05:46:14,2026-08-06 07:45:14,Routine,126.161,,H,0,2026-08-06 07:50:14
LAB00164647,,MRN42097221,DR00210,H002-D03,H002,1742-6,2026-08-06 19:19:14,2026-08-06 19:41:14,2026-08-06 22:53:14,Routine,59.1,,H,0,2026-08-06 22:58:14
LAB00164648,,MRN48233791,DR00109,H001-D07,H001,2823-3,2026-08-21 01:30:53,2026-08-21 02:03:53,2026-08-21 05:06:53,Routine,4.736,,HH,0,2026-08-21 05:11:53
LAB00164649,,MRN48233791,DR00174,H002-D03,H002,2951-2,2026-08-20 17:30:53,2026-08-20 17:52:53,2026-08-20 18:51:53,Routine,40.501,,N,0,2026-08-20 18:56:53
LAB00164650,,MRN51188702,DR00179,H002-D09,H002,600-7,2026-08-08 05:25:21,2026-08-08 06:01:21,2026-08-08 08:38:21,Routine,,,L,0,2026-08-08 08:43:21
LAB00164651,,MRN51188702,DR00183,H001-D08,H001,30934-4,2026-08-08 23:25:21,2026-08-09 00:07:21,2026-08-09 03:07:21,STAT,184.249,,H,0,2026-08-09 03:12:21
LAB00164652,,MRN16694270,DR00046,H001-D03,H001,3016-3,2026-08-31 16:10:36,2026-08-31 17:38:36,2026-08-31 21:36:36,Routine,157.904,,H,0,2026-08-31 21:41:36
LAB00164653,,MRN78143532,DR00188,H002-D09,H002,5811-5,2026-07-13 10:37:28,2026-07-13 10:43:28,2026-07-13 12:31:28,Routine,96.005,,N,0,2026-07-13 12:36:28
LAB00164654,,MRN41485538,DR00108,H003-D10,H003,4544-3,2026-07-28 22:37:34,2026-07-28 23:45:34,2026-07-29 02:08:34,Routine,132.776,,H,0,2026-07-29 02:13:34
LAB00164655,,MRN77217519,DR00218,H001-D08,H001,2075-0,2026-07-15 00:14:54,2026-07-15 00:19:54,2026-07-15 01:44:54,STAT,193.273,,L,0,2026-07-15 01:49:54
LAB00164656,,MRN92547201,DR00142,H001-D08,H001,6690-2,2026-07-19 12:45:39,2026-07-19 13:01:39,2026-07-19 17:17:39,Routine,49.244,,N,0,2026-07-19 17:22:39
LAB00164657,,MRN92547201,DR00188,H003-D01,H003,1920-8,2026-07-18 18:45:39,2026-07-18 18:50:39,2026-07-18 23:02:39,Routine,160.458,,L,0,2026-07-18 23:07:39
LAB00164658,,MRN92547201,DR00111,H002-D01,H002,10839-9,2026-07-20 10:45:39,2026-07-20 10:54:39,2026-07-20 11:46:39,Routine,33.776,,HH,0,2026-07-20 11:51:39
LAB00164659,,MRN85521086,DR00191,H003-D09,H003,718-7,2026-08-16 15:39:12,2026-08-16 16:42:12,2026-08-16 18:11:12,Routine,146.486,,N,0,2026-08-16 18:16:12
LAB00164660,,MRN85521086,DR00057,H003-D09,H003,1975-2,2026-08-17 23:39:12,2026-08-18 00:19:12,2026-08-18 01:23:12,Routine,140.61,,N,0,2026-08-18 01:28:12
LAB00164661,,MRN85521086,DR00050,H001-D09,H001,2160-0,2026-08-17 17:39:12,2026-08-17 17:49:12,2026-08-17 21:31:12,STAT,88.021,,L,0,2026-08-17 21:36:12
LAB00164662,,MRN44896616,DR00201,H004-D10,H004,777-3,2026-08-19 13:35:09,2026-08-19 14:51:09,2026-08-19 15:59:09,Routine,44.381,,L,0,2026-08-19 16:04:09
LAB00164663,,MRN44896616,DR00049,H001-D03,H001,777-3,2026-08-18 11:35:09,2026-08-18 12:50:09,2026-08-18 17:23:09,Routine,152.131,,L,0,2026-08-18 17:28:09
LAB00164664,,MRN18937312,DR00100,H001-D03,H001,5902-2,2026-05-30 22:22:31,2026-05-30 23:51:31,2026-05-31 01:19:31,Routine,145.237,,N,0,2026-05-31 01:24:31
LAB00164665,,MRN21096136,DR00162,H003-D04,H003,30934-4,2025-10-26 13:23:17,2025-10-26 14:22:17,2025-10-26 18:52:17,STAT,53.44,,L,0,2025-10-26 18:57:17
LAB00164666,,MRN21096136,DR00148,H003-D07,H003,1975-2,2025-10-24 18:23:17,2025-10-24 18:59:17,2025-10-24 19:45:17,Routine,129.822,,L,0,2025-10-24 19:50:17
LAB00164667,,MRN21096136,DR00043,H003-D10,H003,5902-2,2025-10-26 03:23:17,2025-10-26 03:52:17,2025-10-26 04:38:17,STAT,181.553,,N,0,2025-10-26 04:43:17
LAB00164668,,MRN47231060,DR00199,H001-D09,H001,2085-9,2026-07-17 05:51:03,2026-07-17 06:45:03,2026-07-17 08:01:03,STAT,140.537,,L,0,2026-07-17 08:06:03
LAB00164669,,MRN47231060,DR00111,H003-D02,H003,718-7,2026-07-17 06:51:03,2026-07-17 07:05:03,2026-07-17 09:13:03,Routine,182.943,,HH,0,2026-07-17 09:18:03
LAB00164670,,MRN47231060,DR00161,H001-D04,H001,4544-3,2026-07-16 02:51:03,2026-07-16 03:32:03,2026-07-16 04:50:03,STAT,80.202,,H,0,2026-07-16 04:55:03
LAB00164671,,MRN49142850,DR00069,H002-D02,H002,718-7,2026-07-13 01:35:52,2026-07-13 02:28:52,2026-07-13 06:31:52,STAT,27.111,,L,0,2026-07-13 06:36:52
LAB00164672,,MRN49142850,DR00240,H003-D10,H003,2951-2,2026-07-13 15:35:52,2026-07-13 16:03:52,2026-07-13 18:00:52,Routine,40.857,,L,0,2026-07-13 18:05:52
LAB00164673,,MRN49142850,DR00140,H002-D03,H002,2951-2,2026-07-12 14:35:52,2026-07-12 15:15:52,2026-07-12 16:52:52,Routine,195.678,,H,0,2026-07-12 16:57:52
LAB00164674,,MRN44662779,DR00034,H003-D02,H003,1742-6,2026-07-12 18:52:59,2026-07-12 19:38:59,2026-07-12 21:41:59,Routine,125.607,,N,0,2026-07-12 21:46:59
LAB00164675,,MRN44662779,DR00105,H003-D09,H003,6690-2,2026-07-13 07:52:59,2026-07-13 09:06:59,2026-07-13 09:55:59,STAT,152.286,,HH,0,2026-07-13 10:00:59
LAB00164676,,MRN44662779,DR00166,H004-D03,H004,6690-2,2026-07-12 05:52:59,2026-07-12 06:38:59,2026-07-12 11:09:59,Routine,189.563,,N,0,2026-07-12 11:14:59
LAB00164677,,MRN19967954,DR00219,H001-D10,H001,1988-5,2026-08-01 19:42:51,2026-08-01 20:36:51,2026-08-02 01:17:51,Routine,80.655,,N,0,2026-08-02 01:22:51
LAB00164678,,MRN19967954,DR00106,H003-D05,H003,1742-6,2026-08-01 21:42:51,2026-08-01 22:48:51,2026-08-02 02:36:51,Routine,158.745,,N,0,2026-08-02 02:41:51
LAB00164679,,MRN19967954,DR00110,H001-D08,H001,2823-3,2026-08-02 13:42:51,2026-08-02 14:23:51,2026-08-02 14:48:51,Routine,162.959,,H,0,2026-08-02 14:53:51
LAB00164680,,MRN47278900,DR00200,H003-D06,H003,3016-3,2026-08-22 16:19:30,2026-08-22 16:35:30,2026-08-22 16:58:30,Routine,190.591,,L,0,2026-08-22 17:03:30
LAB00164681,,MRN47278900,DR00002,H002-D05,H002,1988-5,2026-08-23 22:19:30,2026-08-23 23:44:30,2026-08-24 01:16:30,Routine,158.098,,HH,0,2026-08-24 01:21:30
LAB00164682,,MRN47278900,DR00058,H003-D06,H003,6301-6,2026-08-24 01:19:30,2026-08-24 01:39:30,2026-08-24 03:20:30,Routine,143.363,,H,0,2026-08-24 03:25:30
LAB00164683,,MRN20560792,DR00090,H001-D08,H001,5902-2,2026-07-10 06:15:57,2026-07-10 07:37:57,2026-07-10 09:14:57,Routine,190.68,,H,0,2026-07-10 09:19:57
LAB00164684,,MRN20560792,DR00228,H003-D08,H003,2823-3,2026-07-09 23:15:57,2026-07-10 00:01:57,2026-07-10 01:11:57,STAT,47.38,,H,0,2026-07-10 01:16:57
LAB00164685,,MRN20560792,DR00053,H002-D01,H002,6301-6,2026-07-09 11:15:57,2026-07-09 12:10:57,2026-07-09 15:25:57,Routine,91.639,,HH,0,2026-07-09 15:30:57
LAB00164686,,MRN33277717,DR00122,H003-D03,H003,6301-6,2026-07-24 06:22:46,2026-07-24 06:33:46,2026-07-24 09:33:46,STAT,169.849,,L,0,2026-07-24 09:38:46
LAB00164687,,MRN74735397,DR00140,H001-D03,H001,30934-4,2026-08-04 02:15:44,2026-08-04 02:29:44,2026-08-04 05:17:44,Routine,191.087,,L,0,2026-08-04 05:22:44
LAB00164688,,MRN34039178,DR00115,H001-D01,H001,777-3,2026-08-18 18:56:20,2026-08-18 19:18:20,2026-08-18 22:42:20,Routine,142.213,,H,0,2026-08-18 22:47:20
LAB00164689,,MRN34039178,DR00118,H002-D08,H002,1742-6,2026-08-19 11:56:20,2026-08-19 13:18:20,2026-08-19 15:17:20,STAT,148.448,,N,0,2026-08-19 15:22:20
LAB00164690,,MRN90111858,DR00148,H002-D03,H002,600-7,2026-07-17 08:00:49,2026-07-17 08:38:49,2026-07-17 09:37:49,Routine,,,H,0,2026-07-17 09:42:49
LAB00164691,,MRN90111858,DR00039,H001-D09,H001,2075-0,2026-07-16 22:00:49,2026-07-16 22:21:49,2026-07-17 03:07:49,STAT,185.281,,HH,0,2026-07-17 03:12:49
LAB00164692,,MRN72359133,DR00164,H002-D03,H002,5811-5,2026-07-30 22:42:14,2026-07-30 23:36:14,2026-07-31 02:36:14,Routine,69.822,,N,0,2026-07-31 02:41:14
LAB00164693,,MRN72359133,DR00015,H003-D09,H003,2823-3,2026-07-31 13:42:14,2026-07-31 15:09:14,2026-07-31 17:35:14,Routine,132.384,,HH,0,2026-07-31 17:40:14
LAB00164694,,MRN72359133,DR00015,H004-D03,H004,6690-2,2026-08-01 10:42:14,2026-08-01 11:34:14,2026-08-01 14:02:14,Routine,127.003,,H,0,2026-08-01 14:07:14
LAB00164695,,MRN83365463,DR00102,H001-D06,H001,1988-5,2026-08-26 09:40:04,2026-08-26 10:58:04,2026-08-26 15:33:04,STAT,158.88,,L,0,2026-08-26 15:38:04
LAB00164696,,MRN46503726,DR00151,H003-D06,H003,600-7,2026-07-13 15:56:13,2026-07-13 16:10:13,2026-07-13 19:38:13,STAT,,,H,0,2026-07-13 19:43:13
LAB00164697,,MRN46503726,DR00135,H001-D09,H001,5811-5,2026-07-14 16:56:13,2026-07-14 17:37:13,2026-07-14 19:32:13,STAT,48.023,,H,0,2026-07-14 19:37:13
LAB00164698,,MRN10845588,DR00004,H001-D05,H001,5811-5,2026-03-05 05:01:04,2026-03-05 05:51:04,2026-03-05 10:15:04,Routine,97.592,,N,0,2026-03-05 10:20:04
LAB00164699,,MRN10845588,DR00176,H004-D10,H004,30934-4,2026-03-03 20:01:04,2026-03-03 20:10:04,2026-03-03 22:34:04,Routine,66.571,,N,0,2026-03-03 22:39:04
LAB00164700,,MRN10845588,DR00083,H001-D08,H001,1742-6,2026-03-03 09:01:04,2026-03-03 09:38:04,2026-03-03 10:23:04,STAT,142.894,,H,0,2026-03-03 10:28:04
LAB00164701,,MRN25408040,DR00157,H001-D03,H001,2951-2,2026-08-19 15:35:52,2026-08-19 16:47:52,2026-08-19 21:10:52,Routine,71.534,,H,0,2026-08-19 21:15:52
LAB00164702,,MRN25408040,DR00118,H001-D07,H001,777-3,2026-08-19 21:35:52,2026-08-19 22:06:52,2026-08-20 01:58:52,Routine,171.49,,HH,0,2026-08-20 02:03:52
LAB00164703,,MRN49738874,DR00174,H001-D04,H001,3016-3,2026-07-25 07:58:46,2026-07-25 09:26:46,2026-07-25 10:17:46,Routine,184.375,,L,0,2026-07-25 10:22:46
LAB00164704,,MRN49738874,DR00047,H003-D06,H003,2951-2,2026-07-24 06:58:46,2026-07-24 08:11:46,2026-07-24 08:32:46,STAT,70.423,,HH,0,2026-07-24 08:37:46
LAB00164705,,MRN49738874,DR00064,H003-D02,H003,2160-0,2026-07-24 23:58:46,2026-07-25 00:48:46,2026-07-25 01:11:46,STAT,149.458,,N,0,2026-07-25 01:16:46
LAB00164706,,MRN51045832,DR00195,H002-D10,H002,600-7,2026-09-01 05:45:07,2026-09-01 06:48:07,2026-09-01 09:52:07,Routine,,,N,0,2026-09-01 09:57:07
LAB00164707,,MRN51045832,DR00019,H001-D10,H001,1988-5,2026-09-01 07:45:07,2026-09-01 08:32:07,2026-09-01 09:42:07,Routine,35.37,,H,0,2026-09-01 09:47:07
LAB00164708,,MRN51045832,DR00126,H002-D09,H002,2075-0,2026-09-02 10:45:07,2026-09-02 11:44:07,2026-09-02 12:35:07,Routine,130.247,,N,0,2026-09-02 12:40:07
LAB00164709,,MRN25892038,DR00035,H002-D05,H002,600-7,2026-07-11 07:08:25,2026-07-11 08:04:25,2026-07-11 11:30:25,STAT,,,HH,0,2026-07-11 11:35:25
LAB00164710,,MRN71261354,DR00220,H001-D03,H001,2345-7,2026-07-20 23:34:46,2026-07-21 00:15:46,2026-07-21 04:51:46,Routine,121.701,,N,0,2026-07-21 04:56:46
LAB00164711,,MRN88060445,DR00127,H002-D10,H002,630-4,2026-07-31 07:02:59,2026-07-31 08:06:59,2026-07-31 10:38:59,Routine,,,L,0,2026-07-31 10:43:59
LAB00164712,,MRN67830108,DR00043,H003-D06,H003,1920-8,2026-08-15 19:20:59,2026-08-15 20:15:59,2026-08-15 21:04:59,Routine,196.312,,HH,0,2026-08-15 21:09:59
LAB00164713,,MRN67830108,DR00073,H003-D10,H003,718-7,2026-08-16 14:20:59,2026-08-16 15:11:59,2026-08-16 17:43:59,STAT,147.071,,L,0,2026-08-16 17:48:59
LAB00164714,,MRN55491143,DR00088,H002-D06,H002,600-7,2026-07-21 17:12:25,2026-07-21 18:16:25,2026-07-21 19:33:25,Routine,,,HH,0,2026-07-21 19:38:25
LAB00164715,,MRN55491143,DR00071,H003-D07,H003,2345-7,2026-07-22 06:12:25,2026-07-22 06:51:25,2026-07-22 07:55:25,Routine,155.732,,H,0,2026-07-22 08:00:25
LAB00164716,,MRN55491143,DR00060,H004-D03,H004,5902-2,2026-07-23 01:12:25,2026-07-23 01:53:25,2026-07-23 06:34:25,STAT,23.964,,H,0,2026-07-23 06:39:25
LAB00164717,,MRN33451938,DR00135,H003-D06,H003,1988-5,2026-08-21 07:50:23,2026-08-21 09:10:23,2026-08-21 12:40:23,Routine,42.39,,H,0,2026-08-21 12:45:23
LAB00164718,,MRN33451938,DR00111,H001-D02,H001,2160-0,2026-08-21 07:50:23,2026-08-21 08:20:23,2026-08-21 08:43:23,Routine,27.578,,HH,0,2026-08-21 08:48:23
LAB00164719,,MRN33451938,DR00171,H003-D02,H003,2823-3,2026-08-20 17:50:23,2026-08-20 19:18:23,2026-08-21 00:13:23,Routine,124.371,,H,0,2026-08-21 00:18:23
LAB00164720,,MRN12778431,DR00156,H002-D09,H002,4548-4,2026-08-29 11:36:08,2026-08-29 12:50:08,2026-08-29 13:18:08,Routine,69.157,,L,0,2026-08-29 13:23:08
LAB00164721,,MRN12778431,DR00024,H003-D07,H003,3016-3,2026-08-29 03:36:08,2026-08-29 04:23:08,2026-08-29 07:42:08,Routine,176.03,,H,0,2026-08-29 07:47:08
LAB00164722,,MRN92354817,DR00048,H003-D08,H003,2075-0,2026-07-23 10:56:44,2026-07-23 11:48:44,2026-07-23 13:38:44,Routine,140.021,,L,0,2026-07-23 13:43:44
LAB00164723,,MRN92354817,DR00048,H001-D10,H001,3094-0,2026-07-22 02:56:44,2026-07-22 03:52:44,2026-07-22 05:06:44,Routine,119.808,,N,0,2026-07-22 05:11:44
LAB00164724,,MRN92354817,DR00230,H003-D07,H003,2160-0,2026-07-22 09:56:44,2026-07-22 11:17:44,2026-07-22 14:52:44,Routine,114.56,,L,0,2026-07-22 14:57:44
LAB00164725,,MRN82377079,DR00024,H003-D09,H003,1742-6,2026-08-15 04:38:18,2026-08-15 06:02:18,2026-08-15 07:37:18,Routine,40.571,,N,0,2026-08-15 07:42:18
LAB00164726,,MRN82377079,DR00102,H001-D06,H001,600-7,2026-08-15 12:38:18,2026-08-15 13:35:18,2026-08-15 15:10:18,STAT,,,H,0,2026-08-15 15:15:18
LAB00164727,,MRN82377079,DR00237,H003-D06,H003,2160-0,2026-08-16 04:38:18,2026-08-16 05:15:18,2026-08-16 09:51:18,Routine,4.041,,HH,0,2026-08-16 09:56:18
LAB00164728,,MRN46981502,DR00213,H002-D09,H002,2093-3,2026-08-06 14:53:15,2026-08-06 15:34:15,2026-08-06 20:01:15,Routine,42.636,,H,0,2026-08-06 20:06:15
LAB00164729,,MRN79350200,DR00095,H001-D08,H001,718-7,2026-07-08 16:50:50,2026-07-08 17:04:50,2026-07-08 18:57:50,STAT,73.632,,N,0,2026-07-08 19:02:50
LAB00164730,,MRN79350200,DR00231,H001-D05,H001,2093-3,2026-07-09 03:50:50,2026-07-09 04:20:50,2026-07-09 07:44:50,Routine,100.442,,N,0,2026-07-09 07:49:50
LAB00164731,,MRN24706818,DR00007,H003-D07,H003,1975-2,2026-08-18 05:26:36,2026-08-18 05:36:36,2026-08-18 10:24:36,Routine,103.249,,HH,0,2026-08-18 10:29:36
LAB00164732,,MRN24706818,DR00133,H001-D06,H001,6690-2,2026-08-18 15:26:36,2026-08-18 15:40:36,2026-08-18 18:57:36,Routine,54.281,,N,0,2026-08-18 19:02:36
LAB00164733,,MRN24706818,DR00196,H002-D08,H002,2160-0,2026-08-17 02:26:36,2026-08-17 03:10:36,2026-08-17 03:59:36,Routine,96.093,,N,0,2026-08-17 04:04:36
LAB00164734,,MRN14466119,DR00206,H004-D03,H004,600-7,2026-07-14 22:15:52,2026-07-14 23:39:52,2026-07-15 01:18:52,Routine,,,L,0,2026-07-15 01:23:52
LAB00164735,,MRN14466119,DR00094,H001-D09,H001,2951-2,2026-07-15 13:15:52,2026-07-15 14:16:52,2026-07-15 15:31:52,Routine,147.027,,H,0,2026-07-15 15:36:52
LAB00164736,,MRN37174456,DR00036,H001-D03,H001,777-3,2026-07-07 16:29:42,2026-07-07 16:50:42,2026-07-07 20:11:42,Routine,159.554,,H,0,2026-07-07 20:16:42
LAB00164737,,MRN37174456,DR00175,H003-D04,H003,2075-0,2026-07-07 23:29:42,2026-07-07 23:58:42,2026-07-08 01:53:42,Routine,131.758,,N,0,2026-07-08 01:58:42
LAB00164738,,MRN37174456,DR00118,H001-D03,H001,30934-4,2026-07-07 23:29:42,2026-07-08 00:23:42,2026-07-08 02:07:42,STAT,12.865,,N,0,2026-07-08 02:12:42
LAB00164739,,MRN16935073,DR00121,H003-D10,H003,5902-2,2026-08-28 20:34:27,2026-08-28 22:00:27,2026-08-28 23:07:27,Routine,133.047,,HH,0,2026-08-28 23:12:27
LAB00164740,,MRN16935073,DR00189,H001-D05,H001,1742-6,2026-08-28 16:34:27,2026-08-28 17:30:27,2026-08-28 18:12:27,Routine,107.858,,L,0,2026-08-28 18:17:27
LAB00164741,,MRN60660797,DR00226,H002-D03,H002,3016-3,2026-08-29 09:10:26,2026-08-29 10:13:26,2026-08-29 11:00:26,Routine,40.518,,N,0,2026-08-29 11:05:26
LAB00164742,,MRN60660797,DR00044,H001-D01,H001,6301-6,2026-08-28 05:10:26,2026-08-28 05:38:26,2026-08-28 07:04:26,Routine,160.553,,L,0,2026-08-28 07:09:26
LAB00164743,,MRN58031034,DR00013,H002-D06,H002,2345-7,2026-08-18 04:03:16,2026-08-18 04:35:16,2026-08-18 07:58:16,Routine,33.557,,L,0,2026-08-18 08:03:16
LAB00164744,,MRN65185948,DR00153,H003-D10,H003,5902-2,2026-07-24 20:23:36,2026-07-24 21:07:36,2026-07-24 22:25:36,Routine,144.659,,HH,0,2026-07-24 22:30:36
LAB00164745,,MRN65185948,DR00070,H001-D06,H001,2345-7,2026-07-24 00:23:36,2026-07-24 01:01:36,2026-07-24 06:00:36,Routine,6.685,,L,0,2026-07-24 06:05:36
LAB00164746,,MRN65185948,DR00009,H004-D10,H004,5902-2,2026-07-24 22:23:36,2026-07-24 23:45:36,2026-07-25 00:32:36,Routine,8.156,,HH,0,2026-07-25 00:37:36
LAB00164747,,MRN38211689,DR00112,H003-D04,H003,30934-4,2026-08-11 05:13:07,2026-08-11 06:31:07,2026-08-11 08:15:07,Routine,173.755,,N,0,2026-08-11 08:20:07
LAB00164748,,MRN38211689,DR00212,H002-D02,H002,2085-9,2026-08-11 10:13:07,2026-08-11 11:13:07,2026-08-11 14:01:07,Routine,20.669,,H,0,2026-08-11 14:06:07
LAB00164749,,MRN38211689,DR00022,H002-D01,H002,3016-3,2026-08-11 11:13:07,2026-08-11 11:41:07,2026-08-11 14:16:07,Routine,77.612,,L,0,2026-08-11 14:21:07
LAB00164750,,MRN62633027,DR00039,H002-D05,H002,30934-4,2026-07-08 07:45:10,2026-07-08 09:11:10,2026-07-08 11:03:10,Routine,22.158,,N,0,2026-07-08 11:08:10
LAB00164751,,MRN62633027,DR00087,H003-D06,H003,30934-4,2026-07-08 04:45:10,2026-07-08 04:57:10,2026-07-08 08:39:10,Routine,169.907,,H,0,2026-07-08 08:44:10
LAB00164752,,MRN13898148,DR00029,H003-D04,H003,2075-0,2026-08-27 20:50:26,2026-08-27 20:55:26,2026-08-28 00:23:26,Routine,79.834,,HH,0,2026-08-28 00:28:26
LAB00164753,,MRN38967167,DR00180,H002-D01,H002,2085-9,2026-08-09 22:22:15,2026-08-09 23:06:15,2026-08-09 23:55:15,Routine,192.695,,HH,0,2026-08-10 00:00:15
LAB00164754,,MRN26785597,DR00122,H004-D10,H004,1742-6,2026-07-07 20:20:38,2026-07-07 20:35:38,2026-07-08 01:16:38,Routine,42.972,,HH,0,2026-07-08 01:21:38
LAB00164755,,MRN26785597,DR00014,H001-D02,H001,1742-6,2026-07-06 18:20:38,2026-07-06 19:39:38,2026-07-07 00:09:38,Routine,128.921,,H,0,2026-07-07 00:14:38
LAB00164756,,MRN60377878,DR00084,H002-D04,H002,5811-5,2026-07-15 02:34:12,2026-07-15 03:20:12,2026-07-15 06:24:12,Routine,52.874,,N,0,2026-07-15 06:29:12
LAB00164757,,MRN33641397,DR00114,H002-D02,H002,3016-3,2026-07-21 10:09:29,2026-07-21 10:27:29,2026-07-21 13:24:29,Routine,104.723,,N,0,2026-07-21 13:29:29
LAB00164758,,MRN13040796,DR00012,H002-D06,H002,630-4,2026-08-20 06:24:46,2026-08-20 06:30:46,2026-08-20 07:43:46,Routine,,,H,0,2026-08-20 07:48:46
LAB00164759,,MRN54046142,DR00155,H002-D07,H002,2823-3,2026-07-10 02:18:21,2026-07-10 03:27:21,2026-07-10 05:37:21,STAT,76.406,,L,0,2026-07-10 05:42:21
LAB00164760,,MRN90937563,DR00218,H001-D06,H001,1920-8,2026-08-15 17:32:27,2026-08-15 19:01:27,2026-08-15 21:49:27,Routine,141.782,,N,0,2026-08-15 21:54:27
LAB00164761,,MRN46961382,DR00186,H001-D07,H001,10839-9,2026-07-09 22:12:38,2026-07-09 23:03:38,2026-07-10 03:55:38,Routine,22.929,,L,0,2026-07-10 04:00:38
LAB00164762,,MRN46961382,DR00049,H001-D07,H001,600-7,2026-07-10 05:12:38,2026-07-10 05:56:38,2026-07-10 06:43:38,Routine,,,H,0,2026-07-10 06:48:38
LAB00164763,,MRN43529536,DR00052,H002-D04,H002,1742-6,2026-07-04 07:12:46,2026-07-04 07:36:46,2026-07-04 11:45:46,Routine,143.137,,N,0,2026-07-04 11:50:46
LAB00164764,,MRN43529536,DR00078,H003-D10,H003,2075-0,2026-07-03 05:12:46,2026-07-03 06:19:46,2026-07-03 10:53:46,Routine,49.009,,N,0,2026-07-03 10:58:46
LAB00164765,,MRN43529536,DR00195,H003-D07,H003,5811-5,2026-07-04 16:12:46,2026-07-04 16:30:46,2026-07-04 17:10:46,Routine,105.816,,HH,0,2026-07-04 17:15:46
LAB00164766,,MRN27483313,DR00174,H002-D08,H002,630-4,2025-08-01 20:37:59,2025-08-01 21:22:59,2025-08-02 00:09:59,STAT,,,H,0,2025-08-02 00:14:59
LAB00164767,,MRN86448592,DR00027,H003-D07,H003,2075-0,2026-07-06 08:56:21,2026-07-06 10:02:21,2026-07-06 10:42:21,Routine,87.123,,H,0,2026-07-06 10:47:21
LAB00164768,,MRN86448592,DR00023,H003-D02,H003,777-3,2026-07-05 22:56:21,2026-07-06 00:24:21,2026-07-06 04:26:21,Routine,97.192,,HH,0,2026-07-06 04:31:21
LAB00164769,,MRN86448592,DR00198,H001-D10,H001,2160-0,2026-07-05 22:56:21,2026-07-05 23:12:21,2026-07-06 02:02:21,Routine,13.395,,HH,0,2026-07-06 02:07:21
LAB00164770,,MRN68407022,DR00232,H001-D03,H001,30934-4,2026-07-09 17:25:49,2026-07-09 18:21:49,2026-07-09 19:48:49,Routine,41.176,,L,0,2026-07-09 19:53:49
LAB00164771,,MRN68407022,DR00099,H003-D03,H003,3094-0,2026-07-08 13:25:49,2026-07-08 13:37:49,2026-07-08 16:25:49,Routine,142.468,,N,0,2026-07-08 16:30:49
LAB00164772,,MRN68407022,DR00129,H001-D01,H001,2160-0,2026-07-09 14:25:49,2026-07-09 15:00:49,2026-07-09 16:54:49,Routine,4.528,,N,0,2026-07-09 16:59:49
LAB00164773,,MRN72777033,DR00152,H001-D08,H001,2951-2,2026-07-25 22:32:51,2026-07-25 23:57:51,2026-07-26 02:41:51,Routine,118.652,,HH,0,2026-07-26 02:46:51
LAB00164774,,MRN57504616,DR00190,H001-D02,H001,1742-6,2026-07-14 15:16:45,2026-07-14 16:10:45,2026-07-14 16:45:45,Routine,155.097,,L,0,2026-07-14 16:50:45
LAB00164775,,MRN78750841,DR00016,H002-D02,H002,30934-4,2026-07-10 07:42:56,2026-07-10 08:38:56,2026-07-10 09:52:56,Routine,76.949,,H,0,2026-07-10 09:57:56
LAB00164776,,MRN78750841,DR00044,H004-D10,H004,4548-4,2026-07-10 09:42:56,2026-07-10 10:07:56,2026-07-10 12:27:56,STAT,176.917,,HH,0,2026-07-10 12:32:56
LAB00164777,,MRN78750841,DR00054,H002-D08,H002,718-7,2026-07-11 01:42:56,2026-07-11 02:31:56,2026-07-11 03:32:56,Routine,65.507,,N,0,2026-07-11 03:37:56
LAB00164778,,MRN75934821,DR00013,H001-D03,H001,10839-9,2026-08-05 18:28:22,2026-08-05 19:09:22,2026-08-05 23:38:22,Routine,60.146,,N,0,2026-08-05 23:43:22
LAB00164779,,MRN75934821,DR00020,H003-D07,H003,2823-3,2026-08-04 12:28:22,2026-08-04 12:44:22,2026-08-04 14:48:22,Routine,129.032,,L,0,2026-08-04 14:53:22
LAB00164780,,MRN75934821,DR00140,H001-D06,H001,777-3,2026-08-04 14:28:22,2026-08-04 15:28:22,2026-08-04 17:37:22,Routine,76.862,,H,0,2026-08-04 17:42:22
LAB00164781,,MRN34852977,DR00236,H003-D07,H003,2093-3,2026-08-29 08:39:26,2026-08-29 09:44:26,2026-08-29 11:05:26,Routine,188.432,,N,0,2026-08-29 11:10:26
LAB00164782,,MRN76925865,DR00198,H001-D03,H001,1988-5,2026-09-02 05:59:51,2026-09-02 06:28:51,2026-09-02 08:35:51,Routine,101.808,,H,0,2026-09-02 08:40:51
LAB00164783,,MRN57319057,DR00140,H001-D10,H001,1920-8,2026-08-12 06:51:53,2026-08-12 07:39:53,2026-08-12 11:14:53,Routine,159.753,,H,0,2026-08-12 11:19:53
LAB00164784,,MRN57319057,DR00075,H003-D05,H003,2160-0,2026-08-13 06:51:53,2026-08-13 07:35:53,2026-08-13 08:18:53,Routine,138.899,,H,0,2026-08-13 08:23:53
LAB00164785,,MRN74668390,DR00122,H003-D05,H003,1920-8,2026-08-27 20:12:00,2026-08-27 21:07:00,2026-08-28 00:04:00,Routine,9.947,,L,0,2026-08-28 00:09:00
LAB00164786,,MRN74668390,DR00056,H001-D09,H001,3016-3,2026-08-27 13:12:00,2026-08-27 14:15:00,2026-08-27 16:23:00,Routine,7.647,,L,0,2026-08-27 16:28:00
LAB00164787,,MRN74668390,DR00167,H001-D01,H001,6690-2,2026-08-26 13:12:00,2026-08-26 13:49:00,2026-08-26 16:04:00,Routine,45.049,,L,0,2026-08-26 16:09:00
LAB00164788,,MRN87732529,DR00145,H001-D06,H001,630-4,2026-07-12 04:00:18,2026-07-12 04:06:18,2026-07-12 04:43:18,Routine,,,HH,0,2026-07-12 04:48:18
LAB00164789,,MRN87732529,DR00049,H002-D10,H002,600-7,2026-07-13 01:00:18,2026-07-13 01:21:18,2026-07-13 05:53:18,Routine,,,L,0,2026-07-13 05:58:18
LAB00164790,,MRN87732529,DR00205,H002-D01,H002,630-4,2026-07-12 00:00:18,2026-07-12 00:34:18,2026-07-12 02:38:18,Routine,,,N,0,2026-07-12 02:43:18
LAB00164791,,MRN12282109,DR00172,H004-D03,H004,777-3,2026-08-01 03:02:23,2026-08-01 03:53:23,2026-08-01 07:00:23,Routine,146.549,,HH,0,2026-08-01 07:05:23
LAB00164792,,MRN12282109,DR00074,H002-D04,H002,4544-3,2026-07-30 23:02:23,2026-07-30 23:37:23,2026-07-31 02:47:23,STAT,15.563,,L,0,2026-07-31 02:52:23
LAB00164793,,MRN34039102,DR00217,H001-D03,H001,1988-5,2025-12-12 03:02:25,2025-12-12 03:53:25,2025-12-12 05:14:25,Routine,199.55,,L,0,2025-12-12 05:19:25
LAB00164794,,MRN34039102,DR00066,H003-D03,H003,777-3,2025-12-13 04:02:25,2025-12-13 04:56:25,2025-12-13 09:10:25,Routine,108.964,,HH,0,2025-12-13 09:15:25
LAB00164795,,MRN69757637,DR00033,H001-D10,H001,6690-2,2025-06-01 21:22:08,2025-06-01 21:33:08,2025-06-02 00:30:08,Routine,194.621,,HH,0,2025-06-02 00:35:08
LAB00164796,,MRN69757637,DR00095,H001-D06,H001,718-7,2025-06-02 21:22:08,2025-06-02 21:46:08,2025-06-03 02:33:08,Routine,62.337,,H,0,2025-06-03 02:38:08
LAB00164797,,MRN69757637,DR00037,H002-D05,H002,2093-3,2025-06-02 22:22:08,2025-06-02 22:47:08,2025-06-02 23:48:08,Routine,189.962,,HH,0,2025-06-02 23:53:08
LAB00164798,,MRN78991666,DR00188,H001-D01,H001,5902-2,2026-08-09 02:58:15,2026-08-09 03:19:15,2026-08-09 04:41:15,Routine,86.35,,N,0,2026-08-09 04:46:15
LAB00164799,,MRN78991666,DR00226,H003-D06,H003,2951-2,2026-08-08 21:58:15,2026-08-08 22:56:15,2026-08-09 00:04:15,Routine,4.784,,HH,0,2026-08-09 00:09:15
LAB00164800,,MRN57809173,DR00061,H003-D03,H003,1975-2,2026-07-15 09:05:20,2026-07-15 09:47:20,2026-07-15 14:19:20,Routine,133.573,,N,0,2026-07-15 14:24:20
LAB00164801,,MRN57809173,DR00212,H002-D01,H002,2093-3,2026-07-17 02:05:20,2026-07-17 02:36:20,2026-07-17 07:09:20,Routine,28.203,,N,0,2026-07-17 07:14:20
LAB00164802,,MRN57809173,DR00047,H003-D05,H003,30934-4,2026-07-15 03:05:20,2026-07-15 04:25:20,2026-07-15 04:56:20,Routine,124.317,,N,0,2026-07-15 05:01:20
LAB00164803,,MRN28742474,DR00086,H004-D03,H004,30934-4,2026-07-11 14:53:03,2026-07-11 15:12:03,2026-07-11 16:03:03,Routine,16.582,,H,0,2026-07-11 16:08:03
LAB00164804,,MRN49765152,DR00210,H002-D09,H002,600-7,2026-07-27 00:25:09,2026-07-27 01:00:09,2026-07-27 04:04:09,Routine,,,H,0,2026-07-27 04:09:09
LAB00164805,,MRN64056065,DR00227,H004-D03,H004,2160-0,2026-08-22 15:09:01,2026-08-22 15:54:01,2026-08-22 16:32:01,STAT,39.097,,L,0,2026-08-22 16:37:01
LAB00164806,,MRN67023329,DR00029,H001-D02,H001,718-7,2026-08-05 10:49:35,2026-08-05 11:25:35,2026-08-05 14:35:35,Routine,86.234,,L,0,2026-08-05 14:40:35
LAB00164807,,MRN67023329,DR00191,H002-D04,H002,2160-0,2026-08-05 20:49:35,2026-08-05 21:27:35,2026-08-06 01:56:35,Routine,160.808,,N,0,2026-08-06 02:01:35
LAB00164808,,MRN54978139,DR00086,H003-D02,H003,2951-2,2026-08-17 15:44:14,2026-08-17 15:58:14,2026-08-17 18:20:14,Routine,148.637,,L,0,2026-08-17 18:25:14
LAB00164809,,MRN54978139,DR00199,H004-D03,H004,2823-3,2026-08-18 12:44:14,2026-08-18 13:49:14,2026-08-18 15:48:14,Routine,153.256,,N,0,2026-08-18 15:53:14
LAB00164810,,MRN76832714,DR00065,H003-D04,H003,5811-5,2026-08-04 07:49:16,2026-08-04 09:17:16,2026-08-04 12:27:16,STAT,98.068,,H,0,2026-08-04 12:32:16
LAB00164811,,MRN69372672,DR00078,H002-D09,H002,2345-7,2026-08-26 23:26:50,2026-08-27 00:33:50,2026-08-27 04:26:50,Routine,174.734,,H,0,2026-08-27 04:31:50
LAB00164812,,MRN69372672,DR00031,H002-D08,H002,30934-4,2026-08-26 07:26:50,2026-08-26 08:50:50,2026-08-26 09:12:50,Routine,6.747,,HH,0,2026-08-26 09:17:50
LAB00164813,,MRN14054044,DR00109,H003-D06,H003,4548-4,2026-07-22 06:28:37,2026-07-22 07:31:37,2026-07-22 09:35:37,Routine,168.765,,N,0,2026-07-22 09:40:37
LAB00164814,,MRN14054044,DR00138,H001-D02,H001,88888-8,2026-07-22 10:28:37,2026-07-22 10:36:37,2026-07-22 14:18:37,Routine,32.62,,L,0,2026-07-22 14:23:37
LAB00164815,,MRN13836263,DR00226,H003-D05,H003,1975-2,2026-07-16 00:30:20,2026-07-16 01:26:20,2026-07-16 06:25:20,Routine,51.427,,HH,0,2026-07-16 06:30:20
LAB00164816,,MRN13836263,DR00023,H001-D09,H001,777-3,2026-07-16 01:30:20,2026-07-16 01:44:20,2026-07-16 03:57:20,Routine,83.164,,H,0,2026-07-16 04:02:20
LAB00164817,,MRN46214996,DR00196,H001-D01,H001,1988-5,2026-08-30 03:26:14,2026-08-30 04:06:14,2026-08-30 07:11:14,Routine,127.387,,L,0,2026-08-30 07:16:14
LAB00164818,,MRN78435097,DR00129,H001-D01,H001,4544-3,2026-07-07 18:35:40,2026-07-07 19:33:40,2026-07-07 23:07:40,Routine,159.253,,H,0,2026-07-07 23:12:40
LAB00164819,,MRN33562107,DR00105,H002-D06,H002,5902-2,2026-08-13 04:45:51,2026-08-13 05:24:51,2026-08-13 10:05:51,Routine,13.354,,HH,0,2026-08-13 10:10:51
LAB00164820,,MRN33562107,DR00103,H002-D03,H002,6690-2,2026-08-13 21:45:51,2026-08-13 23:04:51,2026-08-14 03:55:51,Routine,181.575,,H,0,2026-08-14 04:00:51
LAB00164821,,MRN33562107,DR00155,H003-D03,H003,6690-2,2026-08-14 06:45:51,2026-08-14 07:00:51,2026-08-14 08:00:51,Routine,93.674,,L,0,2026-08-14 08:05:51
LAB00164822,,MRN63759110,DR00213,H002-D05,H002,6690-2,2026-08-11 00:30:49,2026-08-11 01:28:49,2026-08-11 05:54:49,STAT,96.521,,HH,0,2026-08-11 05:59:49
LAB00164823,,MRN63759110,DR00049,H003-D02,H003,4548-4,2026-08-11 10:30:49,2026-08-11 11:40:49,2026-08-11 15:53:49,Routine,69.836,,HH,0,2026-08-11 15:58:49
LAB00164824,,MRN63759110,DR00014,H002-D03,H002,1975-2,2026-08-10 16:30:49,2026-08-10 16:38:49,2026-08-10 19:59:49,Routine,60.852,,N,0,2026-08-10 20:04:49
LAB00164825,,MRN55591456,DR00198,H001-D07,H001,2093-3,2026-07-31 22:12:34,2026-07-31 23:01:34,2026-08-01 01:31:34,Routine,161.45,,L,0,2026-08-01 01:36:34
LAB00164826,,MRN55591456,DR00174,H002-D10,H002,10839-9,2026-07-31 05:12:34,2026-07-31 05:25:34,2026-07-31 06:22:34,Routine,121.041,,N,0,2026-07-31 06:27:34
LAB00164827,,MRN95254862,DR00167,H003-D04,H003,2823-3,2026-07-15 20:08:02,2026-07-15 20:54:02,2026-07-15 22:59:02,STAT,44.946,,H,0,2026-07-15 23:04:02
LAB00164828,,MRN95254862,DR00063,H003-D02,H003,6301-6,2026-07-15 23:08:02,2026-07-15 23:36:02,2026-07-16 02:00:02,Routine,69.758,,H,0,2026-07-16 02:05:02
LAB00164829,,MRN30398210,DR00091,H003-D03,H003,1975-2,2026-07-06 17:52:08,2026-07-06 19:07:08,2026-07-06 22:48:08,Routine,7.183,,L,0,2026-07-06 22:53:08
LAB00164830,,MRN30398210,DR00124,H003-D09,H003,10839-9,2026-07-06 19:52:08,2026-07-06 20:17:08,2026-07-06 22:07:08,STAT,110.523,,HH,0,2026-07-06 22:12:08
LAB00164831,,MRN30398210,DR00127,H003-D05,H003,4544-3,2026-07-06 11:52:08,2026-07-06 12:52:08,2026-07-06 13:19:08,Routine,24.649,,HH,0,2026-07-06 13:24:08
LAB00164832,,MRN31074825,DR00089,H003-D05,H003,630-4,2026-09-01 04:06:59,2026-09-01 05:00:59,2026-09-01 09:09:59,STAT,,,N,0,2026-09-01 09:14:59
LAB00164833,,MRN31074825,DR00109,H002-D06,H002,3094-0,2026-08-31 23:06:59,2026-08-31 23:59:59,2026-09-01 04:10:59,Routine,155.529,,N,0,2026-09-01 04:15:59
LAB00164834,,MRN31074825,DR00093,H003-D05,H003,1988-5,2026-09-01 19:06:59,2026-09-01 19:17:59,2026-09-01 21:25:59,Routine,152.312,,L,0,2026-09-01 21:30:59
LAB00164835,,MRN93076031,DR00068,H003-D06,H003,4548-4,2026-07-30 15:19:26,2026-07-30 15:51:26,2026-07-30 17:11:26,STAT,31.133,,H,0,2026-07-30 17:16:26
LAB00164836,,MRN93076031,DR00135,H001-D07,H001,2085-9,2026-07-29 15:19:26,2026-07-29 16:10:26,2026-07-29 16:54:26,Routine,153.532,,L,0,2026-07-29 16:59:26
LAB00164837,,MRN93076031,DR00228,H001-D09,H001,1975-2,2026-07-30 00:19:26,2026-07-30 01:05:26,2026-07-30 01:57:26,Routine,142.585,,N,0,2026-07-30 02:02:26
LAB00164838,,MRN87298203,DR00149,H002-D07,H002,30934-4,2026-08-07 09:07:11,2026-08-07 09:23:11,2026-08-07 10:57:11,Routine,42.683,,L,0,2026-08-07 11:02:11
LAB00164839,,MRN87298203,DR00158,H003-D10,H003,5811-5,2026-08-07 23:07:11,2026-08-08 00:25:11,2026-08-08 01:47:11,Routine,67.573,,HH,0,2026-08-08 01:52:11
LAB00164840,,MRN87298203,DR00008,H002-D01,H002,5902-2,2026-08-06 13:07:11,2026-08-06 14:13:11,2026-08-06 17:27:11,Routine,188.596,,H,0,2026-08-06 17:32:11
LAB00164841,,MRN31486609,DR00196,H001-D04,H001,1920-8,2026-07-04 11:35:56,2026-07-04 11:48:56,2026-07-04 12:11:56,Routine,118.116,,L,0,2026-07-04 12:16:56
LAB00164842,,MRN61826771,DR00121,H001-D07,H001,3016-3,2026-07-04 20:52:10,2026-07-04 21:06:10,2026-07-05 00:47:10,Routine,97.872,,N,0,2026-07-05 00:52:10
LAB00164843,,MRN65919804,DR00058,H002-D10,H002,1988-5,2026-08-31 04:40:07,2026-08-31 05:17:07,2026-08-31 08:54:07,STAT,12.357,,N,0,2026-08-31 08:59:07
LAB00164844,,MRN65919804,DR00194,H002-D01,H002,1920-8,2026-08-30 06:40:07,2026-08-30 07:20:07,2026-08-30 08:38:07,Routine,136.742,,HH,0,2026-08-30 08:43:07
LAB00164845,,MRN65919804,DR00015,H002-D09,H002,718-7,2026-08-31 21:40:07,2026-08-31 22:22:07,2026-09-01 01:11:07,Routine,162.038,,L,0,2026-09-01 01:16:07
LAB00164846,,MRN79628951,DR00061,H003-D07,H003,2085-9,2026-08-05 11:45:06,2026-08-05 12:56:06,2026-08-05 15:58:06,STAT,120.539,,HH,0,2026-08-05 16:03:06
LAB00164847,,MRN79628951,DR00105,H003-D02,H003,4544-3,2026-08-05 15:45:06,2026-08-05 16:27:06,2026-08-05 21:10:06,Routine,137.27,,H,0,2026-08-05 21:15:06
LAB00164848,,MRN79628951,DR00175,H004-D03,H004,2345-7,2026-08-04 13:45:06,2026-08-04 14:38:06,2026-08-04 17:31:06,Routine,12.559,,N,0,2026-08-04 17:36:06
LAB00164849,,MRN65319838,DR00019,H003-D03,H003,3094-0,2026-07-27 14:21:00,2026-07-27 15:06:00,2026-07-27 17:20:00,Routine,15.067,,HH,0,2026-07-27 17:25:00
LAB00164850,,MRN65319838,DR00015,H002-D08,H002,2093-3,2026-07-27 03:21:00,2026-07-27 03:50:00,2026-07-27 07:11:00,Routine,8.123,,N,0,2026-07-27 07:16:00
LAB00164851,,MRN60405347,DR00067,H003-D06,H003,1988-5,2026-07-13 13:06:58,2026-07-13 13:42:58,2026-07-13 16:23:58,Routine,110.543,,N,0,2026-07-13 16:28:58
LAB00164852,,MRN65603103,DR00222,H004-D10,H004,777-3,2026-07-09 17:43:58,2026-07-09 18:08:58,2026-07-09 21:58:58,Routine,191.82,,HH,0,2026-07-09 22:03:58
LAB00164853,,MRN65603103,DR00013,H001-D10,H001,718-7,2026-07-09 06:43:58,2026-07-09 07:45:58,2026-07-09 12:20:58,Routine,82.974,,H,0,2026-07-09 12:25:58
LAB00164854,,MRN65603103,DR00186,H002-D06,H002,3016-3,2026-07-09 18:43:58,2026-07-09 19:03:58,2026-07-09 22:06:58,Routine,133.774,,HH,0,2026-07-09 22:11:58
LAB00164855,,MRN15553905,DR00062,H003-D08,H003,5902-2,2026-08-06 10:52:18,2026-08-06 11:42:18,2026-08-06 16:31:18,Routine,149.449,,H,0,2026-08-06 16:36:18
LAB00164856,,MRN15553905,DR00020,H003-D01,H003,88888-8,2026-08-06 03:52:18,2026-08-06 05:10:18,2026-08-06 07:44:18,Routine,145.654,,L,0,2026-08-06 07:49:18
LAB00164857,,MRN15553905,DR00238,H002-D08,H002,3094-0,2026-08-06 04:52:18,2026-08-06 05:44:18,2026-08-06 08:57:18,Routine,11.74,,HH,0,2026-08-06 09:02:18
LAB00164858,,MRN49744408,DR00120,H003-D06,H003,6301-6,2026-07-18 18:38:05,2026-07-18 18:43:05,2026-07-18 20:58:05,Routine,65.278,,H,0,2026-07-18 21:03:05
LAB00164859,,MRN85194049,DR00173,H001-D03,H001,2345-7,2026-07-11 11:09:33,2026-07-11 11:53:33,2026-07-11 16:45:33,STAT,172.926,,H,0,2026-07-11 16:50:33
LAB00164860,,MRN10305274,DR00005,H002-D07,H002,600-7,2026-08-27 13:46:38,2026-08-27 15:13:38,2026-08-27 18:13:38,Routine,,,H,0,2026-08-27 18:18:38
LAB00164861,,MRN23468222,DR00114,H003-D03,H003,1988-5,2026-07-31 11:38:03,2026-07-31 12:10:03,2026-07-31 16:16:03,STAT,178.962,,HH,0,2026-07-31 16:21:03
LAB00164862,,MRN49234851,DR00009,H004-D10,H004,1975-2,2026-08-26 11:23:52,2026-08-26 11:50:52,2026-08-26 13:35:52,Routine,114.197,,L,0,2026-08-26 13:40:52
LAB00164863,,MRN19986136,DR00077,H002-D04,H002,1742-6,2026-08-01 11:03:16,2026-08-01 11:23:16,2026-08-01 12:01:16,Routine,13.379,,HH,0,2026-08-01 12:06:16
LAB00164864,,MRN61756758,DR00169,H002-D07,H002,1988-5,2026-08-03 07:10:20,2026-08-03 07:25:20,2026-08-03 09:17:20,Routine,34.148,,N,0,2026-08-03 09:22:20
LAB00164865,,MRN61756758,DR00237,H002-D05,H002,2085-9,2026-08-03 14:10:20,2026-08-03 15:16:20,2026-08-03 19:10:20,Routine,29.378,,H,0,2026-08-03 19:15:20
LAB00164866,,MRN71838112,DR00205,H001-D10,H001,30934-4,2026-08-27 18:18:27,2026-08-27 18:45:27,2026-08-27 22:10:27,Routine,94.102,,N,0,2026-08-27 22:15:27
LAB00164867,,MRN71838112,DR00185,H003-D04,H003,4544-3,2026-08-28 12:18:27,2026-08-28 12:49:27,2026-08-28 13:47:27,Routine,120.839,,H,0,2026-08-28 13:52:27
LAB00164868,,MRN71838112,DR00193,H001-D01,H001,630-4,2026-08-28 07:18:27,2026-08-28 08:22:27,2026-08-28 09:23:27,Routine,,,L,0,2026-08-28 09:28:27
LAB00164869,,MRN53244270,DR00002,H003-D08,H003,3094-0,2026-07-05 11:34:21,2026-07-05 12:35:21,2026-07-05 15:47:21,Routine,52.762,,L,0,2026-07-05 15:52:21
LAB00164870,,MRN53244270,DR00141,H002-D08,H002,6690-2,2026-07-06 05:34:21,2026-07-06 05:52:21,2026-07-06 09:22:21,Routine,102.476,,H,0,2026-07-06 09:27:21
LAB00164871,,MRN89097756,DR00104,H001-D07,H001,630-4,2026-08-09 13:34:23,2026-08-09 13:51:23,2026-08-09 15:21:23,Routine,,,HH,0,2026-08-09 15:26:23
LAB00164872,,MRN30099192,DR00148,H002-D05,H002,1920-8,2026-07-24 18:34:46,2026-07-24 20:01:46,2026-07-25 00:17:46,Routine,181.335,,H,0,2026-07-25 00:22:46
LAB00164873,,MRN30099192,DR00041,H002-D08,H002,777-3,2026-07-24 11:34:46,2026-07-24 12:39:46,2026-07-24 13:59:46,Routine,50.84,,HH,0,2026-07-24 14:04:46
LAB00164874,,MRN30099192,DR00052,H001-D03,H001,2160-0,2026-07-25 08:34:46,2026-07-25 09:43:46,2026-07-25 13:01:46,Routine,132.029,,L,0,2026-07-25 13:06:46
LAB00164875,,MRN40487324,DR00090,H002-D04,H002,2075-0,2026-08-11 00:07:21,2026-08-11 00:56:21,2026-08-11 05:46:21,Routine,154.878,,N,0,2026-08-11 05:51:21
LAB00164876,,MRN40487324,DR00103,H002-D07,H002,2951-2,2026-08-11 14:07:21,2026-08-11 14:23:21,2026-08-11 16:47:21,STAT,123.267,,L,0,2026-08-11 16:52:21
LAB00164877,,MRN40487324,DR00213,H004-D10,H004,1975-2,2026-08-12 07:07:21,2026-08-12 07:20:21,2026-08-12 10:52:21,Routine,79.357,,H,0,2026-08-12 10:57:21
LAB00164878,,MRN35117558,DR00108,H003-D10,H003,4544-3,2026-07-24 00:27:51,2026-07-24 01:39:51,2026-07-24 02:23:51,Routine,199.102,,HH,0,2026-07-24 02:28:51
LAB00164879,,MRN67604523,DR00055,H002-D07,H002,5811-5,2026-08-25 23:46:20,2026-08-26 00:09:20,2026-08-26 02:27:20,Routine,27.616,,L,0,2026-08-26 02:32:20
LAB00164880,,MRN37373783,DR00181,H001-D07,H001,3016-3,2026-07-13 10:09:56,2026-07-13 10:42:56,2026-07-13 14:15:56,Routine,114.352,,N,0,2026-07-13 14:20:56
LAB00164881,,MRN76992125,DR00010,H003-D09,H003,1742-6,2026-07-10 11:25:03,2026-07-10 12:39:03,2026-07-10 16:58:03,Routine,186.261,,N,0,2026-07-10 17:03:03
LAB00164882,,MRN77746852,DR00101,H001-D05,H001,3016-3,2026-08-14 19:20:07,2026-08-14 20:28:07,2026-08-14 22:31:07,Routine,193.348,,L,0,2026-08-14 22:36:07
LAB00164883,,MRN76447568,DR00068,H003-D09,H003,4544-3,2026-08-06 02:44:03,2026-08-06 02:49:03,2026-08-06 03:48:03,Routine,184.526,,H,0,2026-08-06 03:53:03
LAB00164884,,MRN76447568,DR00121,H002-D03,H002,6301-6,2026-08-04 11:44:03,2026-08-04 12:31:03,2026-08-04 16:10:03,Routine,75.647,,HH,0,2026-08-04 16:15:03
LAB00164885,,MRN22840095,DR00197,H003-D08,H003,2075-0,2026-07-22 07:46:21,2026-07-22 09:04:21,2026-07-22 09:46:21,STAT,50.251,,HH,0,2026-07-22 09:51:21
LAB00164886,,MRN22840095,DR00176,H002-D02,H002,600-7,2026-07-22 12:46:21,2026-07-22 13:33:21,2026-07-22 15:36:21,Routine,,,H,0,2026-07-22 15:41:21
LAB00164887,,MRN72193521,DR00175,H002-D06,H002,1975-2,2026-07-18 15:04:39,2026-07-18 15:12:39,2026-07-18 17:02:39,STAT,41.406,,L,0,2026-07-18 17:07:39
LAB00164888,,MRN29445950,DR00048,H002-D05,H002,2085-9,2026-07-31 14:05:01,2026-07-31 15:22:01,2026-07-31 17:57:01,Routine,120.69,,H,0,2026-07-31 18:02:01
LAB00164889,,MRN29445950,DR00232,H001-D01,H001,1920-8,2026-08-01 07:05:01,2026-08-01 07:10:01,2026-08-01 09:14:01,STAT,138.977,,H,0,2026-08-01 09:19:01
LAB00164890,,MRN26897756,DR00084,H003-D02,H003,2823-3,2026-08-10 11:24:32,2026-08-10 11:58:32,2026-08-10 14:07:32,STAT,121.632,,L,0,2026-08-10 14:12:32
LAB00164891,,MRN46310084,DR00164,H001-D01,H001,2823-3,2026-07-17 16:36:23,2026-07-17 17:58:23,2026-07-17 21:15:23,STAT,25.692,,N,0,2026-07-17 21:20:23
LAB00164892,,MRN46310084,DR00105,H002-D01,H002,10839-9,2026-07-16 20:36:23,2026-07-16 22:01:23,2026-07-17 02:47:23,Routine,60.472,,HH,0,2026-07-17 02:52:23
LAB00164893,,MRN46310084,DR00212,H001-D05,H001,2075-0,2026-07-16 22:36:23,2026-07-16 23:07:23,2026-07-17 01:22:23,Routine,62.62,,N,0,2026-07-17 01:27:23
LAB00164894,,MRN42123922,DR00154,H002-D09,H002,1988-5,2026-07-18 20:31:51,2026-07-18 21:21:51,2026-07-19 00:41:51,Routine,35.239,,H,0,2026-07-19 00:46:51
LAB00164895,,MRN42123922,DR00119,H003-D06,H003,600-7,2026-07-19 22:31:51,2026-07-19 23:15:51,2026-07-20 02:13:51,Routine,,,L,0,2026-07-20 02:18:51
LAB00164896,,MRN42123922,DR00126,H002-D09,H002,5811-5,2026-07-18 23:31:51,2026-07-18 23:36:51,2026-07-19 03:35:51,Routine,8.251,,H,0,2026-07-19 03:40:51
LAB00164897,,MRN74560753,DR00140,H004-D03,H004,1742-6,2026-08-01 23:26:50,2026-08-01 23:33:50,2026-08-02 02:12:50,Routine,120.383,,H,0,2026-08-02 02:17:50
LAB00164898,,MRN74560753,DR00129,H001-D09,H001,4548-4,2026-08-01 08:26:50,2026-08-01 08:55:50,2026-08-01 13:29:50,Routine,177.456,,H,0,2026-08-01 13:34:50
LAB00164899,,MRN53904149,DR00038,H002-D05,H002,5902-2,2026-08-26 21:16:55,2026-08-26 22:31:55,2026-08-27 01:43:55,Routine,161.568,,L,0,2026-08-27 01:48:55
LAB00164900,,MRN54469687,DR00210,H003-D02,H003,1742-6,2026-07-31 11:30:29,2026-07-31 12:25:29,2026-07-31 16:15:29,Routine,71.429,,HH,0,2026-07-31 16:20:29
LAB00164901,,MRN54469687,DR00213,H001-D10,H001,5811-5,2026-07-30 19:30:29,2026-07-30 19:54:29,2026-07-30 20:23:29,STAT,167.352,,L,0,2026-07-30 20:28:29
LAB00164902,,MRN60234220,DR00061,H001-D08,H001,2345-7,2026-08-17 05:14:22,2026-08-17 06:32:22,2026-08-17 08:32:22,STAT,35.567,,HH,0,2026-08-17 08:37:22
LAB00164903,,MRN60234220,DR00073,H004-D10,H004,3016-3,2026-08-16 18:14:22,2026-08-16 19:17:22,2026-08-16 22:38:22,Routine,130.875,,H,0,2026-08-16 22:43:22
LAB00164904,,MRN51857817,DR00098,H003-D02,H003,2075-0,2026-08-01 18:55:11,2026-08-01 20:03:11,2026-08-02 00:54:11,Routine,166.224,,L,0,2026-08-02 00:59:11
LAB00164905,,MRN51857817,DR00124,H001-D07,H001,630-4,2026-08-02 04:55:11,2026-08-02 05:16:11,2026-08-02 07:41:11,Routine,,,HH,0,2026-08-02 07:46:11
LAB00164906,,MRN24428849,DR00146,H001-D09,H001,1742-6,2026-08-30 22:52:08,2026-08-31 00:09:08,2026-08-31 01:00:08,Routine,51.697,,H,0,2026-08-31 01:05:08
LAB00164907,,MRN28602810,DR00014,H004-D10,H004,1975-2,2026-08-11 04:01:16,2026-08-11 05:13:16,2026-08-11 09:35:16,Routine,31.407,,H,0,2026-08-11 09:40:16
LAB00164908,,MRN28602810,DR00063,H004-D03,H004,6690-2,2026-08-11 12:01:16,2026-08-11 12:33:16,2026-08-11 14:49:16,Routine,8.942,,L,0,2026-08-11 14:54:16
LAB00164909,,MRN83615718,DR00022,H003-D06,H003,1975-2,2026-05-07 01:08:12,2026-05-07 02:12:12,2026-05-07 03:46:12,Routine,84.0,,H,0,2026-05-07 03:51:12
LAB00164910,,MRN83615718,DR00167,H002-D01,H002,1742-6,2026-05-05 13:08:12,2026-05-05 13:52:12,2026-05-05 17:02:12,Routine,157.528,,N,0,2026-05-05 17:07:12
LAB00164911,,MRN82287441,DR00139,H001-D08,H001,1742-6,2026-08-18 12:08:47,2026-08-18 12:36:47,2026-08-18 14:35:47,Routine,9.611,,N,0,2026-08-18 14:40:47
LAB00164912,,MRN82287441,DR00173,H002-D10,H002,2951-2,2026-08-17 23:08:47,2026-08-18 00:29:47,2026-08-18 01:08:47,Routine,128.772,,HH,0,2026-08-18 01:13:47
LAB00164913,,MRN47098518,DR00100,H001-D01,H001,630-4,2026-08-29 20:56:09,2026-08-29 22:14:09,2026-08-30 01:13:09,Routine,,,H,0,2026-08-30 01:18:09
LAB00164914,,MRN59726235,DR00044,H001-D05,H001,2823-3,2026-07-18 07:07:40,2026-07-18 07:59:40,2026-07-18 12:32:40,Routine,131.975,,HH,0,2026-07-18 12:37:40
LAB00164915,,MRN70179738,DR00020,H001-D02,H001,777-3,2026-08-27 23:15:49,2026-08-28 00:26:49,2026-08-28 01:50:49,Routine,81.845,,HH,0,2026-08-28 01:55:49
LAB00164916,,MRN82598762,DR00158,H001-D10,H001,2075-0,2026-08-08 18:07:38,2026-08-08 18:13:38,2026-08-08 20:19:38,Routine,14.198,,L,0,2026-08-08 20:24:38
LAB00164917,,MRN82598762,DR00163,H002-D07,H002,777-3,2026-08-08 08:07:38,2026-08-08 08:58:38,2026-08-08 12:44:38,STAT,4.491,,H,0,2026-08-08 12:49:38
LAB00164918,,MRN43708632,DR00113,H003-D06,H003,2951-2,2026-08-13 05:17:03,2026-08-13 05:22:03,2026-08-13 10:07:03,Routine,20.561,,L,0,2026-08-13 10:12:03
LAB00164919,,MRN43708632,DR00069,H002-D01,H002,630-4,2026-08-12 17:17:03,2026-08-12 18:43:03,2026-08-12 19:47:03,Routine,,,HH,0,2026-08-12 19:52:03
LAB00164920,,MRN43708632,DR00221,H001-D08,H001,3094-0,2026-08-11 16:17:03,2026-08-11 17:08:03,2026-08-11 18:34:03,Routine,58.284,,L,0,2026-08-11 18:39:03
LAB00164921,,MRN89458914,DR00191,H001-D08,H001,4544-3,2026-08-08 08:36:29,2026-08-08 08:45:29,2026-08-08 10:12:29,STAT,151.51,,N,0,2026-08-08 10:17:29
LAB00164922,,MRN89458914,DR00093,H001-D10,H001,4544-3,2026-08-07 17:36:29,2026-08-07 17:54:29,2026-08-07 21:29:29,Routine,100.505,,H,0,2026-08-07 21:34:29
LAB00164923,,MRN89458914,DR00026,H001-D03,H001,2160-0,2026-08-08 07:36:29,2026-08-08 08:34:29,2026-08-08 09:00:29,Routine,99.376,,H,0,2026-08-08 09:05:29
LAB00164924,,MRN90475011,DR00051,H002-D01,H002,6690-2,2026-08-13 09:39:51,2026-08-13 09:53:51,2026-08-13 14:02:51,Routine,5.831,,HH,0,2026-08-13 14:07:51
LAB00164925,,MRN90475011,DR00034,H002-D01,H002,2823-3,2026-08-14 14:39:51,2026-08-14 15:35:51,2026-08-14 17:18:51,Routine,20.894,,L,0,2026-08-14 17:23:51
LAB00164926,,MRN16645685,DR00086,H003-D05,H003,1988-5,2026-01-09 23:24:58,2026-01-09 23:42:58,2026-01-10 03:51:58,Routine,122.703,,HH,0,2026-01-10 03:56:58
LAB00164927,,MRN16645685,DR00135,H003-D04,H003,3094-0,2026-01-09 04:24:58,2026-01-09 05:19:58,2026-01-09 09:42:58,Routine,148.762,,H,0,2026-01-09 09:47:58
LAB00164928,,MRN64601842,DR00230,H003-D10,H003,2093-3,2026-07-10 19:13:25,2026-07-10 19:38:25,2026-07-10 21:39:25,Routine,62.758,,HH,0,2026-07-10 21:44:25
LAB00164929,,MRN64601842,DR00053,H003-D05,H003,4548-4,2026-07-10 11:13:25,2026-07-10 12:05:25,2026-07-10 14:09:25,Routine,83.508,,N,0,2026-07-10 14:14:25
LAB00164930,,MRN82776804,DR00063,H003-D06,H003,2075-0,2026-08-14 13:05:22,2026-08-14 14:21:22,2026-08-14 15:36:22,STAT,51.266,,H,0,2026-08-14 15:41:22
LAB00164931,,MRN92351220,DR00118,H002-D09,H002,6690-2,2026-07-21 07:32:54,2026-07-21 08:41:54,2026-07-21 11:54:54,Routine,171.249,,N,0,2026-07-21 11:59:54
LAB00164932,,MRN92351220,DR00197,H001-D01,H001,4548-4,2026-07-20 18:32:54,2026-07-20 19:27:54,2026-07-20 22:38:54,Routine,6.809,,N,0,2026-07-20 22:43:54
LAB00164933,,MRN92893221,DR00063,H003-D06,H003,2951-2,2026-07-27 00:12:57,2026-07-27 00:34:57,2026-07-27 02:26:57,STAT,21.687,,HH,0,2026-07-27 02:31:57
LAB00164934,,MRN67762145,DR00193,H001-D04,H001,3016-3,2026-08-19 16:04:35,2026-08-19 16:31:35,2026-08-19 21:29:35,Routine,147.546,,L,0,2026-08-19 21:34:35
LAB00164935,,MRN67762145,DR00093,H001-D01,H001,4544-3,2026-08-19 03:04:35,2026-08-19 03:56:35,2026-08-19 08:37:35,Routine,91.678,,H,0,2026-08-19 08:42:35
LAB00164936,,MRN52685684,DR00178,H002-D07,H002,630-4,2026-08-11 16:35:34,2026-08-11 17:05:34,2026-08-11 20:29:34,Routine,,,HH,0,2026-08-11 20:34:34
LAB00164937,,MRN52685684,DR00179,H002-D08,H002,2093-3,2026-08-12 07:35:34,2026-08-12 08:12:34,2026-08-12 10:15:34,STAT,60.321,,N,0,2026-08-12 10:20:34
LAB00164938,,MRN52685684,DR00196,H003-D03,H003,600-7,2026-08-12 20:35:34,2026-08-12 20:46:34,2026-08-12 23:30:34,Routine,,,HH,0,2026-08-12 23:35:34
LAB00164939,,MRN62340541,DR00185,H003-D09,H003,2345-7,2026-07-19 15:39:18,2026-07-19 15:59:18,2026-07-19 17:48:18,Routine,77.218,,H,0,2026-07-19 17:53:18
LAB00164940,,MRN62340541,DR00046,H002-D08,H002,2160-0,2026-07-18 08:39:18,2026-07-18 09:27:18,2026-07-18 11:26:18,Routine,109.981,,HH,0,2026-07-18 11:31:18
LAB00164941,,MRN62785624,DR00057,H001-D07,H001,2160-0,2026-08-28 17:21:34,2026-08-28 18:13:34,2026-08-28 21:51:34,STAT,79.495,,L,0,2026-08-28 21:56:34
LAB00164942,,MRN62785624,DR00198,H003-D07,H003,30934-4,2026-08-30 00:21:34,2026-08-30 01:43:34,2026-08-30 05:20:34,STAT,14.229,,HH,0,2026-08-30 05:25:34
LAB00164943,,MRN62785624,DR00130,H003-D04,H003,5902-2,2026-08-29 05:21:34,2026-08-29 05:54:34,2026-08-29 06:21:34,Routine,130.744,,N,0,2026-08-29 06:26:34
LAB00164944,,MRN95400431,DR00109,H003-D07,H003,30934-4,2026-07-26 18:40:40,2026-07-26 19:03:40,2026-07-26 21:42:40,STAT,112.128,,N,0,2026-07-26 21:47:40
LAB00164945,,MRN35305244,DR00178,H002-D03,H002,4548-4,2026-08-10 13:31:21,2026-08-10 14:53:21,2026-08-10 18:05:21,Routine,81.753,,H,0,2026-08-10 18:10:21
LAB00164946,,MRN35305244,DR00139,H003-D09,H003,4548-4,2026-08-09 09:31:21,2026-08-09 10:58:21,2026-08-09 14:05:21,STAT,132.354,,H,0,2026-08-09 14:10:21
LAB00164947,,MRN15609957,DR00165,H001-D04,H001,3016-3,2026-07-24 18:56:56,2026-07-24 19:19:56,2026-07-25 00:00:56,STAT,17.143,,L,0,2026-07-25 00:05:56
LAB00164948,,MRN15609957,DR00168,H001-D05,H001,2345-7,2026-07-25 00:56:56,2026-07-25 01:17:56,2026-07-25 02:28:56,Routine,65.181,,N,0,2026-07-25 02:33:56
LAB00164949,,MRN15609957,DR00038,H001-D07,H001,10839-9,2026-07-23 23:56:56,2026-07-24 00:06:56,2026-07-24 01:09:56,STAT,174.383,,HH,0,2026-07-24 01:14:56
LAB00164950,,MRN20215323,DR00059,H001-D07,H001,2160-0,2026-08-24 15:41:34,2026-08-24 16:39:34,2026-08-24 19:57:34,Routine,190.702,,HH,0,2026-08-24 20:02:34
LAB00164951,,MRN20215323,DR00132,H001-D06,H001,1975-2,2026-08-23 10:41:34,2026-08-23 12:05:34,2026-08-23 17:00:34,Routine,130.597,,HH,0,2026-08-23 17:05:34
LAB00164952,,MRN20215323,DR00150,H002-D07,H002,2085-9,2026-08-23 15:41:34,2026-08-23 16:27:34,2026-08-23 19:16:34,Routine,101.891,,HH,0,2026-08-23 19:21:34
LAB00164953,,MRN78106933,DR00066,H002-D05,H002,2951-2,2026-07-22 10:09:17,2026-07-22 10:46:17,2026-07-22 15:18:17,Routine,161.961,,N,0,2026-07-22 15:23:17
LAB00164954,,MRN69817474,DR00150,H003-D07,H003,4544-3,2026-08-21 12:44:37,2026-08-21 13:24:37,2026-08-21 14:16:37,Routine,145.017,,H,0,2026-08-21 14:21:37
LAB00164955,,MRN69817474,DR00065,H002-D06,H002,6301-6,2026-08-22 17:44:37,2026-08-22 18:04:37,2026-08-22 19:01:37,Routine,170.68,,H,0,2026-08-22 19:06:37
LAB00164956,,MRN64742386,DR00017,H001-D09,H001,4544-3,2026-07-14 07:06:23,2026-07-14 07:55:23,2026-07-14 12:00:23,Routine,101.197,,N,0,2026-07-14 12:05:23
LAB00164957,,MRN64742386,DR00162,H003-D04,H003,1920-8,2026-07-15 04:06:23,2026-07-15 05:03:23,2026-07-15 07:22:23,Routine,74.406,,HH,0,2026-07-15 07:27:23
LAB00164958,,MRN47616099,DR00126,H002-D02,H002,3016-3,2026-07-09 02:43:54,2026-07-09 04:10:54,2026-07-09 08:46:54,Routine,58.381,,N,0,2026-07-09 08:51:54
LAB00164959,,MRN47616099,DR00060,H001-D02,H001,1988-5,2026-07-09 10:43:54,2026-07-09 11:49:54,2026-07-09 14:47:54,STAT,10.217,,HH,0,2026-07-09 14:52:54
LAB00164960,,MRN47616099,DR00013,H001-D07,H001,2823-3,2026-07-09 02:43:54,2026-07-09 03:55:54,2026-07-09 06:42:54,Routine,14.655,,H,0,2026-07-09 06:47:54
LAB00164961,,MRN97821786,DR00115,H002-D02,H002,2085-9,2026-07-11 21:55:40,2026-07-11 23:21:40,2026-07-12 02:09:40,Routine,27.446,,H,0,2026-07-12 02:14:40
LAB00164962,,MRN97821786,DR00045,H004-D10,H004,1920-8,2026-07-11 10:55:40,2026-07-11 12:03:40,2026-07-11 14:29:40,Routine,74.042,,HH,0,2026-07-11 14:34:40
LAB00164963,,MRN70683668,DR00161,H002-D02,H002,2160-0,2026-08-25 05:59:07,2026-08-25 07:22:07,2026-08-25 10:41:07,Routine,6.158,,L,0,2026-08-25 10:46:07
LAB00164964,,MRN70683668,DR00167,H001-D10,H001,2085-9,2026-08-24 14:59:07,2026-08-24 15:34:07,2026-08-24 17:01:07,Routine,155.598,,N,0,2026-08-24 17:06:07
LAB00164965,,MRN70683668,DR00131,H002-D07,H002,2160-0,2026-08-23 12:59:07,2026-08-23 13:19:07,2026-08-23 15:21:07,Routine,169.727,,N,0,2026-08-23 15:26:07
LAB00164966,,MRN99861560,DR00063,H004-D03,H004,2085-9,2026-08-08 04:09:18,2026-08-08 04:57:18,2026-08-08 07:34:18,Routine,108.047,,L,0,2026-08-08 07:39:18
LAB00164967,,MRN99861560,DR00084,H001-D05,H001,1975-2,2026-08-08 03:09:18,2026-08-08 03:20:18,2026-08-08 03:58:18,STAT,163.974,,H,0,2026-08-08 04:03:18
LAB00164968,,MRN99861560,DR00050,H003-D03,H003,2823-3,2026-08-08 11:09:18,2026-08-08 11:58:18,2026-08-08 15:24:18,STAT,9.204,,L,0,2026-08-08 15:29:18
LAB00164969,,MRN77167776,DR00161,H003-D07,H003,718-7,2026-08-16 13:40:59,2026-08-16 15:03:59,2026-08-16 15:28:59,Routine,121.193,,N,0,2026-08-16 15:33:59
LAB00164970,,MRN77167776,DR00139,H003-D09,H003,6301-6,2026-08-16 06:40:59,2026-08-16 07:27:59,2026-08-16 08:52:59,Routine,175.345,,L,0,2026-08-16 08:57:59
LAB00164971,,MRN62075986,DR00201,H002-D08,H002,1742-6,2026-07-28 23:46:41,2026-07-29 00:49:41,2026-07-29 01:25:41,Routine,199.726,,L,0,2026-07-29 01:30:41
LAB00164972,,MRN62075986,DR00135,H004-D10,H004,2085-9,2026-07-29 04:46:41,2026-07-29 04:51:41,2026-07-29 06:18:41,Routine,97.088,,HH,0,2026-07-29 06:23:41
LAB00164973,,MRN62075986,DR00036,H002-D04,H002,2093-3,2026-07-27 10:46:41,2026-07-27 11:19:41,2026-07-27 15:01:41,Routine,153.586,,H,0,2026-07-27 15:06:41
LAB00164974,,MRN90994229,DR00145,H003-D04,H003,2823-3,2026-07-12 23:17:28,2026-07-13 00:26:28,2026-07-13 04:43:28,Routine,153.762,,L,0,2026-07-13 04:48:28
LAB00164975,,MRN45415975,DR00150,H002-D03,H002,2951-2,2026-08-21 01:39:14,2026-08-21 02:55:14,2026-08-21 05:45:14,STAT,175.992,,L,0,2026-08-21 05:50:14
LAB00164976,,MRN27536445,DR00031,H003-D07,H003,2085-9,2026-08-13 21:00:10,2026-08-13 22:25:10,2026-08-14 00:11:10,Routine,61.803,,L,0,2026-08-14 00:16:10
LAB00164977,,MRN96480631,DR00008,H002-D03,H002,1988-5,2026-09-01 00:23:42,2026-09-01 01:22:42,2026-09-01 03:36:42,STAT,106.372,,HH,0,2026-09-01 03:41:42
LAB00164978,,MRN96480631,DR00140,H003-D05,H003,2075-0,2026-08-31 22:23:42,2026-08-31 23:44:42,2026-09-01 00:40:42,Routine,15.754,,H,0,2026-09-01 00:45:42
LAB00164979,,MRN96480631,DR00224,H001-D07,H001,1988-5,2026-08-30 20:23:42,2026-08-30 21:14:42,2026-08-30 22:14:42,STAT,114.172,,L,0,2026-08-30 22:19:42
LAB00164980,,MRN11257005,DR00058,H001-D05,H001,2075-0,2026-08-30 16:36:28,2026-08-30 17:09:28,2026-08-30 22:04:28,Routine,124.265,,L,0,2026-08-30 22:09:28
LAB00164981,,MRN44344094,DR00168,H003-D08,H003,1742-6,2026-08-18 03:01:23,2026-08-18 03:32:23,2026-08-18 05:01:23,Routine,181.086,,N,0,2026-08-18 05:06:23
LAB00164982,,MRN44344094,DR00197,H004-D10,H004,4544-3,2026-08-18 07:01:23,2026-08-18 08:06:23,2026-08-18 12:54:23,STAT,106.226,,H,0,2026-08-18 12:59:23
LAB00164983,,MRN19246428,DR00108,H004-D10,H004,6690-2,2026-07-16 19:31:41,2026-07-16 20:25:41,2026-07-17 00:45:41,Routine,97.529,,HH,0,2026-07-17 00:50:41
LAB00164984,,MRN19246428,DR00041,H003-D04,H003,2075-0,2026-07-16 20:31:41,2026-07-16 20:46:41,2026-07-16 22:06:41,STAT,124.193,,HH,0,2026-07-16 22:11:41
LAB00164985,,MRN19246428,DR00166,H003-D04,H003,600-7,2026-07-16 09:31:41,2026-07-16 10:59:41,2026-07-16 15:14:41,STAT,,,L,0,2026-07-16 15:19:41
LAB00164986,,MRN41758709,DR00146,H003-D07,H003,6690-2,2026-07-10 05:32:14,2026-07-10 05:40:14,2026-07-10 07:21:14,Routine,182.106,,N,0,2026-07-10 07:26:14
LAB00164987,,MRN19067708,DR00161,H003-D02,H003,6690-2,2026-08-19 00:59:55,2026-08-19 02:09:55,2026-08-19 06:22:55,Routine,184.474,,HH,0,2026-08-19 06:27:55
LAB00164988,,MRN19067708,DR00026,H003-D09,H003,2160-0,2026-08-18 11:59:55,2026-08-18 12:05:55,2026-08-18 12:34:55,Routine,69.978,,H,0,2026-08-18 12:39:55
LAB00164989,,MRN19067708,DR00159,H003-D03,H003,2093-3,2026-08-19 05:59:55,2026-08-19 07:28:55,2026-08-19 11:32:55,Routine,120.361,,H,0,2026-08-19 11:37:55
LAB00164990,,MRN91108939,DR00235,H002-D02,H002,777-3,2026-09-01 02:39:32,2026-09-01 03:58:32,2026-09-01 07:30:32,Routine,160.064,,H,0,2026-09-01 07:35:32
LAB00164991,,MRN91108939,DR00210,H001-D05,H001,2345-7,2026-09-01 16:39:32,2026-09-01 17:40:32,2026-09-01 19:58:32,Routine,26.978,,H,0,2026-09-01 20:03:32
LAB00164992,,MRN95325200,DR00196,H001-D01,H001,2823-3,2026-07-12 18:00:35,2026-07-12 18:36:35,2026-07-12 21:45:35,Routine,84.06,,N,0,2026-07-12 21:50:35
LAB00164993,,MRN38727941,DR00230,H001-D05,H001,1975-2,2026-07-28 22:48:56,2026-07-28 23:07:56,2026-07-29 03:32:56,Routine,153.136,,H,0,2026-07-29 03:37:56
LAB00164994,,MRN38727941,DR00116,H003-D07,H003,2093-3,2026-07-28 16:48:56,2026-07-28 17:07:56,2026-07-28 19:23:56,Routine,4.447,,N,0,2026-07-28 19:28:56
LAB00164995,,MRN38727941,DR00216,H002-D07,H002,2823-3,2026-07-29 21:48:56,2026-07-29 22:29:56,2026-07-30 03:09:56,Routine,145.289,,HH,0,2026-07-30 03:14:56
LAB00164996,,MRN20932417,DR00209,H001-D03,H001,30934-4,2026-07-10 20:56:06,2026-07-10 22:16:06,2026-07-10 23:03:06,Routine,188.701,,HH,0,2026-07-10 23:08:06
LAB00164997,,MRN20932417,DR00239,H003-D09,H003,4548-4,2026-07-10 09:56:06,2026-07-10 10:51:06,2026-07-10 11:53:06,Routine,92.85,,L,0,2026-07-10 11:58:06
LAB00164998,,MRN98499245,DR00092,H004-D10,H004,1920-8,2026-07-24 05:46:11,2026-07-24 06:28:11,2026-07-24 07:56:11,Routine,48.545,,L,0,2026-07-24 08:01:11
LAB00164999,,MRN98499245,DR00216,H002-D01,H002,4544-3,2026-07-23 12:46:11,2026-07-23 13:04:11,2026-07-23 16:47:11,Routine,65.21,,H,0,2026-07-23 16:52:11
LAB00165000,,MRN98499245,DR00142,H001-D03,H001,1920-8,2026-07-24 11:46:11,2026-07-24 12:32:11,2026-07-24 16:22:11,Routine,14.726,,N,0,2026-07-24 16:27:11
LAB00165001,,MRN96620239,DR00117,H002-D01,H002,1975-2,2026-08-18 07:35:22,2026-08-18 07:48:22,2026-08-18 11:59:22,Routine,106.382,,N,0,2026-08-18 12:04:22
LAB00165002,,MRN93401326,DR00111,H002-D10,H002,6690-2,2026-08-11 14:30:36,2026-08-11 14:38:36,2026-08-11 18:50:36,Routine,73.422,,H,0,2026-08-11 18:55:36
LAB00165003,,MRN37465717,DR00100,H003-D04,H003,2951-2,2026-08-04 13:44:06,2026-08-04 14:58:06,2026-08-04 16:59:06,Routine,127.68,,N,0,2026-08-04 17:04:06
LAB00165004,,MRN37465717,DR00008,H002-D08,H002,2951-2,2026-08-05 11:44:06,2026-08-05 12:58:06,2026-08-05 13:52:06,Routine,100.835,,H,0,2026-08-05 13:57:06
LAB00165005,,MRN37296521,DR00071,H003-D07,H003,1975-2,2026-07-27 22:30:18,2026-07-27 22:57:18,2026-07-28 02:23:18,Routine,23.204,,H,0,2026-07-28 02:28:18
LAB00165006,,MRN37296521,DR00142,H003-D08,H003,718-7,2026-07-27 07:30:18,2026-07-27 08:25:18,2026-07-27 10:01:18,Routine,112.457,,N,0,2026-07-27 10:06:18
LAB00165007,,MRN94709832,DR00045,H002-D07,H002,3016-3,2026-07-12 05:38:33,2026-07-12 06:41:33,2026-07-12 07:06:33,STAT,160.468,,H,0,2026-07-12 07:11:33
LAB00165008,,MRN51195350,DR00080,H001-D02,H001,4548-4,2026-07-26 00:56:52,2026-07-26 01:32:52,2026-07-26 02:33:52,STAT,195.59,,L,0,2026-07-26 02:38:52
LAB00165009,,MRN51195350,DR00091,H001-D09,H001,5811-5,2026-07-24 09:56:52,2026-07-24 10:15:52,2026-07-24 11:05:52,Routine,60.919,,N,0,2026-07-24 11:10:52
LAB00165010,,MRN95883570,DR00176,H004-D10,H004,2075-0,2026-08-24 17:38:38,2026-08-24 17:51:38,2026-08-24 20:52:38,Routine,4.377,,H,0,2026-08-24 20:57:38
LAB00165011,,MRN95883570,DR00046,H002-D02,H002,1742-6,2026-08-24 14:38:38,2026-08-24 15:56:38,2026-08-24 17:49:38,Routine,3.958,,H,0,2026-08-24 17:54:38
LAB00165012,,MRN95883570,DR00084,H001-D05,H001,2160-0,2026-08-26 04:38:38,2026-08-26 05:49:38,2026-08-26 07:26:38,STAT,57.885,,HH,0,2026-08-26 07:31:38
LAB00165013,,MRN19531280,DR00154,H003-D10,H003,2075-0,2026-07-09 09:13:45,2026-07-09 09:20:45,2026-07-09 13:13:45,Routine,45.124,,L,0,2026-07-09 13:18:45
LAB00165014,,MRN19531280,DR00182,H001-D06,H001,4548-4,2026-07-11 02:13:45,2026-07-11 02:44:45,2026-07-11 03:25:45,Routine,183.372,,H,0,2026-07-11 03:30:45
LAB00165015,,MRN61345166,DR00133,H003-D09,H003,6690-2,2026-08-19 17:49:49,2026-08-19 18:38:49,2026-08-19 22:30:49,STAT,123.676,,L,0,2026-08-19 22:35:49
LAB00165016,,MRN61345166,DR00052,H002-D02,H002,2093-3,2026-08-19 16:49:49,2026-08-19 18:10:49,2026-08-19 19:57:49,Routine,5.63,,L,0,2026-08-19 20:02:49
LAB00165017,,MRN22951191,DR00147,H003-D08,H003,718-7,2026-08-15 06:26:15,2026-08-15 07:01:15,2026-08-15 09:28:15,Routine,110.62,,HH,0,2026-08-15 09:33:15
LAB00165018,,MRN22951191,DR00138,H003-D08,H003,3094-0,2026-08-15 08:26:15,2026-08-15 08:54:15,2026-08-15 12:07:15,Routine,138.681,,H,0,2026-08-15 12:12:15
LAB00165019,,MRN35142973,DR00158,H002-D07,H002,1742-6,2026-07-12 03:12:31,2026-07-12 04:17:31,2026-07-12 07:35:31,Routine,132.199,,H,0,2026-07-12 07:40:31
LAB00165020,,MRN35142973,DR00078,H002-D01,H002,1920-8,2026-07-12 14:12:31,2026-07-12 15:41:31,2026-07-12 19:56:31,Routine,31.943,,L,0,2026-07-12 20:01:31
LAB00165021,,MRN50239575,DR00219,H002-D05,H002,1975-2,2026-08-24 13:08:43,2026-08-24 14:27:43,2026-08-24 18:24:43,Routine,124.902,,N,0,2026-08-24 18:29:43
LAB00165022,,MRN50239575,DR00139,H002-D06,H002,2345-7,2026-08-24 00:08:43,2026-08-24 00:35:43,2026-08-24 04:47:43,Routine,90.28,,H,0,2026-08-24 04:52:43
LAB00165023,,MRN75392111,DR00086,H002-D08,H002,2093-3,2026-08-23 04:49:06,2026-08-23 05:35:06,2026-08-23 08:10:06,Routine,17.673,,H,0,2026-08-23 08:15:06
LAB00165024,,MRN75392111,DR00119,H003-D06,H003,2345-7,2026-08-24 10:49:06,2026-08-24 11:33:06,2026-08-24 14:29:06,Routine,187.843,,H,0,2026-08-24 14:34:06
LAB00165025,,MRN75392111,DR00154,H002-D05,H002,5811-5,2026-08-24 08:49:06,2026-08-24 09:48:06,2026-08-24 13:10:06,Routine,138.272,,N,0,2026-08-24 13:15:06
LAB00165026,,MRN44461917,DR00009,H002-D02,H002,2160-0,2026-08-23 11:14:52,2026-08-23 12:26:52,2026-08-23 15:12:52,Routine,128.726,,H,0,2026-08-23 15:17:52
LAB00165027,,MRN44461917,DR00056,H001-D09,H001,5811-5,2026-08-22 23:14:52,2026-08-23 00:09:52,2026-08-23 01:50:52,Routine,164.138,,HH,0,2026-08-23 01:55:52
LAB00165028,,MRN44461917,DR00210,H001-D05,H001,2085-9,2026-08-23 19:14:52,2026-08-23 19:23:52,2026-08-23 21:34:52,Routine,178.714,,L,0,2026-08-23 21:39:52
LAB00165029,,MRN85659233,DR00201,H002-D10,H002,5902-2,2026-08-19 01:26:52,2026-08-19 02:15:52,2026-08-19 06:06:52,Routine,168.778,,L,0,2026-08-19 06:11:52
LAB00165030,,MRN90327652,DR00065,H001-D07,H001,5902-2,2026-08-30 18:28:24,2026-08-30 18:38:24,2026-08-30 21:18:24,Routine,49.055,,N,0,2026-08-30 21:23:24
LAB00165031,,MRN90327652,DR00161,H003-D05,H003,1920-8,2026-08-29 21:28:24,2026-08-29 21:43:24,2026-08-30 00:53:24,Routine,163.705,,L,0,2026-08-30 00:58:24
LAB00165032,,MRN90327652,DR00170,H002-D07,H002,2345-7,2026-08-30 00:28:24,2026-08-30 00:40:24,2026-08-30 04:22:24,Routine,11.919,,H,0,2026-08-30 04:27:24
LAB00165033,,MRN78996098,DR00121,H002-D06,H002,2823-3,2026-07-05 11:29:18,2026-07-05 12:43:18,2026-07-05 13:14:18,Routine,135.706,,L,0,2026-07-05 13:19:18
LAB00165034,,MRN49353951,DR00177,H001-D04,H001,2085-9,2026-02-28 00:38:35,2026-02-28 00:48:35,2026-02-28 04:31:35,Routine,125.196,,L,0,2026-02-28 04:36:35
LAB00165035,,MRN49353951,DR00070,H001-D09,H001,6690-2,2026-02-27 15:38:35,2026-02-27 16:58:35,2026-02-27 21:32:35,STAT,198.505,,H,0,2026-02-27 21:37:35
LAB00165036,,MRN17367587,DR00156,H002-D10,H002,1975-2,2026-07-20 13:35:19,2026-07-20 14:43:19,2026-07-20 17:16:19,Routine,172.287,,HH,0,2026-07-20 17:21:19
LAB00165037,,MRN17367587,DR00099,H004-D03,H004,3094-0,2026-07-20 08:35:19,2026-07-20 09:48:19,2026-07-20 10:12:19,STAT,3.635,,HH,0,2026-07-20 10:17:19
LAB00165038,,MRN17367587,DR00085,H004-D03,H004,1975-2,2026-07-21 13:35:19,2026-07-21 14:49:19,2026-07-21 19:08:19,Routine,112.068,,N,0,2026-07-21 19:13:19
LAB00165039,,MRN95519815,DR00065,H003-D04,H003,1742-6,2026-07-04 23:02:32,2026-07-04 23:59:32,2026-07-05 02:53:32,Routine,26.496,,HH,0,2026-07-05 02:58:32
LAB00165040,,MRN95519815,DR00039,H001-D08,H001,6301-6,2026-07-05 04:02:32,2026-07-05 05:02:32,2026-07-05 06:17:32,Routine,99.268,,HH,0,2026-07-05 06:22:32
LAB00165041,,MRN95519815,DR00015,H002-D07,H002,1988-5,2026-07-06 01:02:32,2026-07-06 01:38:32,2026-07-06 02:55:32,Routine,30.186,,L,0,2026-07-06 03:00:32
LAB00165042,,MRN82610204,DR00144,H003-D07,H003,2823-3,2026-08-24 22:27:35,2026-08-24 22:37:35,2026-08-25 01:43:35,Routine,139.023,,HH,0,2026-08-25 01:48:35
LAB00165043,,MRN82610204,DR00067,H003-D09,H003,30934-4,2026-08-25 04:27:35,2026-08-25 04:59:35,2026-08-25 05:37:35,STAT,148.471,,L,0,2026-08-25 05:42:35
LAB00165044,,MRN82610204,DR00147,H002-D03,H002,2345-7,2026-08-25 05:27:35,2026-08-25 06:03:35,2026-08-25 07:35:35,Routine,157.41,,HH,0,2026-08-25 07:40:35
LAB00165045,,MRN19567355,DR00198,H002-D05,H002,600-7,2026-07-04 22:12:21,2026-07-04 22:55:21,2026-07-05 00:29:21,Routine,,,N,0,2026-07-05 00:34:21
LAB00165046,,MRN19567355,DR00227,H002-D01,H002,2823-3,2026-07-05 20:12:21,2026-07-05 21:41:21,2026-07-05 23:24:21,Routine,44.562,,HH,0,2026-07-05 23:29:21
LAB00165047,,MRN14701918,DR00050,H001-D05,H001,LOCAL-777,2026-08-23 09:14:50,2026-08-23 09:41:50,2026-08-23 14:00:50,Routine,8.529,,H,0,2026-08-23 14:05:50
LAB00165048,,MRN14701918,DR00230,H002-D07,H002,2093-3,2026-08-24 05:14:50,2026-08-24 06:38:50,2026-08-24 11:00:50,Routine,156.453,,N,0,2026-08-24 11:05:50
LAB00165049,,MRN84886210,DR00051,H002-D10,H002,2345-7,2026-07-30 23:18:01,2026-07-30 23:58:01,2026-07-31 01:47:01,Routine,116.791,,HH,0,2026-07-31 01:52:01
LAB00165050,,MRN28602810,DR00215,H002-D10,H002,2075-0,2026-08-23 23:13:00,2026-08-24 00:25:00,2026-08-24 04:35:00,STAT,7.791,,HH,0,2026-08-24 04:40:00
LAB00165051,,MRN28602810,DR00200,H003-D06,H003,777-3,2026-08-23 11:13:00,2026-08-23 11:39:00,2026-08-23 14:11:00,Routine,184.835,,L,0,2026-08-23 14:16:00
LAB00165052,,MRN28602810,DR00121,H001-D09,H001,30934-4,2026-08-22 23:13:00,2026-08-23 00:10:00,2026-08-23 01:57:00,Routine,47.112,,L,0,2026-08-23 02:02:00
LAB00165053,,MRN30257205,DR00161,H002-D01,H002,1742-6,2026-07-08 13:07:47,2026-07-08 13:47:47,2026-07-08 15:08:47,Routine,144.797,,H,0,2026-07-08 15:13:47
LAB00165054,,MRN30257205,DR00147,H001-D07,H001,2160-0,2026-07-09 13:07:47,2026-07-09 13:17:47,2026-07-09 13:55:47,Routine,181.9,,HH,0,2026-07-09 14:00:47
LAB00165055,,MRN30257205,DR00092,H003-D05,H003,2075-0,2026-07-09 09:07:47,2026-07-09 09:33:47,2026-07-09 12:58:47,Routine,36.001,,H,0,2026-07-09 13:03:47
LAB00165056,,MRN11575139,DR00146,H003-D02,H003,5902-2,2026-07-16 18:50:40,2026-07-16 18:59:40,2026-07-16 21:32:40,Routine,96.641,,H,0,2026-07-16 21:37:40
LAB00165057,,MRN11575139,DR00121,H001-D03,H001,1920-8,2026-07-16 21:50:40,2026-07-16 23:06:40,2026-07-16 23:39:40,Routine,162.801,,HH,0,2026-07-16 23:44:40
LAB00165058,,MRN11575139,DR00021,H002-D04,H002,2823-3,2026-07-16 06:50:40,2026-07-16 07:48:40,2026-07-16 09:35:40,STAT,73.689,,L,0,2026-07-16 09:40:40
LAB00165059,,MRN73558183,DR00130,H003-D08,H003,10839-9,2026-08-31 20:42:44,2026-08-31 21:01:44,2026-08-31 21:25:44,Routine,48.68,,HH,0,2026-08-31 21:30:44
LAB00165060,,MRN73558183,DR00057,H001-D02,H001,4548-4,2026-09-01 12:42:44,2026-09-01 14:11:44,2026-09-01 16:57:44,Routine,196.55,,N,0,2026-09-01 17:02:44
LAB00165061,,MRN73558183,DR00233,H003-D06,H003,718-7,2026-09-01 07:42:44,2026-09-01 08:58:44,2026-09-01 09:47:44,STAT,184.646,,N,0,2026-09-01 09:52:44
LAB00165062,,MRN90171880,DR00115,H001-D04,H001,600-7,2026-08-16 14:45:46,2026-08-16 15:38:46,2026-08-16 18:02:46,Routine,,,HH,0,2026-08-16 18:07:46
LAB00165063,,MRN90171880,DR00109,H002-D04,H002,5811-5,2026-08-17 17:45:46,2026-08-17 18:35:46,2026-08-17 20:53:46,Routine,181.699,,HH,0,2026-08-17 20:58:46
LAB00165064,,MRN97187231,DR00066,H004-D03,H004,2345-7,2026-08-04 23:40:20,2026-08-05 00:40:20,2026-08-05 01:34:20,Routine,88.354,,L,0,2026-08-05 01:39:20
LAB00165065,,MRN16900148,DR00035,H002-D01,H002,3016-3,2026-08-14 14:16:56,2026-08-14 14:46:56,2026-08-14 15:52:56,Routine,77.414,,N,0,2026-08-14 15:57:56
LAB00165066,,MRN16900148,DR00011,H002-D04,H002,4548-4,2026-08-14 08:16:56,2026-08-14 09:38:56,2026-08-14 14:35:56,Routine,58.389,,L,0,2026-08-14 14:40:56
LAB00165067,,MRN29789734,DR00059,H004-D03,H004,630-4,2026-08-25 13:21:04,2026-08-25 14:29:04,2026-08-25 18:59:04,Routine,,,L,0,2026-08-25 19:04:04
LAB00165068,,MRN29789734,DR00066,H002-D04,H002,5902-2,2026-08-26 20:21:04,2026-08-26 20:45:04,2026-08-26 23:20:04,Routine,120.491,,N,0,2026-08-26 23:25:04
LAB00165069,,MRN29789734,DR00194,H001-D03,H001,1920-8,2026-08-25 00:21:04,2026-08-25 01:46:04,2026-08-25 03:39:04,Routine,52.753,,N,0,2026-08-25 03:44:04
LAB00165070,,MRN30972442,DR00225,H001-D04,H001,2823-3,2026-07-19 13:49:04,2026-07-19 14:08:04,2026-07-19 16:34:04,STAT,150.877,,H,0,2026-07-19 16:39:04
LAB00165071,,MRN83699364,DR00202,H001-D06,H001,6301-6,2026-07-16 04:28:20,2026-07-16 05:43:20,2026-07-16 10:28:20,Routine,12.32,,N,0,2026-07-16 10:33:20
LAB00165072,,MRN83699364,DR00151,H003-D08,H003,10839-9,2026-07-14 20:28:20,2026-07-14 21:36:20,2026-07-15 00:37:20,STAT,136.235,,N,0,2026-07-15 00:42:20
LAB00165073,,MRN96757151,DR00190,H004-D03,H004,2951-2,2026-08-10 22:49:50,2026-08-10 22:58:50,2026-08-11 03:12:50,Routine,10.481,,HH,0,2026-08-11 03:17:50
LAB00165074,,MRN59214764,DR00194,H002-D02,H002,1920-8,2026-07-15 14:05:59,2026-07-15 15:01:59,2026-07-15 15:57:59,Routine,84.955,,H,0,2026-07-15 16:02:59
LAB00165075,,MRN80221403,DR00185,H002-D06,H002,3016-3,2026-07-29 06:43:47,2026-07-29 07:59:47,2026-07-29 08:47:47,Routine,94.522,,HH,0,2026-07-29 08:52:47
LAB00165076,,MRN80221403,DR00038,H004-D03,H004,5811-5,2026-07-29 21:43:47,2026-07-29 22:04:47,2026-07-29 23:25:47,Routine,103.485,,H,0,2026-07-29 23:30:47
LAB00165077,,MRN80221403,DR00137,H001-D05,H001,1988-5,2026-07-29 01:43:47,2026-07-29 02:49:47,2026-07-29 03:10:47,Routine,91.424,,L,0,2026-07-29 03:15:47
LAB00165078,,MRN92188152,DR00106,H002-D01,H002,4548-4,2026-07-27 03:45:00,2026-07-27 04:40:00,2026-07-27 07:34:00,Routine,128.073,,H,0,2026-07-27 07:39:00
LAB00165079,,MRN18355733,DR00199,H003-D06,H003,2345-7,2026-07-18 17:23:35,2026-07-18 18:04:35,2026-07-18 22:28:35,Routine,21.351,,H,0,2026-07-18 22:33:35
LAB00165080,,MRN91282030,DR00115,H003-D10,H003,630-4,2026-08-08 12:45:55,2026-08-08 13:17:55,2026-08-08 14:57:55,Routine,,,H,0,2026-08-08 15:02:55
LAB00165081,,MRN91282030,DR00086,H002-D09,H002,1920-8,2026-08-08 03:45:55,2026-08-08 03:58:55,2026-08-08 08:28:55,Routine,195.391,,HH,0,2026-08-08 08:33:55
LAB00165082,,MRN91282030,DR00112,H003-D10,H003,2093-3,2026-08-07 14:45:55,2026-08-07 15:50:55,2026-08-07 16:55:55,Routine,47.031,,L,0,2026-08-07 17:00:55
LAB00165083,,MRN25086658,DR00073,H003-D07,H003,10839-9,2026-08-08 13:49:25,2026-08-08 15:06:25,2026-08-08 18:11:25,Routine,36.269,,L,0,2026-08-08 18:16:25
LAB00165084,,MRN25086658,DR00086,H001-D07,H001,1988-5,2026-08-07 08:49:25,2026-08-07 09:51:25,2026-08-07 10:41:25,STAT,62.289,,L,0,2026-08-07 10:46:25
LAB00165085,,MRN95332408,DR00120,H001-D09,H001,5902-2,2026-08-09 09:16:46,2026-08-09 10:44:46,2026-08-09 15:04:46,Routine,145.301,,H,0,2026-08-09 15:09:46
LAB00165086,,MRN95332408,DR00029,H003-D03,H003,3016-3,2026-08-08 20:16:46,2026-08-08 20:41:46,2026-08-08 23:49:46,STAT,3.524,,HH,0,2026-08-08 23:54:46
LAB00165087,,MRN54610770,DR00145,H001-D07,H001,2160-0,2026-07-07 03:15:54,2026-07-07 04:05:54,2026-07-07 06:44:54,Routine,54.102,,L,0,2026-07-07 06:49:54
LAB00165088,,MRN54610770,DR00235,H003-D05,H003,718-7,2026-07-07 16:15:54,2026-07-07 16:41:54,2026-07-07 17:04:54,Routine,60.848,,N,0,2026-07-07 17:09:54
LAB00165089,,MRN53182602,DR00078,H001-D02,H001,5811-5,2026-08-04 06:05:21,2026-08-04 06:32:21,2026-08-04 08:39:21,Routine,115.155,,N,0,2026-08-04 08:44:21
LAB00165090,,MRN53182602,DR00030,H003-D04,H003,600-7,2026-08-05 10:05:21,2026-08-05 11:34:21,2026-08-05 14:59:21,Routine,,,H,0,2026-08-05 15:04:21
LAB00165091,,MRN31155453,DR00176,H002-D04,H002,30934-4,2026-08-29 04:24:03,2026-08-29 05:46:03,2026-08-29 08:02:03,Routine,179.487,,N,0,2026-08-29 08:07:03
LAB00165092,,MRN86869092,DR00006,H002-D08,H002,4544-3,2026-08-03 08:36:28,2026-08-03 10:01:28,2026-08-03 13:14:28,STAT,33.318,,HH,0,2026-08-03 13:19:28
LAB00165093,,MRN10935979,DR00225,H002-D02,H002,5811-5,2026-07-21 16:41:38,2026-07-21 17:15:38,2026-07-21 19:18:38,STAT,133.863,,H,0,2026-07-21 19:23:38
LAB00165094,,MRN10935979,DR00016,H003-D07,H003,630-4,2026-07-22 04:41:38,2026-07-22 05:03:38,2026-07-22 09:53:38,Routine,,,N,0,2026-07-22 09:58:38
LAB00165095,,MRN10935979,DR00240,H001-D09,H001,3094-0,2026-07-23 00:41:38,2026-07-23 01:37:38,2026-07-23 05:42:38,Routine,44.78,,HH,0,2026-07-23 05:47:38
LAB00165096,,MRN55818317,DR00003,H002-D05,H002,4544-3,2026-04-13 20:07:34,2026-04-13 21:19:34,2026-04-13 22:31:34,Routine,118.083,,L,0,2026-04-13 22:36:34
LAB00165097,,MRN21384241,DR00074,H003-D04,H003,6301-6,2026-07-10 12:01:15,2026-07-10 12:17:15,2026-07-10 17:13:15,Routine,186.068,,L,0,2026-07-10 17:18:15
LAB00165098,,MRN21384241,DR00009,H002-D10,H002,1920-8,2026-07-10 05:01:15,2026-07-10 05:11:15,2026-07-10 08:09:15,Routine,14.218,,L,0,2026-07-10 08:14:15
LAB00165099,,MRN73748621,DR00169,H004-D10,H004,1920-8,2026-07-18 08:51:33,2026-07-18 09:50:33,2026-07-18 12:50:33,Routine,163.941,,N,0,2026-07-18 12:55:33
LAB00165100,,MRN73748621,DR00102,H001-D02,H001,3094-0,2026-07-18 22:51:33,2026-07-18 22:57:33,2026-07-19 03:07:33,Routine,182.325,,L,0,2026-07-19 03:12:33
LAB00165101,,MRN73748621,DR00060,H002-D08,H002,1975-2,2026-07-18 10:51:33,2026-07-18 11:57:33,2026-07-18 12:21:33,STAT,39.446,,H,0,2026-07-18 12:26:33
LAB00165102,,MRN29779508,DR00164,H003-D03,H003,1742-6,2026-07-27 10:25:19,2026-07-27 11:45:19,2026-07-27 13:18:19,STAT,161.636,,HH,0,2026-07-27 13:23:19
LAB00165103,,MRN29779508,DR00080,H004-D10,H004,1988-5,2026-07-27 13:25:19,2026-07-27 14:17:19,2026-07-27 15:48:19,STAT,171.998,,L,0,2026-07-27 15:53:19
LAB00165104,,MRN29779508,DR00219,H002-D03,H002,4544-3,2026-07-27 20:25:19,2026-07-27 21:53:19,2026-07-28 01:15:19,Routine,142.758,,HH,0,2026-07-28 01:20:19
LAB00165105,,MRN87455244,DR00028,H002-D04,H002,630-4,2026-08-22 12:51:26,2026-08-22 14:05:26,2026-08-22 18:40:26,Routine,,,N,0,2026-08-22 18:45:26
LAB00165106,,MRN37991827,DR00092,H002-D04,H002,5902-2,2026-08-26 03:30:00,2026-08-26 04:14:00,2026-08-26 08:29:00,Routine,38.467,,N,0,2026-08-26 08:34:00
LAB00165107,,MRN37991827,DR00086,H003-D08,H003,1920-8,2026-08-25 15:30:00,2026-08-25 16:59:00,2026-08-25 18:31:00,Routine,2.09,,H,0,2026-08-25 18:36:00
LAB00165108,,MRN18876289,DR00014,H003-D07,H003,4548-4,2026-08-03 08:36:41,2026-08-03 10:05:41,2026-08-03 13:27:41,Routine,129.636,,H,0,2026-08-03 13:32:41
LAB00165109,,MRN49512746,DR00082,H002-D07,H002,630-4,2026-09-01 12:32:53,2026-09-01 13:07:53,2026-09-01 14:15:53,Routine,,,HH,0,2026-09-01 14:20:53
LAB00165110,,MRN49512746,DR00070,H003-D08,H003,2085-9,2026-09-02 00:32:53,2026-09-02 01:26:53,2026-09-02 04:27:53,Routine,49.168,,H,0,2026-09-02 04:32:53
LAB00165111,,MRN49512746,DR00138,H001-D08,H001,600-7,2026-09-01 08:32:53,2026-09-01 08:54:53,2026-09-01 13:09:53,STAT,,,H,0,2026-09-01 13:14:53
LAB00165112,,MRN76904129,DR00063,H002-D03,H002,2160-0,2026-08-07 09:17:26,2026-08-07 09:46:26,2026-08-07 10:44:26,Routine,102.052,,H,0,2026-08-07 10:49:26
LAB00165113,,MRN76904129,DR00090,H002-D09,H002,600-7,2026-08-08 04:17:26,2026-08-08 04:59:26,2026-08-08 08:40:26,STAT,,,L,0,2026-08-08 08:45:26
LAB00165114,,MRN89607939,DR00118,H002-D05,H002,2823-3,2026-08-26 01:43:46,2026-08-26 01:57:46,2026-08-26 02:27:46,Routine,162.241,,HH,0,2026-08-26 02:32:46
LAB00165115,,MRN37132991,DR00013,H003-D04,H003,5902-2,2026-08-08 05:58:23,2026-08-08 06:18:23,2026-08-08 10:46:23,Routine,75.034,,H,0,2026-08-08 10:51:23
LAB00165116,,MRN37132991,DR00187,H003-D04,H003,6301-6,2026-08-07 08:58:23,2026-08-07 10:25:23,2026-08-07 13:40:23,Routine,109.15,,HH,0,2026-08-07 13:45:23
LAB00165117,,MRN37132991,DR00155,H001-D06,H001,2093-3,2026-08-07 04:58:23,2026-08-07 05:29:23,2026-08-07 08:37:23,Routine,125.12,,H,0,2026-08-07 08:42:23
LAB00165118,,MRN46148282,DR00211,H003-D02,H003,1975-2,2026-07-09 13:38:49,2026-07-09 14:35:49,2026-07-09 18:20:49,Routine,169.711,,HH,0,2026-07-09 18:25:49
LAB00165119,,MRN46148282,DR00060,H001-D01,H001,3094-0,2026-07-10 15:38:49,2026-07-10 15:46:49,2026-07-10 20:26:49,Routine,180.545,,H,0,2026-07-10 20:31:49
LAB00165120,,MRN94435983,DR00114,H003-D06,H003,30934-4,2025-12-26 18:31:51,2025-12-26 18:52:51,2025-12-26 22:25:51,Routine,96.834,,HH,0,2025-12-26 22:30:51
LAB00165121,,MRN94435983,DR00099,H003-D01,H003,1742-6,2025-12-25 21:31:51,2025-12-25 22:24:51,2025-12-26 02:08:51,Routine,151.277,,N,0,2025-12-26 02:13:51
LAB00165122,,MRN94435983,DR00164,H001-D07,H001,630-4,2025-12-27 07:31:51,2025-12-27 07:40:51,2025-12-27 09:31:51,Routine,,,N,0,2025-12-27 09:36:51
LAB00165123,,MRN50740524,DR00203,H002-D04,H002,5902-2,2026-07-07 01:00:22,2026-07-07 01:38:22,2026-07-07 04:54:22,Routine,167.025,,L,0,2026-07-07 04:59:22
LAB00165124,,MRN50740524,DR00190,H003-D05,H003,2345-7,2026-07-07 22:00:22,2026-07-07 22:57:22,2026-07-08 01:25:22,STAT,83.49,,H,0,2026-07-08 01:30:22
LAB00165125,,MRN65424066,DR00116,H001-D02,H001,10839-9,2026-07-10 02:30:02,2026-07-10 02:59:02,2026-07-10 05:22:02,Routine,126.306,,HH,0,2026-07-10 05:27:02
LAB00165126,,MRN65424066,DR00189,H003-D04,H003,2823-3,2026-07-09 15:30:02,2026-07-09 16:40:02,2026-07-09 17:50:02,Routine,122.188,,HH,0,2026-07-09 17:55:02
LAB00165127,,MRN76499977,DR00063,H003-D02,H003,2823-3,2025-06-07 09:32:24,2025-06-07 09:56:24,2025-06-07 14:44:24,Routine,185.27,,N,0,2025-06-07 14:49:24
LAB00165128,,MRN76499977,DR00048,H001-D09,H001,4548-4,2025-06-06 01:32:24,2025-06-06 02:57:24,2025-06-06 04:13:24,STAT,51.315,,H,0,2025-06-06 04:18:24
LAB00165129,,MRN61766483,DR00046,H002-D07,H002,1975-2,2026-07-27 02:05:21,2026-07-27 03:03:21,2026-07-27 05:28:21,Routine,94.134,,H,0,2026-07-27 05:33:21
LAB00165130,,MRN61766483,DR00084,H003-D01,H003,1975-2,2026-07-27 00:05:21,2026-07-27 01:08:21,2026-07-27 05:09:21,Routine,164.477,,N,0,2026-07-27 05:14:21
LAB00165131,,MRN61766483,DR00051,H001-D07,H001,1975-2,2026-07-26 13:05:21,2026-07-26 13:39:21,2026-07-26 14:05:21,Routine,175.774,,H,0,2026-07-26 14:10:21
LAB00165132,,MRN77902059,DR00121,H004-D10,H004,4544-3,2026-07-09 13:29:17,2026-07-09 14:25:17,2026-07-09 16:58:17,Routine,154.209,,H,0,2026-07-09 17:03:17
LAB00165133,,MRN77902059,DR00102,H004-D03,H004,630-4,2026-07-09 14:29:17,2026-07-09 15:31:17,2026-07-09 19:02:17,Routine,,,HH,0,2026-07-09 19:07:17
LAB00165134,,MRN77902059,DR00101,H001-D08,H001,2345-7,2026-07-09 23:29:17,2026-07-10 00:44:17,2026-07-10 01:48:17,Routine,130.035,,L,0,2026-07-10 01:53:17
LAB00165135,,MRN91007666,DR00006,H001-D01,H001,3016-3,2026-08-15 07:55:34,2026-08-15 09:07:34,2026-08-15 12:50:34,Routine,197.725,,L,0,2026-08-15 12:55:34
LAB00165136,,MRN91007666,DR00078,H003-D06,H003,LOCAL-777,2026-08-15 10:55:34,2026-08-15 11:39:34,2026-08-15 15:32:34,STAT,56.847,,N,0,2026-08-15 15:37:34
LAB00165137,,MRN91007666,DR00095,H003-D08,H003,630-4,2026-08-14 03:55:34,2026-08-14 04:54:34,2026-08-14 09:23:34,Routine,,,L,0,2026-08-14 09:28:34
LAB00165138,,MRN87962164,DR00051,H003-D03,H003,2160-0,2026-07-08 05:05:10,2026-07-08 06:23:10,2026-07-08 07:02:10,Routine,58.922,,HH,0,2026-07-08 07:07:10
LAB00165139,,MRN87962164,DR00002,H001-D09,H001,2075-0,2026-07-08 16:05:10,2026-07-08 17:00:10,2026-07-08 20:57:10,Routine,159.28,,H,0,2026-07-08 21:02:10
LAB00165140,,MRN87962164,DR00126,H002-D08,H002,1920-8,2026-07-09 03:05:10,2026-07-09 03:29:10,2026-07-09 07:30:10,Routine,11.953,,L,0,2026-07-09 07:35:10
LAB00165141,,MRN27612383,DR00155,H002-D03,H002,2951-2,2026-08-04 21:07:35,2026-08-04 22:11:35,2026-08-05 01:07:35,Routine,48.605,,HH,0,2026-08-05 01:12:35
LAB00165142,,MRN27612383,DR00059,H001-D08,H001,5902-2,2026-08-05 01:07:35,2026-08-05 01:18:35,2026-08-05 05:13:35,Routine,4.921,,L,0,2026-08-05 05:18:35
LAB00165143,,MRN94058499,DR00189,H002-D05,H002,718-7,2026-08-31 19:51:52,2026-08-31 20:36:52,2026-08-31 22:55:52,Routine,81.13,,H,0,2026-08-31 23:00:52
LAB00165144,,MRN94058499,DR00038,H003-D04,H003,2085-9,2026-08-31 15:51:52,2026-08-31 16:34:52,2026-08-31 18:32:52,Routine,137.295,,N,0,2026-08-31 18:37:52
LAB00165145,,MRN94058499,DR00143,H003-D08,H003,2075-0,2026-08-31 01:51:52,2026-08-31 02:06:52,2026-08-31 02:48:52,Routine,94.668,,L,0,2026-08-31 02:53:52
LAB00165146,,MRN46837634,DR00002,H001-D03,H001,718-7,2026-07-21 15:37:55,2026-07-21 16:26:55,2026-07-21 21:07:55,Routine,64.527,,L,0,2026-07-21 21:12:55
LAB00165147,,MRN46837634,DR00155,H001-D09,H001,4548-4,2026-07-22 15:37:55,2026-07-22 16:59:55,2026-07-22 20:28:55,Routine,21.327,,L,0,2026-07-22 20:33:55
LAB00165148,,MRN38626884,DR00222,H003-D08,H003,10839-9,2026-08-05 05:45:09,2026-08-05 06:13:09,2026-08-05 08:53:09,Routine,78.96,,HH,0,2026-08-05 08:58:09
LAB00165149,,MRN93159642,DR00049,H002-D04,H002,5902-2,2026-07-25 22:46:00,2026-07-25 23:31:00,2026-07-26 01:47:00,Routine,69.42,,L,0,2026-07-26 01:52:00
LAB00165150,,MRN26713212,DR00168,H002-D09,H002,30934-4,2026-08-23 09:00:40,2026-08-23 10:09:40,2026-08-23 14:07:40,Routine,66.115,,L,0,2026-08-23 14:12:40
LAB00165151,,MRN26713212,DR00149,H001-D01,H001,777-3,2026-08-23 17:00:40,2026-08-23 17:24:40,2026-08-23 18:26:40,Routine,120.234,,L,0,2026-08-23 18:31:40
LAB00165152,,MRN35094950,DR00077,H003-D07,H003,3094-0,2026-07-21 05:04:00,2026-07-21 05:36:00,2026-07-21 08:51:00,STAT,111.118,,H,0,2026-07-21 08:56:00
LAB00165153,,MRN17929402,DR00233,H002-D06,H002,2823-3,2026-07-05 13:17:10,2026-07-05 14:21:10,2026-07-05 15:31:10,Routine,95.768,,HH,0,2026-07-05 15:36:10
LAB00165154,,MRN17929402,DR00144,H003-D10,H003,5902-2,2026-07-05 17:17:10,2026-07-05 18:30:10,2026-07-05 20:10:10,Routine,107.443,,L,0,2026-07-05 20:15:10
LAB00165155,,MRN17929402,DR00017,H003-D07,H003,630-4,2026-07-06 11:17:10,2026-07-06 11:36:10,2026-07-06 13:02:10,Routine,,,H,0,2026-07-06 13:07:10
LAB00165156,,MRN48016457,DR00227,H002-D07,H002,5902-2,2026-07-30 02:23:12,2026-07-30 03:13:12,2026-07-30 07:59:12,Routine,160.927,,L,0,2026-07-30 08:04:12
LAB00165157,,MRN38860446,DR00062,H003-D05,H003,5902-2,2026-08-02 23:07:36,2026-08-03 00:08:36,2026-08-03 01:31:36,STAT,81.725,,HH,0,2026-08-03 01:36:36
LAB00165158,,MRN38860446,DR00137,H001-D08,H001,2160-0,2026-08-03 13:07:36,2026-08-03 13:44:36,2026-08-03 14:59:36,STAT,136.355,,N,0,2026-08-03 15:04:36
LAB00165159,,MRN38860446,DR00121,H002-D08,H002,6690-2,2026-08-02 10:07:36,2026-08-02 10:41:36,2026-08-02 12:20:36,STAT,115.957,,HH,0,2026-08-02 12:25:36
LAB00165160,,MRN98557449,DR00223,H003-D10,H003,1988-5,2026-07-17 20:08:09,2026-07-17 20:28:09,2026-07-17 23:37:09,Routine,168.517,,L,0,2026-07-17 23:42:09
LAB00165161,,MRN98557449,DR00203,H002-D05,H002,777-3,2026-07-17 09:08:09,2026-07-17 09:38:09,2026-07-17 13:01:09,Routine,172.049,,HH,0,2026-07-17 13:06:09
LAB00165162,,MRN90793482,DR00205,H001-D04,H001,2345-7,2026-08-13 18:12:33,2026-08-13 18:50:33,2026-08-13 22:54:33,Routine,188.805,,H,0,2026-08-13 22:59:33
LAB00165163,,MRN56676535,DR00032,H002-D10,H002,777-3,2026-07-04 16:10:54,2026-07-04 16:20:54,2026-07-04 20:31:54,Routine,51.811,,N,0,2026-07-04 20:36:54
LAB00165164,,MRN56676535,DR00235,H003-D09,H003,600-7,2026-07-05 00:10:54,2026-07-05 01:05:54,2026-07-05 03:14:54,Routine,,,HH,0,2026-07-05 03:19:54
LAB00165165,,MRN18686269,DR00222,H001-D06,H001,1988-5,2026-07-22 13:37:01,2026-07-22 14:15:01,2026-07-22 17:22:01,Routine,2.947,,L,0,2026-07-22 17:27:01
LAB00165166,,MRN85263751,DR00003,H003-D01,H003,4544-3,2026-03-28 19:25:06,2026-03-28 20:15:06,2026-03-28 21:47:06,Routine,57.876,,HH,0,2026-03-28 21:52:06
LAB00165167,,MRN88983004,DR00024,H003-D08,H003,1920-8,2026-07-22 23:56:21,2026-07-23 00:36:21,2026-07-23 01:37:21,Routine,111.048,,H,0,2026-07-23 01:42:21
LAB00165168,,MRN29836000,DR00036,H002-D01,H002,777-3,2026-07-26 03:24:34,2026-07-26 03:42:34,2026-07-26 06:30:34,STAT,90.262,,N,0,2026-07-26 06:35:34
LAB00165169,,MRN29836000,DR00064,H001-D03,H001,2075-0,2026-07-26 23:24:34,2026-07-26 23:36:34,2026-07-27 02:12:34,Routine,135.824,,L,0,2026-07-27 02:17:34
LAB00165170,,MRN29836000,DR00188,H003-D08,H003,4544-3,2026-07-25 22:24:34,2026-07-25 23:23:34,2026-07-26 02:01:34,Routine,184.637,,HH,0,2026-07-26 02:06:34
LAB00165171,,MRN84886210,DR00196,H001-D09,H001,6690-2,2026-07-19 14:23:18,2026-07-19 15:12:18,2026-07-19 18:56:18,Routine,72.725,,L,0,2026-07-19 19:01:18
LAB00165172,,MRN25222866,DR00161,H002-D01,H002,4544-3,2026-07-25 08:36:46,2026-07-25 08:51:46,2026-07-25 13:12:46,Routine,124.522,,HH,0,2026-07-25 13:17:46
LAB00165173,,MRN29006730,DR00069,H001-D10,H001,5902-2,2026-03-20 15:26:11,2026-03-20 16:55:11,2026-03-20 17:38:11,STAT,145.33,,N,0,2026-03-20 17:43:11
LAB00165174,,MRN29006730,DR00144,H002-D06,H002,777-3,2026-03-21 21:26:11,2026-03-21 22:29:11,2026-03-22 01:12:11,Routine,118.762,,H,0,2026-03-22 01:17:11
LAB00165175,,MRN29006730,DR00223,H001-D08,H001,2345-7,2026-03-20 21:26:11,2026-03-20 22:52:11,2026-03-21 02:40:11,Routine,171.578,,N,0,2026-03-21 02:45:11
LAB00165176,,MRN54670541,DR00017,H002-D04,H002,30934-4,2026-07-24 20:29:00,2026-07-24 21:35:00,2026-07-25 01:17:00,Routine,171.721,,N,0,2026-07-25 01:22:00
LAB00165177,,MRN62793345,DR00144,H001-D05,H001,10839-9,2026-07-05 06:51:29,2026-07-05 07:28:29,2026-07-05 08:21:29,STAT,168.987,,H,0,2026-07-05 08:26:29
LAB00165178,,MRN85205566,DR00197,H002-D09,H002,630-4,2026-07-25 08:51:36,2026-07-25 09:50:36,2026-07-25 10:24:36,Routine,,,L,0,2026-07-25 10:29:36
LAB00165179,,MRN85205566,DR00030,H001-D10,H001,6690-2,2026-07-25 11:51:36,2026-07-25 12:55:36,2026-07-25 14:06:36,Routine,148.28,,N,0,2026-07-25 14:11:36
LAB00165180,,MRN85205566,DR00064,H002-D07,H002,1975-2,2026-07-26 19:51:36,2026-07-26 21:12:36,2026-07-27 01:36:36,STAT,166.959,,L,0,2026-07-27 01:41:36
LAB00165181,,MRN47745528,DR00093,H003-D01,H003,718-7,2026-09-01 19:26:36,2026-09-01 19:58:36,2026-09-01 21:20:36,Routine,197.729,,N,0,2026-09-01 21:25:36
LAB00165182,,MRN47745528,DR00013,H001-D09,H001,2951-2,2026-09-01 17:26:36,2026-09-01 18:19:36,2026-09-01 19:55:36,Routine,112.51,,N,0,2026-09-01 20:00:36
LAB00165183,,MRN31414689,DR00234,H001-D10,H001,3016-3,2026-08-05 08:21:34,2026-08-05 08:35:34,2026-08-05 10:57:34,Routine,25.638,,HH,0,2026-08-05 11:02:34
LAB00165184,,MRN31414689,DR00101,H001-D06,H001,2345-7,2026-08-04 04:21:34,2026-08-04 05:40:34,2026-08-04 07:05:34,Routine,9.299,,L,0,2026-08-04 07:10:34
LAB00165185,,MRN31414689,DR00215,H003-D07,H003,2075-0,2026-08-05 19:21:34,2026-08-05 19:37:34,2026-08-05 23:39:34,Routine,101.134,,L,0,2026-08-05 23:44:34
LAB00165186,,MRN86953286,DR00109,H002-D08,H002,4548-4,2026-07-16 07:52:57,2026-07-16 08:43:57,2026-07-16 13:28:57,STAT,142.172,,H,0,2026-07-16 13:33:57
LAB00165187,,MRN86953286,DR00137,H003-D10,H003,6690-2,2026-07-15 22:52:57,2026-07-15 23:00:57,2026-07-16 03:42:57,STAT,37.211,,L,0,2026-07-16 03:47:57
LAB00165188,,MRN14657209,DR00147,H001-D06,H001,630-4,2026-08-16 23:22:53,2026-08-17 00:38:53,2026-08-17 03:16:53,STAT,,,L,0,2026-08-17 03:21:53
LAB00165189,,MRN98584477,DR00112,H001-D08,H001,6301-6,2026-07-07 19:33:13,2026-07-07 19:46:13,2026-07-07 20:55:13,Routine,2.422,,N,0,2026-07-07 21:00:13
LAB00165190,,MRN98584477,DR00178,H003-D05,H003,6690-2,2026-07-07 13:33:13,2026-07-07 14:35:13,2026-07-07 17:59:13,Routine,119.017,,HH,0,2026-07-07 18:04:13
LAB00165191,,MRN98584477,DR00175,H002-D06,H002,3016-3,2026-07-06 10:33:13,2026-07-06 11:29:13,2026-07-06 11:51:13,Routine,126.942,,L,0,2026-07-06 11:56:13
LAB00165192,,MRN36758377,DR00065,H003-D05,H003,2160-0,2026-07-21 15:54:24,2026-07-21 16:02:24,2026-07-21 18:13:24,Routine,162.544,,HH,0,2026-07-21 18:18:24
LAB00165193,,MRN36758377,DR00111,H001-D05,H001,4544-3,2026-07-21 23:54:24,2026-07-22 01:12:24,2026-07-22 06:02:24,Routine,73.695,,HH,0,2026-07-22 06:07:24
LAB00165194,,MRN36758377,DR00028,H003-D07,H003,777-3,2026-07-22 08:54:24,2026-07-22 09:55:24,2026-07-22 11:18:24,Routine,46.608,,L,0,2026-07-22 11:23:24
LAB00165195,,MRN69928805,DR00037,H002-D01,H002,5902-2,2025-09-17 01:15:05,2025-09-17 02:36:05,2025-09-17 05:12:05,Routine,15.57,,N,0,2025-09-17 05:17:05
LAB00165196,,MRN69928805,DR00088,H002-D04,H002,6301-6,2025-09-17 17:15:05,2025-09-17 17:49:05,2025-09-17 19:07:05,Routine,148.27,,HH,0,2025-09-17 19:12:05
LAB00165197,,MRN77491742,DR00162,H002-D03,H002,3094-0,2026-07-16 16:14:43,2026-07-16 17:36:43,2026-07-16 21:02:43,Routine,48.839,,HH,0,2026-07-16 21:07:43
LAB00165198,,MRN77491742,DR00017,H004-D03,H004,1742-6,2026-07-15 17:14:43,2026-07-15 17:44:43,2026-07-15 21:39:43,Routine,189.666,,N,0,2026-07-15 21:44:43
LAB00165199,,MRN77491742,DR00007,H001-D01,H001,5811-5,2026-07-15 02:14:43,2026-07-15 03:38:43,2026-07-15 04:53:43,Routine,131.476,,L,0,2026-07-15 04:58:43
LAB00165200,,MRN57097222,DR00002,H003-D10,H003,2160-0,2026-07-21 02:13:43,2026-07-21 02:49:43,2026-07-21 03:40:43,Routine,60.572,,N,0,2026-07-21 03:45:43
LAB00165201,,MRN57097222,DR00061,H003-D04,H003,1920-8,2026-07-20 11:13:43,2026-07-20 12:22:43,2026-07-20 14:08:43,Routine,67.495,,L,0,2026-07-20 14:13:43
LAB00165202,,MRN49930110,DR00108,H002-D09,H002,2345-7,2026-04-29 15:53:38,2026-04-29 16:10:38,2026-04-29 20:13:38,Routine,44.927,,N,0,2026-04-29 20:18:38
LAB00165203,,MRN54082038,DR00006,H003-D02,H003,5902-2,2026-08-09 00:01:25,2026-08-09 00:24:25,2026-08-09 01:23:25,Routine,104.915,,N,0,2026-08-09 01:28:25
LAB00165204,,MRN22883307,DR00040,H003-D01,H003,5811-5,2026-08-15 12:26:12,2026-08-15 13:12:12,2026-08-15 18:01:12,Routine,99.571,,H,0,2026-08-15 18:06:12
LAB00165205,,MRN22883307,DR00170,H002-D02,H002,6301-6,2026-08-15 19:26:12,2026-08-15 20:43:12,2026-08-15 21:03:12,Routine,95.606,,HH,0,2026-08-15 21:08:12
LAB00165206,,MRN55678785,DR00183,H001-D08,H001,3016-3,2026-07-03 05:04:14,2026-07-03 05:57:14,2026-07-03 06:19:14,Routine,114.144,,HH,0,2026-07-03 06:24:14
LAB00165207,,MRN84649597,DR00059,H001-D07,H001,2075-0,2026-05-28 19:36:02,2026-05-28 20:03:02,2026-05-28 23:29:02,Routine,29.08,,H,0,2026-05-28 23:34:02
LAB00165208,,MRN84649597,DR00115,H002-D06,H002,5811-5,2026-05-30 06:36:02,2026-05-30 06:57:02,2026-05-30 08:28:02,Routine,139.321,,H,0,2026-05-30 08:33:02
LAB00165209,,MRN84649597,DR00172,H003-D07,H003,2823-3,2026-05-29 07:36:02,2026-05-29 07:49:02,2026-05-29 11:00:02,Routine,98.038,,L,0,2026-05-29 11:05:02
LAB00165210,,MRN85731513,DR00117,H002-D04,H002,1920-8,2026-07-05 10:37:15,2026-07-05 11:37:15,2026-07-05 13:51:15,STAT,180.716,,HH,0,2026-07-05 13:56:15
LAB00165211,,MRN65812728,DR00009,H001-D01,H001,2085-9,2026-08-25 10:19:21,2026-08-25 11:27:21,2026-08-25 16:03:21,Routine,48.865,,N,0,2026-08-25 16:08:21
LAB00165212,,MRN65812728,DR00216,H003-D02,H003,2085-9,2026-08-25 15:19:21,2026-08-25 15:46:21,2026-08-25 18:00:21,Routine,84.916,,H,0,2026-08-25 18:05:21
LAB00165213,,MRN15885837,DR00045,H002-D08,H002,5902-2,2026-08-09 06:49:32,2026-08-09 07:24:32,2026-08-09 10:38:32,Routine,84.221,,L,0,2026-08-09 10:43:32
LAB00165214,,MRN38243036,DR00037,H002-D07,H002,4548-4,2026-08-01 05:34:26,2026-08-01 06:16:26,2026-08-01 07:39:26,Routine,62.654,,L,0,2026-08-01 07:44:26
LAB00165215,,MRN38243036,DR00179,H001-D02,H001,4548-4,2026-07-31 11:34:26,2026-07-31 12:21:26,2026-07-31 15:39:26,Routine,58.504,,L,0,2026-07-31 15:44:26
LAB00165216,,MRN38243036,DR00048,H002-D05,H002,5811-5,2026-08-01 02:34:26,2026-08-01 03:39:26,2026-08-01 05:44:26,Routine,63.355,,H,0,2026-08-01 05:49:26
LAB00165217,,MRN68909683,DR00069,H002-D04,H002,5811-5,2026-08-20 01:05:55,2026-08-20 01:56:55,2026-08-20 05:11:55,Routine,34.815,,N,0,2026-08-20 05:16:55
LAB00165218,,MRN68909683,DR00026,H002-D05,H002,2085-9,2026-08-18 19:05:55,2026-08-18 19:37:55,2026-08-18 21:27:55,STAT,41.743,,HH,0,2026-08-18 21:32:55
LAB00165219,,MRN91142399,DR00143,H003-D01,H003,718-7,2026-08-17 12:04:36,2026-08-17 13:18:36,2026-08-17 15:03:36,Routine,16.257,,HH,0,2026-08-17 15:08:36
LAB00165220,,MRN91142399,DR00173,H001-D10,H001,777-3,2026-08-17 17:04:36,2026-08-17 17:40:36,2026-08-17 22:39:36,STAT,61.413,,H,0,2026-08-17 22:44:36
LAB00165221,,MRN65872505,DR00191,H001-D08,H001,2160-0,2026-08-12 18:28:40,2026-08-12 18:52:40,2026-08-12 20:01:40,Routine,97.506,,L,0,2026-08-12 20:06:40
LAB00165222,,MRN70867779,DR00190,H003-D05,H003,2075-0,2026-08-26 17:23:04,2026-08-26 17:32:04,2026-08-26 19:11:04,Routine,55.129,,HH,0,2026-08-26 19:16:04
LAB00165223,,MRN70867779,DR00039,H001-D06,H001,630-4,2026-08-27 12:23:04,2026-08-27 13:48:04,2026-08-27 15:27:04,Routine,,,L,0,2026-08-27 15:32:04
LAB00165224,,MRN81774207,DR00064,H002-D01,H002,10839-9,2026-08-10 04:52:38,2026-08-10 05:34:38,2026-08-10 07:10:38,STAT,144.401,,N,0,2026-08-10 07:15:38
LAB00165225,,MRN81774207,DR00030,H004-D03,H004,6690-2,2026-08-09 02:52:38,2026-08-09 03:49:38,2026-08-09 06:19:38,Routine,175.411,,L,0,2026-08-09 06:24:38
LAB00165226,,MRN61345166,DR00036,H003-D03,H003,2085-9,2026-08-29 21:18:23,2026-08-29 21:39:23,2026-08-30 02:13:23,Routine,72.029,,N,0,2026-08-30 02:18:23
LAB00165227,,MRN73218737,DR00165,H003-D08,H003,1920-8,2026-07-05 13:43:32,2026-07-05 14:56:32,2026-07-05 19:26:32,Routine,47.947,,H,0,2026-07-05 19:31:32
LAB00165228,,MRN80492846,DR00053,H004-D10,H004,2160-0,2026-08-03 00:05:48,2026-08-03 01:11:48,2026-08-03 03:16:48,STAT,118.943,,H,0,2026-08-03 03:21:48
LAB00165229,,MRN29839691,DR00150,H001-D08,H001,600-7,2026-07-04 15:20:51,2026-07-04 16:39:51,2026-07-04 17:50:51,Routine,,,L,0,2026-07-04 17:55:51
LAB00165230,,MRN61368186,DR00028,H001-D08,H001,777-3,2025-12-17 22:51:12,2025-12-18 00:19:12,2025-12-18 00:41:12,Routine,28.167,,H,0,2025-12-18 00:46:12
LAB00165231,,MRN61368186,DR00044,H003-D03,H003,5902-2,2025-12-18 21:51:12,2025-12-18 22:10:12,2025-12-18 23:45:12,Routine,162.8,,N,0,2025-12-18 23:50:12
LAB00165232,,MRN61368186,DR00026,H002-D06,H002,3016-3,2025-12-17 12:51:12,2025-12-17 13:31:12,2025-12-17 16:04:12,Routine,96.751,,H,0,2025-12-17 16:09:12
LAB00165233,,MRN14880202,DR00181,H001-D05,H001,2075-0,2026-07-28 08:14:32,2026-07-28 08:41:32,2026-07-28 10:07:32,STAT,75.799,,L,0,2026-07-28 10:12:32
LAB00165234,,MRN14880202,DR00052,H001-D09,H001,777-3,2026-07-28 02:14:32,2026-07-28 03:40:32,2026-07-28 05:28:32,Routine,41.687,,HH,0,2026-07-28 05:33:32
LAB00165235,,MRN32165771,DR00185,H001-D07,H001,3016-3,2026-08-05 07:01:48,2026-08-05 07:54:48,2026-08-05 09:45:48,Routine,14.518,,H,0,2026-08-05 09:50:48
LAB00165236,,MRN84241299,DR00142,H003-D01,H003,3094-0,2026-08-01 03:17:33,2026-08-01 03:48:33,2026-08-01 08:33:33,Routine,94.295,,N,0,2026-08-01 08:38:33
LAB00165237,,MRN47566248,DR00113,H003-D03,H003,5902-2,2026-08-10 20:13:33,2026-08-10 20:22:33,2026-08-10 23:29:33,Routine,111.114,,HH,0,2026-08-10 23:34:33
LAB00165238,,MRN47566248,DR00047,H003-D03,H003,777-3,2026-08-11 06:13:33,2026-08-11 07:00:33,2026-08-11 08:30:33,STAT,1.028,,HH,0,2026-08-11 08:35:33
LAB00165239,,MRN47566248,DR00068,H003-D10,H003,4548-4,2026-08-10 02:13:33,2026-08-10 03:33:33,2026-08-10 06:18:33,Routine,174.554,,N,0,2026-08-10 06:23:33
LAB00165240,,MRN25083707,DR00028,H003-D02,H003,3016-3,2026-07-25 18:02:17,2026-07-25 18:54:17,2026-07-25 23:49:17,Routine,29.673,,N,0,2026-07-25 23:54:17
LAB00165241,,MRN25083707,DR00239,H003-D04,H003,LOCAL-777,2026-07-26 03:02:17,2026-07-26 03:20:17,2026-07-26 07:10:17,Routine,175.363,,H,0,2026-07-26 07:15:17
LAB00165242,,MRN42413676,DR00078,H003-D03,H003,30934-4,2026-07-31 11:04:14,2026-07-31 11:39:14,2026-07-31 12:38:14,Routine,38.558,,HH,0,2026-07-31 12:43:14
LAB00165243,,MRN42413676,DR00231,H002-D04,H002,777-3,2026-07-30 23:04:14,2026-07-31 00:05:14,2026-07-31 01:51:14,STAT,90.684,,HH,0,2026-07-31 01:56:14
LAB00165244,,MRN42413676,DR00006,H001-D08,H001,2951-2,2026-07-30 17:04:14,2026-07-30 18:30:14,2026-07-30 19:30:14,Routine,60.289,,L,0,2026-07-30 19:35:14
LAB00165245,,MRN76754628,DR00229,H002-D09,H002,2093-3,2026-07-16 07:00:01,2026-07-16 07:12:01,2026-07-16 08:07:01,Routine,194.569,,H,0,2026-07-16 08:12:01
LAB00165246,,MRN37662102,DR00064,H001-D06,H001,630-4,2026-08-08 17:11:44,2026-08-08 18:36:44,2026-08-08 22:55:44,Routine,,,HH,0,2026-08-08 23:00:44
LAB00165247,,MRN98645195,DR00112,H003-D02,H003,777-3,2026-07-25 22:47:03,2026-07-25 23:44:03,2026-07-26 00:50:03,Routine,72.282,,L,0,2026-07-26 00:55:03
LAB00165248,,MRN98645195,DR00008,H003-D09,H003,4548-4,2026-07-26 20:47:03,2026-07-26 22:12:03,2026-07-27 00:31:03,Routine,8.667,,N,0,2026-07-27 00:36:03
LAB00165249,,MRN49989588,DR00157,H003-D04,H003,10839-9,2026-07-22 00:37:34,2026-07-22 00:46:34,2026-07-22 04:46:34,Routine,105.802,,N,0,2026-07-22 04:51:34
LAB00165250,,MRN49989588,DR00068,H002-D03,H002,3094-0,2026-07-22 02:37:34,2026-07-22 03:56:34,2026-07-22 06:16:34,Routine,43.553,,N,0,2026-07-22 06:21:34
LAB00165251,,MRN49989588,DR00081,H002-D10,H002,630-4,2026-07-23 11:37:34,2026-07-23 12:28:34,2026-07-23 13:18:34,Routine,,,N,0,2026-07-23 13:23:34
LAB00165252,,MRN26536472,DR00119,H001-D03,H001,4544-3,2026-07-15 06:59:28,2026-07-15 08:00:28,2026-07-15 12:46:28,Routine,177.039,,HH,0,2026-07-15 12:51:28
LAB00165253,,MRN26536472,DR00027,H002-D05,H002,10839-9,2026-07-14 09:59:28,2026-07-14 11:07:28,2026-07-14 12:15:28,STAT,116.076,,N,0,2026-07-14 12:20:28
LAB00165254,,MRN26536472,DR00067,H001-D04,H001,2345-7,2026-07-14 15:59:28,2026-07-14 16:30:28,2026-07-14 19:02:28,STAT,49.923,,N,0,2026-07-14 19:07:28
LAB00165255,,MRN89170578,DR00239,H001-D02,H001,2823-3,2026-08-07 21:49:07,2026-08-07 22:37:07,2026-08-08 01:45:07,Routine,179.409,,N,0,2026-08-08 01:50:07
LAB00165256,,MRN89170578,DR00131,H001-D08,H001,5902-2,2026-08-08 09:49:07,2026-08-08 10:18:07,2026-08-08 13:44:07,Routine,186.433,,L,0,2026-08-08 13:49:07
LAB00165257,,MRN36191986,DR00134,H003-D01,H003,3094-0,2026-07-21 13:42:25,2026-07-21 14:01:25,2026-07-21 15:02:25,Routine,71.063,,H,0,2026-07-21 15:07:25
LAB00165258,,MRN36191986,DR00212,H003-D01,H003,6690-2,2026-07-21 14:42:25,2026-07-21 15:25:25,2026-07-21 16:38:25,STAT,130.164,,HH,0,2026-07-21 16:43:25
LAB00165259,,MRN92242789,DR00216,H002-D01,H002,10839-9,2026-08-27 13:32:45,2026-08-27 13:55:45,2026-08-27 17:58:45,Routine,33.658,,H,0,2026-08-27 18:03:45
LAB00165260,,MRN90098840,DR00091,H003-D08,H003,2093-3,2026-07-23 10:15:04,2026-07-23 10:43:04,2026-07-23 11:38:04,Routine,95.262,,HH,0,2026-07-23 11:43:04
LAB00165261,,MRN21161253,DR00085,H002-D06,H002,6690-2,2026-09-01 05:46:20,2026-09-01 06:57:20,2026-09-01 11:27:20,STAT,93.163,,HH,0,2026-09-01 11:32:20
LAB00165262,,MRN23164422,DR00213,H003-D02,H003,5902-2,2026-07-16 22:45:38,2026-07-16 23:03:38,2026-07-17 00:17:38,Routine,4.574,,L,0,2026-07-17 00:22:38
LAB00165263,,MRN23164422,DR00077,H002-D05,H002,718-7,2026-07-16 22:45:38,2026-07-17 00:06:38,2026-07-17 03:57:38,Routine,159.707,,HH,0,2026-07-17 04:02:38
LAB00165264,,MRN23164422,DR00030,H004-D10,H004,2823-3,2026-07-18 09:45:38,2026-07-18 10:03:38,2026-07-18 11:44:38,Routine,87.636,,N,0,2026-07-18 11:49:38
LAB00165265,,MRN57880292,DR00209,H002-D09,H002,6690-2,2026-07-09 07:35:26,2026-07-09 08:16:26,2026-07-09 13:10:26,Routine,102.565,,H,0,2026-07-09 13:15:26
LAB00165266,,MRN46819926,DR00096,H002-D05,H002,2075-0,2026-08-17 15:54:45,2026-08-17 16:51:45,2026-08-17 19:06:45,Routine,170.715,,H,0,2026-08-17 19:11:45
LAB00165267,,MRN46819926,DR00062,H003-D08,H003,3094-0,2026-08-17 16:54:45,2026-08-17 17:02:45,2026-08-17 20:34:45,Routine,165.048,,N,0,2026-08-17 20:39:45
LAB00165268,,MRN46819926,DR00167,H001-D05,H001,5811-5,2026-08-17 21:54:45,2026-08-17 23:22:45,2026-08-17 23:57:45,Routine,42.473,,H,0,2026-08-18 00:02:45
LAB00165269,,MRN87350005,DR00062,H001-D09,H001,718-7,2026-08-30 07:04:21,2026-08-30 07:42:21,2026-08-30 11:05:21,Routine,139.252,,L,0,2026-08-30 11:10:21
LAB00165270,,MRN87350005,DR00211,H002-D02,H002,1988-5,2026-09-01 02:04:21,2026-09-01 02:53:21,2026-09-01 03:27:21,Routine,77.09,,L,0,2026-09-01 03:32:21
LAB00165271,,MRN87350005,DR00155,H003-D03,H003,4544-3,2026-08-31 04:04:21,2026-08-31 05:08:21,2026-08-31 07:47:21,Routine,199.874,,HH,0,2026-08-31 07:52:21
LAB00165272,,MRN51202596,DR00082,H002-D03,H002,2823-3,2026-08-14 21:13:19,2026-08-14 22:01:19,2026-08-15 01:15:19,Routine,159.691,,N,0,2026-08-15 01:20:19
LAB00165273,,MRN51202596,DR00104,H002-D02,H002,3016-3,2026-08-15 06:13:19,2026-08-15 06:19:19,2026-08-15 09:14:19,Routine,112.353,,N,0,2026-08-15 09:19:19
LAB00165274,,MRN51202596,DR00208,H001-D09,H001,718-7,2026-08-14 20:13:19,2026-08-14 21:15:19,2026-08-14 23:37:19,STAT,119.058,,HH,0,2026-08-14 23:42:19
LAB00165275,,MRN17843340,DR00098,H003-D05,H003,2951-2,2026-08-05 15:24:22,2026-08-05 16:27:22,2026-08-05 19:08:22,Routine,1.566,,L,0,2026-08-05 19:13:22
LAB00165276,,MRN38777626,DR00197,H003-D01,H003,2075-0,2026-08-01 16:13:35,2026-08-01 16:50:35,2026-08-01 20:26:35,Routine,13.559,,HH,0,2026-08-01 20:31:35
LAB00165277,,MRN38777626,DR00052,H001-D01,H001,5902-2,2026-08-01 15:13:35,2026-08-01 15:35:35,2026-08-01 17:10:35,Routine,29.986,,L,0,2026-08-01 17:15:35
LAB00165278,,MRN45939011,DR00080,H002-D06,H002,2823-3,2026-08-30 09:48:39,2026-08-30 09:53:39,2026-08-30 11:40:39,Routine,196.576,,N,0,2026-08-30 11:45:39
LAB00165279,,MRN45939011,DR00125,H003-D09,H003,2345-7,2026-08-30 18:48:39,2026-08-30 19:47:39,2026-08-30 22:48:39,STAT,28.194,,HH,0,2026-08-30 22:53:39
LAB00165280,,MRN45939011,DR00031,H001-D05,H001,1975-2,2026-08-30 05:48:39,2026-08-30 06:17:39,2026-08-30 06:43:39,Routine,131.023,,H,0,2026-08-30 06:48:39
LAB00165281,,MRN83842592,DR00216,H001-D03,H001,6301-6,2026-08-04 05:53:54,2026-08-04 06:58:54,2026-08-04 10:43:54,Routine,61.857,,HH,0,2026-08-04 10:48:54
LAB00165282,,MRN28197665,DR00238,H003-D03,H003,4548-4,2026-07-19 22:24:18,2026-07-19 23:18:18,2026-07-20 02:48:18,Routine,44.475,,HH,0,2026-07-20 02:53:18
LAB00165283,,MRN28197665,DR00006,H003-D05,H003,600-7,2026-07-19 01:24:18,2026-07-19 02:30:18,2026-07-19 05:56:18,Routine,,,N,0,2026-07-19 06:01:18
LAB00165284,,MRN89270082,DR00149,H003-D06,H003,3094-0,2026-08-05 12:15:45,2026-08-05 12:53:45,2026-08-05 17:49:45,Routine,122.374,,N,0,2026-08-05 17:54:45
LAB00165285,,MRN63114706,DR00197,H003-D03,H003,3016-3,2026-07-21 16:37:40,2026-07-21 16:42:40,2026-07-21 17:41:40,Routine,0.715,,L,0,2026-07-21 17:46:40
LAB00165286,,MRN63114706,DR00230,H001-D05,H001,5902-2,2026-07-21 00:37:40,2026-07-21 01:50:40,2026-07-21 03:27:40,Routine,125.224,,HH,0,2026-07-21 03:32:40
LAB00165287,,MRN63114706,DR00005,H002-D10,H002,3094-0,2026-07-21 00:37:40,2026-07-21 01:24:40,2026-07-21 04:18:40,Routine,122.495,,HH,0,2026-07-21 04:23:40
LAB00165288,,MRN21947800,DR00236,H001-D01,H001,88888-8,2026-08-11 23:15:57,2026-08-12 00:09:57,2026-08-12 04:10:57,Routine,69.835,,HH,0,2026-08-12 04:15:57
LAB00165289,,MRN21947800,DR00022,H002-D05,H002,630-4,2026-08-12 04:15:57,2026-08-12 05:17:57,2026-08-12 09:46:57,Routine,,,N,0,2026-08-12 09:51:57
LAB00165290,,MRN21947800,DR00153,H001-D02,H001,6690-2,2026-08-13 19:15:57,2026-08-13 20:40:57,2026-08-13 23:10:57,Routine,144.18,,HH,0,2026-08-13 23:15:57
LAB00165291,,MRN10383333,DR00048,H003-D08,H003,88888-8,2026-07-25 11:17:04,2026-07-25 12:05:04,2026-07-25 12:57:04,Routine,91.117,,L,0,2026-07-25 13:02:04
LAB00165292,,MRN10383333,DR00171,H003-D08,H003,3016-3,2026-07-24 06:17:04,2026-07-24 07:22:04,2026-07-24 08:02:04,STAT,134.226,,L,0,2026-07-24 08:07:04
LAB00165293,,MRN81931472,DR00007,H002-D01,H002,2075-0,2026-08-09 21:57:25,2026-08-09 23:20:25,2026-08-10 03:03:25,Routine,196.915,,N,0,2026-08-10 03:08:25
LAB00165294,,MRN81931472,DR00046,H001-D09,H001,2823-3,2026-08-09 18:57:25,2026-08-09 20:00:25,2026-08-09 22:04:25,Routine,51.512,,L,0,2026-08-09 22:09:25
LAB00165295,,MRN46074728,DR00187,H002-D03,H002,600-7,2026-07-09 14:26:53,2026-07-09 15:17:53,2026-07-09 16:46:53,Routine,,,HH,0,2026-07-09 16:51:53
LAB00165296,,MRN46074728,DR00164,H002-D06,H002,1742-6,2026-07-08 18:26:53,2026-07-08 18:46:53,2026-07-08 23:26:53,Routine,129.516,,HH,0,2026-07-08 23:31:53
LAB00165297,,MRN34656546,DR00224,H003-D04,H003,600-7,2026-07-21 18:44:47,2026-07-21 20:02:47,2026-07-21 21:50:47,Routine,,,H,0,2026-07-21 21:55:47
LAB00165298,,MRN34656546,DR00080,H001-D04,H001,718-7,2026-07-22 15:44:47,2026-07-22 16:20:47,2026-07-22 20:11:47,Routine,15.741,,HH,0,2026-07-22 20:16:47
LAB00165299,,MRN34656546,DR00118,H002-D08,H002,10839-9,2026-07-21 23:44:47,2026-07-22 00:23:47,2026-07-22 03:45:47,Routine,152.85,,N,0,2026-07-22 03:50:47
LAB00165300,,MRN84148612,DR00213,H001-D07,H001,6301-6,2026-09-02 10:27:52,2026-09-02 11:46:52,2026-09-02 13:22:52,Routine,128.825,,L,0,2026-09-02 13:27:52
LAB00165301,,MRN84148612,DR00018,H002-D06,H002,630-4,2026-09-01 15:27:52,2026-09-01 15:43:52,2026-09-01 19:26:52,Routine,,,L,0,2026-09-01 19:31:52
LAB00165302,,MRN84148612,DR00055,H004-D03,H004,3016-3,2026-09-02 09:27:52,2026-09-02 10:14:52,2026-09-02 11:48:52,STAT,72.24,,HH,0,2026-09-02 11:53:52
LAB00165303,,MRN57464706,DR00216,H003-D07,H003,5811-5,2026-07-28 21:52:03,2026-07-28 22:37:03,2026-07-29 01:44:03,Routine,146.152,,N,0,2026-07-29 01:49:03
LAB00165304,,MRN57464706,DR00139,H003-D02,H003,10839-9,2026-07-28 22:52:03,2026-07-28 23:22:03,2026-07-29 03:23:03,Routine,76.826,,N,0,2026-07-29 03:28:03
LAB00165305,,MRN57464706,DR00161,H002-D06,H002,6690-2,2026-07-27 17:52:03,2026-07-27 19:00:03,2026-07-27 23:41:03,Routine,91.091,,HH,0,2026-07-27 23:46:03
LAB00165306,,MRN10861350,DR00133,H001-D03,H001,6301-6,2026-07-23 12:02:47,2026-07-23 12:50:47,2026-07-23 14:01:47,STAT,21.658,,L,0,2026-07-23 14:06:47
LAB00165307,,MRN10861350,DR00182,H002-D08,H002,600-7,2026-07-25 01:02:47,2026-07-25 01:56:47,2026-07-25 03:31:47,Routine,,,L,0,2026-07-25 03:36:47
LAB00165308,,MRN42446952,DR00177,H001-D03,H001,2345-7,2026-07-29 21:35:08,2026-07-29 21:54:08,2026-07-29 23:21:08,Routine,7.169,,N,0,2026-07-29 23:26:08
LAB00165309,,MRN42446952,DR00195,H002-D03,H002,3094-0,2026-07-28 18:35:08,2026-07-28 19:28:08,2026-07-28 21:46:08,Routine,195.86,,HH,0,2026-07-28 21:51:08
LAB00165310,,MRN85490497,DR00173,H002-D05,H002,6301-6,2026-07-09 07:10:09,2026-07-09 07:53:09,2026-07-09 11:23:09,Routine,92.189,,L,0,2026-07-09 11:28:09
LAB00165311,,MRN10019447,DR00056,H002-D05,H002,2345-7,2026-08-27 16:36:04,2026-08-27 17:17:04,2026-08-27 18:03:04,Routine,170.81,,L,0,2026-08-27 18:08:04
LAB00165312,,MRN52685684,DR00129,H001-D03,H001,3094-0,2026-07-18 11:27:15,2026-07-18 12:21:15,2026-07-18 16:46:15,Routine,41.454,,HH,0,2026-07-18 16:51:15
LAB00165313,,MRN22546616,DR00156,H002-D02,H002,10839-9,2026-07-31 08:30:48,2026-07-31 09:02:48,2026-07-31 10:52:48,Routine,127.572,,HH,0,2026-07-31 10:57:48
LAB00165314,,MRN22546616,DR00206,H002-D05,H002,5902-2,2026-08-01 13:30:48,2026-08-01 14:07:48,2026-08-01 17:21:48,STAT,44.586,,HH,0,2026-08-01 17:26:48
LAB00165315,,MRN22546616,DR00211,H001-D01,H001,2093-3,2026-07-31 09:30:48,2026-07-31 10:26:48,2026-07-31 11:52:48,Routine,156.802,,H,0,2026-07-31 11:57:48
LAB00165316,,MRN63243524,DR00061,H002-D03,H002,2085-9,2026-07-13 07:52:50,2026-07-13 08:24:50,2026-07-13 13:10:50,Routine,40.26,,H,0,2026-07-13 13:15:50
LAB00165317,,MRN63243524,DR00033,H004-D03,H004,1742-6,2026-07-12 20:52:50,2026-07-12 21:32:50,2026-07-13 00:29:50,Routine,120.288,,HH,0,2026-07-13 00:34:50
LAB00165318,,MRN42012375,DR00040,H001-D08,H001,3016-3,2026-08-08 13:30:24,2026-08-08 14:33:24,2026-08-08 16:35:24,Routine,67.07,,N,0,2026-08-08 16:40:24
LAB00165319,,MRN42012375,DR00010,H003-D03,H003,4544-3,2026-08-07 21:30:24,2026-08-07 21:59:24,2026-08-07 23:30:24,Routine,88.683,,H,0,2026-08-07 23:35:24
LAB00165320,,MRN97008645,DR00031,H003-D03,H003,2093-3,2026-07-27 04:51:05,2026-07-27 06:14:05,2026-07-27 07:08:05,Routine,61.612,,N,0,2026-07-27 07:13:05
LAB00165321,,MRN91603398,DR00013,H003-D03,H003,4548-4,2026-07-28 17:54:51,2026-07-28 18:00:51,2026-07-28 18:33:51,STAT,134.758,,H,0,2026-07-28 18:38:51
LAB00165322,,MRN90214592,DR00153,H003-D09,H003,718-7,2026-07-23 21:07:21,2026-07-23 21:17:21,2026-07-23 22:26:21,Routine,186.475,,HH,0,2026-07-23 22:31:21
LAB00165323,,MRN90214592,DR00017,H003-D02,H003,718-7,2026-07-22 23:07:21,2026-07-23 00:25:21,2026-07-23 03:14:21,Routine,92.824,,HH,0,2026-07-23 03:19:21
LAB00165324,,MRN90214592,DR00193,H001-D05,H001,630-4,2026-07-24 02:07:21,2026-07-24 02:51:21,2026-07-24 04:31:21,Routine,,,L,0,2026-07-24 04:36:21
LAB00165325,,MRN95250819,DR00141,H003-D08,H003,2075-0,2026-07-20 20:16:40,2026-07-20 20:35:40,2026-07-20 22:36:40,STAT,126.592,,HH,0,2026-07-20 22:41:40
LAB00165326,,MRN11382080,DR00079,H003-D03,H003,2160-0,2026-01-21 07:10:25,2026-01-21 08:11:25,2026-01-21 09:57:25,STAT,76.534,,L,0,2026-01-21 10:02:25
LAB00165327,,MRN11382080,DR00140,H001-D09,H001,88888-8,2026-01-21 16:10:25,2026-01-21 17:24:25,2026-01-21 21:03:25,Routine,177.414,,H,0,2026-01-21 21:08:25
LAB00165328,,MRN11382080,DR00046,H003-D10,H003,2951-2,2026-01-19 19:10:25,2026-01-19 20:02:25,2026-01-19 21:29:25,Routine,5.337,,H,0,2026-01-19 21:34:25
LAB00165329,,MRN12856119,DR00096,H003-D09,H003,1742-6,2026-08-11 14:19:59,2026-08-11 15:28:59,2026-08-11 15:50:59,Routine,87.644,,HH,0,2026-08-11 15:55:59
LAB00165330,,MRN12856119,DR00193,H001-D08,H001,3094-0,2026-08-11 12:19:59,2026-08-11 13:44:59,2026-08-11 15:42:59,Routine,118.293,,N,0,2026-08-11 15:47:59
LAB00165331,,MRN53695177,DR00237,H002-D08,H002,4548-4,2025-06-17 02:00:26,2025-06-17 03:03:26,2025-06-17 03:26:26,Routine,101.218,,L,0,2025-06-17 03:31:26
LAB00165332,,MRN53695177,DR00106,H002-D10,H002,3016-3,2025-06-15 15:00:26,2025-06-15 16:10:26,2025-06-15 19:32:26,Routine,46.123,,L,0,2025-06-15 19:37:26
LAB00165333,,MRN67196858,DR00196,H002-D02,H002,2345-7,2026-07-23 15:42:47,2026-07-23 17:01:47,2026-07-23 21:21:47,Routine,4.261,,N,0,2026-07-23 21:26:47
LAB00165334,,MRN77876949,DR00111,H003-D08,H003,6301-6,2026-07-14 17:14:16,2026-07-14 17:28:16,2026-07-14 18:38:16,Routine,12.126,,L,0,2026-07-14 18:43:16
LAB00165335,,MRN61431085,DR00119,H004-D10,H004,630-4,2026-06-02 07:57:56,2026-06-02 09:01:56,2026-06-02 13:01:56,Routine,,,H,0,2026-06-02 13:06:56
LAB00165336,,MRN61431085,DR00217,H001-D05,H001,1742-6,2026-06-01 16:57:56,2026-06-01 18:16:56,2026-06-01 21:44:56,STAT,174.203,,N,0,2026-06-01 21:49:56
LAB00165337,,MRN61431085,DR00202,H002-D10,H002,777-3,2026-06-03 00:57:56,2026-06-03 02:03:56,2026-06-03 06:41:56,STAT,47.386,,L,0,2026-06-03 06:46:56
LAB00165338,,MRN20573808,DR00030,H001-D05,H001,1975-2,2026-08-07 02:51:00,2026-08-07 02:58:00,2026-08-07 03:32:00,Routine,28.584,,L,0,2026-08-07 03:37:00
LAB00165339,,MRN20573808,DR00200,H003-D03,H003,2160-0,2026-08-06 16:51:00,2026-08-06 17:50:00,2026-08-06 18:32:00,Routine,117.118,,N,0,2026-08-06 18:37:00
LAB00165340,,MRN20573808,DR00036,H003-D03,H003,6690-2,2026-08-07 10:51:00,2026-08-07 11:29:00,2026-08-07 14:34:00,Routine,148.421,,H,0,2026-08-07 14:39:00
LAB00165341,,MRN97149902,DR00220,H001-D07,H001,600-7,2025-09-24 18:33:48,2025-09-24 19:43:48,2025-09-24 21:43:48,Routine,,,H,0,2025-09-24 21:48:48
LAB00165342,,MRN97149902,DR00146,H001-D06,H001,2160-0,2025-09-25 06:33:48,2025-09-25 07:31:48,2025-09-25 08:27:48,Routine,96.537,,HH,0,2025-09-25 08:32:48
LAB00165343,,MRN97149902,DR00082,H001-D08,H001,2345-7,2025-09-24 04:33:48,2025-09-24 05:09:48,2025-09-24 06:06:48,Routine,7.934,,N,0,2025-09-24 06:11:48
LAB00165344,,MRN58593116,DR00125,H002-D06,H002,2951-2,2026-08-19 02:40:49,2026-08-19 03:30:49,2026-08-19 05:53:49,STAT,115.717,,N,0,2026-08-19 05:58:49
LAB00165345,,MRN58593116,DR00195,H003-D01,H003,6690-2,2026-08-18 11:40:49,2026-08-18 12:55:49,2026-08-18 14:15:49,Routine,197.927,,N,0,2026-08-18 14:20:49
LAB00165346,,MRN58593116,DR00163,H003-D01,H003,630-4,2026-08-17 12:40:49,2026-08-17 14:06:49,2026-08-17 17:45:49,Routine,,,L,0,2026-08-17 17:50:49
LAB00165347,,MRN88804692,DR00218,H002-D10,H002,3094-0,2026-07-19 11:57:12,2026-07-19 13:26:12,2026-07-19 14:09:12,Routine,26.059,,HH,0,2026-07-19 14:14:12
LAB00165348,,MRN88804692,DR00068,H004-D10,H004,1742-6,2026-07-21 00:57:12,2026-07-21 01:51:12,2026-07-21 03:35:12,Routine,161.161,,N,0,2026-07-21 03:40:12
LAB00165349,,MRN39020083,DR00135,H002-D03,H002,6690-2,2026-08-04 08:41:44,2026-08-04 09:21:44,2026-08-04 13:13:44,Routine,15.934,,N,0,2026-08-04 13:18:44
LAB00165350,,MRN39020083,DR00217,H004-D10,H004,2160-0,2026-08-05 06:41:44,2026-08-05 07:23:44,2026-08-05 09:33:44,Routine,126.538,,H,0,2026-08-05 09:38:44
LAB00165351,,MRN39020083,DR00026,H002-D09,H002,2345-7,2026-08-05 11:41:44,2026-08-05 13:04:44,2026-08-05 16:37:44,Routine,124.951,,N,0,2026-08-05 16:42:44
LAB00165352,,MRN48785277,DR00011,H003-D03,H003,1988-5,2026-08-06 11:33:02,2026-08-06 12:22:02,2026-08-06 15:07:02,Routine,43.128,,HH,0,2026-08-06 15:12:02
LAB00165353,,MRN41381815,DR00223,H001-D10,H001,1988-5,2026-08-19 03:54:16,2026-08-19 04:23:16,2026-08-19 05:28:16,Routine,72.471,,L,0,2026-08-19 05:33:16
LAB00165354,,MRN41381815,DR00101,H002-D04,H002,1742-6,2026-08-18 21:54:16,2026-08-18 22:13:16,2026-08-19 01:34:16,Routine,24.16,,HH,0,2026-08-19 01:39:16
LAB00165355,,MRN94271151,DR00040,H001-D09,H001,5902-2,2026-07-07 17:25:19,2026-07-07 18:03:19,2026-07-07 20:16:19,Routine,20.116,,L,0,2026-07-07 20:21:19
LAB00165356,,MRN94271151,DR00094,H003-D02,H003,4548-4,2026-07-07 03:25:19,2026-07-07 03:58:19,2026-07-07 07:06:19,Routine,106.414,,L,0,2026-07-07 07:11:19
LAB00165357,,MRN81210557,DR00027,H001-D03,H001,6301-6,2026-08-10 23:27:26,2026-08-10 23:43:26,2026-08-11 03:15:26,Routine,180.765,,N,0,2026-08-11 03:20:26
LAB00165358,,MRN15000481,DR00209,H001-D05,H001,6301-6,2026-08-02 13:06:37,2026-08-02 13:17:37,2026-08-02 17:22:37,Routine,55.046,,HH,0,2026-08-02 17:27:37
LAB00165359,,MRN15000481,DR00194,H001-D08,H001,1920-8,2026-08-02 06:06:37,2026-08-02 07:24:37,2026-08-02 09:47:37,Routine,40.72,,H,0,2026-08-02 09:52:37
LAB00165360,,MRN40859991,DR00068,H002-D10,H002,88888-8,2026-07-24 16:58:35,2026-07-24 17:55:35,2026-07-24 22:25:35,Routine,26.399,,N,0,2026-07-24 22:30:35
LAB00165361,,MRN40859991,DR00183,H001-D05,H001,4544-3,2026-07-24 11:58:35,2026-07-24 12:17:35,2026-07-24 17:16:35,Routine,130.966,,HH,0,2026-07-24 17:21:35
LAB00165362,,MRN40859991,DR00064,H002-D10,H002,2075-0,2026-07-24 11:58:35,2026-07-24 12:57:35,2026-07-24 16:13:35,Routine,135.312,,HH,0,2026-07-24 16:18:35
LAB00165363,,MRN14642393,DR00166,H002-D07,H002,1920-8,2026-08-04 05:56:48,2026-08-04 06:18:48,2026-08-04 09:07:48,Routine,121.988,,L,0,2026-08-04 09:12:48
LAB00165364,,MRN97291094,DR00112,H003-D03,H003,2075-0,2026-07-13 17:49:37,2026-07-13 18:38:37,2026-07-13 23:01:37,Routine,124.883,,H,0,2026-07-13 23:06:37
LAB00165365,,MRN60847422,DR00153,H003-D08,H003,1988-5,2026-01-11 13:23:36,2026-01-11 14:04:36,2026-01-11 16:53:36,Routine,0.513,,H,0,2026-01-11 16:58:36
LAB00165366,,MRN60847422,DR00014,H002-D08,H002,2075-0,2026-01-10 22:23:36,2026-01-10 23:43:36,2026-01-11 01:09:36,Routine,2.918,,L,0,2026-01-11 01:14:36
LAB00165367,,MRN60847422,DR00032,H003-D04,H003,6301-6,2026-01-11 04:23:36,2026-01-11 05:20:36,2026-01-11 10:12:36,Routine,192.19,,L,0,2026-01-11 10:17:36
LAB00165368,,MRN46887515,DR00170,H002-D06,H002,2075-0,2026-08-12 10:52:07,2026-08-12 11:06:07,2026-08-12 13:49:07,Routine,153.43,,HH,0,2026-08-12 13:54:07
LAB00165369,,MRN84849131,DR00219,H002-D02,H002,10839-9,2026-08-24 09:44:35,2026-08-24 11:13:35,2026-08-24 15:35:35,STAT,175.885,,N,0,2026-08-24 15:40:35
LAB00165370,,MRN84849131,DR00171,H003-D03,H003,2823-3,2026-08-23 10:44:35,2026-08-23 11:47:35,2026-08-23 16:15:35,Routine,166.832,,L,0,2026-08-23 16:20:35
LAB00165371,,MRN61078946,DR00104,H003-D08,H003,30934-4,2026-07-18 16:40:42,2026-07-18 17:43:42,2026-07-18 19:24:42,STAT,186.437,,L,0,2026-07-18 19:29:42
LAB00165372,,MRN61078946,DR00086,H003-D03,H003,2951-2,2026-07-18 16:40:42,2026-07-18 18:02:42,2026-07-18 19:00:42,STAT,81.584,,H,0,2026-07-18 19:05:42
LAB00165373,,MRN61078946,DR00083,H003-D05,H003,2823-3,2026-07-18 11:40:42,2026-07-18 12:33:42,2026-07-18 15:28:42,STAT,19.057,,H,0,2026-07-18 15:33:42
LAB00165374,,MRN29769615,DR00061,H003-D07,H003,777-3,2026-07-08 02:29:08,2026-07-08 02:58:08,2026-07-08 04:29:08,STAT,147.744,,L,0,2026-07-08 04:34:08
LAB00165375,,MRN29769615,DR00017,H001-D10,H001,4548-4,2026-07-08 18:29:08,2026-07-08 19:54:08,2026-07-08 22:48:08,Routine,141.627,,HH,0,2026-07-08 22:53:08
LAB00165376,,MRN65260267,DR00162,H004-D03,H004,2345-7,2026-07-27 01:36:39,2026-07-27 02:18:39,2026-07-27 06:11:39,Routine,160.123,,L,0,2026-07-27 06:16:39
LAB00165377,,MRN61293894,DR00225,H003-D05,H003,30934-4,2026-01-21 06:41:11,2026-01-21 07:27:11,2026-01-21 08:06:11,Routine,22.021,,N,0,2026-01-21 08:11:11
LAB00165378,,MRN61293894,DR00189,H001-D08,H001,2951-2,2026-01-19 19:41:11,2026-01-19 20:48:11,2026-01-20 00:06:11,Routine,190.451,,H,0,2026-01-20 00:11:11
LAB00165379,,MRN15091581,DR00090,H001-D10,H001,30934-4,2026-07-27 04:34:13,2026-07-27 05:38:13,2026-07-27 06:52:13,Routine,131.68,,L,0,2026-07-27 06:57:13
LAB00165380,,MRN91085937,DR00162,H003-D04,H003,1988-5,2026-07-18 19:36:04,2026-07-18 19:53:04,2026-07-18 23:03:04,STAT,39.686,,N,0,2026-07-18 23:08:04
LAB00165381,,MRN91085937,DR00097,H001-D03,H001,6301-6,2026-07-18 07:36:04,2026-07-18 07:45:04,2026-07-18 09:34:04,Routine,150.312,,HH,0,2026-07-18 09:39:04
LAB00165382,,MRN91085937,DR00034,H002-D03,H002,2075-0,2026-07-19 12:36:04,2026-07-19 12:43:04,2026-07-19 14:19:04,Routine,5.529,,N,0,2026-07-19 14:24:04
LAB00165383,,MRN37080157,DR00119,H003-D05,H003,2951-2,2026-07-21 04:07:03,2026-07-21 04:45:03,2026-07-21 06:26:03,Routine,146.698,,H,0,2026-07-21 06:31:03
LAB00165384,,MRN45785455,DR00096,H003-D10,H003,1920-8,2026-08-23 04:03:23,2026-08-23 05:07:23,2026-08-23 06:05:23,Routine,79.301,,HH,0,2026-08-23 06:10:23
LAB00165385,,MRN45785455,DR00119,H003-D04,H003,2345-7,2026-08-23 08:03:23,2026-08-23 08:44:23,2026-08-23 10:36:23,Routine,61.551,,N,0,2026-08-23 10:41:23
LAB00165386,,MRN81267967,DR00019,H001-D07,H001,3016-3,2026-07-28 05:41:25,2026-07-28 06:58:25,2026-07-28 07:22:25,Routine,30.191,,N,0,2026-07-28 07:27:25
LAB00165387,,MRN81267967,DR00165,H001-D04,H001,3016-3,2026-07-27 21:41:25,2026-07-27 22:14:25,2026-07-27 22:49:25,Routine,58.636,,H,0,2026-07-27 22:54:25
LAB00165388,,MRN81267967,DR00175,H003-D02,H003,2160-0,2026-07-28 03:41:25,2026-07-28 03:57:25,2026-07-28 05:30:25,STAT,130.059,,HH,0,2026-07-28 05:35:25
LAB00165389,,MRN80710441,DR00183,H002-D06,H002,2160-0,2026-07-10 12:33:34,2026-07-10 13:03:34,2026-07-10 17:45:34,Routine,35.764,,H,0,2026-07-10 17:50:34
LAB00165390,,MRN80710441,DR00118,H004-D10,H004,5902-2,2026-07-09 18:33:34,2026-07-09 19:51:34,2026-07-10 00:32:34,Routine,163.003,,L,0,2026-07-10 00:37:34
LAB00165391,,MRN39931687,DR00134,H002-D05,H002,2085-9,2026-07-20 19:28:34,2026-07-20 20:26:34,2026-07-20 22:26:34,STAT,62.255,,HH,0,2026-07-20 22:31:34
LAB00165392,,MRN39931687,DR00139,H002-D07,H002,6690-2,2026-07-20 03:28:34,2026-07-20 03:58:34,2026-07-20 08:55:34,Routine,32.975,,N,0,2026-07-20 09:00:34
LAB00165393,,MRN39931687,DR00135,H001-D04,H001,718-7,2026-07-21 01:28:34,2026-07-21 02:55:34,2026-07-21 03:19:34,Routine,129.379,,N,0,2026-07-21 03:24:34
LAB00165394,,MRN93443917,DR00138,H001-D01,H001,2345-7,2026-07-13 09:14:47,2026-07-13 10:13:47,2026-07-13 14:18:47,Routine,24.919,,L,0,2026-07-13 14:23:47
LAB00165395,,MRN93443917,DR00129,H002-D07,H002,1920-8,2026-07-11 16:14:47,2026-07-11 16:39:47,2026-07-11 20:51:47,STAT,72.204,,HH,0,2026-07-11 20:56:47
LAB00165396,,MRN93443917,DR00035,H002-D04,H002,1975-2,2026-07-12 00:14:47,2026-07-12 00:27:47,2026-07-12 01:17:47,Routine,126.601,,H,0,2026-07-12 01:22:47
LAB00165397,,MRN66326634,DR00082,H001-D07,H001,6690-2,2026-08-31 02:55:26,2026-08-31 03:20:26,2026-08-31 05:33:26,Routine,175.621,,L,0,2026-08-31 05:38:26
LAB00165398,,MRN66326634,DR00050,H004-D10,H004,30934-4,2026-08-30 18:55:26,2026-08-30 19:21:26,2026-08-30 22:30:26,Routine,198.472,,N,0,2026-08-30 22:35:26
LAB00165399,,MRN66326634,DR00223,H003-D02,H003,6301-6,2026-08-31 20:55:26,2026-08-31 21:49:26,2026-09-01 02:23:26,Routine,111.829,,N,0,2026-09-01 02:28:26
LAB00165400,,MRN34724255,DR00097,H003-D01,H003,2075-0,2026-07-09 17:35:08,2026-07-09 18:15:08,2026-07-09 18:56:08,Routine,182.864,,H,0,2026-07-09 19:01:08
LAB00165401,,MRN34724255,DR00144,H003-D07,H003,6690-2,2026-07-10 07:35:08,2026-07-10 08:31:08,2026-07-10 09:36:08,Routine,95.724,,HH,0,2026-07-10 09:41:08
LAB00165402,,MRN34724255,DR00239,H001-D09,H001,2085-9,2026-07-10 08:35:08,2026-07-10 09:32:08,2026-07-10 13:34:08,Routine,20.117,,L,0,2026-07-10 13:39:08
LAB00165403,,MRN55195483,DR00217,H001-D08,H001,718-7,2026-03-23 06:17:17,2026-03-23 07:09:17,2026-03-23 08:32:17,Routine,49.374,,HH,0,2026-03-23 08:37:17
LAB00165404,,MRN55195483,DR00129,H002-D09,H002,6690-2,2026-03-23 18:17:17,2026-03-23 19:27:17,2026-03-23 21:11:17,Routine,84.365,,HH,0,2026-03-23 21:16:17
LAB00165405,,MRN55195483,DR00173,H003-D01,H003,30934-4,2026-03-24 11:17:17,2026-03-24 12:27:17,2026-03-24 16:00:17,STAT,64.486,,HH,0,2026-03-24 16:05:17
LAB00165406,,MRN73379327,DR00012,H003-D02,H003,2823-3,2026-07-15 21:45:49,2026-07-15 21:57:49,2026-07-15 23:21:49,Routine,133.287,,L,0,2026-07-15 23:26:49
LAB00165407,,MRN67820113,DR00145,H002-D05,H002,4544-3,2026-08-04 06:50:50,2026-08-04 07:46:50,2026-08-04 11:47:50,Routine,162.297,,H,0,2026-08-04 11:52:50
LAB00165408,,MRN67820113,DR00117,H003-D04,H003,630-4,2026-08-02 22:50:50,2026-08-02 23:55:50,2026-08-03 03:03:50,Routine,,,HH,0,2026-08-03 03:08:50
LAB00165409,,MRN67820113,DR00194,H002-D02,H002,2093-3,2026-08-02 23:50:50,2026-08-03 01:00:50,2026-08-03 02:29:50,Routine,33.74,,N,0,2026-08-03 02:34:50
LAB00165410,,MRN89587044,DR00089,H002-D07,H002,30934-4,2026-07-31 22:30:01,2026-07-31 22:53:01,2026-07-31 23:13:01,Routine,22.125,,H,0,2026-07-31 23:18:01
LAB00165411,,MRN96908137,DR00156,H001-D05,H001,5902-2,2026-08-19 18:29:21,2026-08-19 19:42:21,2026-08-19 20:22:21,Routine,45.085,,L,0,2026-08-19 20:27:21
LAB00165412,,MRN96908137,DR00097,H001-D10,H001,600-7,2026-08-20 11:29:21,2026-08-20 12:00:21,2026-08-20 14:13:21,Routine,,,H,0,2026-08-20 14:18:21
LAB00165413,,MRN12121036,DR00098,H001-D04,H001,3094-0,2026-07-15 03:24:43,2026-07-15 04:47:43,2026-07-15 06:37:43,Routine,50.883,,L,0,2026-07-15 06:42:43
LAB00165414,,MRN21367064,DR00203,H003-D09,H003,4548-4,2026-08-16 04:56:35,2026-08-16 05:02:35,2026-08-16 07:43:35,STAT,79.802,,L,0,2026-08-16 07:48:35
LAB00165415,,MRN21367064,DR00158,H003-D08,H003,4544-3,2026-08-16 01:56:35,2026-08-16 03:21:35,2026-08-16 04:34:35,STAT,2.271,,N,0,2026-08-16 04:39:35
LAB00165416,,MRN21367064,DR00176,H002-D06,H002,2160-0,2026-08-17 02:56:35,2026-08-17 03:14:35,2026-08-17 07:26:35,Routine,31.906,,H,0,2026-08-17 07:31:35
LAB00165417,,MRN64726309,DR00230,H002-D02,H002,1988-5,2026-08-16 04:24:54,2026-08-16 05:14:54,2026-08-16 08:43:54,Routine,18.489,,H,0,2026-08-16 08:48:54
LAB00165418,,MRN95932405,DR00040,H003-D09,H003,3094-0,2026-07-05 03:06:26,2026-07-05 04:14:26,2026-07-05 07:08:26,Routine,54.777,,H,0,2026-07-05 07:13:26
LAB00165419,,MRN95932405,DR00187,H003-D06,H003,2951-2,2026-07-05 18:06:26,2026-07-05 18:23:26,2026-07-05 22:03:26,Routine,33.744,,L,0,2026-07-05 22:08:26
LAB00165420,,MRN95932405,DR00209,H004-D10,H004,10839-9,2026-07-05 05:06:26,2026-07-05 05:27:26,2026-07-05 06:27:26,Routine,59.495,,H,0,2026-07-05 06:32:26
LAB00165421,,MRN67763149,DR00147,H001-D10,H001,600-7,2026-08-04 13:39:20,2026-08-04 13:48:20,2026-08-04 15:35:20,Routine,,,L,0,2026-08-04 15:40:20
LAB00165422,,MRN53801386,DR00068,H001-D05,H001,5902-2,2026-08-06 18:58:15,2026-08-06 19:18:15,2026-08-06 20:26:15,Routine,77.814,,N,0,2026-08-06 20:31:15
LAB00165423,,MRN27955220,DR00172,H002-D03,H002,3094-0,2026-07-26 07:36:22,2026-07-26 08:12:22,2026-07-26 12:03:22,Routine,14.682,,N,0,2026-07-26 12:08:22
LAB00165424,,MRN77886860,DR00064,H003-D04,H003,2093-3,2026-07-09 05:02:19,2026-07-09 06:25:19,2026-07-09 11:06:19,Routine,114.771,,HH,0,2026-07-09 11:11:19
LAB00165425,,MRN77886860,DR00225,H002-D01,H002,3016-3,2026-07-09 15:02:19,2026-07-09 15:27:19,2026-07-09 17:32:19,Routine,133.429,,N,0,2026-07-09 17:37:19
LAB00165426,,MRN61870425,DR00196,H002-D08,H002,1742-6,2026-07-20 01:14:48,2026-07-20 01:28:48,2026-07-20 02:19:48,Routine,23.824,,L,0,2026-07-20 02:24:48
LAB00165427,,MRN61870425,DR00165,H001-D07,H001,3016-3,2026-07-20 17:14:48,2026-07-20 17:20:48,2026-07-20 21:58:48,Routine,170.519,,HH,0,2026-07-20 22:03:48
LAB00165428,,MRN61870425,DR00005,H002-D01,H002,630-4,2026-07-19 04:14:48,2026-07-19 05:17:48,2026-07-19 06:02:48,Routine,,,HH,0,2026-07-19 06:07:48
LAB00165429,,MRN43479077,DR00198,H003-D04,H003,600-7,2026-07-13 06:18:47,2026-07-13 07:26:47,2026-07-13 11:48:47,Routine,,,L,0,2026-07-13 11:53:47
LAB00165430,,MRN43479077,DR00129,H003-D01,H003,2093-3,2026-07-14 10:18:47,2026-07-14 10:24:47,2026-07-14 12:12:47,Routine,195.586,,N,0,2026-07-14 12:17:47
LAB00165431,,MRN52034826,DR00047,H002-D05,H002,2951-2,2026-07-05 08:15:18,2026-07-05 09:06:18,2026-07-05 13:16:18,Routine,73.38,,HH,0,2026-07-05 13:21:18
LAB00165432,,MRN52034826,DR00162,H003-D10,H003,1742-6,2026-07-04 08:15:18,2026-07-04 08:31:18,2026-07-04 11:59:18,Routine,177.374,,N,0,2026-07-04 12:04:18
LAB00165433,,MRN52034826,DR00077,H003-D10,H003,1742-6,2026-07-05 05:15:18,2026-07-05 05:51:18,2026-07-05 07:06:18,Routine,104.408,,H,0,2026-07-05 07:11:18
LAB00165434,,MRN99552846,DR00079,H003-D05,H003,777-3,2026-08-16 03:33:16,2026-08-16 04:06:16,2026-08-16 08:42:16,Routine,127.677,,L,0,2026-08-16 08:47:16
LAB00165435,,MRN99552846,DR00224,H001-D09,H001,5902-2,2026-08-15 14:33:16,2026-08-15 14:52:16,2026-08-15 17:37:16,Routine,14.646,,HH,0,2026-08-15 17:42:16
LAB00165436,,MRN99552846,DR00018,H001-D06,H001,10839-9,2026-08-14 17:33:16,2026-08-14 18:49:16,2026-08-14 20:13:16,Routine,67.076,,N,0,2026-08-14 20:18:16
LAB00165437,,MRN64478815,DR00151,H002-D04,H002,3016-3,2026-08-07 06:37:59,2026-08-07 07:29:59,2026-08-07 11:39:59,STAT,18.795,,N,0,2026-08-07 11:44:59
LAB00165438,,MRN64478815,DR00191,H001-D08,H001,5902-2,2026-08-08 13:37:59,2026-08-08 15:05:59,2026-08-08 15:50:59,Routine,76.939,,H,0,2026-08-08 15:55:59
LAB00165439,,MRN53621539,DR00224,H003-D08,H003,1975-2,2026-07-31 23:35:10,2026-08-01 00:30:10,2026-08-01 02:15:10,Routine,116.535,,HH,0,2026-08-01 02:20:10
LAB00165440,,MRN53621539,DR00102,H001-D06,H001,777-3,2026-07-30 13:35:10,2026-07-30 14:40:10,2026-07-30 16:50:10,Routine,64.785,,L,0,2026-07-30 16:55:10
LAB00165441,,MRN36755950,DR00214,H001-D09,H001,718-7,2026-08-28 12:05:40,2026-08-28 12:38:40,2026-08-28 16:56:40,Routine,139.01,,H,0,2026-08-28 17:01:40
LAB00165442,,MRN36755950,DR00158,H002-D02,H002,6690-2,2026-08-28 03:05:40,2026-08-28 04:16:40,2026-08-28 08:02:40,Routine,169.798,,N,0,2026-08-28 08:07:40
LAB00165443,,MRN36755950,DR00016,H001-D05,H001,630-4,2026-08-26 21:05:40,2026-08-26 21:53:40,2026-08-27 02:25:40,STAT,,,L,0,2026-08-27 02:30:40
LAB00165444,,MRN72083419,DR00150,H003-D03,H003,6301-6,2026-07-19 17:55:35,2026-07-19 18:35:35,2026-07-19 21:32:35,Routine,123.828,,L,0,2026-07-19 21:37:35
LAB00165445,,MRN72083419,DR00091,H001-D05,H001,10839-9,2026-07-18 23:55:35,2026-07-19 00:24:35,2026-07-19 00:44:35,Routine,106.262,,HH,0,2026-07-19 00:49:35
LAB00165446,,MRN72083419,DR00014,H001-D02,H001,6690-2,2026-07-19 22:55:35,2026-07-19 23:36:35,2026-07-20 00:21:35,Routine,39.368,,H,0,2026-07-20 00:26:35
LAB00165447,,MRN84565159,DR00077,H003-D10,H003,2345-7,2026-07-30 10:11:41,2026-07-30 11:39:41,2026-07-30 13:54:41,Routine,146.381,,N,0,2026-07-30 13:59:41
LAB00165448,,MRN84565159,DR00024,H002-D07,H002,4548-4,2026-07-30 11:11:41,2026-07-30 12:14:41,2026-07-30 12:35:41,Routine,19.352,,H,0,2026-07-30 12:40:41
LAB00165449,,MRN16901357,DR00172,H002-D09,H002,2160-0,2026-08-12 05:12:25,2026-08-12 06:28:25,2026-08-12 09:20:25,Routine,184.909,,N,0,2026-08-12 09:25:25
LAB00165450,,MRN16901357,DR00203,H002-D07,H002,2951-2,2026-08-13 05:12:25,2026-08-13 05:57:25,2026-08-13 08:23:25,Routine,175.562,,H,0,2026-08-13 08:28:25
LAB00165451,,MRN67360382,DR00209,H004-D10,H004,2345-7,2026-08-15 05:44:01,2026-08-15 06:41:01,2026-08-15 10:34:01,Routine,154.533,,N,0,2026-08-15 10:39:01
LAB00165452,,MRN32537709,DR00068,H003-D04,H003,10839-9,2025-07-20 09:25:24,2025-07-20 09:46:24,2025-07-20 10:13:24,Routine,199.028,,N,0,2025-07-20 10:18:24
LAB00165453,,MRN14205582,DR00074,H001-D10,H001,2951-2,2026-08-16 05:40:45,2026-08-16 06:49:45,2026-08-16 11:42:45,STAT,61.483,,N,0,2026-08-16 11:47:45
LAB00165454,,MRN14205582,DR00224,H003-D10,H003,1975-2,2026-08-16 04:40:45,2026-08-16 05:10:45,2026-08-16 08:27:45,STAT,84.726,,H,0,2026-08-16 08:32:45
LAB00165455,,MRN14205582,DR00008,H002-D08,H002,2085-9,2026-08-15 13:40:45,2026-08-15 14:54:45,2026-08-15 17:32:45,Routine,103.256,,L,0,2026-08-15 17:37:45
LAB00165456,,MRN61433511,DR00230,H002-D05,H002,2085-9,2025-10-28 21:32:28,2025-10-28 21:57:28,2025-10-29 00:10:28,Routine,153.219,,L,0,2025-10-29 00:15:28
LAB00165457,,MRN79529210,DR00085,H001-D06,H001,6301-6,2026-08-31 23:04:16,2026-08-31 23:57:16,2026-09-01 04:03:16,Routine,149.061,,L,0,2026-09-01 04:08:16
LAB00165458,,MRN79529210,DR00023,H002-D01,H002,1988-5,2026-09-01 17:04:16,2026-09-01 18:02:16,2026-09-01 22:35:16,Routine,40.882,,N,0,2026-09-01 22:40:16
LAB00165459,,MRN31000480,DR00006,H001-D10,H001,600-7,2026-07-31 02:49:12,2026-07-31 03:39:12,2026-07-31 06:29:12,Routine,,,L,0,2026-07-31 06:34:12
LAB00165460,,MRN31000480,DR00157,H003-D04,H003,6301-6,2026-08-01 18:49:12,2026-08-01 19:22:12,2026-08-01 20:27:12,Routine,46.18,,N,0,2026-08-01 20:32:12
LAB00165461,,MRN31000480,DR00181,H002-D06,H002,30934-4,2026-07-31 10:49:12,2026-07-31 10:55:12,2026-07-31 12:56:12,Routine,196.443,,N,0,2026-07-31 13:01:12
LAB00165462,,MRN24510147,DR00128,H003-D07,H003,5811-5,2026-08-07 12:37:30,2026-08-07 12:46:30,2026-08-07 13:21:30,Routine,185.066,,N,0,2026-08-07 13:26:30
LAB00165463,,MRN43575064,DR00175,H002-D02,H002,630-4,2026-08-26 04:35:48,2026-08-26 05:14:48,2026-08-26 05:50:48,STAT,,,N,0,2026-08-26 05:55:48
LAB00165464,,MRN43575064,DR00068,H003-D01,H003,3016-3,2026-08-26 02:35:48,2026-08-26 03:58:48,2026-08-26 08:20:48,STAT,59.304,,HH,0,2026-08-26 08:25:48
LAB00165465,,MRN43575064,DR00179,H003-D08,H003,2085-9,2026-08-25 08:35:48,2026-08-25 09:50:48,2026-08-25 14:02:48,STAT,129.83,,HH,0,2026-08-25 14:07:48
LAB00165466,,MRN47434795,DR00129,H003-D10,H003,1988-5,2026-07-26 15:49:26,2026-07-26 16:39:26,2026-07-26 18:34:26,STAT,6.371,,L,0,2026-07-26 18:39:26
LAB00165467,,MRN47434795,DR00145,H004-D03,H004,718-7,2026-07-27 13:49:26,2026-07-27 13:59:26,2026-07-27 16:11:26,Routine,159.776,,L,0,2026-07-27 16:16:26
LAB00165468,,MRN47434795,DR00084,H002-D08,H002,2085-9,2026-07-26 07:49:26,2026-07-26 08:13:26,2026-07-26 11:20:26,Routine,136.47,,L,0,2026-07-26 11:25:26
LAB00165469,,MRN96902486,DR00030,H001-D01,H001,2093-3,2026-07-14 07:03:56,2026-07-14 07:57:56,2026-07-14 08:34:56,Routine,73.463,,HH,0,2026-07-14 08:39:56
LAB00165470,,MRN96902486,DR00158,H001-D06,H001,5902-2,2026-07-14 21:03:56,2026-07-14 21:43:56,2026-07-14 23:25:56,Routine,14.827,,HH,0,2026-07-14 23:30:56
LAB00165471,,MRN65224698,DR00228,H001-D08,H001,5811-5,2026-08-09 22:30:51,2026-08-09 23:41:51,2026-08-10 00:05:51,Routine,165.662,,H,0,2026-08-10 00:10:51
LAB00165472,,MRN65224698,DR00039,H003-D04,H003,6301-6,2026-08-09 19:30:51,2026-08-09 19:54:51,2026-08-09 22:24:51,STAT,109.228,,N,0,2026-08-09 22:29:51
LAB00165473,,MRN65224698,DR00109,H001-D10,H001,2160-0,2026-08-10 02:30:51,2026-08-10 03:57:51,2026-08-10 04:35:51,Routine,111.626,,N,0,2026-08-10 04:40:51
LAB00165474,,MRN40243402,DR00116,H002-D06,H002,1920-8,2026-07-17 04:10:43,2026-07-17 05:32:43,2026-07-17 07:08:43,Routine,107.241,,HH,0,2026-07-17 07:13:43
LAB00165475,,MRN40243402,DR00204,H002-D10,H002,4544-3,2026-07-17 15:10:43,2026-07-17 15:16:43,2026-07-17 18:06:43,STAT,163.675,,HH,0,2026-07-17 18:11:43
LAB00165476,,MRN40243402,DR00107,H001-D10,H001,6301-6,2026-07-18 06:10:43,2026-07-18 07:30:43,2026-07-18 07:56:43,Routine,65.836,,L,0,2026-07-18 08:01:43
LAB00165477,,MRN98820265,DR00013,H001-D04,H001,5811-5,2026-08-08 01:35:44,2026-08-08 03:02:44,2026-08-08 06:37:44,Routine,94.217,,H,0,2026-08-08 06:42:44
LAB00165478,,MRN98820265,DR00095,H003-D02,H003,630-4,2026-08-08 11:35:44,2026-08-08 12:33:44,2026-08-08 12:54:44,Routine,,,HH,0,2026-08-08 12:59:44
LAB00165479,,MRN91196730,DR00129,H002-D01,H002,5902-2,2026-08-28 02:42:06,2026-08-28 03:45:06,2026-08-28 05:08:06,STAT,117.858,,H,0,2026-08-28 05:13:06
LAB00165480,,MRN91196730,DR00051,H001-D09,H001,1920-8,2026-08-28 12:42:06,2026-08-28 13:30:06,2026-08-28 13:59:06,Routine,51.42,,H,0,2026-08-28 14:04:06
LAB00165481,,MRN91373199,DR00229,H003-D06,H003,30934-4,2026-07-06 08:28:10,2026-07-06 09:54:10,2026-07-06 14:22:10,STAT,143.171,,HH,0,2026-07-06 14:27:10
LAB00165482,,MRN73941061,DR00099,H002-D10,H002,2075-0,2026-08-15 11:27:09,2026-08-15 12:02:09,2026-08-15 13:27:09,Routine,107.192,,HH,0,2026-08-15 13:32:09
LAB00165483,,MRN73941061,DR00148,H002-D06,H002,4548-4,2026-08-16 18:27:09,2026-08-16 19:16:09,2026-08-16 19:38:09,Routine,75.132,,H,0,2026-08-16 19:43:09
LAB00165484,,MRN73941061,DR00071,H004-D10,H004,777-3,2026-08-15 10:27:09,2026-08-15 11:37:09,2026-08-15 12:49:09,Routine,126.906,,HH,0,2026-08-15 12:54:09
LAB00165485,,MRN26418067,DR00238,H001-D10,H001,4544-3,2026-08-15 13:53:02,2026-08-15 15:00:02,2026-08-15 16:10:02,STAT,11.555,,L,0,2026-08-15 16:15:02
LAB00165486,,MRN26418067,DR00200,H002-D10,H002,718-7,2026-08-16 04:53:02,2026-08-16 06:02:02,2026-08-16 09:03:02,Routine,172.755,,L,0,2026-08-16 09:08:02
LAB00165487,,MRN52280062,DR00160,H001-D03,H001,1742-6,2026-08-15 07:58:31,2026-08-15 08:42:31,2026-08-15 09:02:31,Routine,12.811,,N,0,2026-08-15 09:07:31
LAB00165488,,MRN27566367,DR00220,H002-D04,H002,2085-9,2026-07-22 22:13:26,2026-07-22 23:35:26,2026-07-23 03:56:26,STAT,72.296,,L,0,2026-07-23 04:01:26
LAB00165489,,MRN27566367,DR00116,H002-D10,H002,1988-5,2026-07-22 19:13:26,2026-07-22 20:41:26,2026-07-22 22:29:26,Routine,186.186,,L,0,2026-07-22 22:34:26
LAB00165490,,MRN27566367,DR00081,H002-D10,H002,5811-5,2026-07-24 05:13:26,2026-07-24 06:21:26,2026-07-24 08:30:26,Routine,148.545,,L,0,2026-07-24 08:35:26
LAB00165491,,MRN17508218,DR00187,H003-D09,H003,10839-9,2026-07-04 07:27:58,2026-07-04 07:50:58,2026-07-04 08:44:58,Routine,135.276,,L,0,2026-07-04 08:49:58
LAB00165492,,MRN17508218,DR00197,H003-D09,H003,5811-5,2026-07-04 09:27:58,2026-07-04 10:46:58,2026-07-04 13:54:58,Routine,80.131,,H,0,2026-07-04 13:59:58
LAB00165493,,MRN17508218,DR00128,H003-D08,H003,2951-2,2026-07-03 13:27:58,2026-07-03 14:22:58,2026-07-03 15:57:58,Routine,116.708,,N,0,2026-07-03 16:02:58
LAB00165494,,MRN99190016,DR00047,H001-D03,H001,1742-6,2026-07-04 11:32:51,2026-07-04 12:54:51,2026-07-04 14:38:51,Routine,43.253,,N,0,2026-07-04 14:43:51
LAB00165495,,MRN99190016,DR00080,H002-D08,H002,10839-9,2026-07-05 09:32:51,2026-07-05 10:15:51,2026-07-05 14:21:51,Routine,137.286,,N,0,2026-07-05 14:26:51
LAB00165496,,MRN34265067,DR00188,H003-D03,H003,3016-3,2026-08-01 05:20:55,2026-08-01 05:36:55,2026-08-01 09:36:55,Routine,79.498,,N,0,2026-08-01 09:41:55
LAB00165497,,MRN34265067,DR00033,H003-D05,H003,777-3,2026-08-01 01:20:55,2026-08-01 02:09:55,2026-08-01 06:26:55,STAT,6.431,,L,0,2026-08-01 06:31:55
LAB00165498,,MRN34265067,DR00101,H001-D10,H001,1742-6,2026-08-01 07:20:55,2026-08-01 07:56:55,2026-08-01 11:13:55,Routine,146.641,,HH,0,2026-08-01 11:18:55
LAB00165499,,MRN46155003,DR00032,H001-D09,H001,3094-0,2026-08-13 23:09:01,2026-08-14 00:28:01,2026-08-14 03:31:01,Routine,125.791,,L,0,2026-08-14 03:36:01
LAB00165500,,MRN46155003,DR00175,H001-D06,H001,1742-6,2026-08-14 07:09:01,2026-08-14 07:32:01,2026-08-14 09:07:01,Routine,176.713,,N,0,2026-08-14 09:12:01
LAB00165501,,MRN12781539,DR00112,H001-D03,H001,2951-2,2026-07-25 05:39:13,2026-07-25 06:49:13,2026-07-25 10:29:13,STAT,15.504,,N,0,2026-07-25 10:34:13
LAB00165502,,MRN84938211,DR00091,H001-D07,H001,3094-0,2026-08-09 01:09:38,2026-08-09 01:50:38,2026-08-09 04:13:38,Routine,159.622,,L,0,2026-08-09 04:18:38
LAB00165503,,MRN84938211,DR00014,H002-D03,H002,88888-8,2026-08-07 21:09:38,2026-08-07 22:11:38,2026-08-08 01:52:38,STAT,178.225,,N,0,2026-08-08 01:57:38
LAB00165504,,MRN84938211,DR00204,H002-D09,H002,2075-0,2026-08-07 19:09:38,2026-08-07 19:25:38,2026-08-07 21:25:38,STAT,53.304,,N,0,2026-08-07 21:30:38
LAB00165505,,MRN21575910,DR00148,H003-D02,H003,6690-2,2026-07-26 20:58:18,2026-07-26 22:03:18,2026-07-27 00:39:18,Routine,190.281,,N,0,2026-07-27 00:44:18
LAB00165506,,MRN21575910,DR00152,H002-D04,H002,1988-5,2026-07-26 15:58:18,2026-07-26 16:52:18,2026-07-26 17:17:18,Routine,78.817,,L,0,2026-07-26 17:22:18
LAB00165507,,MRN21575910,DR00053,H001-D09,H001,2345-7,2026-07-25 04:58:18,2026-07-25 05:41:18,2026-07-25 08:43:18,Routine,108.736,,H,0,2026-07-25 08:48:18
LAB00165508,,MRN18164042,DR00068,H001-D01,H001,2345-7,2026-07-31 22:21:36,2026-07-31 22:32:36,2026-08-01 01:04:36,Routine,188.452,,N,0,2026-08-01 01:09:36
LAB00165509,,MRN18164042,DR00174,H003-D08,H003,5902-2,2026-07-30 18:21:36,2026-07-30 19:45:36,2026-07-30 20:27:36,Routine,172.343,,HH,0,2026-07-30 20:32:36
LAB00165510,,MRN18164042,DR00182,H002-D05,H002,6690-2,2026-08-01 02:21:36,2026-08-01 02:42:36,2026-08-01 04:09:36,Routine,20.386,,HH,0,2026-08-01 04:14:36
LAB00165511,,MRN51093812,DR00108,H001-D01,H001,3016-3,2026-07-20 22:33:11,2026-07-20 23:53:11,2026-07-21 00:13:11,Routine,56.013,,L,0,2026-07-21 00:18:11
LAB00165512,,MRN51093812,DR00070,H003-D01,H003,777-3,2026-07-20 23:33:11,2026-07-21 00:34:11,2026-07-21 03:30:11,STAT,178.729,,N,0,2026-07-21 03:35:11
LAB00165513,,MRN51093812,DR00082,H003-D10,H003,5811-5,2026-07-20 04:33:11,2026-07-20 05:58:11,2026-07-20 08:48:11,Routine,5.309,,N,0,2026-07-20 08:53:11
LAB00165514,,MRN59592749,DR00036,H004-D10,H004,2093-3,2026-07-21 20:19:04,2026-07-21 21:08:04,2026-07-22 01:28:04,STAT,45.896,,L,0,2026-07-22 01:33:04
LAB00165515,,MRN59592749,DR00158,H001-D06,H001,718-7,2026-07-20 08:19:04,2026-07-20 09:44:04,2026-07-20 14:26:04,Routine,180.163,,N,0,2026-07-20 14:31:04
LAB00165516,,MRN49182976,DR00058,H001-D09,H001,2075-0,2026-08-14 15:10:23,2026-08-14 15:19:23,2026-08-14 18:04:23,Routine,2.721,,L,0,2026-08-14 18:09:23
LAB00165517,,MRN34391774,DR00134,H003-D06,H003,4544-3,2026-07-16 01:41:42,2026-07-16 02:42:42,2026-07-16 06:48:42,Routine,130.028,,L,0,2026-07-16 06:53:42
LAB00165518,,MRN34391774,DR00023,H002-D08,H002,4548-4,2026-07-15 07:41:42,2026-07-15 08:56:42,2026-07-15 10:16:42,Routine,177.243,,L,0,2026-07-15 10:21:42
LAB00165519,,MRN84325693,DR00190,H003-D08,H003,630-4,2026-07-12 00:19:00,2026-07-12 00:44:00,2026-07-12 05:35:00,Routine,,,N,0,2026-07-12 05:40:00
LAB00165520,,MRN39627269,DR00035,H001-D06,H001,2160-0,2026-08-05 02:56:27,2026-08-05 04:09:27,2026-08-05 08:44:27,Routine,22.753,,H,0,2026-08-05 08:49:27
LAB00165521,,MRN39627269,DR00092,H001-D09,H001,5811-5,2026-08-05 19:56:27,2026-08-05 20:37:27,2026-08-05 21:08:27,Routine,64.992,,L,0,2026-08-05 21:13:27
LAB00165522,,MRN25183534,DR00132,H001-D07,H001,600-7,2026-08-16 08:21:17,2026-08-16 09:47:17,2026-08-16 14:18:17,Routine,,,H,0,2026-08-16 14:23:17
LAB00165523,,MRN25183534,DR00128,H001-D05,H001,1742-6,2026-08-16 12:21:17,2026-08-16 12:47:17,2026-08-16 14:00:17,Routine,6.154,,L,0,2026-08-16 14:05:17
LAB00165524,,MRN25183534,DR00155,H001-D02,H001,1920-8,2026-08-16 11:21:17,2026-08-16 11:33:17,2026-08-16 16:06:17,Routine,70.229,,L,0,2026-08-16 16:11:17
LAB00165525,,MRN88460619,DR00114,H001-D04,H001,1742-6,2026-07-08 20:42:46,2026-07-08 20:58:46,2026-07-08 23:06:46,Routine,56.63,,H,0,2026-07-08 23:11:46
LAB00165526,,MRN56945058,DR00014,H002-D04,H002,6690-2,2026-07-10 06:30:26,2026-07-10 07:13:26,2026-07-10 09:34:26,Routine,179.622,,N,0,2026-07-10 09:39:26
LAB00165527,,MRN56945058,DR00107,H004-D10,H004,2951-2,2026-07-11 03:30:26,2026-07-11 04:54:26,2026-07-11 08:22:26,Routine,195.378,,N,0,2026-07-11 08:27:26
LAB00165528,,MRN56945058,DR00153,H001-D09,H001,5811-5,2026-07-10 18:30:26,2026-07-10 19:37:26,2026-07-10 20:58:26,Routine,83.375,,HH,0,2026-07-10 21:03:26
LAB00165529,,MRN31920072,DR00112,H002-D01,H002,2093-3,2026-09-01 11:37:37,2026-09-01 12:50:37,2026-09-01 17:00:37,Routine,18.11,,HH,0,2026-09-01 17:05:37
LAB00165530,,MRN31920072,DR00119,H003-D07,H003,1920-8,2026-09-01 02:37:37,2026-09-01 02:42:37,2026-09-01 05:58:37,Routine,37.617,,N,0,2026-09-01 06:03:37
LAB00165531,,MRN56554912,DR00182,H001-D03,H001,1975-2,2026-07-24 03:52:17,2026-07-24 05:13:17,2026-07-24 07:04:17,Routine,4.108,,HH,0,2026-07-24 07:09:17
LAB00165532,,MRN56554912,DR00196,H003-D05,H003,2345-7,2026-07-24 01:52:17,2026-07-24 02:40:17,2026-07-24 04:40:17,STAT,190.91,,HH,0,2026-07-24 04:45:17
LAB00165533,,MRN52484895,DR00108,H002-D07,H002,1920-8,2026-07-03 20:20:21,2026-07-03 20:52:21,2026-07-03 23:52:21,Routine,199.309,,H,0,2026-07-03 23:57:21
LAB00165534,,MRN52484895,DR00121,H003-D04,H003,2075-0,2026-07-04 19:20:21,2026-07-04 19:54:21,2026-07-04 22:55:21,Routine,142.269,,HH,0,2026-07-04 23:00:21
LAB00165535,,MRN52484895,DR00229,H001-D02,H001,1920-8,2026-07-04 15:20:21,2026-07-04 16:32:21,2026-07-04 20:31:21,STAT,52.922,,L,0,2026-07-04 20:36:21
LAB00165536,,MRN56827629,DR00164,H003-D02,H003,777-3,2026-08-27 17:58:00,2026-08-27 18:36:00,2026-08-27 23:23:00,STAT,31.764,,HH,0,2026-08-27 23:28:00
LAB00165537,,MRN56827629,DR00078,H001-D04,H001,2093-3,2026-08-27 01:58:00,2026-08-27 02:08:00,2026-08-27 04:22:00,Routine,51.42,,L,0,2026-08-27 04:27:00
LAB00165538,,MRN56827629,DR00118,H002-D06,H002,4544-3,2026-08-27 18:58:00,2026-08-27 20:27:00,2026-08-27 23:06:00,Routine,118.306,,HH,0,2026-08-27 23:11:00
LAB00165539,,MRN55411022,DR00135,H004-D10,H004,4544-3,2026-08-17 17:33:26,2026-08-17 18:03:26,2026-08-17 21:41:26,Routine,38.379,,L,0,2026-08-17 21:46:26
LAB00165540,,MRN55411022,DR00113,H002-D04,H002,600-7,2026-08-18 23:33:26,2026-08-19 01:01:26,2026-08-19 01:58:26,Routine,,,L,0,2026-08-19 02:03:26
LAB00165541,,MRN55411022,DR00113,H003-D05,H003,6301-6,2026-08-17 21:33:26,2026-08-17 21:39:26,2026-08-18 02:05:26,Routine,67.813,,L,0,2026-08-18 02:10:26
LAB00165542,,MRN88872942,DR00134,H003-D01,H003,6690-2,2026-07-07 00:20:20,2026-07-07 00:41:20,2026-07-07 05:15:20,Routine,59.615,,HH,0,2026-07-07 05:20:20
LAB00165543,,MRN87245637,DR00119,H001-D07,H001,3016-3,2026-07-11 08:57:56,2026-07-11 10:10:56,2026-07-11 14:35:56,Routine,131.785,,HH,0,2026-07-11 14:40:56
LAB00165544,,MRN87245637,DR00091,H003-D06,H003,1975-2,2026-07-12 14:57:56,2026-07-12 16:01:56,2026-07-12 19:20:56,STAT,123.885,,H,0,2026-07-12 19:25:56
LAB00165545,,MRN30800351,DR00126,H003-D08,H003,1975-2,2026-05-14 00:35:35,2026-05-14 01:30:35,2026-05-14 04:22:35,STAT,80.029,,N,0,2026-05-14 04:27:35
LAB00165546,,MRN30800351,DR00185,H003-D02,H003,2085-9,2026-05-13 23:35:35,2026-05-14 00:18:35,2026-05-14 02:07:35,Routine,150.621,,H,0,2026-05-14 02:12:35
LAB00165547,,MRN34527662,DR00234,H001-D02,H001,5811-5,2026-07-25 16:02:59,2026-07-25 17:28:59,2026-07-25 21:32:59,Routine,136.231,,L,0,2026-07-25 21:37:59
LAB00165548,,MRN34527662,DR00154,H003-D04,H003,630-4,2026-07-24 21:02:59,2026-07-24 22:05:59,2026-07-25 02:19:59,STAT,,,HH,0,2026-07-25 02:24:59
LAB00165549,,MRN20195272,DR00035,H002-D02,H002,6690-2,2026-08-29 00:46:58,2026-08-29 01:07:58,2026-08-29 03:14:58,Routine,167.476,,N,0,2026-08-29 03:19:58
LAB00165550,,MRN20195272,DR00210,H001-D09,H001,2093-3,2026-08-28 02:46:58,2026-08-28 03:42:58,2026-08-28 05:08:58,Routine,9.515,,HH,0,2026-08-28 05:13:58
LAB00165551,,MRN20195272,DR00016,H002-D09,H002,5811-5,2026-08-27 10:46:58,2026-08-27 12:09:58,2026-08-27 16:23:58,STAT,15.12,,HH,0,2026-08-27 16:28:58
LAB00165552,,MRN58936536,DR00207,H002-D07,H002,4548-4,2026-07-19 05:40:33,2026-07-19 06:09:33,2026-07-19 07:56:33,Routine,6.003,,N,0,2026-07-19 08:01:33
LAB00165553,,MRN58936536,DR00177,H001-D05,H001,6690-2,2026-07-18 16:40:33,2026-07-18 16:47:33,2026-07-18 20:32:33,Routine,49.246,,L,0,2026-07-18 20:37:33
LAB00165554,,MRN58936536,DR00087,H002-D06,H002,4548-4,2026-07-19 10:40:33,2026-07-19 11:04:33,2026-07-19 12:59:33,STAT,153.57,,HH,0,2026-07-19 13:04:33
LAB00165555,,MRN84932462,DR00018,H001-D06,H001,LOCAL-777,2026-07-15 03:57:46,2026-07-15 04:11:46,2026-07-15 07:26:46,Routine,191.183,,HH,0,2026-07-15 07:31:46
LAB00165556,,MRN85799181,DR00153,H003-D04,H003,6301-6,2026-07-22 05:09:50,2026-07-22 05:51:50,2026-07-22 10:38:50,STAT,66.688,,HH,0,2026-07-22 10:43:50
LAB00165557,,MRN85799181,DR00204,H002-D09,H002,2823-3,2026-07-21 13:09:50,2026-07-21 14:36:50,2026-07-21 16:52:50,STAT,5.614,,L,0,2026-07-21 16:57:50
LAB00165558,,MRN85799181,DR00079,H001-D01,H001,1742-6,2026-07-21 08:09:50,2026-07-21 08:46:50,2026-07-21 12:28:50,Routine,121.593,,H,0,2026-07-21 12:33:50
LAB00165559,,MRN36104518,DR00066,H003-D07,H003,3094-0,2026-07-25 18:36:25,2026-07-25 19:24:25,2026-07-25 23:13:25,Routine,120.321,,HH,0,2026-07-25 23:18:25
LAB00165560,,MRN36104518,DR00230,H003-D04,H003,5811-5,2026-07-25 06:36:25,2026-07-25 07:11:25,2026-07-25 11:14:25,Routine,82.217,,HH,0,2026-07-25 11:19:25
LAB00165561,,MRN36104518,DR00100,H002-D04,H002,1975-2,2026-07-25 06:36:25,2026-07-25 06:45:25,2026-07-25 07:26:25,Routine,136.416,,N,0,2026-07-25 07:31:25
LAB00165562,,MRN74770077,DR00202,H004-D10,H004,3094-0,2025-10-05 19:51:34,2025-10-05 20:41:34,2025-10-05 22:10:34,Routine,51.742,,N,0,2025-10-05 22:15:34
LAB00165563,,MRN56204226,DR00101,H001-D06,H001,2160-0,2026-07-13 12:34:48,2026-07-13 13:02:48,2026-07-13 18:00:48,Routine,133.491,,L,0,2026-07-13 18:05:48
LAB00165564,,MRN56204226,DR00063,H003-D05,H003,30934-4,2026-07-13 20:34:48,2026-07-13 21:38:48,2026-07-13 22:27:48,Routine,124.815,,N,0,2026-07-13 22:32:48
LAB00165565,,MRN56204226,DR00139,H001-D01,H001,1742-6,2026-07-14 03:34:48,2026-07-14 04:52:48,2026-07-14 08:41:48,STAT,99.724,,H,0,2026-07-14 08:46:48
LAB00165566,,MRN11718964,DR00120,H003-D01,H003,2085-9,2026-08-24 04:49:45,2026-08-24 05:56:45,2026-08-24 08:50:45,Routine,30.15,,N,0,2026-08-24 08:55:45
LAB00165567,,MRN11718964,DR00140,H003-D03,H003,3016-3,2026-08-25 08:49:45,2026-08-25 10:15:45,2026-08-25 15:03:45,STAT,175.566,,H,0,2026-08-25 15:08:45
LAB00165568,,MRN56059642,DR00206,H003-D02,H003,2823-3,2026-07-30 20:17:24,2026-07-30 20:33:24,2026-07-30 22:53:24,Routine,86.114,,N,0,2026-07-30 22:58:24
LAB00165569,,MRN38132463,DR00189,H003-D05,H003,30934-4,2026-07-27 06:03:03,2026-07-27 07:17:03,2026-07-27 09:36:03,Routine,43.17,,H,0,2026-07-27 09:41:03
LAB00165570,,MRN72322431,DR00065,H003-D10,H003,600-7,2026-07-26 06:41:01,2026-07-26 07:51:01,2026-07-26 08:12:01,Routine,,,H,0,2026-07-26 08:17:01
LAB00165571,,MRN72322431,DR00227,H002-D07,H002,3094-0,2026-07-26 12:41:01,2026-07-26 13:29:01,2026-07-26 15:08:01,Routine,2.354,,H,0,2026-07-26 15:13:01
LAB00165572,,MRN70482481,DR00021,H003-D10,H003,2075-0,2026-07-10 22:40:39,2026-07-10 23:45:39,2026-07-11 02:38:39,STAT,158.342,,L,0,2026-07-11 02:43:39
LAB00165573,,MRN70482481,DR00109,H002-D03,H002,10839-9,2026-07-09 20:40:39,2026-07-09 21:23:39,2026-07-10 00:36:39,Routine,92.145,,L,0,2026-07-10 00:41:39
LAB00165574,,MRN70482481,DR00102,H003-D05,H003,1975-2,2026-07-10 22:40:39,2026-07-10 23:18:39,2026-07-11 04:06:39,STAT,147.039,,L,0,2026-07-11 04:11:39
LAB00165575,,MRN35246402,DR00098,H002-D04,H002,10839-9,2026-07-18 12:11:19,2026-07-18 13:00:19,2026-07-18 15:51:19,Routine,116.225,,L,0,2026-07-18 15:56:19
LAB00165576,,MRN99921455,DR00078,H003-D06,H003,5811-5,2026-07-20 19:49:43,2026-07-20 21:09:43,2026-07-20 23:12:43,Routine,178.762,,HH,0,2026-07-20 23:17:43
LAB00165577,,MRN66729185,DR00176,H001-D07,H001,5811-5,2026-08-19 01:31:28,2026-08-19 01:51:28,2026-08-19 03:00:28,Routine,80.783,,L,0,2026-08-19 03:05:28
LAB00165578,,MRN66729185,DR00040,H002-D06,H002,6301-6,2026-08-19 15:31:28,2026-08-19 16:58:28,2026-08-19 17:30:28,Routine,10.705,,N,0,2026-08-19 17:35:28
LAB00165579,,MRN49617226,DR00237,H002-D07,H002,2085-9,2026-07-30 20:41:24,2026-07-30 20:53:24,2026-07-31 01:28:24,Routine,77.663,,L,0,2026-07-31 01:33:24
LAB00165580,,MRN49617226,DR00144,H002-D04,H002,600-7,2026-07-31 03:41:24,2026-07-31 03:56:24,2026-07-31 06:01:24,Routine,,,N,0,2026-07-31 06:06:24
LAB00165581,,MRN49617226,DR00208,H002-D03,H002,5902-2,2026-07-31 04:41:24,2026-07-31 06:06:24,2026-07-31 09:01:24,Routine,61.765,,L,0,2026-07-31 09:06:24
LAB00165582,,MRN76246414,DR00130,H001-D10,H001,1920-8,2026-08-09 05:01:59,2026-08-09 06:17:59,2026-08-09 08:13:59,Routine,83.821,,N,0,2026-08-09 08:18:59
LAB00165583,,MRN76246414,DR00147,H003-D09,H003,3094-0,2026-08-07 23:01:59,2026-08-07 23:44:59,2026-08-08 00:32:59,Routine,181.233,,H,0,2026-08-08 00:37:59
LAB00165584,,MRN76246414,DR00197,H003-D03,H003,600-7,2026-08-09 10:01:59,2026-08-09 10:28:59,2026-08-09 12:17:59,Routine,,,L,0,2026-08-09 12:22:59
LAB00165585,,MRN50768925,DR00215,H001-D06,H001,6301-6,2026-07-17 16:27:19,2026-07-17 17:43:19,2026-07-17 19:30:19,STAT,67.408,,HH,0,2026-07-17 19:35:19
LAB00165586,,MRN50768925,DR00147,H002-D01,H002,30934-4,2026-07-18 15:27:19,2026-07-18 16:52:19,2026-07-18 21:10:19,Routine,106.831,,N,0,2026-07-18 21:15:19
LAB00165587,,MRN50768925,DR00210,H003-D05,H003,718-7,2026-07-17 20:27:19,2026-07-17 20:42:19,2026-07-17 21:59:19,Routine,3.958,,N,0,2026-07-17 22:04:19
LAB00165588,,MRN49667690,DR00069,H002-D05,H002,2160-0,2026-07-31 14:19:59,2026-07-31 15:27:59,2026-07-31 16:07:59,STAT,143.714,,HH,0,2026-07-31 16:12:59
LAB00165589,,MRN87838050,DR00192,H002-D03,H002,5902-2,2026-07-03 18:02:58,2026-07-03 18:54:58,2026-07-03 22:27:58,STAT,155.149,,H,0,2026-07-03 22:32:58
LAB00165590,,MRN87838050,DR00204,H003-D08,H003,5811-5,2026-07-05 12:02:58,2026-07-05 12:43:58,2026-07-05 16:33:58,STAT,115.388,,HH,0,2026-07-05 16:38:58
LAB00165591,,MRN67977232,DR00183,H002-D09,H002,5902-2,2026-08-20 22:44:20,2026-08-20 23:01:20,2026-08-20 23:34:20,Routine,72.589,,N,0,2026-08-20 23:39:20
LAB00165592,,MRN67977232,DR00013,H001-D04,H001,3016-3,2026-08-19 21:44:20,2026-08-19 22:39:20,2026-08-20 00:10:20,Routine,155.2,,H,0,2026-08-20 00:15:20
LAB00165593,,MRN67977232,DR00059,H001-D08,H001,1920-8,2026-08-21 03:44:20,2026-08-21 04:01:20,2026-08-21 06:46:20,Routine,1.057,,N,0,2026-08-21 06:51:20
LAB00165594,,MRN37080652,DR00115,H003-D04,H003,6690-2,2026-08-23 17:08:45,2026-08-23 18:00:45,2026-08-23 18:58:45,Routine,173.937,,H,0,2026-08-23 19:03:45
LAB00165595,,MRN37080652,DR00024,H003-D09,H003,600-7,2026-08-23 02:08:45,2026-08-23 03:07:45,2026-08-23 05:32:45,Routine,,,L,0,2026-08-23 05:37:45
LAB00165596,,MRN60136392,DR00230,H002-D07,H002,2345-7,2026-08-10 21:48:18,2026-08-10 21:54:18,2026-08-10 23:53:18,Routine,63.632,,N,0,2026-08-10 23:58:18
LAB00165597,,MRN60136392,DR00056,H002-D02,H002,3016-3,2026-08-11 20:48:18,2026-08-11 21:18:18,2026-08-11 22:40:18,Routine,137.159,,HH,0,2026-08-11 22:45:18
LAB00165598,,MRN38667001,DR00136,H003-D03,H003,10839-9,2026-08-07 04:10:37,2026-08-07 05:25:37,2026-08-07 06:49:37,Routine,66.808,,N,0,2026-08-07 06:54:37
LAB00165599,,MRN38667001,DR00115,H001-D07,H001,2823-3,2026-08-07 20:10:37,2026-08-07 20:58:37,2026-08-07 21:50:37,STAT,50.133,,L,0,2026-08-07 21:55:37
LAB00165600,,MRN38667001,DR00088,H002-D05,H002,4548-4,2026-08-06 03:10:37,2026-08-06 03:29:37,2026-08-06 03:53:37,Routine,83.911,,H,0,2026-08-06 03:58:37
LAB00165601,,MRN36615783,DR00014,H001-D06,H001,600-7,2026-08-19 16:22:23,2026-08-19 17:46:23,2026-08-19 19:34:23,Routine,,,L,0,2026-08-19 19:39:23
LAB00165602,,MRN46178769,DR00019,H004-D10,H004,4544-3,2026-02-20 10:52:06,2026-02-20 11:21:06,2026-02-20 13:11:06,Routine,142.209,,HH,0,2026-02-20 13:16:06
LAB00165603,,MRN46178769,DR00003,H002-D07,H002,777-3,2026-02-19 22:52:06,2026-02-19 23:08:06,2026-02-20 01:07:06,Routine,136.854,,L,0,2026-02-20 01:12:06
LAB00165604,,MRN81690950,DR00192,H001-D01,H001,1920-8,2026-07-05 13:12:40,2026-07-05 13:40:40,2026-07-05 16:24:40,Routine,92.134,,L,0,2026-07-05 16:29:40
LAB00165605,,MRN81690950,DR00219,H001-D05,H001,1742-6,2026-07-05 14:12:40,2026-07-05 15:31:40,2026-07-05 16:34:40,Routine,57.342,,L,0,2026-07-05 16:39:40
LAB00165606,,MRN77903985,DR00151,H002-D06,H002,6690-2,2026-07-13 17:44:07,2026-07-13 18:26:07,2026-07-13 18:59:07,Routine,17.424,,N,0,2026-07-13 19:04:07
LAB00165607,,MRN77903985,DR00122,H003-D03,H003,10839-9,2026-07-14 22:44:07,2026-07-14 23:24:07,2026-07-15 02:56:07,Routine,74.956,,N,0,2026-07-15 03:01:07
LAB00165608,,MRN77903985,DR00239,H001-D06,H001,630-4,2026-07-13 20:44:07,2026-07-13 21:34:07,2026-07-13 21:56:07,Routine,,,H,0,2026-07-13 22:01:07
LAB00165609,,MRN81570969,DR00140,H001-D02,H001,5902-2,2026-08-04 15:30:19,2026-08-04 16:52:19,2026-08-04 19:33:19,STAT,119.075,,L,0,2026-08-04 19:38:19
LAB00165610,,MRN37931318,DR00201,H002-D06,H002,2951-2,2026-07-13 00:13:58,2026-07-13 01:26:58,2026-07-13 06:03:58,Routine,106.494,,H,0,2026-07-13 06:08:58
LAB00165611,,MRN37931318,DR00238,H002-D01,H002,2093-3,2026-07-12 11:13:58,2026-07-12 12:21:58,2026-07-12 12:55:58,Routine,26.965,,L,0,2026-07-12 13:00:58
LAB00165612,,MRN37931318,DR00162,H003-D07,H003,4548-4,2026-07-12 00:13:58,2026-07-12 00:38:58,2026-07-12 02:50:58,Routine,101.704,,HH,0,2026-07-12 02:55:58
LAB00165613,,MRN78690782,DR00030,H004-D10,H004,1988-5,2026-07-23 13:14:03,2026-07-23 13:24:03,2026-07-23 14:14:03,Routine,16.359,,N,0,2026-07-23 14:19:03
LAB00165614,,MRN78690782,DR00231,H002-D09,H002,5902-2,2026-07-24 18:14:03,2026-07-24 18:58:03,2026-07-24 20:46:03,Routine,47.715,,N,0,2026-07-24 20:51:03
LAB00165615,,MRN44164117,DR00070,H001-D05,H001,5902-2,2026-08-10 11:04:01,2026-08-10 11:35:01,2026-08-10 14:36:01,Routine,165.42,,L,0,2026-08-10 14:41:01
LAB00165616,,MRN44164117,DR00003,H002-D08,H002,10839-9,2026-08-10 06:04:01,2026-08-10 06:29:01,2026-08-10 08:28:01,STAT,134.038,,N,0,2026-08-10 08:33:01
LAB00165617,,MRN95952790,DR00199,H003-D02,H003,2951-2,2026-08-05 02:01:45,2026-08-05 02:30:45,2026-08-05 04:22:45,Routine,79.119,,HH,0,2026-08-05 04:27:45
LAB00165618,,MRN95952790,DR00172,H004-D10,H004,1920-8,2026-08-04 13:01:45,2026-08-04 13:58:45,2026-08-04 18:56:45,Routine,156.489,,N,0,2026-08-04 19:01:45
LAB00165619,,MRN96991740,DR00220,H001-D05,H001,2823-3,2026-08-31 09:22:24,2026-08-31 10:12:24,2026-08-31 15:05:24,Routine,197.785,,N,0,2026-08-31 15:10:24
LAB00165620,,MRN96991740,DR00036,H002-D04,H002,777-3,2026-09-01 05:22:24,2026-09-01 06:04:24,2026-09-01 07:36:24,Routine,23.846,,N,0,2026-09-01 07:41:24
LAB00165621,,MRN46127639,DR00120,H004-D03,H004,4544-3,2026-07-07 21:49:45,2026-07-07 22:19:45,2026-07-08 02:12:45,Routine,75.784,,N,0,2026-07-08 02:17:45
LAB00165622,,MRN46127639,DR00019,H001-D09,H001,3016-3,2026-07-07 14:49:45,2026-07-07 15:38:45,2026-07-07 16:53:45,Routine,92.964,,N,0,2026-07-07 16:58:45
LAB00165623,,MRN53332429,DR00185,H003-D03,H003,1920-8,2025-06-10 11:42:26,2025-06-10 13:07:26,2025-06-10 15:04:26,Routine,158.899,,H,0,2025-06-10 15:09:26
LAB00165624,,MRN53332429,DR00172,H001-D02,H001,4544-3,2025-06-11 01:42:26,2025-06-11 02:02:26,2025-06-11 04:08:26,Routine,124.857,,N,0,2025-06-11 04:13:26
LAB00165625,,MRN12789486,DR00234,H003-D08,H003,2075-0,2026-07-08 21:23:31,2026-07-08 22:15:31,2026-07-09 00:19:31,STAT,90.144,,N,0,2026-07-09 00:24:31
LAB00165626,,MRN56843283,DR00032,H002-D08,H002,2075-0,2026-08-19 01:46:55,2026-08-19 02:50:55,2026-08-19 05:42:55,STAT,21.037,,H,0,2026-08-19 05:47:55
LAB00165627,,MRN76826469,DR00165,H001-D08,H001,4544-3,2026-07-25 18:04:36,2026-07-25 19:05:36,2026-07-25 21:13:36,Routine,156.218,,N,0,2026-07-25 21:18:36
LAB00165628,,MRN76826469,DR00210,H003-D07,H003,5811-5,2026-07-26 03:04:36,2026-07-26 03:38:36,2026-07-26 07:27:36,STAT,116.092,,HH,0,2026-07-26 07:32:36
LAB00165629,,MRN59321639,DR00001,H001-D09,H001,4544-3,2026-07-18 04:44:34,2026-07-18 04:50:34,2026-07-18 09:19:34,STAT,94.825,,L,0,2026-07-18 09:24:34
LAB00165630,,MRN59321639,DR00234,H002-D06,H002,10839-9,2026-07-16 21:44:34,2026-07-16 22:59:34,2026-07-17 00:03:34,Routine,199.7,,HH,0,2026-07-17 00:08:34
LAB00165631,,MRN59321639,DR00193,H002-D10,H002,2075-0,2026-07-18 01:44:34,2026-07-18 02:31:34,2026-07-18 07:04:34,Routine,125.35,,L,0,2026-07-18 07:09:34
LAB00165632,,MRN26166686,DR00220,H001-D04,H001,600-7,2026-07-15 20:19:22,2026-07-15 21:33:22,2026-07-16 01:56:22,Routine,,,L,0,2026-07-16 02:01:22
LAB00165633,,MRN26166686,DR00038,H002-D06,H002,2160-0,2026-07-16 03:19:22,2026-07-16 04:02:22,2026-07-16 05:40:22,Routine,143.849,,L,0,2026-07-16 05:45:22
LAB00165634,,MRN26166686,DR00118,H003-D08,H003,2085-9,2026-07-16 13:19:22,2026-07-16 13:55:22,2026-07-16 16:15:22,Routine,27.002,,N,0,2026-07-16 16:20:22
LAB00165635,,MRN34947149,DR00028,H002-D04,H002,3016-3,2026-08-11 08:13:10,2026-08-11 09:10:10,2026-08-11 11:44:10,Routine,193.345,,L,0,2026-08-11 11:49:10
LAB00165636,,MRN34947149,DR00040,H002-D08,H002,3016-3,2026-08-11 06:13:10,2026-08-11 07:35:10,2026-08-11 08:58:10,Routine,163.03,,N,0,2026-08-11 09:03:10
LAB00165637,,MRN34947149,DR00133,H002-D08,H002,4544-3,2026-08-12 17:13:10,2026-08-12 18:42:10,2026-08-12 23:22:10,Routine,94.534,,N,0,2026-08-12 23:27:10
LAB00165638,,MRN56055986,DR00104,H001-D03,H001,2823-3,2026-08-21 15:37:01,2026-08-21 15:51:01,2026-08-21 19:25:01,STAT,145.509,,HH,0,2026-08-21 19:30:01
LAB00165639,,MRN56055986,DR00008,H001-D08,H001,1920-8,2026-08-20 18:37:01,2026-08-20 18:53:01,2026-08-20 21:36:01,Routine,79.587,,L,0,2026-08-20 21:41:01
LAB00165640,,MRN56055986,DR00147,H004-D10,H004,2075-0,2026-08-21 09:37:01,2026-08-21 10:40:01,2026-08-21 12:51:01,Routine,107.626,,HH,0,2026-08-21 12:56:01
LAB00165641,,MRN56503008,DR00001,H002-D06,H002,4544-3,2026-07-17 16:36:39,2026-07-17 16:56:39,2026-07-17 17:45:39,STAT,58.776,,HH,0,2026-07-17 17:50:39
LAB00165642,,MRN56503008,DR00225,H001-D04,H001,6301-6,2026-07-18 18:36:39,2026-07-18 19:19:39,2026-07-18 20:31:39,Routine,67.53,,H,0,2026-07-18 20:36:39
LAB00165643,,MRN56503008,DR00112,H001-D04,H001,2075-0,2026-07-17 23:36:39,2026-07-18 01:01:39,2026-07-18 02:06:39,Routine,75.378,,L,0,2026-07-18 02:11:39
LAB00165644,,MRN98448755,DR00156,H002-D05,H002,630-4,2026-07-17 09:03:27,2026-07-17 09:20:27,2026-07-17 11:57:27,Routine,,,L,0,2026-07-17 12:02:27
LAB00165645,,MRN29859081,DR00217,H001-D07,H001,5811-5,2026-07-18 11:10:19,2026-07-18 11:18:19,2026-07-18 15:24:19,Routine,86.056,,H,0,2026-07-18 15:29:19
LAB00165646,,MRN29859081,DR00013,H002-D03,H002,2085-9,2026-07-17 15:10:19,2026-07-17 16:28:19,2026-07-17 20:49:19,Routine,184.822,,HH,0,2026-07-17 20:54:19
LAB00165647,,MRN47849556,DR00236,H003-D10,H003,1988-5,2026-08-04 19:04:44,2026-08-04 19:12:44,2026-08-04 22:42:44,Routine,95.414,,H,0,2026-08-04 22:47:44
LAB00165648,,MRN37173155,DR00206,H001-D09,H001,1742-6,2026-08-27 11:36:53,2026-08-27 12:43:53,2026-08-27 16:58:53,STAT,145.951,,N,0,2026-08-27 17:03:53
LAB00165649,,MRN37173155,DR00113,H002-D02,H002,2085-9,2026-08-29 02:36:53,2026-08-29 03:49:53,2026-08-29 05:03:53,Routine,11.556,,L,0,2026-08-29 05:08:53
LAB00165650,,MRN37173155,DR00064,H003-D01,H003,4544-3,2026-08-27 07:36:53,2026-08-27 08:00:53,2026-08-27 11:11:53,STAT,195.19,,HH,0,2026-08-27 11:16:53
LAB00165651,,MRN95824640,DR00168,H001-D10,H001,6301-6,2026-08-29 00:15:25,2026-08-29 01:32:25,2026-08-29 03:03:25,STAT,87.949,,N,0,2026-08-29 03:08:25
LAB00165652,,MRN95824640,DR00080,H003-D05,H003,1920-8,2026-08-28 18:15:25,2026-08-28 19:38:25,2026-08-28 21:45:25,Routine,180.655,,N,0,2026-08-28 21:50:25
LAB00165653,,MRN95824640,DR00122,H002-D08,H002,5902-2,2026-08-29 21:15:25,2026-08-29 21:43:25,2026-08-30 00:42:25,Routine,188.767,,N,0,2026-08-30 00:47:25
LAB00165654,,MRN13945519,DR00088,H003-D04,H003,777-3,2026-10-11 07:39:30,2026-10-11 08:45:30,2026-10-11 13:04:30,STAT,93.988,,HH,0,2026-10-11 13:09:30
LAB00165655,,MRN13945519,DR00215,H002-D02,H002,10839-9,2026-10-09 15:39:30,2026-10-09 15:48:30,2026-10-09 18:48:30,Routine,104.02,,H,0,2026-10-09 18:53:30
LAB00165656,,MRN13945519,DR00053,H001-D05,H001,2951-2,2026-10-10 00:39:30,2026-10-10 01:46:30,2026-10-10 05:54:30,Routine,183.96,,HH,0,2026-10-10 05:59:30
LAB00165657,,MRN57137150,DR00156,H001-D10,H001,4544-3,2026-08-01 16:24:21,2026-08-01 16:43:21,2026-08-01 20:32:21,Routine,148.719,,HH,0,2026-08-01 20:37:21
LAB00165658,,MRN86252306,DR00036,H003-D04,H003,2085-9,2026-07-14 14:10:06,2026-07-14 15:35:06,2026-07-14 17:55:06,STAT,13.08,,HH,0,2026-07-14 18:00:06
LAB00165659,,MRN86252306,DR00056,H003-D08,H003,6690-2,2026-07-13 20:10:06,2026-07-13 21:36:06,2026-07-13 23:24:06,Routine,23.162,,H,0,2026-07-13 23:29:06
LAB00165660,,MRN86252306,DR00182,H003-D06,H003,6301-6,2026-07-15 06:10:06,2026-07-15 07:19:06,2026-07-15 10:07:06,Routine,115.618,,H,0,2026-07-15 10:12:06
LAB00165661,,MRN84833864,DR00095,H003-D05,H003,2345-7,2026-07-29 12:25:08,2026-07-29 12:46:08,2026-07-29 15:40:08,Routine,133.009,,HH,0,2026-07-29 15:45:08
LAB00165662,,MRN84833864,DR00212,H003-D10,H003,2093-3,2026-07-28 22:25:08,2026-07-28 23:48:08,2026-07-29 03:15:08,Routine,47.534,,HH,0,2026-07-29 03:20:08
LAB00165663,,MRN84833864,DR00146,H002-D02,H002,1920-8,2026-07-29 07:25:08,2026-07-29 08:02:08,2026-07-29 10:08:08,Routine,166.59,,L,0,2026-07-29 10:13:08
LAB00165664,,MRN97569193,DR00047,H004-D10,H004,5811-5,2026-07-11 23:58:54,2026-07-12 00:58:54,2026-07-12 04:41:54,STAT,76.809,,N,0,2026-07-12 04:46:54
LAB00165665,,MRN97010207,DR00092,H001-D04,H001,2085-9,2026-08-19 03:29:08,2026-08-19 04:17:08,2026-08-19 07:12:08,Routine,150.835,,L,0,2026-08-19 07:17:08
LAB00165666,,MRN51482003,DR00195,H001-D04,H001,1988-5,2026-08-19 13:05:55,2026-08-19 13:14:55,2026-08-19 14:13:55,STAT,76.804,,L,0,2026-08-19 14:18:55
LAB00165667,,MRN92134954,DR00007,H002-D03,H002,2160-0,2026-07-10 05:57:28,2026-07-10 07:24:28,2026-07-10 09:44:28,Routine,138.458,,N,0,2026-07-10 09:49:28
LAB00165668,,MRN70350395,DR00151,H001-D02,H001,1975-2,2026-07-06 00:36:31,2026-07-06 00:54:31,2026-07-06 05:35:31,Routine,134.582,,HH,0,2026-07-06 05:40:31
LAB00165669,,MRN64974376,DR00166,H001-D05,H001,5811-5,2026-07-12 17:23:37,2026-07-12 18:28:37,2026-07-12 21:03:37,STAT,154.972,,L,0,2026-07-12 21:08:37
LAB00165670,,MRN64974376,DR00031,H001-D05,H001,3016-3,2026-07-13 04:23:37,2026-07-13 05:28:37,2026-07-13 06:41:37,STAT,42.197,,H,0,2026-07-13 06:46:37
LAB00165671,,MRN64974376,DR00173,H002-D03,H002,5811-5,2026-07-12 21:23:37,2026-07-12 21:39:37,2026-07-13 01:06:37,Routine,136.377,,H,0,2026-07-13 01:11:37
LAB00165672,,MRN35573248,DR00003,H002-D04,H002,1920-8,2026-07-04 17:51:32,2026-07-04 18:50:32,2026-07-04 20:06:32,Routine,70.445,,H,0,2026-07-04 20:11:32
LAB00165673,,MRN35573248,DR00142,H001-D02,H001,2075-0,2026-07-05 08:51:32,2026-07-05 09:34:32,2026-07-05 11:09:32,STAT,169.989,,HH,0,2026-07-05 11:14:32
LAB00165674,,MRN59429140,DR00134,H001-D10,H001,630-4,2026-07-17 09:13:53,2026-07-17 09:37:53,2026-07-17 10:36:53,STAT,,,HH,0,2026-07-17 10:41:53
LAB00165675,,MRN59429140,DR00107,H002-D04,H002,4548-4,2026-07-17 09:13:53,2026-07-17 10:01:53,2026-07-17 14:58:53,Routine,67.404,,HH,0,2026-07-17 15:03:53
LAB00165676,,MRN86510754,DR00049,H002-D08,H002,4544-3,2026-07-23 12:21:43,2026-07-23 13:18:43,2026-07-23 14:53:43,STAT,155.634,,N,0,2026-07-23 14:58:43
LAB00165677,,MRN86510754,DR00064,H004-D03,H004,2345-7,2026-07-23 10:21:43,2026-07-23 11:14:43,2026-07-23 13:06:43,Routine,94.591,,HH,0,2026-07-23 13:11:43
LAB00165678,,MRN91451250,DR00128,H002-D02,H002,10839-9,2026-08-02 01:40:09,2026-08-02 02:53:09,2026-08-02 06:09:09,Routine,67.558,,H,0,2026-08-02 06:14:09
LAB00165679,,MRN91451250,DR00078,H002-D02,H002,10839-9,2026-07-31 15:40:09,2026-07-31 16:39:09,2026-07-31 17:26:09,Routine,195.781,,L,0,2026-07-31 17:31:09
LAB00165680,,MRN80097757,DR00221,H001-D05,H001,1988-5,2026-08-12 03:46:42,2026-08-12 04:12:42,2026-08-12 06:37:42,Routine,73.43,,N,0,2026-08-12 06:42:42
LAB00165681,,MRN80097757,DR00168,H003-D06,H003,2075-0,2026-08-11 15:46:42,2026-08-11 16:11:42,2026-08-11 18:57:42,Routine,15.393,,L,0,2026-08-11 19:02:42
LAB00165682,,MRN45308960,DR00013,H003-D05,H003,30934-4,2026-08-26 04:41:33,2026-08-26 04:48:33,2026-08-26 08:55:33,STAT,85.454,,H,0,2026-08-26 09:00:33
LAB00165683,,MRN45308960,DR00237,H002-D09,H002,3094-0,2026-08-25 07:41:33,2026-08-25 08:52:33,2026-08-25 10:50:33,Routine,98.468,,N,0,2026-08-25 10:55:33
LAB00165684,,MRN13880069,DR00127,H001-D01,H001,5811-5,2026-08-11 09:04:43,2026-08-11 10:14:43,2026-08-11 11:09:43,Routine,132.316,,HH,0,2026-08-11 11:14:43
LAB00165685,,MRN13880069,DR00009,H001-D05,H001,10839-9,2026-08-11 03:04:43,2026-08-11 04:16:43,2026-08-11 05:47:43,Routine,21.259,,HH,0,2026-08-11 05:52:43
LAB00165686,,MRN56611002,DR00011,H003-D05,H003,1920-8,2026-10-22 00:26:26,2026-10-22 01:51:26,2026-10-22 03:34:26,STAT,132.941,,L,0,2026-10-22 03:39:26
LAB00165687,,MRN56611002,DR00092,H003-D09,H003,30934-4,2026-10-21 02:26:26,2026-10-21 03:12:26,2026-10-21 04:11:26,Routine,96.673,,L,0,2026-10-21 04:16:26
LAB00165688,,MRN80288035,DR00240,H001-D08,H001,777-3,2026-08-13 05:14:24,2026-08-13 05:41:24,2026-08-13 09:23:24,STAT,40.062,,N,0,2026-08-13 09:28:24
LAB00165689,,MRN29840061,DR00093,H001-D04,H001,1975-2,2026-08-26 18:24:32,2026-08-26 19:31:32,2026-08-26 20:26:32,Routine,131.138,,H,0,2026-08-26 20:31:32
LAB00165690,,MRN29840061,DR00076,H001-D01,H001,3094-0,2026-08-26 18:24:32,2026-08-26 18:34:32,2026-08-26 21:26:32,Routine,107.322,,HH,0,2026-08-26 21:31:32
LAB00165691,,MRN29840061,DR00182,H002-D01,H002,2951-2,2026-08-26 08:24:32,2026-08-26 09:38:32,2026-08-26 11:38:32,Routine,117.519,,L,0,2026-08-26 11:43:32
LAB00165692,,MRN89037639,DR00129,H002-D09,H002,2345-7,2026-08-22 15:40:53,2026-08-22 16:57:53,2026-08-22 20:41:53,Routine,111.4,,H,0,2026-08-22 20:46:53
LAB00165693,,MRN89037639,DR00120,H001-D03,H001,2075-0,2026-08-21 18:40:53,2026-08-21 18:51:53,2026-08-21 20:56:53,STAT,55.81,,H,0,2026-08-21 21:01:53
LAB00165694,,MRN89037639,DR00058,H002-D08,H002,30934-4,2026-08-21 19:40:53,2026-08-21 20:24:53,2026-08-22 01:15:53,Routine,19.475,,L,0,2026-08-22 01:20:53
LAB00165695,,MRN69072643,DR00084,H004-D10,H004,1988-5,2026-07-15 12:27:05,2026-07-15 13:42:05,2026-07-15 15:48:05,Routine,181.479,,L,0,2026-07-15 15:53:05
LAB00165696,,MRN69072643,DR00099,H002-D01,H002,718-7,2026-07-15 15:27:05,2026-07-15 16:51:05,2026-07-15 18:55:05,STAT,155.102,,L,0,2026-07-15 19:00:05
LAB00165697,,MRN33713398,DR00191,H003-D06,H003,5811-5,2026-08-02 15:22:12,2026-08-02 16:04:12,2026-08-02 16:45:12,Routine,112.051,,HH,0,2026-08-02 16:50:12
LAB00165698,,MRN33713398,DR00169,H003-D10,H003,1975-2,2026-08-03 01:22:12,2026-08-03 01:31:12,2026-08-03 02:10:12,Routine,75.691,,HH,0,2026-08-03 02:15:12
LAB00165699,,MRN33713398,DR00184,H004-D10,H004,5811-5,2026-08-03 16:22:12,2026-08-03 17:12:12,2026-08-03 21:16:12,Routine,155.964,,HH,0,2026-08-03 21:21:12
LAB00165700,,MRN18247578,DR00114,H002-D08,H002,5811-5,2026-08-10 20:47:03,2026-08-10 21:36:03,2026-08-10 22:26:03,Routine,128.51,,L,0,2026-08-10 22:31:03
LAB00165701,,MRN18247578,DR00197,H002-D09,H002,1975-2,2026-08-12 12:47:03,2026-08-12 13:59:03,2026-08-12 16:00:03,Routine,78.218,,L,0,2026-08-12 16:05:03
LAB00165702,,MRN84793680,DR00133,H002-D07,H002,2160-0,2026-08-15 04:11:57,2026-08-15 05:15:57,2026-08-15 06:21:57,Routine,198.031,,H,0,2026-08-15 06:26:57
LAB00165703,,MRN84793680,DR00050,H002-D03,H002,30934-4,2026-08-14 09:11:57,2026-08-14 10:18:57,2026-08-14 11:05:57,STAT,42.642,,H,0,2026-08-14 11:10:57
LAB00165704,,MRN84793680,DR00179,H003-D08,H003,777-3,2026-08-15 02:11:57,2026-08-15 03:40:57,2026-08-15 08:29:57,STAT,21.608,,L,0,2026-08-15 08:34:57
LAB00165705,,MRN88530940,DR00009,H001-D08,H001,6301-6,2026-07-16 02:53:49,2026-07-16 03:55:49,2026-07-16 08:18:49,Routine,164.789,,L,0,2026-07-16 08:23:49
LAB00165706,,MRN88530940,DR00019,H002-D04,H002,2085-9,2026-07-17 02:53:49,2026-07-17 03:43:49,2026-07-17 07:55:49,Routine,187.581,,L,0,2026-07-17 08:00:49
LAB00165707,,MRN87760019,DR00049,H002-D07,H002,1920-8,2026-08-28 18:07:09,2026-08-28 19:15:09,2026-08-28 21:33:09,STAT,126.856,,N,0,2026-08-28 21:38:09
LAB00165708,,MRN87760019,DR00138,H002-D10,H002,2951-2,2026-08-29 02:07:09,2026-08-29 03:04:09,2026-08-29 07:06:09,Routine,166.342,,N,0,2026-08-29 07:11:09
LAB00165709,,MRN17865811,DR00124,H003-D06,H003,1975-2,2026-08-23 19:51:34,2026-08-23 20:56:34,2026-08-24 00:18:34,Routine,188.234,,H,0,2026-08-24 00:23:34
LAB00165710,,MRN17865811,DR00074,H003-D09,H003,2951-2,2026-08-25 12:51:34,2026-08-25 13:42:34,2026-08-25 17:01:34,Routine,73.416,,L,0,2026-08-25 17:06:34
LAB00165711,,MRN31919448,DR00168,H003-D05,H003,2093-3,2026-05-24 11:13:15,2026-05-24 11:19:15,2026-05-24 13:21:15,Routine,80.969,,H,0,2026-05-24 13:26:15
LAB00165712,,MRN31919448,DR00064,H003-D05,H003,2951-2,2026-05-23 10:13:15,2026-05-23 11:28:15,2026-05-23 15:14:15,Routine,16.99,,HH,0,2026-05-23 15:19:15
LAB00165713,,MRN31919448,DR00155,H001-D01,H001,2075-0,2026-05-24 19:13:15,2026-05-24 19:53:15,2026-05-24 23:53:15,Routine,43.483,,HH,0,2026-05-24 23:58:15
LAB00165714,,MRN78224486,DR00124,H002-D09,H002,2075-0,2026-09-01 05:59:14,2026-09-01 06:50:14,2026-09-01 08:38:14,Routine,187.767,,N,0,2026-09-01 08:43:14
LAB00165715,,MRN78224486,DR00112,H001-D03,H001,777-3,2026-09-01 13:59:14,2026-09-01 15:18:14,2026-09-01 16:46:14,Routine,42.753,,N,0,2026-09-01 16:51:14
LAB00165716,,MRN78224486,DR00125,H003-D03,H003,2160-0,2026-08-31 14:59:14,2026-08-31 15:27:14,2026-08-31 17:41:14,Routine,33.615,,HH,0,2026-08-31 17:46:14
LAB00165717,,MRN68530695,DR00115,H003-D06,H003,4544-3,2026-07-15 22:38:48,2026-07-16 00:03:48,2026-07-16 01:42:48,Routine,18.324,,N,0,2026-07-16 01:47:48
LAB00165718,,MRN68530695,DR00207,H001-D10,H001,5902-2,2026-07-15 18:38:48,2026-07-15 19:41:48,2026-07-15 22:00:48,STAT,64.017,,L,0,2026-07-15 22:05:48
LAB00165719,,MRN34550226,DR00011,H002-D08,H002,3016-3,2026-08-05 06:12:36,2026-08-05 07:10:36,2026-08-05 08:24:36,STAT,60.959,,N,0,2026-08-05 08:29:36
LAB00165720,,MRN34550226,DR00101,H003-D03,H003,2085-9,2026-08-07 00:12:36,2026-08-07 01:30:36,2026-08-07 05:10:36,Routine,128.819,,L,0,2026-08-07 05:15:36
LAB00165721,,MRN80653897,DR00090,H001-D09,H001,2093-3,2026-07-11 19:01:32,2026-07-11 20:19:32,2026-07-11 21:20:32,Routine,181.956,,L,0,2026-07-11 21:25:32
LAB00165722,,MRN56956595,DR00010,H001-D01,H001,777-3,2026-08-30 09:55:23,2026-08-30 10:39:23,2026-08-30 13:24:23,Routine,28.542,,HH,0,2026-08-30 13:29:23
LAB00165723,,MRN56956595,DR00030,H003-D05,H003,5811-5,2026-08-29 01:55:23,2026-08-29 03:13:23,2026-08-29 07:37:23,Routine,114.13,,HH,0,2026-08-29 07:42:23
LAB00165724,,MRN94110816,DR00119,H003-D06,H003,630-4,2026-07-20 14:37:19,2026-07-20 16:06:19,2026-07-20 18:02:19,Routine,,,N,0,2026-07-20 18:07:19
LAB00165725,,MRN81034795,DR00065,H001-D05,H001,2093-3,2026-01-14 07:23:15,2026-01-14 07:32:15,2026-01-14 09:20:15,Routine,113.705,,HH,0,2026-01-14 09:25:15
LAB00165726,,MRN81034795,DR00096,H001-D06,H001,1988-5,2026-01-14 05:23:15,2026-01-14 06:02:15,2026-01-14 07:46:15,Routine,37.152,,HH,0,2026-01-14 07:51:15
LAB00165727,,MRN81034795,DR00040,H001-D04,H001,1988-5,2026-01-13 18:23:15,2026-01-13 19:01:15,2026-01-13 21:10:15,Routine,116.902,,N,0,2026-01-13 21:15:15
LAB00165728,,MRN42677655,DR00213,H001-D09,H001,718-7,2026-07-15 18:48:25,2026-07-15 18:54:25,2026-07-15 20:10:25,Routine,71.481,,H,0,2026-07-15 20:15:25
LAB00165729,,MRN42677655,DR00003,H003-D07,H003,5902-2,2026-07-14 22:48:25,2026-07-14 23:03:25,2026-07-15 02:27:25,STAT,73.434,,H,0,2026-07-15 02:32:25
LAB00165730,,MRN12970490,DR00039,H004-D03,H004,1920-8,2026-02-13 10:33:27,2026-02-13 11:26:27,2026-02-13 14:52:27,Routine,145.618,,L,0,2026-02-13 14:57:27
LAB00165731,,MRN12970490,DR00203,H003-D03,H003,630-4,2026-02-12 23:33:27,2026-02-13 00:23:27,2026-02-13 03:28:27,Routine,,,H,0,2026-02-13 03:33:27
LAB00165732,,MRN12970490,DR00112,H002-D10,H002,4544-3,2026-02-12 14:33:27,2026-02-12 15:27:27,2026-02-12 19:06:27,Routine,26.601,,N,0,2026-02-12 19:11:27
LAB00165733,,MRN36717767,DR00143,H002-D09,H002,630-4,2026-08-06 17:15:16,2026-08-06 17:55:16,2026-08-06 20:37:16,Routine,,,HH,0,2026-08-06 20:42:16
LAB00165734,,MRN90848089,DR00012,H002-D07,H002,1920-8,2026-08-31 08:41:22,2026-08-31 08:53:22,2026-08-31 10:21:22,Routine,61.465,,L,0,2026-08-31 10:26:22
LAB00165735,,MRN90848089,DR00235,H001-D10,H001,2160-0,2026-08-30 21:41:22,2026-08-30 21:51:22,2026-08-31 02:05:22,STAT,7.539,,HH,0,2026-08-31 02:10:22
LAB00165736,,MRN24957675,DR00121,H001-D02,H001,2093-3,2026-08-22 10:46:08,2026-08-22 11:03:08,2026-08-22 13:15:08,STAT,14.441,,L,0,2026-08-22 13:20:08
LAB00165737,,MRN67482746,DR00107,H003-D09,H003,3094-0,2026-08-18 21:01:07,2026-08-18 22:30:07,2026-08-18 23:51:07,Routine,155.382,,H,0,2026-08-18 23:56:07
LAB00165738,,MRN67482746,DR00056,H001-D05,H001,2345-7,2026-08-18 04:01:07,2026-08-18 04:37:07,2026-08-18 05:50:07,Routine,66.445,,H,0,2026-08-18 05:55:07
LAB00165739,,MRN67482746,DR00064,H001-D10,H001,777-3,2026-08-17 18:01:07,2026-08-17 19:04:07,2026-08-17 19:24:07,Routine,26.334,,H,0,2026-08-17 19:29:07
LAB00165740,,MRN43092960,DR00106,H001-D05,H001,2085-9,2026-07-31 03:13:57,2026-07-31 03:31:57,2026-07-31 05:48:57,STAT,12.276,,N,0,2026-07-31 05:53:57
LAB00165741,,MRN43092960,DR00071,H001-D01,H001,1975-2,2026-07-31 07:13:57,2026-07-31 08:17:57,2026-07-31 13:13:57,STAT,103.789,,H,0,2026-07-31 13:18:57
LAB00165742,,MRN62309043,DR00095,H001-D03,H001,30934-4,2026-07-14 01:20:09,2026-07-14 01:45:09,2026-07-14 02:35:09,Routine,72.058,,H,0,2026-07-14 02:40:09
LAB00165743,,MRN57409880,DR00094,H002-D10,H002,2345-7,2026-07-12 14:00:51,2026-07-12 15:23:51,2026-07-12 17:00:51,Routine,114.563,,L,0,2026-07-12 17:05:51
LAB00165744,,MRN57409880,DR00231,H001-D07,H001,2951-2,2026-07-14 00:00:51,2026-07-14 01:26:51,2026-07-14 04:54:51,Routine,30.737,,L,0,2026-07-14 04:59:51
LAB00165745,,MRN75233079,DR00235,H002-D10,H002,6301-6,2026-08-23 12:16:34,2026-08-23 13:09:34,2026-08-23 13:53:34,Routine,169.265,,H,0,2026-08-23 13:58:34
LAB00165746,,MRN10244673,DR00056,H001-D10,H001,1975-2,2026-08-09 05:53:53,2026-08-09 07:13:53,2026-08-09 08:09:53,Routine,118.885,,L,0,2026-08-09 08:14:53
LAB00165747,,MRN10244673,DR00073,H002-D05,H002,1988-5,2026-08-07 14:53:53,2026-08-07 15:06:53,2026-08-07 18:51:53,Routine,171.706,,N,0,2026-08-07 18:56:53
LAB00165748,,MRN10244673,DR00116,H004-D10,H004,1975-2,2026-08-09 00:53:53,2026-08-09 01:14:53,2026-08-09 02:12:53,Routine,17.735,,N,0,2026-08-09 02:17:53
LAB00165749,,MRN88511858,DR00097,H001-D04,H001,1920-8,2026-08-23 15:03:06,2026-08-23 15:56:06,2026-08-23 18:29:06,Routine,141.754,,N,0,2026-08-23 18:34:06
LAB00165750,,MRN88511858,DR00221,H001-D04,H001,4548-4,2026-08-23 16:03:06,2026-08-23 17:00:06,2026-08-23 17:54:06,Routine,13.309,,H,0,2026-08-23 17:59:06
LAB00165751,,MRN88511858,DR00186,H003-D07,H003,3016-3,2026-08-23 16:03:06,2026-08-23 16:40:06,2026-08-23 18:29:06,Routine,68.351,,L,0,2026-08-23 18:34:06
LAB00165752,,MRN40337410,DR00098,H002-D01,H002,600-7,2026-07-18 12:24:13,2026-07-18 13:26:13,2026-07-18 18:05:13,Routine,,,HH,0,2026-07-18 18:10:13
LAB00165753,,MRN40337410,DR00124,H003-D04,H003,4544-3,2026-07-19 13:24:13,2026-07-19 14:46:13,2026-07-19 17:35:13,Routine,176.673,,N,0,2026-07-19 17:40:13
LAB00165754,,MRN40337410,DR00078,H002-D06,H002,2823-3,2026-07-18 16:24:13,2026-07-18 16:35:13,2026-07-18 20:32:13,Routine,133.856,,H,0,2026-07-18 20:37:13
LAB00165755,,MRN18491084,DR00014,H003-D03,H003,4544-3,2026-07-27 00:26:20,2026-07-27 00:57:20,2026-07-27 04:03:20,Routine,124.174,,N,0,2026-07-27 04:08:20
LAB00165756,,MRN18491084,DR00090,H002-D07,H002,600-7,2026-07-28 13:26:20,2026-07-28 14:49:20,2026-07-28 16:53:20,Routine,,,H,0,2026-07-28 16:58:20
LAB00165757,,MRN68779239,DR00150,H003-D03,H003,1920-8,2026-08-06 17:26:17,2026-08-06 18:32:17,2026-08-06 23:06:17,Routine,51.438,,HH,0,2026-08-06 23:11:17
LAB00165758,,MRN68779239,DR00066,H003-D10,H003,1920-8,2026-08-06 16:26:17,2026-08-06 17:29:17,2026-08-06 21:21:17,STAT,20.943,,HH,0,2026-08-06 21:26:17
LAB00165759,,MRN13582978,DR00052,H003-D07,H003,2160-0,2026-08-24 18:58:30,2026-08-24 19:15:30,2026-08-24 21:09:30,Routine,91.289,,N,0,2026-08-24 21:14:30
LAB00165760,,MRN91557059,DR00040,H002-D08,H002,777-3,2026-08-04 06:25:38,2026-08-04 06:48:38,2026-08-04 09:29:38,Routine,103.642,,N,0,2026-08-04 09:34:38
LAB00165761,,MRN91557059,DR00086,H001-D08,H001,4544-3,2026-08-04 17:25:38,2026-08-04 17:32:38,2026-08-04 19:25:38,STAT,166.438,,HH,0,2026-08-04 19:30:38
LAB00165762,,MRN32248576,DR00040,H002-D01,H002,4544-3,2026-07-12 04:41:17,2026-07-12 05:55:17,2026-07-12 08:17:17,STAT,56.555,,H,0,2026-07-12 08:22:17
LAB00165763,,MRN32248576,DR00148,H001-D03,H001,3016-3,2026-07-13 03:41:17,2026-07-13 04:00:17,2026-07-13 04:37:17,Routine,42.152,,L,0,2026-07-13 04:42:17
LAB00165764,,MRN48815780,DR00203,H002-D09,H002,1742-6,2026-07-30 23:13:42,2026-07-31 00:10:42,2026-07-31 03:34:42,STAT,173.801,,H,0,2026-07-31 03:39:42
LAB00165765,,MRN41504837,DR00019,H001-D06,H001,1975-2,2026-08-23 14:23:46,2026-08-23 15:26:46,2026-08-23 15:58:46,Routine,193.975,,H,0,2026-08-23 16:03:46
LAB00165766,,MRN41504837,DR00004,H001-D07,H001,2345-7,2026-08-25 02:23:46,2026-08-25 03:29:46,2026-08-25 06:25:46,Routine,80.32,,N,0,2026-08-25 06:30:46
LAB00165767,,MRN41504837,DR00007,H002-D02,H002,1975-2,2026-08-23 06:23:46,2026-08-23 06:31:46,2026-08-23 10:24:46,Routine,123.61,,L,0,2026-08-23 10:29:46
LAB00165768,,MRN46118383,DR00057,H003-D06,H003,1975-2,2026-07-28 15:26:39,2026-07-28 16:44:39,2026-07-28 21:30:39,Routine,199.123,,L,0,2026-07-28 21:35:39
LAB00165769,,MRN46118383,DR00219,H002-D05,H002,4544-3,2026-07-29 03:26:39,2026-07-29 03:50:39,2026-07-29 04:31:39,Routine,198.497,,H,0,2026-07-29 04:36:39
LAB00165770,,MRN46118383,DR00195,H003-D08,H003,5811-5,2026-07-28 18:26:39,2026-07-28 18:46:39,2026-07-28 22:20:39,Routine,62.906,,L,0,2026-07-28 22:25:39
LAB00165771,,MRN77549066,DR00009,H002-D10,H002,1742-6,2026-08-26 19:25:51,2026-08-26 20:12:51,2026-08-26 22:24:51,Routine,139.065,,H,0,2026-08-26 22:29:51
LAB00165772,,MRN22651626,DR00068,H002-D01,H002,1742-6,2026-08-21 19:08:35,2026-08-21 19:56:35,2026-08-21 21:23:35,Routine,177.003,,H,0,2026-08-21 21:28:35
LAB00165773,,MRN22651626,DR00145,H003-D10,H003,2075-0,2026-08-21 21:08:35,2026-08-21 21:53:35,2026-08-21 23:56:35,STAT,45.762,,H,0,2026-08-22 00:01:35
LAB00165774,,MRN22651626,DR00168,H002-D06,H002,5811-5,2026-08-23 05:08:35,2026-08-23 06:24:35,2026-08-23 09:02:35,STAT,167.924,,HH,0,2026-08-23 09:07:35
LAB00165775,,MRN90629009,DR00135,H002-D03,H002,6301-6,2026-07-26 11:13:31,2026-07-26 12:36:31,2026-07-26 17:16:31,Routine,20.557,,L,0,2026-07-26 17:21:31
LAB00165776,,MRN90610913,DR00036,H001-D06,H001,3016-3,2026-07-28 23:06:04,2026-07-28 23:19:04,2026-07-29 00:01:04,STAT,12.351,,L,0,2026-07-29 00:06:04
LAB00165777,,MRN90610913,DR00140,H004-D10,H004,2093-3,2026-07-30 08:06:04,2026-07-30 08:30:04,2026-07-30 10:04:04,Routine,106.937,,H,0,2026-07-30 10:09:04
LAB00165778,,MRN74080071,DR00158,H001-D09,H001,2345-7,2026-07-17 20:50:58,2026-07-17 21:11:58,2026-07-17 23:59:58,Routine,18.154,,N,0,2026-07-18 00:04:58
LAB00165779,,MRN74080071,DR00056,H001-D08,H001,777-3,2026-07-17 10:50:58,2026-07-17 11:33:58,2026-07-17 14:03:58,Routine,148.121,,HH,0,2026-07-17 14:08:58
LAB00165780,,MRN26039000,DR00197,H002-D01,H002,3016-3,2026-07-16 02:20:03,2026-07-16 03:44:03,2026-07-16 05:08:03,Routine,106.909,,N,0,2026-07-16 05:13:03
LAB00165781,,MRN39741014,DR00150,H003-D06,H003,777-3,2026-07-21 13:31:28,2026-07-21 14:36:28,2026-07-21 15:28:28,STAT,102.813,,H,0,2026-07-21 15:33:28
LAB00165782,,MRN39741014,DR00135,H001-D05,H001,5902-2,2026-07-21 06:31:28,2026-07-21 07:45:28,2026-07-21 10:53:28,Routine,163.158,,HH,0,2026-07-21 10:58:28
LAB00165783,,MRN88295201,DR00115,H003-D03,H003,4544-3,2026-07-21 20:45:44,2026-07-21 21:51:44,2026-07-21 23:27:44,STAT,131.256,,H,0,2026-07-21 23:32:44
LAB00165784,,MRN88295201,DR00135,H002-D03,H002,2951-2,2026-07-22 08:45:44,2026-07-22 10:00:44,2026-07-22 12:42:44,Routine,95.277,,L,0,2026-07-22 12:47:44
LAB00165785,,MRN27989151,DR00154,H002-D01,H002,2823-3,2026-08-04 17:25:28,2026-08-04 17:52:28,2026-08-04 19:52:28,Routine,139.895,,H,0,2026-08-04 19:57:28
LAB00165786,,MRN31209022,DR00023,H002-D02,H002,88888-8,2026-07-13 18:31:31,2026-07-13 18:57:31,2026-07-13 22:17:31,Routine,87.556,,HH,0,2026-07-13 22:22:31
LAB00165787,,MRN14599641,DR00008,H003-D08,H003,6690-2,2026-08-15 00:23:52,2026-08-15 01:18:52,2026-08-15 03:44:52,Routine,92.896,,N,0,2026-08-15 03:49:52
LAB00165788,,MRN14599641,DR00126,H001-D09,H001,1920-8,2026-08-15 19:23:52,2026-08-15 19:35:52,2026-08-15 22:23:52,Routine,104.349,,HH,0,2026-08-15 22:28:52
LAB00165789,,MRN14599641,DR00208,H002-D07,H002,1988-5,2026-08-15 08:23:52,2026-08-15 09:28:52,2026-08-15 11:29:52,Routine,159.419,,L,0,2026-08-15 11:34:52
LAB00165790,,MRN86192306,DR00046,H003-D10,H003,10839-9,2026-10-24 21:21:51,2026-10-24 21:45:51,2026-10-24 23:01:51,Routine,40.277,,HH,0,2026-10-24 23:06:51
LAB00165791,,MRN80604576,DR00123,H001-D06,H001,2075-0,2026-07-18 13:11:00,2026-07-18 14:08:00,2026-07-18 14:32:00,Routine,101.743,,H,0,2026-07-18 14:37:00
LAB00165792,,MRN80604576,DR00240,H002-D01,H002,5902-2,2026-07-19 04:11:00,2026-07-19 05:12:00,2026-07-19 06:56:00,Routine,39.766,,N,0,2026-07-19 07:01:00
LAB00165793,,MRN38035911,DR00054,H002-D07,H002,88888-8,2026-07-09 10:39:39,2026-07-09 11:27:39,2026-07-09 13:11:39,Routine,56.881,,L,0,2026-07-09 13:16:39
LAB00165794,,MRN82969038,DR00124,H002-D05,H002,1988-5,2026-08-26 13:22:40,2026-08-26 13:53:40,2026-08-26 17:42:40,STAT,13.271,,N,0,2026-08-26 17:47:40
LAB00165795,,MRN34039178,DR00207,H001-D09,H001,5902-2,2025-08-13 14:38:09,2025-08-13 15:54:09,2025-08-13 20:36:09,Routine,80.008,,HH,0,2025-08-13 20:41:09
LAB00165796,,MRN34039178,DR00213,H002-D07,H002,630-4,2025-08-13 21:38:09,2025-08-13 22:08:09,2025-08-13 23:56:09,Routine,,,N,0,2025-08-14 00:01:09
LAB00165797,,MRN64745596,DR00106,H003-D05,H003,6690-2,2026-08-05 18:58:18,2026-08-05 19:37:18,2026-08-05 23:00:18,Routine,6.161,,H,0,2026-08-05 23:05:18
LAB00165798,,MRN64745596,DR00098,H003-D10,H003,1975-2,2026-08-05 02:58:18,2026-08-05 03:16:18,2026-08-05 06:17:18,Routine,189.645,,L,0,2026-08-05 06:22:18
LAB00165799,,MRN64745596,DR00213,H001-D03,H001,2085-9,2026-08-05 15:58:18,2026-08-05 17:16:18,2026-08-05 22:06:18,Routine,32.645,,HH,0,2026-08-05 22:11:18
LAB00165800,,MRN98805284,DR00233,H002-D04,H002,2951-2,2026-07-07 09:00:15,2026-07-07 09:07:15,2026-07-07 09:55:15,Routine,101.95,,HH,0,2026-07-07 10:00:15
LAB00165801,,MRN98805284,DR00088,H002-D10,H002,10839-9,2026-07-06 14:00:15,2026-07-06 15:25:15,2026-07-06 18:23:15,STAT,54.571,,L,0,2026-07-06 18:28:15
LAB00165802,,MRN83901724,DR00002,H003-D08,H003,10839-9,2026-08-13 17:48:06,2026-08-13 18:10:06,2026-08-13 22:07:06,Routine,113.066,,HH,0,2026-08-13 22:12:06
LAB00165803,,MRN95159879,DR00131,H002-D07,H002,1920-8,2026-07-27 08:46:04,2026-07-27 10:08:04,2026-07-27 14:24:04,Routine,136.882,,HH,0,2026-07-27 14:29:04
LAB00165804,,MRN95159879,DR00147,H002-D02,H002,3016-3,2026-07-27 04:46:04,2026-07-27 05:55:04,2026-07-27 06:48:04,Routine,12.519,,N,0,2026-07-27 06:53:04
LAB00165805,,MRN31515337,DR00240,H003-D08,H003,1920-8,2026-08-15 02:33:11,2026-08-15 03:05:11,2026-08-15 04:35:11,Routine,33.106,,L,0,2026-08-15 04:40:11
LAB00165806,,MRN31515337,DR00209,H002-D03,H002,4548-4,2026-08-16 13:33:11,2026-08-16 14:28:11,2026-08-16 15:57:11,STAT,12.178,,N,0,2026-08-16 16:02:11
LAB00165807,,MRN86524008,DR00157,H003-D01,H003,777-3,2026-08-05 07:24:57,2026-08-05 08:47:57,2026-08-05 10:49:57,Routine,148.196,,N,0,2026-08-05 10:54:57
LAB00165808,,MRN17344707,DR00001,H001-D09,H001,1975-2,2026-08-12 05:57:17,2026-08-12 06:30:17,2026-08-12 10:21:17,Routine,199.621,,N,0,2026-08-12 10:26:17
LAB00165809,,MRN17344707,DR00064,H001-D04,H001,6301-6,2026-08-11 08:57:17,2026-08-11 09:18:17,2026-08-11 12:02:17,Routine,133.567,,H,0,2026-08-11 12:07:17
LAB00165810,,MRN17344707,DR00115,H001-D08,H001,4544-3,2026-08-12 01:57:17,2026-08-12 03:25:17,2026-08-12 06:45:17,Routine,165.69,,L,0,2026-08-12 06:50:17
LAB00165811,,MRN11203586,DR00017,H001-D06,H001,1742-6,2026-08-07 23:44:42,2026-08-08 01:05:42,2026-08-08 04:18:42,Routine,22.093,,N,0,2026-08-08 04:23:42
LAB00165812,,MRN11203586,DR00226,H001-D08,H001,5902-2,2026-08-07 18:44:42,2026-08-07 20:04:42,2026-08-07 23:25:42,Routine,94.152,,HH,0,2026-08-07 23:30:42
LAB00165813,,MRN11203586,DR00229,H002-D07,H002,600-7,2026-08-06 16:44:42,2026-08-06 17:15:42,2026-08-06 20:59:42,Routine,,,L,0,2026-08-06 21:04:42
LAB00165814,,MRN76215679,DR00212,H004-D10,H004,2085-9,2026-07-25 12:12:43,2026-07-25 12:52:43,2026-07-25 13:40:43,Routine,7.708,,H,0,2026-07-25 13:45:43
LAB00165815,,MRN76215679,DR00102,H002-D06,H002,6690-2,2026-07-25 12:12:43,2026-07-25 13:33:43,2026-07-25 14:20:43,Routine,103.147,,HH,0,2026-07-25 14:25:43
LAB00165816,,MRN57323257,DR00095,H002-D04,H002,2823-3,2026-07-07 00:06:10,2026-07-07 00:31:10,2026-07-07 03:05:10,Routine,31.01,,L,0,2026-07-07 03:10:10
LAB00165817,,MRN64353890,DR00033,H002-D01,H002,4544-3,2026-07-06 12:17:46,2026-07-06 12:39:46,2026-07-06 16:37:46,Routine,192.399,,L,0,2026-07-06 16:42:46
LAB00165818,,MRN64353890,DR00226,H002-D08,H002,5811-5,2026-07-06 13:17:46,2026-07-06 13:41:46,2026-07-06 18:27:46,STAT,57.169,,HH,0,2026-07-06 18:32:46
LAB00165819,,MRN64353890,DR00099,H002-D08,H002,777-3,2026-07-05 23:17:46,2026-07-06 00:39:46,2026-07-06 02:39:46,Routine,115.115,,HH,0,2026-07-06 02:44:46
LAB00165820,,MRN61124934,DR00052,H004-D10,H004,5902-2,2026-08-31 23:33:06,2026-09-01 00:38:06,2026-09-01 00:58:06,Routine,186.28,,HH,0,2026-09-01 01:03:06
LAB00165821,,MRN25877885,DR00213,H003-D08,H003,4548-4,2026-07-29 17:47:52,2026-07-29 18:51:52,2026-07-29 19:45:52,Routine,79.26,,N,0,2026-07-29 19:50:52
LAB00165822,,MRN25877885,DR00220,H003-D05,H003,1742-6,2026-07-28 22:47:52,2026-07-28 23:45:52,2026-07-29 03:47:52,Routine,148.919,,N,0,2026-07-29 03:52:52
LAB00165823,,MRN65358679,DR00006,H003-D08,H003,2085-9,2026-07-29 10:07:13,2026-07-29 10:38:13,2026-07-29 13:06:13,Routine,10.24,,L,0,2026-07-29 13:11:13
LAB00165824,,MRN92568819,DR00236,H001-D10,H001,4544-3,2026-07-11 18:32:11,2026-07-11 19:17:11,2026-07-11 23:26:11,Routine,82.369,,H,0,2026-07-11 23:31:11
LAB00165825,,MRN50152043,DR00153,H003-D07,H003,1975-2,2026-08-27 03:12:40,2026-08-27 04:07:40,2026-08-27 05:32:40,Routine,143.0,,H,0,2026-08-27 05:37:40
LAB00165826,,MRN50152043,DR00186,H003-D03,H003,3094-0,2026-08-27 05:12:40,2026-08-27 05:23:40,2026-08-27 07:30:40,Routine,99.322,,L,0,2026-08-27 07:35:40
LAB00165827,,MRN25543542,DR00104,H001-D10,H001,718-7,2026-08-27 05:37:49,2026-08-27 06:00:49,2026-08-27 06:43:49,Routine,52.186,,N,0,2026-08-27 06:48:49
LAB00165828,,MRN25543542,DR00112,H003-D09,H003,3094-0,2026-08-27 12:37:49,2026-08-27 13:08:49,2026-08-27 17:56:49,Routine,9.643,,HH,0,2026-08-27 18:01:49
LAB00165829,,MRN47926147,DR00115,H003-D05,H003,1975-2,2026-07-09 14:52:49,2026-07-09 15:56:49,2026-07-09 20:06:49,Routine,47.68,,L,0,2026-07-09 20:11:49
LAB00165830,,MRN47926147,DR00195,H003-D10,H003,2160-0,2026-07-08 11:52:49,2026-07-08 12:29:49,2026-07-08 16:14:49,Routine,77.702,,HH,0,2026-07-08 16:19:49
LAB00165831,,MRN31739735,DR00074,H003-D07,H003,3094-0,2026-08-05 12:25:14,2026-08-05 13:18:14,2026-08-05 17:48:14,Routine,83.177,,HH,0,2026-08-05 17:53:14
LAB00165832,,MRN50050193,DR00193,H003-D01,H003,3016-3,2026-08-07 05:16:41,2026-08-07 06:13:41,2026-08-07 11:06:41,Routine,18.608,,HH,0,2026-08-07 11:11:41
LAB00165833,,MRN50050193,DR00051,H001-D09,H001,2085-9,2026-08-06 12:16:41,2026-08-06 12:51:41,2026-08-06 13:31:41,STAT,58.816,,H,0,2026-08-06 13:36:41
LAB00165834,,MRN50050193,DR00068,H001-D10,H001,10839-9,2026-08-07 04:16:41,2026-08-07 04:50:41,2026-08-07 05:29:41,Routine,59.077,,N,0,2026-08-07 05:34:41
LAB00165835,,MRN96301679,DR00190,H002-D08,H002,LOCAL-777,2026-07-29 10:21:07,2026-07-29 10:35:07,2026-07-29 11:42:07,Routine,96.108,,HH,0,2026-07-29 11:47:07
LAB00165836,,MRN96301679,DR00131,H001-D08,H001,30934-4,2026-07-29 07:21:07,2026-07-29 08:27:07,2026-07-29 10:38:07,STAT,138.593,,L,0,2026-07-29 10:43:07
LAB00165837,,MRN96301679,DR00153,H002-D09,H002,2160-0,2026-07-29 21:21:07,2026-07-29 22:42:07,2026-07-29 23:48:07,Routine,95.914,,HH,0,2026-07-29 23:53:07
LAB00165838,,MRN64429009,DR00203,H001-D10,H001,4544-3,2026-07-07 21:17:23,2026-07-07 21:26:23,2026-07-08 00:31:23,Routine,192.825,,HH,0,2026-07-08 00:36:23
LAB00165839,,MRN64429009,DR00018,H003-D01,H003,777-3,2026-07-07 08:17:23,2026-07-07 09:24:23,2026-07-07 10:04:23,Routine,194.228,,H,0,2026-07-07 10:09:23
LAB00165840,,MRN64429009,DR00158,H001-D04,H001,2823-3,2026-07-07 15:17:23,2026-07-07 15:34:23,2026-07-07 20:19:23,Routine,84.2,,HH,0,2026-07-07 20:24:23
LAB00165841,,MRN59806589,DR00040,H003-D06,H003,2345-7,2026-08-12 09:09:38,2026-08-12 09:14:38,2026-08-12 12:09:38,STAT,156.364,,HH,0,2026-08-12 12:14:38
LAB00165842,,MRN59806589,DR00147,H001-D05,H001,2075-0,2026-08-11 20:09:38,2026-08-11 20:14:38,2026-08-11 20:51:38,Routine,178.045,,L,0,2026-08-11 20:56:38
LAB00165843,,MRN59806589,DR00204,H001-D07,H001,600-7,2026-08-11 06:09:38,2026-08-11 07:26:38,2026-08-11 10:53:38,Routine,,,L,0,2026-08-11 10:58:38
LAB00165844,,MRN96364291,DR00148,H003-D04,H003,3094-0,2026-07-15 13:21:58,2026-07-15 14:32:58,2026-07-15 18:24:58,Routine,89.398,,H,0,2026-07-15 18:29:58
LAB00165845,,MRN96364291,DR00187,H002-D08,H002,2093-3,2026-07-14 06:21:58,2026-07-14 06:47:58,2026-07-14 09:15:58,STAT,64.438,,HH,0,2026-07-14 09:20:58
LAB00165846,,MRN96364291,DR00168,H001-D04,H001,777-3,2026-07-14 11:21:58,2026-07-14 12:48:58,2026-07-14 16:56:58,Routine,160.056,,HH,0,2026-07-14 17:01:58
LAB00165847,,MRN25493104,DR00003,H003-D01,H003,5902-2,2026-08-03 15:14:12,2026-08-03 16:17:12,2026-08-03 19:41:12,Routine,94.207,,HH,0,2026-08-03 19:46:12
LAB00165848,,MRN25493104,DR00190,H003-D03,H003,2823-3,2026-08-02 11:14:12,2026-08-02 12:04:12,2026-08-02 12:55:12,Routine,33.836,,L,0,2026-08-02 13:00:12
LAB00165849,,MRN25493104,DR00191,H001-D03,H001,2085-9,2026-08-03 17:14:12,2026-08-03 18:33:12,2026-08-03 22:19:12,Routine,145.347,,L,0,2026-08-03 22:24:12
LAB00165850,,MRN91284110,DR00005,H002-D03,H002,2160-0,2026-07-08 06:23:41,2026-07-08 07:12:41,2026-07-08 12:06:41,Routine,9.412,,HH,0,2026-07-08 12:11:41
LAB00165851,,MRN91284110,DR00022,H002-D04,H002,1920-8,2026-07-08 02:23:41,2026-07-08 02:28:41,2026-07-08 05:36:41,Routine,187.198,,H,0,2026-07-08 05:41:41
LAB00165852,,MRN35892001,DR00090,H002-D04,H002,5811-5,2026-08-11 02:04:50,2026-08-11 02:18:50,2026-08-11 05:41:50,Routine,91.968,,H,0,2026-08-11 05:46:50
LAB00165853,,MRN35892001,DR00197,H001-D02,H001,6690-2,2026-08-10 03:04:50,2026-08-10 04:31:50,2026-08-10 07:28:50,Routine,170.962,,L,0,2026-08-10 07:33:50
LAB00165854,,MRN35892001,DR00218,H003-D03,H003,2075-0,2026-08-10 11:04:50,2026-08-10 12:00:50,2026-08-10 15:22:50,STAT,7.615,,L,0,2026-08-10 15:27:50
LAB00165855,,MRN89325288,DR00210,H002-D06,H002,6690-2,2026-07-23 10:56:39,2026-07-23 11:46:39,2026-07-23 13:42:39,Routine,26.883,,L,0,2026-07-23 13:47:39
LAB00165856,,MRN91267916,DR00024,H002-D04,H002,600-7,2026-08-03 10:00:10,2026-08-03 10:30:10,2026-08-03 13:08:10,Routine,,,N,0,2026-08-03 13:13:10
LAB00165857,,MRN91267916,DR00203,H004-D10,H004,3094-0,2026-08-04 02:00:10,2026-08-04 02:28:10,2026-08-04 05:18:10,STAT,50.403,,HH,0,2026-08-04 05:23:10
LAB00165858,,MRN17853944,DR00227,H001-D09,H001,777-3,2026-08-03 19:49:07,2026-08-03 20:44:07,2026-08-03 22:03:07,Routine,130.462,,N,0,2026-08-03 22:08:07
LAB00165859,,MRN68419618,DR00138,H002-D01,H002,2085-9,2026-08-28 06:01:55,2026-08-28 06:06:55,2026-08-28 10:05:55,Routine,182.089,,H,0,2026-08-28 10:10:55
LAB00165860,,MRN68419618,DR00100,H003-D05,H003,6690-2,2026-08-27 12:01:55,2026-08-27 12:47:55,2026-08-27 15:24:55,Routine,92.463,,L,0,2026-08-27 15:29:55
LAB00165861,,MRN68419618,DR00011,H001-D01,H001,4544-3,2026-08-27 12:01:55,2026-08-27 12:15:55,2026-08-27 13:43:55,Routine,5.767,,N,0,2026-08-27 13:48:55
LAB00165862,,MRN78902613,DR00057,H003-D05,H003,1988-5,2026-08-06 00:44:59,2026-08-06 01:30:59,2026-08-06 03:17:59,Routine,7.051,,HH,0,2026-08-06 03:22:59
LAB00165863,,MRN78902613,DR00221,H001-D07,H001,777-3,2026-08-04 22:44:59,2026-08-04 23:20:59,2026-08-05 00:01:59,Routine,186.41,,H,0,2026-08-05 00:06:59
LAB00165864,,MRN78902613,DR00212,H001-D01,H001,5811-5,2026-08-06 00:44:59,2026-08-06 01:53:59,2026-08-06 04:30:59,Routine,156.5,,HH,0,2026-08-06 04:35:59
LAB00165865,,MRN45892278,DR00120,H003-D02,H003,630-4,2026-08-09 11:42:14,2026-08-09 12:54:14,2026-08-09 13:20:14,Routine,,,HH,0,2026-08-09 13:25:14
LAB00165866,,MRN45892278,DR00044,H001-D02,H001,4544-3,2026-08-09 12:42:14,2026-08-09 12:53:14,2026-08-09 14:25:14,Routine,95.836,,HH,0,2026-08-09 14:30:14
LAB00165867,,MRN45892278,DR00001,H002-D08,H002,2160-0,2026-08-09 21:42:14,2026-08-09 21:51:14,2026-08-10 02:13:14,Routine,181.005,,HH,0,2026-08-10 02:18:14
LAB00165868,,MRN92389488,DR00023,H002-D06,H002,1920-8,2026-07-18 00:27:44,2026-07-18 00:52:44,2026-07-18 03:07:44,STAT,158.914,,N,0,2026-07-18 03:12:44
LAB00165869,,MRN11996827,DR00216,H003-D09,H003,600-7,2026-08-12 12:54:14,2026-08-12 14:23:14,2026-08-12 16:42:14,Routine,,,H,0,2026-08-12 16:47:14
LAB00165870,,MRN46459231,DR00218,H001-D10,H001,600-7,2026-08-28 09:28:35,2026-08-28 10:01:35,2026-08-28 11:35:35,STAT,,,N,0,2026-08-28 11:40:35
LAB00165871,,MRN86437035,DR00103,H002-D05,H002,1988-5,2026-08-11 01:04:14,2026-08-11 01:57:14,2026-08-11 05:11:14,Routine,100.897,,H,0,2026-08-11 05:16:14
LAB00165872,,MRN35787290,DR00088,H002-D03,H002,5902-2,2026-07-30 22:46:36,2026-07-30 23:23:36,2026-07-31 00:55:36,Routine,87.441,,N,0,2026-07-31 01:00:36
LAB00165873,,MRN16151326,DR00039,H002-D01,H002,777-3,2026-07-31 13:21:56,2026-07-31 13:32:56,2026-07-31 13:59:56,STAT,90.218,,N,0,2026-07-31 14:04:56
LAB00165874,,MRN16151326,DR00069,H003-D07,H003,630-4,2026-07-30 08:21:56,2026-07-30 09:11:56,2026-07-30 10:55:56,STAT,,,H,0,2026-07-30 11:00:56
LAB00165875,,MRN20777842,DR00130,H002-D07,H002,30934-4,2026-07-26 12:21:32,2026-07-26 13:00:32,2026-07-26 16:45:32,Routine,56.041,,L,0,2026-07-26 16:50:32
LAB00165876,,MRN63492781,DR00083,H003-D07,H003,5902-2,2026-08-29 10:52:50,2026-08-29 11:44:50,2026-08-29 14:38:50,STAT,14.816,,L,0,2026-08-29 14:43:50
LAB00165877,,MRN63492781,DR00175,H001-D02,H001,5902-2,2026-08-29 05:52:50,2026-08-29 06:07:50,2026-08-29 08:17:50,Routine,67.822,,H,0,2026-08-29 08:22:50
LAB00165878,,MRN44019243,DR00169,H001-D09,H001,2951-2,2026-08-12 12:14:35,2026-08-12 12:44:35,2026-08-12 13:06:35,Routine,53.049,,L,0,2026-08-12 13:11:35
LAB00165879,,MRN91566020,DR00076,H002-D03,H002,5902-2,2026-08-08 05:37:25,2026-08-08 06:37:25,2026-08-08 11:22:25,Routine,2.137,,H,0,2026-08-08 11:27:25
LAB00165880,,MRN91566020,DR00181,H001-D05,H001,10839-9,2026-08-08 02:37:25,2026-08-08 03:34:25,2026-08-08 08:26:25,Routine,20.485,,HH,0,2026-08-08 08:31:25
LAB00165881,,MRN56904309,DR00160,H001-D04,H001,4544-3,2026-08-18 17:40:19,2026-08-18 17:46:19,2026-08-18 20:37:19,STAT,185.891,,HH,0,2026-08-18 20:42:19
LAB00165882,,MRN56904309,DR00005,H001-D04,H001,5811-5,2026-08-20 10:40:19,2026-08-20 11:02:19,2026-08-20 12:11:19,STAT,39.922,,HH,0,2026-08-20 12:16:19
LAB00165883,,MRN36247559,DR00097,H003-D01,H003,1975-2,2025-11-20 18:24:18,2025-11-20 18:36:18,2025-11-20 22:28:18,Routine,183.15,,N,0,2025-11-20 22:33:18
LAB00165884,,MRN59510180,DR00127,H002-D06,H002,2085-9,2026-07-10 02:11:27,2026-07-10 02:43:27,2026-07-10 03:36:27,Routine,75.27,,N,0,2026-07-10 03:41:27
LAB00165885,,MRN59510180,DR00155,H003-D05,H003,5811-5,2026-07-09 13:11:27,2026-07-09 13:55:27,2026-07-09 17:26:27,STAT,102.672,,HH,0,2026-07-09 17:31:27
LAB00165886,,MRN59510180,DR00010,H002-D10,H002,1988-5,2026-07-10 09:11:27,2026-07-10 09:57:27,2026-07-10 14:36:27,Routine,59.824,,H,0,2026-07-10 14:41:27
LAB00165887,,MRN92808225,DR00064,H004-D03,H004,3016-3,2026-07-10 21:11:48,2026-07-10 21:36:48,2026-07-10 23:12:48,Routine,48.316,,H,0,2026-07-10 23:17:48
LAB00165888,,MRN92808225,DR00118,H002-D05,H002,4544-3,2026-07-09 18:11:48,2026-07-09 18:35:48,2026-07-09 18:58:48,Routine,98.918,,L,0,2026-07-09 19:03:48
LAB00165889,,MRN92808225,DR00150,H003-D01,H003,2160-0,2026-07-09 12:11:48,2026-07-09 12:27:48,2026-07-09 13:28:48,STAT,50.483,,N,0,2026-07-09 13:33:48
LAB00165890,,MRN67350499,DR00173,H003-D06,H003,2951-2,2026-08-14 07:40:00,2026-08-14 08:36:00,2026-08-14 09:08:00,Routine,186.619,,L,0,2026-08-14 09:13:00
