invoice_id,patient_id,encounter_id,hospital_id,payer_id,invoice_date,service_date,total_amount,update_dt
INV00011569,MRN50304038,ENC00032167,H003,PAY001,2026-07-13,2026-07-08,5960.5,2026-07-14 08:30:08
INV00011570,MRN26733358,ENC00032168,H001,PAY001,2026-07-17,2026-07-05,27160.83,2026-07-18 12:23:34
INV00011571,MRN36511911,ENC00032169,H003,PAY002,2026-08-21,2026-08-18,3626.91,2026-08-22 20:20:31
INV00011572,MRN90475011,ENC00032170,H003,PAY001,2026-08-07,2026-08-03,4567.05,2026-08-08 18:54:33
INV00011573,MRN81264574,ENC00032171,H003,PAY001,2026-07-17,2026-07-12,3237.2,2026-07-18 12:39:24
INV00011574,MRN53919366,ENC00032172,H003,PAY004,2026-08-28,2026-08-13,7200.4,2026-08-29 02:33:06
INV00011575,MRN34687381,ENC00032173,H003,PAY002,2026-08-12,2026-08-12,5317.37,2026-08-13 13:08:25
INV00011576,MRN35526504,ENC00032174,H003,PAY005,2026-07-11,2026-07-09,9330.99,2026-07-12 23:21:37
INV00011577,MRN82602202,ENC00032175,H002,PAY001,2026-07-20,2026-07-13,1849.6,2026-07-21 00:07:07
INV00011578,MRN59512679,ENC00032176,H002,PAY001,2026-08-04,2026-08-01,1173.86,2026-08-05 10:44:19
INV00011579,MRN26723589,ENC00032177,H002,PAY006,2026-08-14,2026-08-01,8027.66,2026-08-15 23:09:16
INV00011580,MRN63511244,ENC00032178,H002,PAY001,2026-07-26,2026-07-24,3566.09,2026-07-27 23:22:19
INV00011581,MRN68407022,ENC00032179,H001,PAY004,2026-07-25,2026-07-23,5394.74,2026-07-26 15:34:18
INV00011582,MRN21185565,ENC00032180,H002,PAY001,2026-08-01,2026-08-01,1581.21,2026-08-02 13:11:53
INV00011583,MRN95334680,ENC00032181,H001,PAY002,2026-01-29,2026-01-23,37935.96,2026-01-30 20:19:14
INV00011584,MRN33355904,ENC00032182,H001,PAY001,2026-08-02,2026-07-29,3159.22,2026-08-03 11:42:22
INV00011585,MRN80860816,ENC00032183,H003,PAY004,2026-07-12,2026-07-08,7193.42,2026-07-13 16:55:41
INV00011586,MRN51602535,ENC00032184,H003,PAY003,2026-08-22,2026-08-07,5452.88,2026-08-23 18:57:27
INV00011587,MRN76129176,ENC00032185,H002,PAY001,2026-07-18,2026-07-15,5650.19,2026-07-19 21:43:48
INV00011588,MRN66646830,ENC00032186,H003,PAY001,2026-07-16,2026-07-12,2614.16,2026-07-17 19:18:51
INV00011589,MRN37939885,ENC00032187,H003,PAY001,2025-08-29,2025-08-21,18982.1,2025-08-30 00:28:51
INV00011590,MRN90517570,ENC00032188,H003,PAY001,2026-08-30,2026-08-27,3708.36,2026-08-31 01:52:38
INV00011591,MRN24594737,ENC00032189,H002,PAY002,2026-07-26,2026-07-23,7192.98,2026-07-27 03:08:32
INV00011592,MRN48121103,ENC00032190,H001,PAY002,2026-08-01,2026-07-25,234.84,2026-08-02 21:11:01
INV00011593,MRN46079531,ENC00032191,H003,PAY005,2026-08-25,2026-08-25,4742.68,2026-08-26 08:48:03
INV00011594,MRN85940957,ENC00032192,H004,PAY001,2026-08-16,2026-08-10,6759.95,2026-08-17 01:27:53
INV00011595,MRN54769387,ENC00032193,H001,PAY003,2026-08-26,2026-08-21,3245.35,2026-08-27 01:42:33
INV00011596,MRN16687335,ENC00032194,H003,PAY001,2026-07-20,2026-07-17,762.58,2026-07-21 12:16:56
INV00011597,MRN60199557,ENC00032195,H003,PAY001,2026-08-29,2026-08-27,635.78,2026-08-30 09:30:12
INV00011598,MRN89688658,ENC00032196,H002,PAY001,2026-07-03,2026-07-03,12843.02,2026-07-04 14:43:48
INV00011599,MRN53802494,ENC00032197,H002,PAY003,2026-08-03,2026-07-31,6343.41,2026-08-04 06:19:23
INV00011600,MRN68747012,ENC00032198,H001,PAY001,2026-08-13,2026-08-09,5412.77,2026-08-14 17:09:08
INV00011601,MRN82970427,ENC00032199,H003,PAY001,2026-08-27,2026-08-16,6659.62,2026-08-28 23:58:00
INV00011602,MRN98369969,ENC00032200,H003,PAY001,2026-08-18,2026-08-16,11410.71,2026-08-19 21:41:50
INV00011603,MRN96020933,ENC00032201,H001,PAY006,2026-07-27,2026-07-21,5918.62,2026-07-28 20:19:41
INV00011604,MRN19818277,ENC00032202,H002,PAY001,2026-07-15,2026-07-04,14423.33,2026-07-16 06:34:03
INV00011605,MRN78229214,ENC00032203,H004,PAY001,2025-12-21,2025-12-19,27505.6,2025-12-22 08:42:18
INV00011606,MRN89170578,ENC00032204,H001,PAY001,2026-07-11,2026-07-07,2269.64,2026-07-12 09:16:19
INV00011607,MRN60601282,ENC00032205,H002,PAY002,2025-08-23,2025-08-15,5685.06,2025-08-24 09:36:07
INV00011608,MRN40052492,ENC00032206,H001,PAY001,2026-08-14,2026-08-06,21824.53,2026-08-15 01:21:07
INV00011609,MRN65822443,ENC00032207,H003,PAY001,2026-08-06,2026-08-01,15555.08,2026-08-07 05:58:50
INV00011610,MRN88910428,ENC00032208,H001,PAY001,2026-08-01,2026-07-27,2080.12,2026-08-02 12:02:44
INV00011611,MRN20034299,ENC00032209,H001,PAY003,2026-07-26,2026-07-23,5229.08,2026-07-27 22:09:38
INV00011612,MRN10573626,ENC00032210,H002,PAY008,2026-07-27,2026-07-25,311.32,2026-07-28 04:13:56
INV00011613,MRN48355662,ENC00032211,H002,PAY001,2026-03-28,2026-03-25,371.05,2026-03-29 11:26:18
INV00011614,MRN90803312,ENC00032212,H002,PAY003,2026-07-08,2026-07-03,7913.14,2026-07-09 01:01:45
INV00011615,MRN76590609,ENC00032213,H001,PAY001,2026-08-09,2026-07-27,15936.65,2026-08-10 19:43:14
INV00011616,MRN75823084,ENC00032214,H001,PAY005,2026-07-18,2026-07-16,16640.2,2026-07-19 04:35:19
INV00011617,MRN75703636,ENC00032215,H002,PAY001,2026-08-22,2026-08-16,2597.22,2026-08-23 08:37:12
INV00011618,MRN30580136,ENC00032216,H003,PAY001,2026-08-23,2026-08-21,9924.72,2026-08-24 09:32:53
INV00011619,MRN81251200,ENC00032217,H001,PAY004,2026-08-13,2026-08-01,708.92,2026-08-14 14:04:40
INV00011620,MRN27693344,ENC00032218,H003,PAY001,2026-07-12,2026-07-07,10979.18,2026-07-13 20:39:15
INV00011621,MRN64282657,ENC00032219,H002,PAY001,2026-07-11,2026-07-08,3494.98,2026-07-12 06:16:09
INV00011622,MRN44865625,ENC00032220,H002,PAY001,2026-08-20,2026-08-18,2178.9,2026-08-21 11:27:20
INV00011623,MRN52370321,ENC00032221,H001,PAY002,2026-07-20,2026-07-16,11600.44,2026-07-21 13:37:25
INV00011624,MRN57627650,ENC00032222,H003,PAY001,2026-08-09,2026-07-28,9881.57,2026-08-10 10:20:50
INV00011625,MRN95208936,ENC00032223,H001,PAY001,2026-08-26,2026-08-19,15726.7,2026-08-27 01:06:46
INV00011626,MRN66336861,ENC00032224,H003,PAY001,2026-08-28,2026-08-24,1050.4,2026-08-29 15:38:10
INV00011627,MRN96782304,ENC00032225,H001,PAY006,2026-07-22,2026-07-22,3875.49,2026-07-23 01:31:32
INV00011628,MRN95212920,ENC00032226,H002,PAY001,2026-08-26,2026-08-22,3324.24,2026-08-27 17:51:25
INV00011629,MRN65133014,ENC00032227,H001,PAY001,2026-07-23,2026-07-17,8823.37,2026-07-24 18:06:05
INV00011630,MRN16231493,ENC00032228,H002,PAY001,2026-07-11,2026-07-06,2954.34,2026-07-12 06:50:37
INV00011631,MRN73876099,ENC00032229,H003,PAY001,2026-08-19,2026-08-13,26567.89,2026-08-20 03:53:06
INV00011632,MRN76703238,ENC00032230,H004,PAY001,2026-07-13,2026-07-05,6900.04,2026-07-14 11:56:30
INV00011633,MRN25207747,ENC00032231,H004,PAY001,2026-07-24,2026-07-20,3694.65,2026-07-25 13:29:57
INV00011634,MRN28956021,ENC00032232,H001,PAY002,2026-08-23,2026-08-22,13242.75,2026-08-24 09:25:23
INV00011635,MRN26684657,ENC00032233,H002,PAY001,2026-05-11,2026-04-19,9471.04,2026-05-12 16:03:09
INV00011636,MRN99504588,ENC00032234,H001,PAY001,2026-08-10,2026-08-06,17984.9,2026-08-11 14:00:04
INV00011637,MRN11615353,ENC00032235,H002,PAY005,2026-07-21,2026-07-18,14029.71,2026-07-22 13:57:48
INV00011638,MRN55463401,ENC00032236,H002,PAY001,2026-08-03,2026-07-28,1557.43,2026-08-04 13:44:29
INV00011639,MRN33231882,ENC00032237,H002,PAY001,2026-07-24,2026-07-18,27880.17,2026-07-25 05:46:23
INV00011640,MRN43502757,ENC00032238,H003,PAY002,2026-08-17,2026-08-17,9575.7,2026-08-18 14:30:47
INV00011641,MRN29513784,ENC00032239,H003,PAY001,2026-08-22,2026-08-17,9592.65,2026-08-23 02:18:39
INV00011642,MRN29316282,ENC00032240,H003,PAY001,2026-07-26,2026-07-24,19429.29,2026-07-27 07:12:54
INV00011643,MRN86437035,ENC00032241,H002,PAY001,2025-11-10,2025-11-02,2569.07,2025-11-11 17:22:10
INV00011644,MRN45261694,ENC00032242,H003,PAY001,2026-08-05,2026-08-01,1673.84,2026-08-06 11:12:40
INV00011645,MRN33438391,ENC00032243,H003,PAY001,2026-08-18,2026-08-18,4156.06,2026-08-19 02:36:58
INV00011646,MRN51045170,ENC00032244,H003,PAY001,2026-08-16,2026-08-07,2767.53,2026-08-17 20:03:29
INV00011647,MRN39427708,ENC00032245,H001,PAY002,2026-08-19,2026-08-14,2359.95,2026-08-20 22:58:10
INV00011648,MRN72749777,ENC00032246,H002,PAY001,2026-09-09,2026-08-31,16923.79,2026-09-10 12:36:28
INV00011649,MRN73095909,ENC00032247,H003,PAY001,2026-09-03,2026-08-28,9059.25,2026-09-04 03:56:46
INV00011650,MRN34593261,ENC00032248,H004,PAY001,2026-07-10,2026-07-03,19388.5,2026-07-11 23:52:39
INV00011651,MRN65814957,ENC00032249,H001,PAY004,2026-08-22,2026-08-20,2941.62,2026-08-23 16:30:41
INV00011652,MRN55323389,ENC00032250,H002,PAY004,2026-08-27,2026-08-20,4997.19,2026-08-28 08:10:55
INV00011653,MRN33706619,ENC00032251,H001,PAY002,2026-08-07,2026-07-29,303.56,2026-08-08 03:33:08
INV00011654,MRN35138209,ENC00032252,H003,PAY001,2026-07-21,2026-07-07,7732.57,2026-07-22 02:35:14
INV00011655,MRN78225708,ENC00032253,H003,PAY001,2026-08-23,2026-08-17,13708.02,2026-08-24 14:37:42
INV00011656,MRN95699754,ENC00032254,H001,PAY001,2026-07-24,2026-07-22,3433.55,2026-07-25 15:04:14
INV00011657,MRN19887957,ENC00032255,H002,PAY002,2026-08-15,2026-08-06,2193.93,2026-08-16 21:20:22
INV00011658,MRN21864270,ENC00032256,H001,PAY001,2026-09-03,2026-08-21,7112.18,2026-09-04 02:45:45
INV00011659,MRN78908560,ENC00032257,H001,PAY001,2026-08-06,2026-08-03,2993.9,2026-08-07 13:25:26
INV00011660,MRN13479165,ENC00032258,H001,PAY001,2026-08-05,2026-07-27,4728.55,2026-08-06 10:18:40
INV00011661,MRN72253209,ENC00032259,H003,PAY001,2026-08-29,2026-08-25,1661.2,2026-08-30 14:26:12
INV00011662,MRN27384277,ENC00032260,H003,PAY001,2026-08-18,2026-08-13,7304.13,2026-08-19 01:15:14
INV00011663,MRN60875882,ENC00032261,H004,PAY008,2026-07-20,2026-07-18,10293.52,2026-07-21 04:12:15
INV00011664,MRN93748782,ENC00032262,H002,PAY001,2026-07-07,2026-07-07,5600.72,2026-07-08 05:01:25
INV00011665,MRN32784449,ENC00032263,H002,PAY003,2026-08-15,2026-08-03,4860.23,2026-08-16 18:57:42
INV00011666,MRN69432058,ENC00032264,H002,PAY001,2026-02-13,2026-02-08,19312.37,2026-02-14 04:04:57
INV00011667,MRN49096567,ENC00032265,H002,PAY001,2026-08-22,2026-07-29,13693.63,2026-08-23 13:43:45
INV00011668,MRN73218737,ENC00032266,H003,PAY004,2026-07-31,2026-07-22,8503.29,2026-08-01 18:05:56
INV00011669,MRN52944074,ENC00032267,H003,PAY001,2026-08-12,2026-08-09,1757.04,2026-08-13 22:12:12
INV00011670,MRN28060321,ENC00032268,H002,PAY001,2026-07-17,2026-07-14,17672.42,2026-07-18 01:45:33
INV00011671,MRN64976437,ENC00032269,H001,PAY001,2026-07-27,2026-07-24,12440.03,2026-07-28 07:03:40
INV00011672,MRN51728322,ENC00032270,H002,PAY002,2026-07-16,2026-07-15,23052.09,2026-07-17 17:07:23
INV00011673,MRN48691876,ENC00032271,H001,PAY003,2026-08-18,2026-08-15,1986.72,2026-08-19 12:52:48
INV00011674,MRN88071264,ENC00032272,H003,PAY004,2026-08-12,2026-08-11,1335.94,2026-08-13 02:13:04
INV00011675,MRN29258626,ENC00032273,H001,PAY001,2026-08-19,2026-08-17,12340.01,2026-08-20 19:12:26
INV00011676,MRN55420448,ENC00032274,H001,PAY001,2026-08-08,2026-08-03,6228.59,2026-08-09 12:25:26
INV00011677,MRN56676535,ENC00032275,H003,PAY001,2026-08-18,2026-08-13,1359.35,2026-08-19 20:05:52
INV00011678,MRN83524861,ENC00032276,H002,PAY001,2026-08-26,2026-08-24,3190.56,2026-08-27 12:42:32
INV00011679,MRN62294373,ENC00032277,H001,PAY004,2026-08-23,2026-08-17,17682.83,2026-08-24 23:11:12
INV00011680,MRN70920182,ENC00032278,H004,PAY001,2026-07-27,2026-07-18,3279.07,2026-07-28 10:52:14
INV00011681,MRN70990560,ENC00032279,H003,PAY001,2026-07-31,2026-07-25,17055.9,2026-08-01 05:25:03
INV00011682,MRN87855088,ENC00032280,H003,PAY001,2026-08-05,2026-08-01,1162.61,2026-08-06 10:43:58
INV00011683,MRN48686189,ENC00032281,H002,PAY001,2026-08-13,2026-08-09,14620.95,2026-08-14 12:24:12
INV00011684,MRN18455757,ENC00032282,H002,PAY001,2026-08-01,2026-08-01,26288.35,2026-08-02 13:42:27
INV00011685,MRN63711515,ENC00032283,H003,PAY001,2026-08-16,2026-08-01,69770.22,2026-08-17 09:39:53
INV00011686,MRN35957996,ENC00032284,H001,PAY001,2026-07-29,2026-07-11,35510.67,2026-07-30 15:37:23
INV00011687,MRN48849463,ENC00032285,H003,PAY001,2026-08-26,2026-08-24,5520.44,2026-08-27 19:06:17
INV00011688,MRN27028623,ENC00032286,H001,PAY001,2026-07-25,2026-07-23,6977.44,2026-07-26 20:11:44
INV00011689,MRN33544476,ENC00032287,H002,PAY002,2026-01-18,2026-01-16,5082.03,2026-01-19 22:25:00
INV00011690,MRN23046925,ENC00032288,H004,PAY008,2026-07-27,2026-07-18,6081.22,2026-07-28 06:57:10
INV00011691,MRN48019969,ENC00032289,H001,PAY002,2026-07-15,2026-07-08,21353.02,2026-07-16 00:29:42
INV00011692,MRN24635496,ENC00032290,H003,PAY003,2026-08-22,2026-08-18,7786.42,2026-08-23 19:48:26
INV00011693,MRN43738215,ENC00032291,H001,PAY003,2026-08-28,2026-08-26,4503.6,2026-08-29 00:51:28
INV00011694,MRN95204711,ENC00032292,H001,PAY003,2026-07-26,2026-07-20,42042.8,2026-07-27 21:19:28
INV00011695,MRN18795420,ENC00032293,H002,PAY001,2026-08-17,2026-08-14,3747.6,2026-08-18 16:41:02
INV00011696,MRN45177696,ENC00032294,H003,PAY001,2026-08-27,2026-08-17,5569.82,2026-08-28 21:28:05
INV00011697,MRN31498955,ENC00032295,H001,PAY004,2026-08-31,2026-08-15,9648.64,2026-09-01 19:11:59
INV00011698,MRN39902792,ENC00032296,H001,PAY007,2026-08-13,2026-08-09,7737.15,2026-08-14 07:12:15
INV00011699,MRN48934235,ENC00032297,H004,PAY006,2026-07-17,2026-07-03,29198.16,2026-07-18 19:03:57
INV00011700,MRN90366637,ENC00032298,H001,PAY008,2026-07-17,2026-07-13,19310.31,2026-07-18 22:33:10
INV00011701,MRN19971737,ENC00032299,H003,PAY001,2026-08-01,2026-07-28,22312.61,2026-08-02 19:22:58
INV00011702,MRN24574758,ENC00032300,H004,PAY001,2026-07-26,2026-07-22,1743.09,2026-07-27 21:31:47
INV00011703,MRN46174931,ENC00032301,H002,PAY001,2026-07-28,2026-07-22,16906.35,2026-07-29 15:15:35
INV00011704,MRN43985870,ENC00032302,H001,PAY001,2026-08-04,2026-08-01,5774.86,2026-08-05 15:37:54
INV00011705,MRN74622857,ENC00032303,H002,PAY005,2026-08-06,2026-07-25,2913.79,2026-08-07 04:01:26
INV00011706,MRN77826241,ENC00032304,H001,PAY001,2026-07-27,2026-07-23,15354.21,2026-07-28 06:56:18
INV00011707,MRN26240387,ENC00032305,H001,PAY004,2026-08-23,2026-08-21,11123.08,2026-08-24 14:32:30
INV00011708,MRN33052548,ENC00032306,H002,PAY001,2026-09-15,2026-08-27,3005.14,2026-09-16 13:34:53
INV00011709,MRN18031489,ENC00032307,H002,PAY001,2026-09-07,2026-08-30,31886.67,2026-09-08 07:15:44
INV00011710,MRN12482655,ENC00032308,H001,PAY001,2026-07-28,2026-07-15,18137.56,2026-07-29 08:02:54
INV00011711,MRN89110739,ENC00032309,H003,PAY001,2026-07-25,2026-07-22,12179.17,2026-07-26 16:21:44
INV00011712,MRN54132247,ENC00032310,H003,PAY001,2026-07-20,2026-07-18,2942.66,2026-07-21 01:52:31
INV00011713,MRN51077547,ENC00032311,H003,PAY003,2026-01-02,2025-12-24,1904.2,2026-01-03 08:19:37
INV00011714,MRN91492844,ENC00032312,H002,PAY005,2026-09-07,2026-08-30,8719.26,2026-09-08 11:44:22
INV00011715,MRN23118955,ENC00032313,H003,PAY001,2026-07-11,2026-07-03,3235.75,2026-07-12 16:32:05
INV00011716,MRN52351059,ENC00032314,H001,PAY001,2026-07-26,2026-07-24,2663.97,2026-07-27 08:54:31
INV00011717,MRN41381815,ENC00032315,H003,PAY001,2026-08-19,2026-08-17,7344.39,2026-08-20 23:00:56
INV00011718,MRN78776754,ENC00032316,H003,PAY003,2026-07-25,2026-07-17,6904.08,2026-07-26 06:49:29
INV00011719,MRN96876001,ENC00032317,H002,PAY001,2026-08-02,2026-07-12,42397.08,2026-08-03 08:05:34
INV00011720,MRN98014575,ENC00032318,H001,PAY001,2026-08-06,2026-08-04,13975.36,2026-08-07 13:41:38
INV00011721,MRN92463471,ENC00032319,H002,PAY001,2026-08-14,2026-08-12,18065.79,2026-08-15 14:14:21
INV00011722,MRN39534662,ENC00032320,H004,PAY002,2026-02-18,2026-02-14,19813.91,2026-02-19 18:41:03
INV00011723,MRN60398559,ENC00032321,H003,PAY001,2026-08-07,2026-08-01,448.81,2026-08-08 09:09:48
INV00011724,MRN90629644,ENC00032322,H004,PAY001,2026-08-03,2026-08-01,1138.6,2026-08-04 01:11:00
INV00011725,MRN16901357,ENC00032323,H002,PAY001,2026-07-16,2026-07-13,17130.23,2026-07-17 17:52:02
INV00011726,MRN17020146,ENC00032324,H003,PAY002,2026-08-10,2026-08-04,8398.85,2026-08-11 20:27:48
INV00011727,MRN30350885,ENC00032325,H002,PAY001,2026-07-09,2026-07-06,3947.94,2026-07-10 16:07:20
INV00011728,MRN41188440,ENC00032326,H001,PAY001,2026-08-06,2026-07-24,29970.29,2026-08-07 05:01:20
INV00011729,MRN25898473,ENC00032327,H003,PAY002,2026-07-19,2026-07-16,1290.46,2026-07-20 21:05:22
INV00011730,MRN76536506,ENC00032328,H002,PAY001,2026-07-28,2026-07-04,3889.22,2026-07-29 12:59:22
INV00011731,MRN28990907,ENC00032329,H002,PAY001,2026-07-17,2026-07-08,4391.05,2026-07-18 02:24:27
INV00011732,MRN89753938,ENC00032330,H001,PAY001,2026-08-13,2026-08-08,15696.87,2026-08-14 18:32:13
INV00011733,MRN36290659,ENC00032331,H001,PAY001,2026-08-22,2026-08-11,4015.81,2026-08-23 20:16:47
INV00011734,MRN30126768,ENC00032332,H001,PAY001,2026-07-14,2026-07-11,4677.05,2026-07-15 23:44:57
INV00011735,MRN29258626,ENC00032333,H002,PAY001,2026-08-25,2026-08-23,7005.27,2026-08-26 23:17:03
INV00011736,MRN83559514,ENC00032334,H002,PAY001,2026-08-29,2026-08-22,6375.04,2026-08-30 18:56:51
INV00011737,MRN25525913,ENC00032335,H001,PAY001,2026-08-23,2026-08-15,9753.98,2026-08-24 03:12:54
INV00011738,MRN31747572,ENC00032336,H002,PAY001,2026-07-11,2026-07-06,12432.26,2026-07-12 21:12:38
INV00011739,MRN46640170,ENC00032337,H002,PAY001,2026-08-21,2026-08-17,11580.93,2026-08-22 12:55:33
INV00011740,MRN39412797,ENC00032338,H003,PAY001,2026-08-03,2026-07-29,2226.22,2026-08-04 04:48:10
INV00011741,MRN78535663,ENC00032339,H001,PAY003,2026-08-07,2026-08-02,4785.54,2026-08-08 08:51:14
INV00011742,MRN49256723,ENC00032340,H002,PAY003,2026-08-10,2026-07-30,1101.88,2026-08-11 09:04:00
INV00011743,MRN79545901,ENC00032341,H003,PAY001,2026-08-24,2026-08-18,7836.09,2026-08-25 21:13:06
INV00011744,MRN18429866,ENC00032342,H002,PAY006,2026-08-15,2026-08-12,3204.23,2026-08-16 15:15:19
INV00011745,MRN71671739,ENC00032343,H001,PAY001,2026-08-14,2026-08-06,32508.86,2026-08-15 02:15:03
INV00011746,MRN16971542,ENC00032344,H001,PAY001,2026-09-12,2026-08-31,5044.2,2026-09-13 23:29:32
INV00011747,MRN67121619,ENC00032345,H001,PAY001,2026-07-19,2026-07-15,1933.38,2026-07-20 20:43:36
INV00011748,MRN38467540,ENC00032346,H001,PAY003,2026-07-17,2026-07-14,18626.57,2026-07-18 14:57:47
INV00011749,MRN23113967,ENC00032347,H002,PAY001,2026-08-10,2026-08-07,6411.5,2026-08-11 00:52:02
INV00011750,MRN66651265,ENC00032348,H001,PAY001,2026-09-08,2026-08-30,4508.61,2026-09-09 08:36:16
INV00011751,MRN95714238,ENC00032349,H001,PAY001,2026-01-03,2026-01-01,4892.52,2026-01-04 14:51:40
INV00011752,MRN91603398,ENC00032350,H001,PAY003,2026-08-12,2026-07-29,5545.16,2026-08-13 18:21:01
INV00011753,MRN85920254,ENC00032351,H003,PAY003,2026-08-10,2026-08-02,3447.98,2026-08-11 22:43:38
INV00011754,MRN77182540,ENC00032352,H001,PAY001,2026-07-23,2026-07-15,29441.11,2026-07-24 05:12:56
INV00011755,MRN47261212,ENC00032353,H002,PAY002,2026-07-30,2026-07-18,9263.88,2026-07-31 09:11:27
INV00011756,MRN92409522,ENC00032354,H001,PAY002,2026-08-20,2026-08-11,3354.26,2026-08-21 13:45:56
INV00011757,MRN18355733,ENC00032355,H003,PAY001,2026-08-19,2026-08-17,337.19,2026-08-20 21:43:31
INV00011758,MRN42051825,ENC00032356,H001,PAY001,2026-08-16,2026-08-08,2931.76,2026-08-17 22:38:47
INV00011759,MRN47730161,ENC00032357,H001,PAY001,2026-08-23,2026-08-16,6603.17,2026-08-24 23:17:21
INV00011760,MRN44703601,ENC00032358,H002,PAY001,2026-08-26,2026-08-22,3077.85,2026-08-27 06:03:56
INV00011761,MRN70619701,ENC00032359,H004,PAY001,2026-07-30,2026-07-30,20926.84,2026-07-31 05:49:14
INV00011762,MRN60733810,ENC00032360,H003,PAY001,2026-07-29,2026-07-26,18194.09,2026-07-30 20:06:56
INV00011763,MRN53904242,ENC00032361,H003,PAY001,2026-08-18,2026-08-12,24672.7,2026-08-19 13:58:22
INV00011764,MRN79775829,ENC00032362,H003,PAY001,2026-08-25,2026-08-19,14923.42,2026-08-26 15:36:46
INV00011765,MRN81421335,ENC00032363,H003,PAY001,2026-08-05,2026-07-26,2227.77,2026-08-06 06:13:58
INV00011766,MRN57754759,ENC00032364,H001,PAY001,2026-07-09,2026-07-05,8094.38,2026-07-10 11:01:26
INV00011767,MRN57631362,ENC00032365,H003,PAY001,2026-07-28,2026-07-25,16924.62,2026-07-29 17:22:02
INV00011768,MRN35799434,ENC00032366,H003,PAY001,2026-08-14,2026-08-11,11206.79,2026-08-15 16:07:23
INV00011769,MRN56951547,ENC00032367,H002,PAY005,2026-08-11,2026-08-06,6586.2,2026-08-12 13:51:50
INV00011770,MRN36042184,ENC00032368,H004,PAY001,2026-08-04,2026-07-29,7596.79,2026-08-05 16:38:09
INV00011771,MRN33641397,ENC00032369,H003,PAY001,2026-08-01,2026-07-21,4299.52,2026-08-02 19:30:36
INV00011772,MRN87283339,ENC00032370,H003,PAY001,2026-07-10,2026-07-03,5259.75,2026-07-11 02:44:10
INV00011773,MRN25647311,ENC00032371,H002,PAY007,2026-08-04,2026-08-04,3592.89,2026-08-05 01:33:49
INV00011774,MRN27075011,ENC00032372,H001,PAY001,2026-07-24,2026-07-22,13863.42,2026-07-25 00:11:20
INV00011775,MRN12206679,ENC00032373,H002,PAY001,2026-07-22,2026-07-19,3070.66,2026-07-23 09:19:46
INV00011776,MRN84756385,ENC00032374,H001,PAY003,2026-08-23,2026-08-20,3177.56,2026-08-24 07:16:01
INV00011777,MRN24058363,ENC00032375,H001,PAY001,2026-07-27,2026-07-19,5480.11,2026-07-28 10:49:56
INV00011778,MRN31011666,ENC00032376,H002,PAY001,2026-08-25,2026-08-24,17514.46,2026-08-26 13:17:27
INV00011779,MRN34677431,ENC00032377,H001,PAY003,2026-08-01,2026-07-28,18064.22,2026-08-02 01:06:29
INV00011780,MRN75707327,ENC00032378,H003,PAY001,2026-07-30,2026-07-22,19705.99,2026-07-31 12:24:20
INV00011781,MRN63039755,ENC00032379,H003,PAY001,2026-08-07,2026-08-02,2462.37,2026-08-08 21:24:52
INV00011782,MRN78251472,ENC00032380,H002,PAY001,2026-08-19,2026-08-10,3863.55,2026-08-20 00:36:43
INV00011783,MRN35452526,ENC00032381,H002,PAY005,2026-08-02,2026-08-02,3361.23,2026-08-03 06:08:39
INV00011784,MRN71670450,ENC00032382,H003,PAY001,2026-07-16,2026-07-08,3381.75,2026-07-17 05:58:15
INV00011785,MRN33059804,ENC00032383,H003,PAY001,2026-07-14,2026-07-08,31372.68,2026-07-15 22:20:12
INV00011786,MRN48707109,ENC00032384,H004,PAY003,2026-08-31,2026-08-28,24876.85,2026-09-01 06:16:48
INV00011787,MRN95344725,ENC00032385,H003,PAY006,2026-07-28,2026-07-26,4320.54,2026-07-29 18:07:26
INV00011788,MRN43743271,ENC00032386,H001,PAY001,2026-07-10,2026-07-07,17740.08,2026-07-11 09:29:19
INV00011789,MRN47080411,ENC00032387,H001,PAY005,2026-08-30,2026-08-28,393.61,2026-08-31 13:24:11
INV00011790,MRN38065304,ENC00032388,H001,PAY001,2026-08-28,2026-08-26,23452.91,2026-08-29 04:57:55
INV00011791,MRN19371676,ENC00032389,H001,PAY001,2026-08-01,2026-07-28,741.49,2026-08-02 07:31:23
INV00011792,MRN68402393,ENC00032390,H003,PAY001,2026-07-29,2026-07-29,11763.88,2026-07-30 13:49:54
INV00011793,MRN57957166,ENC00032391,H001,PAY005,2026-07-08,2026-07-04,19415.77,2026-07-09 16:34:25
INV00011794,MRN15655120,ENC00032392,H001,PAY001,2026-07-23,2026-07-20,22717.2,2026-07-24 07:15:07
INV00011795,MRN74922103,ENC00032393,H003,PAY001,2026-07-25,2026-07-16,3726.08,2026-07-26 13:13:29
INV00011796,MRN60237040,ENC00032394,H002,PAY002,2026-08-14,2026-08-05,5578.89,2026-08-15 15:52:36
INV00011797,MRN64606750,ENC00032395,H001,PAY001,2026-08-17,2026-08-13,6843.22,2026-08-18 14:00:14
INV00011798,MRN92581754,ENC00032396,H003,PAY004,2026-07-12,2026-07-03,4515.56,2026-07-13 13:00:06
INV00011799,MRN56064595,ENC00032397,H001,PAY006,2026-07-30,2026-07-14,37333.7,2026-07-31 16:19:44
INV00011800,MRN88149043,ENC00032398,H001,PAY003,2026-07-11,2026-07-05,14319.46,2026-07-12 15:32:54
INV00011801,MRN75385091,ENC00032399,H001,PAY001,2026-07-19,2026-07-06,860.94,2026-07-20 08:34:03
INV00011802,MRN50228530,ENC00032400,H001,PAY002,2026-07-26,2026-07-17,9733.8,2026-07-27 03:02:57
INV00011803,MRN73645828,ENC00032401,H003,PAY006,2026-07-16,2026-07-12,4772.41,2026-07-17 14:33:43
INV00011804,MRN23780738,ENC00032402,H003,PAY008,2026-07-23,2026-07-19,20376.69,2026-07-24 04:19:40
INV00011805,MRN65552983,ENC00032403,H003,PAY001,2026-07-29,2026-07-23,6893.4,2026-07-30 01:01:24
INV00011806,MRN85356869,ENC00032404,H002,PAY001,2026-07-13,2026-07-08,24459.56,2026-07-14 18:57:08
INV00011807,MRN45964960,ENC00032405,H003,PAY003,2026-07-12,2026-07-08,7275.95,2026-07-13 18:23:40
INV00011808,MRN44929159,ENC00032406,H002,PAY004,2026-08-03,2026-07-26,2385.31,2026-08-04 07:54:02
INV00011809,MRN14221886,ENC00032407,H002,PAY002,2026-09-18,2026-08-27,12545.28,2026-09-19 10:54:28
INV00011810,MRN10202367,ENC00032408,H001,PAY001,2026-07-20,2026-07-08,788.92,2026-07-21 22:33:15
INV00011811,MRN30954970,ENC00032409,H002,PAY006,2026-08-01,2026-07-29,6980.2,2026-08-02 04:19:15
INV00011812,MRN97797868,ENC00032410,H001,PAY001,2026-07-20,2026-07-16,1721.85,2026-07-21 04:44:47
INV00011813,MRN80647921,ENC00032411,H002,PAY005,2026-07-30,2026-07-21,2300.26,2026-07-31 09:00:52
INV00011814,MRN97444075,ENC00032412,H001,PAY001,2025-07-01,2025-06-26,17260.69,2025-07-02 00:44:59
INV00011815,MRN93746558,ENC00032413,H001,PAY008,2026-07-25,2026-07-21,3231.6,2026-07-26 11:19:24
INV00011816,MRN39805844,ENC00032414,H002,PAY001,2026-08-04,2026-07-25,23025.1,2026-08-05 03:01:20
INV00011817,MRN23233239,ENC00032415,H001,PAY001,2026-01-14,2026-01-10,7144.45,2026-01-15 22:30:05
INV00011818,MRN65196227,ENC00032416,H003,PAY002,2026-08-23,2026-08-08,1590.25,2026-08-24 10:12:41
INV00011819,MRN70509634,ENC00032417,H003,PAY001,2026-08-24,2026-08-19,22592.26,2026-08-25 15:01:33
INV00011820,MRN25902843,ENC00032418,H001,PAY001,2026-08-25,2026-08-17,10236.43,2026-08-26 16:13:39
INV00011821,MRN97166693,ENC00032419,H002,PAY005,2026-08-22,2026-08-21,9249.16,2026-08-23 07:24:18
INV00011822,MRN64430070,ENC00032420,H001,PAY001,2026-08-02,2026-08-02,8369.14,2026-08-03 13:04:18
INV00011823,MRN48205856,ENC00032421,H001,PAY001,2026-07-17,2026-07-10,7470.45,2026-07-18 02:29:32
INV00011824,MRN19872066,ENC00032422,H003,PAY001,2026-08-05,2026-08-04,16175.23,2026-08-06 01:53:56
INV00011825,MRN72055167,ENC00032423,H001,PAY006,2026-09-05,2026-08-19,48555.22,2026-09-06 06:47:43
INV00011826,MRN29892149,ENC00032424,H003,PAY001,2026-07-29,2026-07-26,30930.1,2026-07-30 14:32:46
INV00011827,MRN34865343,ENC00032425,H003,PAY001,2026-07-24,2026-07-21,12494.54,2026-07-25 08:59:09
INV00011828,MRN34656546,ENC00032426,H001,PAY001,2026-07-31,2026-07-25,901.67,2026-08-01 11:14:01
INV00011829,MRN32925185,ENC00032427,H003,PAY006,2026-07-28,2026-07-24,3463.66,2026-07-29 22:54:38
INV00011830,MRN61099696,ENC00032428,H002,PAY001,2026-07-20,2026-07-17,20654.94,2026-07-21 07:00:14
INV00011831,MRN73852603,ENC00032429,H003,PAY005,2026-07-19,2026-07-04,637.65,2026-07-20 01:57:08
INV00011832,MRN22544640,ENC00032430,H002,PAY001,2026-07-31,2026-07-09,20395.75,2026-08-01 12:19:16
INV00011833,MRN20987370,ENC00032431,H002,PAY006,2026-08-25,2026-08-25,2758.36,2026-08-26 21:47:16
INV00011834,MRN42561405,ENC00032432,H003,PAY008,2026-07-18,2026-07-05,10074.61,2026-07-19 07:48:14
INV00011835,MRN78323776,ENC00032433,H003,PAY001,2026-09-07,2026-08-25,21728.29,2026-09-08 15:18:34
INV00011836,MRN39602792,ENC00032434,H002,PAY002,2026-07-14,2026-07-11,1837.47,2026-07-15 22:29:00
INV00011837,MRN88102132,ENC00032435,H002,PAY001,2026-08-27,2026-08-23,3932.19,2026-08-28 15:21:13
INV00011838,MRN57531036,ENC00032436,H002,PAY007,2026-07-16,2026-07-14,4666.05,2026-07-17 17:12:36
INV00011839,MRN19230103,ENC00032437,H001,PAY002,2026-05-03,2026-04-29,30629.95,2026-05-04 17:36:32
INV00011840,MRN95604610,ENC00032438,H003,PAY002,2026-07-20,2026-07-12,18934.46,2026-07-21 06:57:05
INV00011841,MRN21433847,ENC00032439,H002,PAY001,2026-08-02,2026-07-28,7215.58,2026-08-03 12:27:58
INV00011842,MRN52897401,ENC00032440,H003,PAY004,2026-08-29,2026-08-18,10592.48,2026-08-30 00:51:33
INV00011843,MRN20565792,ENC00032441,H002,PAY001,2026-07-05,2026-07-03,11601.53,2026-07-06 18:44:55
INV00011844,MRN58733062,ENC00032442,H002,PAY001,2026-07-14,2026-07-12,5925.29,2026-07-15 03:06:30
INV00011845,MRN53162076,ENC00032443,H001,PAY008,2026-09-08,2026-08-30,8847.75,2026-09-09 01:31:51
INV00011846,MRN97613662,ENC00032444,H003,PAY005,2026-07-21,2026-07-17,8986.74,2026-07-22 18:28:51
INV00011847,MRN38918731,ENC00032445,H002,PAY001,2026-08-03,2026-08-01,16535.9,2026-08-04 08:56:25
INV00011848,MRN22946756,ENC00032446,H003,PAY001,2026-09-02,2026-08-26,26868.95,2026-09-03 01:22:32
INV00011849,MRN77591566,ENC00032447,H001,PAY003,2026-08-15,2026-08-07,8560.19,2026-08-16 07:57:10
INV00011850,MRN64460232,ENC00032448,H002,PAY001,2026-07-28,2026-07-25,3782.19,2026-07-29 17:09:01
INV00011851,MRN35254854,ENC00032449,H003,PAY001,2026-07-08,2026-07-03,8504.81,2026-07-09 20:51:00
INV00011852,MRN90899358,ENC00032450,H003,PAY003,2026-07-09,2026-07-07,1743.61,2026-07-10 03:34:58
INV00011853,MRN63991956,ENC00032451,H002,PAY002,2026-08-18,2026-08-10,6124.35,2026-08-19 11:18:04
INV00011854,MRN41020975,ENC00032452,H002,PAY004,2026-08-09,2026-07-30,12885.81,2026-08-10 02:08:37
INV00011855,MRN32331271,ENC00032453,H001,PAY001,2026-07-22,2026-07-21,2154.03,2026-07-23 19:41:22
INV00011856,MRN54866449,ENC00032454,H001,PAY003,2026-07-28,2026-07-22,5666.33,2026-07-29 08:37:05
INV00011857,MRN33127083,ENC00032455,H001,PAY001,2026-08-19,2026-08-15,5614.9,2026-08-20 16:55:39
INV00011858,MRN57317751,ENC00032456,H003,PAY001,2026-07-25,2026-07-20,3478.54,2026-07-26 19:30:50
INV00011859,MRN32604183,ENC00032457,H003,PAY001,2026-07-26,2026-07-25,6041.42,2026-07-27 22:07:17
INV00011860,MRN58619277,ENC00032458,H002,PAY001,2026-08-03,2026-07-27,1860.44,2026-08-04 08:58:46
INV00011861,MRN25859501,ENC00032459,H003,PAY002,2026-08-23,2026-08-20,9542.69,2026-08-24 14:55:33
INV00011862,MRN34054163,ENC00032460,H002,PAY001,2026-07-08,2026-07-04,12773.55,2026-07-09 20:27:45
INV00011863,MRN65557759,ENC00032461,H002,PAY001,2026-07-10,2026-07-05,2559.08,2026-07-11 08:12:46
INV00011864,MRN67440152,ENC00032462,H002,PAY001,2026-07-20,2026-07-13,1901.0,2026-07-21 06:54:50
INV00011865,MRN30178651,ENC00032463,H002,PAY001,2026-07-06,2026-07-04,4534.67,2026-07-07 18:57:29
INV00011866,MRN14179959,ENC00032464,H002,PAY005,2026-08-01,2026-07-28,2341.29,2026-08-02 23:07:16
INV00011867,MRN69789661,ENC00032465,H001,PAY007,2026-07-31,2026-07-25,1240.71,2026-08-01 06:51:22
INV00011868,MRN97198216,ENC00032466,H003,PAY001,2026-08-20,2026-08-16,16166.33,2026-08-21 11:39:03
INV00011869,MRN68478979,ENC00032467,H004,PAY004,2026-08-06,2026-08-03,9231.45,2026-08-07 21:52:58
INV00011870,MRN35559834,ENC00032468,H002,PAY001,2026-08-05,2026-08-02,6863.74,2026-08-06 18:38:30
INV00011871,MRN75133651,ENC00032469,H001,PAY003,2026-08-16,2026-08-02,2176.73,2026-08-17 16:01:10
INV00011872,MRN91138911,ENC00032470,H001,PAY001,2025-10-10,2025-10-06,17655.76,2025-10-11 17:50:01
INV00011873,MRN77391357,ENC00032471,H002,PAY002,2026-08-13,2026-07-31,4127.93,2026-08-14 13:33:46
INV00011874,MRN94093613,ENC00032472,H002,PAY003,2026-08-23,2026-08-18,3374.26,2026-08-24 15:29:57
INV00011875,MRN29822248,ENC00032473,H002,PAY004,2026-08-09,2026-08-01,5922.6,2026-08-10 05:25:34
INV00011876,MRN30896346,ENC00032474,H002,PAY008,2026-08-22,2026-08-13,2687.93,2026-08-23 03:48:02
INV00011877,MRN66646830,ENC00032475,H003,PAY003,2026-08-25,2026-08-16,10765.49,2026-08-26 21:35:07
INV00011878,MRN87080870,ENC00032476,H001,PAY002,2026-07-27,2026-07-24,3251.27,2026-07-28 22:23:27
INV00011879,MRN78993780,ENC00032477,H003,PAY001,2026-09-01,2026-08-27,4662.98,2026-09-02 15:20:35
INV00011880,MRN92312060,ENC00032478,H004,PAY001,2026-08-12,2026-08-06,20732.3,2026-08-13 09:08:11
INV00011881,MRN46640133,ENC00032479,H003,PAY004,2026-08-07,2026-08-03,13580.74,2026-08-08 05:45:48
INV00011882,MRN88397857,ENC00032480,H002,PAY001,2026-07-08,2026-07-06,1531.31,2026-07-09 10:05:05
INV00011883,MRN56777240,ENC00032481,H003,PAY005,2026-07-20,2026-07-14,8272.12,2026-07-21 17:10:48
INV00011884,MRN53219919,ENC00032482,H001,PAY001,2026-07-22,2026-07-15,8291.12,2026-07-23 20:45:31
INV00011885,MRN76388742,ENC00032483,H002,PAY003,2026-07-11,2026-07-06,7947.4,2026-07-12 02:21:39
INV00011886,MRN55312609,ENC00032484,H002,PAY001,2026-07-25,2026-07-10,632.17,2026-07-26 15:59:09
INV00011887,MRN30553804,ENC00032485,H002,PAY008,2026-07-11,2026-07-03,15074.82,2026-07-12 17:20:57
INV00011888,MRN68482410,ENC00032486,H001,PAY001,2026-07-28,2026-07-07,12605.72,2026-07-29 13:07:12
INV00011889,MRN44823790,ENC00032487,H002,PAY008,2026-08-31,2026-08-23,32436.43,2026-09-01 19:28:47
INV00011890,MRN25231357,ENC00032488,H003,PAY001,2026-08-14,2026-08-07,11853.81,2026-08-15 15:28:15
INV00011891,MRN91494229,ENC00032489,H002,PAY007,2026-08-07,2026-08-07,13179.37,2026-08-08 13:14:01
INV00011892,MRN75199124,ENC00032490,H001,PAY001,2026-08-09,2026-08-07,25868.42,2026-08-10 06:02:30
INV00011893,MRN93814173,ENC00032491,H001,PAY008,2026-08-28,2026-08-24,4073.11,2026-08-29 03:42:07
INV00011894,MRN68250013,ENC00032492,H002,PAY001,2026-08-01,2026-07-21,33599.98,2026-08-02 21:53:30
INV00011895,MRN73882249,ENC00032493,H002,PAY001,2026-08-13,2026-08-10,19170.29,2026-08-14 06:56:12
INV00011896,MRN39441669,ENC00032494,H001,PAY004,2026-09-01,2026-08-29,2385.07,2026-09-02 14:24:26
INV00011897,MRN20055420,ENC00032495,H003,PAY001,2026-08-13,2026-08-09,15246.6,2026-08-14 20:20:03
INV00011898,MRN65562883,ENC00032496,H003,PAY001,2026-07-05,2026-07-05,629.33,2026-07-06 18:41:17
INV00011899,MRN30974656,ENC00032497,H003,PAY001,2026-07-24,2026-07-19,5306.0,2026-07-25 02:36:42
INV00011900,MRN99914704,ENC00032498,H003,PAY001,2026-08-16,2026-07-29,18272.11,2026-08-17 13:55:27
INV00011901,MRN36408921,ENC00032499,H001,PAY004,2026-08-04,2026-07-31,574.98,2026-08-05 01:15:57
INV00011902,MRN19000109,ENC00032500,H001,PAY001,2026-09-06,2026-08-30,2837.94,2026-09-07 11:57:04
INV00011903,MRN52764714,ENC00032501,H002,PAY001,2026-07-07,2026-07-04,5614.11,2026-07-08 13:13:20
INV00011904,MRN91162787,ENC00032502,H001,PAY001,2026-07-08,2026-07-04,4745.61,2026-07-09 01:46:20
INV00011905,MRN86986076,ENC00032503,H002,PAY001,2026-08-21,2026-08-04,13372.43,2026-08-22 00:46:30
INV00011906,MRN66912708,ENC00032504,H004,PAY003,2026-07-26,2026-07-19,4476.65,2026-07-27 22:09:24
INV00011907,MRN97003956,ENC00032505,H002,PAY001,2026-08-06,2026-07-23,9850.4,2026-08-07 09:37:38
INV00011908,MRN45209889,ENC00032506,H003,PAY001,2026-07-30,2026-07-08,24402.16,2026-07-31 04:30:12
INV00011909,MRN71058472,ENC00032507,H003,PAY001,2026-08-22,2026-08-15,27619.54,2026-08-23 16:46:03
INV00011910,MRN44351906,ENC00032508,H003,PAY002,2026-08-11,2026-08-09,11007.6,2026-08-12 11:51:59
INV00011911,MRN91854829,ENC00032509,H004,PAY001,2026-07-19,2026-07-17,7462.2,2026-07-20 09:35:49
INV00011912,MRN17162183,ENC00032510,H003,PAY001,2025-07-27,2025-07-27,3604.21,2025-07-28 07:15:33
INV00011913,MRN33178269,ENC00032511,H001,PAY003,2026-08-22,2026-08-12,5714.28,2026-08-23 20:36:38
INV00011914,MRN92348097,ENC00032512,H003,PAY002,2026-08-07,2026-08-07,22839.86,2026-08-08 11:13:02
INV00011915,MRN68469595,ENC00032513,H002,PAY001,2026-08-24,2026-08-16,5220.51,2026-08-25 02:18:15
INV00011916,MRN84987359,ENC00032514,H001,PAY003,2026-08-11,2026-07-16,45885.02,2026-08-12 12:21:06
INV00011917,MRN64098714,ENC00032515,H004,PAY001,2026-07-24,2026-07-20,2285.05,2026-07-25 19:58:01
INV00011918,MRN88944478,ENC00032516,H002,PAY001,2026-07-23,2026-07-20,22692.6,2026-07-24 09:46:49
INV00011919,MRN73935245,ENC00032517,H002,PAY001,2026-07-29,2026-07-23,3272.33,2026-07-30 16:06:43
INV00011920,MRN54978139,ENC00032518,H001,PAY006,2026-08-02,2026-07-31,248.71,2026-08-03 08:43:48
INV00011921,MRN99215886,ENC00032519,H004,PAY001,2026-07-25,2026-07-21,29571.8,2026-07-26 18:11:31
INV00011922,MRN15683448,ENC00032520,H001,PAY001,2026-08-23,2026-08-19,1880.01,2026-08-24 22:10:39
INV00011923,MRN53098840,ENC00032521,H001,PAY001,2026-09-08,2026-08-27,5110.81,2026-09-09 12:58:37
INV00011924,MRN83453860,ENC00032522,H001,PAY001,2026-08-10,2026-08-09,5965.88,2026-08-11 15:52:27
INV00011925,MRN10440631,ENC00032523,H002,PAY005,2026-07-11,2026-07-09,1470.06,2026-07-12 17:32:33
INV00011926,MRN93177448,ENC00032524,H003,PAY002,2026-08-31,2026-08-27,5679.18,2026-09-01 10:46:36
INV00011927,MRN83857336,ENC00032525,H001,PAY001,2026-07-11,2026-07-08,5366.27,2026-07-12 13:11:31
INV00011928,MRN61491571,ENC00032526,H003,PAY001,2026-07-05,2026-07-03,43017.96,2026-07-06 21:53:30
INV00011929,MRN88364145,ENC00032527,H003,PAY008,2026-08-17,2026-08-11,5125.18,2026-08-18 03:44:00
INV00011930,MRN52707712,ENC00032528,H001,PAY008,2026-08-11,2026-08-11,44532.18,2026-08-12 18:29:37
INV00011931,MRN59979694,ENC00032529,H002,PAY003,2026-08-12,2026-08-09,5695.25,2026-08-13 08:06:13
INV00011932,MRN36031742,ENC00032530,H001,PAY001,2026-09-06,2026-08-26,2333.34,2026-09-07 15:24:46
INV00011933,MRN12809445,ENC00032531,H001,PAY001,2026-07-15,2026-07-13,19412.68,2026-07-16 04:20:31
INV00011934,MRN40722784,ENC00032532,H001,PAY001,2026-07-25,2026-07-22,2437.83,2026-07-26 11:25:04
INV00011935,MRN20420530,ENC00032533,H003,PAY008,2026-08-04,2026-08-04,5873.15,2026-08-05 04:29:04
INV00011936,MRN70382080,ENC00032534,H002,PAY001,2026-08-18,2026-08-10,28949.56,2026-08-19 10:57:18
INV00011937,MRN67131167,ENC00032535,H003,PAY002,2026-07-25,2026-07-21,15567.11,2026-07-26 05:35:19
INV00011938,MRN71835567,ENC00032536,H003,PAY001,2026-08-24,2026-08-22,12971.63,2026-08-25 21:29:11
INV00011939,MRN28250987,ENC00032537,H003,PAY004,2026-09-02,2026-08-28,7433.33,2026-09-03 08:59:08
INV00011940,MRN44885627,ENC00032538,H004,PAY003,2026-08-30,2026-08-28,16692.67,2026-08-31 15:55:23
INV00011941,MRN98584477,ENC00032539,H001,PAY001,2026-08-04,2026-08-02,20240.98,2026-08-05 15:13:42
INV00011942,MRN10284287,ENC00032540,H003,PAY001,2026-08-06,2026-08-06,311.58,2026-08-07 11:20:16
INV00011943,MRN10793025,ENC00032541,H003,PAY004,2026-07-28,2026-07-25,9307.89,2026-07-29 20:42:14
INV00011944,MRN11439981,ENC00032542,H001,PAY006,2026-07-25,2026-07-15,5266.79,2026-07-26 23:11:26
INV00011945,MRN25295712,ENC00032543,H002,PAY008,2026-08-02,2026-07-27,12533.61,2026-08-03 01:36:14
INV00011946,MRN83576728,ENC00032544,H003,PAY001,2026-08-24,2026-08-21,2439.1,2026-08-25 17:57:24
INV00011947,MRN38945929,ENC00032545,H002,PAY006,2026-07-18,2026-07-10,12195.27,2026-07-19 20:49:03
INV00011948,MRN22855457,ENC00032546,H004,PAY001,2026-07-13,2026-07-04,22926.65,2026-07-14 17:41:57
INV00011949,MRN26815899,ENC00032547,H001,PAY001,2026-07-14,2026-07-11,507.26,2026-07-15 06:14:16
INV00011950,MRN71947297,ENC00032548,H003,PAY001,2026-08-18,2026-08-10,14617.7,2026-08-19 06:03:55
INV00011951,MRN64493545,ENC00032549,H004,PAY005,2026-09-10,2026-08-27,3275.81,2026-09-11 20:41:32
INV00011952,MRN68978800,ENC00032550,H003,PAY001,2026-08-04,2026-07-27,16794.2,2026-08-05 21:47:42
INV00011953,MRN36667390,ENC00032551,H003,PAY001,2026-08-16,2026-08-14,15361.7,2026-08-17 10:23:26
INV00011954,MRN14106224,ENC00032552,H003,PAY004,2026-07-14,2026-07-10,8283.3,2026-07-15 19:19:38
INV00011955,MRN23753095,ENC00032553,H002,PAY001,2026-08-23,2026-08-12,22594.58,2026-08-24 10:08:23
INV00011956,MRN48275318,ENC00032554,H002,PAY001,2026-07-21,2026-07-21,740.73,2026-07-22 00:52:05
INV00011957,MRN25984034,ENC00032555,H001,PAY002,2026-07-12,2026-07-09,28144.02,2026-07-13 23:05:57
INV00011958,MRN93354785,ENC00032556,H002,PAY004,2026-08-30,2026-08-30,13067.46,2026-08-31 18:29:48
INV00011959,MRN25791636,ENC00032557,H002,PAY001,2026-07-31,2026-07-29,523.29,2026-08-01 09:11:18
INV00011960,MRN72201429,ENC00032558,H001,PAY008,2026-08-26,2026-08-24,7819.7,2026-08-27 08:53:14
INV00011961,MRN76479727,ENC00032559,H001,PAY001,2026-08-30,2026-08-23,633.55,2026-08-31 19:51:57
INV00011962,MRN45914755,ENC00032560,H001,PAY001,2026-07-12,2026-07-03,20095.35,2026-07-13 06:24:41
INV00011963,MRN74989330,ENC00032561,H003,PAY001,2026-07-23,2026-07-19,28027.16,2026-07-24 18:58:26
INV00011964,MRN85394497,ENC00032562,H002,PAY007,2026-07-18,2026-07-12,7474.4,2026-07-19 23:28:36
INV00011965,MRN76956623,ENC00032563,H001,PAY002,2026-08-22,2026-08-22,20056.88,2026-08-23 15:36:28
INV00011966,MRN44257469,ENC00032564,H002,PAY001,2026-08-11,2026-08-06,14300.65,2026-08-12 22:24:49
INV00011967,MRN22217100,ENC00032565,H001,PAY001,2026-08-06,2026-08-06,61.21,2026-08-07 12:58:00
INV00011968,MRN55737519,ENC00032566,H001,PAY003,2026-07-08,2026-07-06,6748.95,2026-07-09 23:38:06
INV00011969,MRN47878028,ENC00032567,H002,PAY001,2026-07-27,2026-07-22,41133.84,2026-07-28 19:04:48
INV00011970,MRN41111350,ENC00032568,H003,PAY001,2026-08-12,2026-08-10,7443.09,2026-08-13 09:12:49
INV00011971,MRN62963777,ENC00032569,H002,PAY001,2026-08-09,2026-08-06,21488.7,2026-08-10 05:36:56
INV00011972,MRN78141555,ENC00032570,H002,PAY007,2026-08-12,2026-08-12,7296.44,2026-08-13 14:01:44
INV00011973,MRN66520294,ENC00032571,H002,PAY008,2026-08-23,2026-08-23,6444.41,2026-08-24 02:54:59
INV00011974,MRN60883783,ENC00032572,H003,PAY002,2026-08-24,2026-08-12,6213.78,2026-08-25 11:15:09
INV00011975,MRN37270469,ENC00032573,H002,PAY007,2026-07-28,2026-07-14,3651.72,2026-07-29 11:30:45
INV00011976,MRN45822759,ENC00032574,H003,PAY004,2026-07-21,2026-07-18,199.18,2026-07-22 00:38:17
INV00011977,MRN89793272,ENC00032575,H003,PAY001,2026-08-30,2026-08-19,1679.68,2026-08-31 07:46:26
INV00011978,MRN87048558,ENC00032576,H003,PAY004,2026-07-25,2026-07-19,3122.85,2026-07-26 19:18:02
INV00011979,MRN91410021,ENC00032577,H003,PAY003,2025-10-08,2025-09-28,18868.23,2025-10-09 07:10:51
INV00011980,MRN99843369,ENC00032578,H002,PAY001,2026-07-30,2026-07-16,7609.88,2026-07-31 13:36:08
INV00011981,MRN45939011,ENC00032579,H003,PAY001,2026-08-07,2026-08-07,49378.88,2026-08-08 22:55:11
INV00011982,MRN46124516,ENC00032580,H001,PAY003,2026-07-08,2026-07-04,2192.84,2026-07-09 01:42:13
INV00011983,MRN16593168,ENC00032581,H001,PAY001,2026-09-07,2026-08-28,1207.39,2026-09-08 02:08:08
INV00011984,MRN37626184,ENC00032582,H002,PAY001,2026-07-22,2026-07-22,3380.77,2026-07-23 12:27:48
INV00011985,MRN83720553,ENC00032583,H001,PAY004,2026-08-08,2026-08-03,2461.12,2026-08-09 00:27:13
INV00011986,MRN36977925,ENC00032584,H001,PAY004,2026-05-19,2026-05-16,3614.24,2026-05-20 14:26:06
INV00011987,MRN20215323,ENC00032585,H001,PAY001,2026-08-21,2026-08-06,7612.82,2026-08-22 21:04:58
INV00011988,MRN68381138,ENC00032586,H003,PAY001,2026-07-27,2026-07-22,38816.73,2026-07-28 22:18:04
INV00011989,MRN71302966,ENC00032587,H003,PAY007,2026-08-08,2026-08-02,13038.42,2026-08-09 00:04:15
INV00011990,MRN91145292,ENC00032588,H002,PAY002,2026-08-28,2026-08-25,805.19,2026-08-29 21:49:53
INV00011991,MRN27460050,ENC00032589,H003,PAY001,2026-08-08,2026-08-02,2448.77,2026-08-09 12:26:43
INV00011992,MRN88255691,ENC00032590,H001,PAY008,2026-08-04,2026-07-27,17827.68,2026-08-05 21:30:27
INV00011993,MRN87422327,ENC00032591,H002,PAY002,2026-08-29,2026-08-25,4733.56,2026-08-30 23:58:57
INV00011994,MRN73442578,ENC00032592,H001,PAY002,2026-08-25,2026-08-20,14696.56,2026-08-26 17:49:57
INV00011995,MRN69695658,ENC00032593,H001,PAY001,2026-08-11,2026-08-11,9720.5,2026-08-12 17:17:02
INV00011996,MRN86717931,ENC00032594,H002,PAY001,2026-07-24,2026-07-20,1835.94,2026-07-25 21:54:23
INV00011997,MRN66447651,ENC00032595,H002,PAY004,2026-07-25,2026-07-20,9535.63,2026-07-26 12:05:50
INV00011998,MRN28066870,ENC00032596,H002,PAY003,2026-08-13,2026-08-01,15195.39,2026-08-14 05:02:02
INV00011999,MRN51714793,ENC00032597,H001,PAY001,2026-07-22,2026-07-20,34696.41,2026-07-23 09:06:55
INV00012000,MRN76815359,ENC00032598,H002,PAY001,2026-08-01,2026-07-17,12174.1,2026-08-02 09:54:46
INV00012001,MRN88868398,ENC00032599,H002,PAY001,2026-07-28,2026-07-17,17532.72,2026-07-29 20:57:54
INV00012002,MRN63581373,ENC00032600,H001,PAY001,2026-09-01,2026-08-24,3212.6,2026-09-02 20:51:54
INV00012003,MRN76932372,ENC00032601,H001,PAY005,2026-08-02,2026-07-27,3811.25,2026-08-03 05:50:59
INV00012004,MRN74234031,ENC00032602,H004,PAY001,2026-08-20,2026-08-15,6238.52,2026-08-21 09:45:19
INV00012005,MRN64300154,ENC00032603,H003,PAY005,2026-08-06,2026-08-04,11441.66,2026-08-07 22:04:03
INV00012006,MRN84636720,ENC00032604,H001,PAY001,2026-07-07,2026-07-04,5826.24,2026-07-08 01:53:29
INV00012007,MRN27373970,ENC00032605,H001,PAY001,2026-08-27,2026-08-24,53337.66,2026-08-28 11:45:04
INV00012008,MRN23279659,ENC00032606,H001,PAY001,2026-07-21,2026-07-18,8394.96,2026-07-22 14:23:29
INV00012009,MRN48617344,ENC00032607,H001,PAY001,2026-09-22,2026-08-30,15917.32,2026-09-23 05:05:48
INV00012010,MRN33755831,ENC00032608,H001,PAY003,2026-08-12,2026-08-11,10961.24,2026-08-13 04:34:07
INV00012011,MRN70627697,ENC00032609,H003,PAY001,2026-09-03,2026-08-24,12206.36,2026-09-04 12:44:51
INV00012012,MRN56215742,ENC00032610,H003,PAY001,2026-09-04,2026-08-31,9741.14,2026-09-05 12:37:57
INV00012013,MRN97043439,ENC00032611,H002,PAY002,2026-08-16,2026-08-13,354.51,2026-08-17 01:40:04
INV00012014,MRN58791973,ENC00032612,H002,PAY004,2026-08-18,2026-08-01,39206.03,2026-08-19 14:02:50
INV00012015,MRN77589919,ENC00032613,H002,PAY001,2026-07-29,2026-07-14,16403.71,2026-07-30 12:16:12
INV00012016,MRN40921991,ENC00032614,H002,PAY001,2026-07-29,2026-07-24,7722.43,2026-07-30 14:53:35
INV00012017,MRN23851866,ENC00032615,H002,PAY001,2026-07-27,2026-07-20,8850.37,2026-07-28 01:56:15
INV00012018,MRN21618447,ENC00032616,H003,PAY006,2026-08-21,2026-08-11,7037.79,2026-08-22 07:37:09
INV00012019,MRN34095900,ENC00032617,H002,PAY006,2026-07-13,2026-07-07,5625.4,2026-07-14 23:33:16
INV00012020,MRN19373526,ENC00032618,H004,PAY008,2026-08-16,2026-08-10,19780.58,2026-08-17 02:21:45
INV00012021,MRN29883451,ENC00032619,H003,PAY001,2026-07-10,2026-07-05,553.53,2026-07-11 10:58:00
INV00012022,MRN42253678,ENC00032620,H001,PAY008,2026-07-18,2026-07-12,13440.93,2026-07-19 00:51:35
INV00012023,MRN76870175,ENC00032621,H001,PAY001,2026-08-20,2026-08-18,6395.84,2026-08-21 07:59:56
INV00012024,MRN26438298,ENC00032622,H002,PAY001,2025-11-08,2025-11-04,17649.76,2025-11-09 00:37:02
INV00012025,MRN34656546,ENC00032623,H003,PAY005,2026-07-23,2026-07-16,5904.33,2026-07-24 03:56:06
INV00012026,MRN64955817,ENC00032624,H001,PAY001,2026-08-22,2026-08-12,43403.3,2026-08-23 22:59:38
INV00012027,MRN40499154,ENC00032625,H004,PAY001,2026-08-01,2026-07-30,16374.15,2026-08-02 17:31:43
INV00012028,MRN91106722,ENC00032626,H003,PAY001,2026-08-14,2026-07-28,11330.18,2026-08-15 09:06:17
INV00012029,MRN61417896,ENC00032627,H002,PAY001,2026-08-13,2026-08-10,5886.82,2026-08-14 04:37:14
INV00012030,MRN25239886,ENC00032628,H002,PAY001,2026-08-17,2026-08-05,9625.89,2026-08-18 08:13:00
INV00012031,MRN81088363,ENC00032629,H001,PAY001,2026-09-09,2026-08-31,5764.68,2026-09-10 00:21:45
INV00012032,MRN72518033,ENC00032630,H002,PAY001,2026-09-29,2026-08-23,8583.65,2026-09-30 11:57:55
INV00012033,MRN62706568,ENC00032631,H003,PAY001,2026-08-22,2026-08-20,532.39,2026-08-23 02:24:37
INV00012034,MRN97321110,ENC00032632,H002,PAY001,2025-08-29,2025-08-22,3394.3,2025-08-30 21:00:07
INV00012035,MRN39465961,ENC00032633,H002,PAY002,2026-08-05,2026-07-26,30985.36,2026-08-06 12:23:46
INV00012036,MRN42319531,ENC00032634,H001,PAY001,2026-07-09,2026-07-06,12700.05,2026-07-10 04:09:16
INV00012037,MRN83288128,ENC00032635,H001,PAY001,2025-07-22,2025-07-12,4629.91,2025-07-23 22:53:08
INV00012038,MRN26393116,ENC00032636,H003,PAY001,2026-08-13,2026-07-30,21050.84,2026-08-14 11:11:32
INV00012039,MRN22664250,ENC00032637,H002,PAY001,2026-07-27,2026-07-27,10444.75,2026-07-28 13:02:08
INV00012040,MRN89833492,ENC00032638,H001,PAY003,2026-08-11,2026-07-31,812.69,2026-08-12 07:29:41
INV00012041,MRN26323815,ENC00032639,H002,PAY005,2026-07-14,2026-07-09,17113.89,2026-07-15 20:04:45
INV00012042,MRN13386411,ENC00032640,H003,PAY001,2026-08-12,2026-07-18,12986.15,2026-08-13 22:10:46
INV00012043,MRN89734019,ENC00032641,H003,PAY001,2026-08-01,2026-07-27,2705.94,2026-08-02 20:50:31
INV00012044,MRN19340001,ENC00032642,H003,PAY001,2026-08-22,2026-08-16,27414.39,2026-08-23 18:57:55
INV00012045,MRN59211448,ENC00032643,H003,PAY001,2026-07-21,2026-07-19,19215.62,2026-07-22 03:28:46
INV00012046,MRN18327243,ENC00032644,H002,PAY001,2026-07-18,2026-07-18,4939.21,2026-07-19 17:58:08
INV00012047,MRN75137853,ENC00032645,H001,PAY001,2026-07-24,2026-07-20,4743.8,2026-07-25 00:11:47
INV00012048,MRN96114182,ENC00032646,H001,PAY001,2026-07-11,2026-07-06,8876.74,2026-07-12 07:33:44
INV00012049,MRN99093757,ENC00032647,H002,PAY001,2026-08-12,2026-08-07,19408.31,2026-08-13 23:14:26
INV00012050,MRN40005848,ENC00032648,H001,PAY001,2026-08-26,2026-08-20,1319.78,2026-08-27 12:00:13
INV00012051,MRN13493712,ENC00032649,H002,PAY003,2026-08-16,2026-08-09,4225.98,2026-08-17 22:54:12
INV00012052,MRN86973662,ENC00032650,H003,PAY003,2025-10-15,2025-10-10,1630.88,2025-10-16 02:17:44
INV00012053,MRN15867316,ENC00032651,H002,PAY004,2026-08-30,2026-08-20,891.85,2026-08-31 19:33:18
INV00012054,MRN45952806,ENC00032652,H002,PAY004,2026-08-15,2026-08-10,13871.48,2026-08-16 21:49:27
INV00012055,MRN78220371,ENC00032653,H002,PAY006,2026-08-29,2026-08-19,14949.43,2026-08-30 14:01:29
INV00012056,MRN95482458,ENC00032654,H003,PAY001,2026-08-18,2026-08-10,1247.42,2026-08-19 18:57:41
INV00012057,MRN40224991,ENC00032655,H003,PAY001,2026-08-23,2026-08-21,331.84,2026-08-24 22:24:34
INV00012058,MRN12768998,ENC00032656,H001,PAY007,2026-07-04,2026-07-04,4280.12,2026-07-05 05:15:23
INV00012059,MRN97901105,ENC00032657,H001,PAY007,2026-08-15,2026-08-10,422.82,2026-08-16 12:17:31
INV00012060,MRN12285653,ENC00032658,H003,PAY001,2026-08-06,2026-07-31,7934.23,2026-08-07 04:06:44
INV00012061,MRN46380055,ENC00032659,H001,PAY006,2026-07-12,2026-07-10,5609.46,2026-07-13 21:39:19
INV00012062,MRN18664164,ENC00032660,H003,PAY003,2026-08-07,2026-07-31,1405.54,2026-08-08 21:38:28
INV00012063,MRN34095560,ENC00032661,H002,PAY001,2026-08-22,2026-08-16,19979.19,2026-08-23 06:19:01
INV00012064,MRN88149043,ENC00032662,H002,PAY001,2026-07-29,2026-07-26,21819.58,2026-07-30 23:29:22
INV00012065,MRN36523877,ENC00032663,H001,PAY001,2026-08-02,2026-07-29,3746.87,2026-08-03 09:51:55
INV00012066,MRN31969987,ENC00032664,H001,PAY001,2026-08-20,2026-08-16,5965.54,2026-08-21 01:35:48
INV00012067,MRN36496717,ENC00032665,H001,PAY001,2026-08-17,2026-08-15,274.75,2026-08-18 17:54:02
INV00012068,MRN14170119,ENC00032666,H002,PAY001,2026-08-23,2026-08-20,7675.96,2026-08-24 01:58:32
INV00012069,MRN97263675,ENC00032667,H001,PAY008,2026-07-17,2026-07-11,1805.26,2026-07-18 14:18:38
INV00012070,MRN12589242,ENC00032668,H002,PAY001,2026-09-01,2026-08-26,8590.69,2026-09-02 04:03:56
INV00012071,MRN86712567,ENC00032669,H003,PAY001,2026-08-09,2026-08-09,2036.1,2026-08-10 05:43:39
INV00012072,MRN16872995,ENC00032670,H003,PAY001,2026-07-18,2026-07-08,21666.04,2026-07-19 20:04:42
INV00012073,MRN76407655,ENC00032671,H001,PAY001,2026-08-20,2026-08-18,3366.11,2026-08-21 15:55:51
INV00012074,MRN98201585,ENC00032672,H003,PAY001,2025-11-06,2025-10-31,342.69,2025-11-07 00:29:15
INV00012075,MRN77177158,ENC00032673,H004,PAY001,2026-08-12,2026-08-08,34159.39,2026-08-13 14:18:14
INV00012076,MRN44684968,ENC00032674,H001,PAY004,2026-08-09,2026-08-03,25244.91,2026-08-10 08:52:33
INV00012077,MRN38035176,ENC00032675,H004,PAY003,2026-08-27,2026-08-21,2431.05,2026-08-28 04:21:20
INV00012078,MRN63539371,ENC00032676,H002,PAY001,2026-07-28,2026-07-18,6989.1,2026-07-29 01:23:15
INV00012079,MRN26526629,ENC00032677,H002,PAY002,2026-08-13,2026-07-31,3126.84,2026-08-14 06:42:13
INV00012080,MRN90541389,ENC00032678,H001,PAY001,2026-08-04,2026-08-01,2679.21,2026-08-05 20:26:48
INV00012081,MRN45363185,ENC00032679,H003,PAY006,2026-07-26,2026-07-26,17211.42,2026-07-27 15:38:25
INV00012082,MRN62164807,ENC00032680,H003,PAY001,2026-08-11,2026-08-11,26145.88,2026-08-12 04:34:55
INV00012083,MRN13239424,ENC00032681,H002,PAY001,2026-08-10,2026-08-01,28132.04,2026-08-11 18:04:20
INV00012084,MRN87177604,ENC00032682,H003,PAY002,2026-07-20,2026-07-20,25906.5,2026-07-21 13:00:11
INV00012085,MRN59172974,ENC00032683,H003,PAY005,2026-08-12,2026-08-12,2851.68,2026-08-13 22:02:46
INV00012086,MRN24639469,ENC00032684,H001,PAY002,2026-09-08,2026-08-30,26318.76,2026-09-09 12:56:46
INV00012087,MRN32910312,ENC00032685,H001,PAY001,2026-07-26,2026-07-15,2952.42,2026-07-27 08:23:52
INV00012088,MRN13911178,ENC00032686,H003,PAY001,2026-08-19,2026-08-15,10416.65,2026-08-20 11:14:09
INV00012089,MRN56816793,ENC00032687,H003,PAY003,2026-07-19,2026-07-17,4235.41,2026-07-20 07:25:18
INV00012090,MRN76294842,ENC00032688,H001,PAY001,2026-08-03,2026-07-31,3376.02,2026-08-04 04:08:21
INV00012091,MRN23463673,ENC00032689,H002,PAY001,2026-08-12,2026-08-09,13800.2,2026-08-13 03:15:02
INV00012092,MRN13364205,ENC00032690,H002,PAY001,2026-07-13,2026-07-09,27640.06,2026-07-14 05:06:41
INV00012093,MRN34793743,ENC00032691,H002,PAY001,2026-07-18,2026-07-12,18850.45,2026-07-19 14:21:12
INV00012094,MRN20981701,ENC00032692,H001,PAY005,2026-07-17,2026-07-07,33135.84,2026-07-18 02:36:24
INV00012095,MRN45743214,ENC00032693,H001,PAY001,2026-08-12,2026-08-07,8130.53,2026-08-13 12:54:01
INV00012096,MRN37309483,ENC00032694,H001,PAY001,2026-07-15,2026-07-09,560.5,2026-07-16 13:04:21
INV00012097,MRN70290107,ENC00032695,H001,PAY005,2026-09-17,2026-08-31,28639.34,2026-09-18 04:59:04
INV00012098,MRN95159879,ENC00032696,H001,PAY001,2026-07-31,2026-07-24,2983.92,2026-08-01 12:47:15
INV00012099,MRN38141645,ENC00032697,H003,PAY001,2026-08-07,2026-07-23,37473.42,2026-08-08 14:46:20
INV00012100,MRN71203911,ENC00032698,H003,PAY001,2026-08-13,2026-08-04,596.51,2026-08-14 11:41:04
INV00012101,MRN10782329,ENC00032699,H003,PAY001,2026-08-28,2026-08-26,915.69,2026-08-29 18:13:04
INV00012102,MRN31683603,ENC00032700,H001,PAY001,2026-09-02,2026-08-23,28893.69,2026-09-03 17:29:46
INV00012103,MRN19371676,ENC00032701,H002,PAY003,2026-08-27,2026-08-23,9119.41,2026-08-28 13:21:48
INV00012104,MRN92616105,ENC00032702,H002,PAY003,2026-07-26,2026-07-24,31784.85,2026-07-27 23:59:55
INV00012105,MRN52047125,ENC00032703,H002,PAY008,2026-07-30,2026-07-27,997.07,2026-07-31 17:01:18
INV00012106,MRN28356620,ENC00032704,H002,PAY004,2026-08-26,2026-08-19,35246.5,2026-08-27 02:42:31
INV00012107,MRN67532992,ENC00032705,H002,PAY001,2026-08-26,2026-08-21,9361.16,2026-08-27 03:40:06
INV00012108,MRN31633768,ENC00032706,H002,PAY002,2026-08-25,2026-08-23,23235.29,2026-08-26 02:23:09
INV00012109,MRN87361039,ENC00032707,H003,PAY001,2026-08-11,2026-08-06,3285.06,2026-08-12 22:02:24
INV00012110,MRN42706426,ENC00032708,H004,PAY001,2026-08-06,2026-08-01,1510.01,2026-08-07 15:04:02
INV00012111,MRN23753095,ENC00032709,H003,PAY002,2026-08-08,2026-08-01,20565.97,2026-08-09 02:50:45
INV00012112,MRN78543316,ENC00032710,H003,PAY001,2026-09-11,2026-08-28,10058.32,2026-09-12 16:28:17
INV00012113,MRN19948793,ENC00032711,H002,PAY002,2026-07-17,2026-07-13,9690.32,2026-07-18 07:51:53
INV00012114,MRN26993146,ENC00032712,H001,PAY001,2026-07-09,2026-07-06,12100.43,2026-07-10 13:01:27
INV00012115,MRN43614894,ENC00032713,H003,PAY001,2026-07-29,2026-07-04,2803.88,2026-07-30 16:30:50
INV00012116,MRN30595363,ENC00032714,H003,PAY001,2026-07-25,2026-07-23,20983.27,2026-07-26 13:16:43
INV00012117,MRN83888195,ENC00032715,H002,PAY003,2026-07-09,2026-07-08,16358.16,2026-07-10 12:47:21
INV00012118,MRN88545455,ENC00032716,H004,PAY001,2026-07-27,2026-07-27,2104.83,2026-07-28 06:47:30
INV00012119,MRN98701790,ENC00032717,H001,PAY001,2026-08-25,2026-08-23,2363.88,2026-08-26 11:56:02
INV00012120,MRN43546426,ENC00032718,H003,PAY001,2026-08-04,2026-07-28,10745.67,2026-08-05 03:11:48
INV00012121,MRN80420938,ENC00032719,H004,PAY002,2026-08-18,2026-08-10,21816.71,2026-08-19 01:41:19
INV00012122,MRN33213191,ENC00032720,H001,PAY001,2026-09-10,2026-08-31,3948.17,2026-09-11 10:45:25
INV00012123,MRN61520600,ENC00032721,H001,PAY001,2026-07-20,2026-07-16,27209.8,2026-07-21 03:40:40
INV00012124,MRN24069995,ENC00032722,H003,PAY001,2026-08-26,2026-08-22,5863.22,2026-08-27 13:18:51
INV00012125,MRN95502807,ENC00032723,H002,PAY008,2026-08-26,2026-08-24,5119.25,2026-08-27 01:52:46
INV00012126,MRN52110615,ENC00032724,H003,PAY001,2026-08-29,2026-08-24,13560.61,2026-08-30 15:47:32
INV00012127,MRN92885586,ENC00032725,H003,PAY001,2026-08-19,2026-08-12,12097.45,2026-08-20 19:30:08
INV00012128,MRN73549516,ENC00032726,H001,PAY002,2026-08-31,2026-08-22,4466.09,2026-09-01 10:21:35
INV00012129,MRN19016405,ENC00032727,H002,PAY003,2026-08-03,2026-07-25,9547.69,2026-08-04 03:48:49
INV00012130,MRN12417200,ENC00032728,H001,PAY001,2026-07-28,2026-07-22,15751.83,2026-07-29 19:34:00
INV00012131,MRN36680688,ENC00032729,H001,PAY001,2026-08-29,2026-08-27,13686.86,2026-08-30 21:43:46
INV00012132,MRN50063360,ENC00032730,H002,PAY004,2026-08-31,2026-08-22,5570.82,2026-09-01 06:24:54
INV00012133,MRN93764413,ENC00032731,H002,PAY002,2026-07-12,2026-07-10,2284.79,2026-07-13 08:25:26
INV00012134,MRN86049655,ENC00032732,H002,PAY006,2026-08-08,2026-08-03,20757.59,2026-08-09 05:44:45
INV00012135,MRN15808508,ENC00032733,H001,PAY005,2026-09-01,2026-08-27,5635.53,2026-09-02 14:43:39
INV00012136,MRN30760609,ENC00032734,H004,PAY001,2026-08-02,2026-07-27,4975.5,2026-08-03 10:45:51
INV00012137,MRN60705717,ENC00032735,H001,PAY001,2026-08-24,2026-08-20,4896.64,2026-08-25 07:27:33
INV00012138,MRN29457114,ENC00032736,H002,PAY004,2026-07-31,2026-07-27,3669.36,2026-08-01 19:04:33
INV00012139,MRN85394497,ENC00032737,H002,PAY003,2026-08-16,2026-08-12,1964.57,2026-08-17 04:56:52
INV00012140,MRN27993513,ENC00032738,H003,PAY002,2026-08-16,2026-08-09,8613.3,2026-08-17 02:57:43
INV00012141,MRN41589924,ENC00032739,H002,PAY001,2026-08-12,2026-08-12,45160.98,2026-08-13 06:21:21
INV00012142,MRN50111920,ENC00032740,H001,PAY001,2026-08-11,2026-07-27,51469.67,2026-08-12 01:00:15
INV00012143,MRN93170689,ENC00032741,H001,PAY001,2026-07-21,2026-07-21,7498.48,2026-07-22 22:28:16
INV00012144,MRN75848013,ENC00032742,H002,PAY004,2026-08-09,2026-07-31,5902.11,2026-08-10 06:54:10
INV00012145,MRN62294373,ENC00032743,H002,PAY005,2026-08-28,2026-08-22,16032.06,2026-08-29 02:40:33
INV00012146,MRN37613424,ENC00032744,H001,PAY001,2026-07-13,2026-07-11,3922.19,2026-07-14 14:24:17
INV00012147,MRN34771589,ENC00032745,H002,PAY005,2026-08-06,2026-08-06,20492.01,2026-08-07 10:30:41
INV00012148,MRN93521715,ENC00032746,H001,PAY001,2026-08-31,2026-08-28,31996.54,2026-09-01 21:47:55
INV00012149,MRN87747656,ENC00032747,H003,PAY001,2026-09-04,2026-08-31,5953.5,2026-09-05 05:08:43
INV00012150,MRN14196649,ENC00032748,H001,PAY001,2026-08-29,2026-08-21,14643.5,2026-08-30 14:48:42
INV00012151,MRN40340505,ENC00032749,H002,PAY003,2026-08-07,2026-08-04,19020.49,2026-08-08 11:25:14
INV00012152,MRN32594282,ENC00032750,H001,PAY008,2026-08-29,2026-08-22,18256.36,2026-08-30 03:39:21
INV00012153,MRN86580856,ENC00032751,H003,PAY005,2026-08-03,2026-08-03,4862.46,2026-08-04 03:46:50
INV00012154,MRN42952054,ENC00032752,H001,PAY001,2026-07-24,2026-07-21,5350.74,2026-07-25 14:14:34
INV00012155,MRN71792754,ENC00032753,H002,PAY008,2026-07-31,2026-07-25,2145.95,2026-08-01 03:13:39
INV00012156,MRN97400829,ENC00032754,H003,PAY001,2026-08-15,2026-08-08,24551.42,2026-08-16 05:15:58
INV00012157,MRN29334488,ENC00032755,H001,PAY001,2026-08-23,2026-08-21,23434.89,2026-08-24 10:02:03
INV00012158,MRN47551089,ENC00032756,H003,PAY001,2026-08-27,2026-08-11,60653.35,2026-08-28 08:40:11
INV00012159,MRN70124689,ENC00032757,H003,PAY001,2026-08-31,2026-08-31,13266.34,2026-09-01 01:33:57
INV00012160,MRN38492410,ENC00032758,H004,PAY001,2026-09-06,2026-08-24,22905.32,2026-09-07 07:09:41
INV00012161,MRN62139182,ENC00032759,H001,PAY001,2026-08-11,2026-08-02,2350.55,2026-08-12 10:38:45
INV00012162,MRN37453473,ENC00032760,H001,PAY001,2026-07-28,2026-07-22,1316.3,2026-07-29 07:33:06
INV00012163,MRN13404554,ENC00032761,H003,PAY003,2026-07-13,2026-07-08,7310.03,2026-07-14 01:59:26
INV00012164,MRN77300368,ENC00032762,H003,PAY001,2026-07-23,2026-07-16,2323.01,2026-07-24 06:14:44
INV00012165,MRN77466627,ENC00032763,H003,PAY001,2026-07-27,2026-07-18,495.74,2026-07-28 22:43:10
INV00012166,MRN57123502,ENC00032764,H001,PAY001,2026-08-05,2026-07-28,12120.5,2026-08-06 13:37:52
INV00012167,MRN41511209,ENC00032765,H003,PAY003,2026-08-05,2026-08-01,18562.3,2026-08-06 08:26:22
INV00012168,MRN13224417,ENC00032766,H002,PAY004,2026-07-28,2026-07-28,5246.12,2026-07-29 07:56:42
INV00012169,MRN31595454,ENC00032767,H003,PAY001,2026-07-27,2026-07-22,3592.8,2026-07-28 22:47:58
INV00012170,MRN90676829,ENC00032768,H001,PAY002,2026-02-01,2026-01-27,10585.3,2026-02-02 23:27:17
INV00012171,MRN26696994,ENC00032769,H001,PAY001,2026-07-09,2026-07-06,3758.95,2026-07-10 18:54:22
INV00012172,MRN11675490,ENC00032770,H003,PAY001,2026-08-03,2026-08-03,19690.3,2026-08-04 02:28:41
INV00012173,MRN16099053,ENC00032771,H001,PAY001,2025-06-06,2025-05-30,12035.23,2025-06-07 20:53:14
INV00012174,MRN11137534,ENC00032772,H001,PAY001,2026-08-01,2026-07-23,16785.31,2026-08-02 19:34:14
INV00012175,MRN90848907,ENC00032773,H003,PAY001,2026-07-20,2026-07-16,30201.05,2026-07-21 16:32:54
INV00012176,MRN27945733,ENC00032774,H002,PAY003,2026-08-30,2026-08-27,9478.23,2026-08-31 22:13:29
INV00012177,MRN96594909,ENC00032775,H002,PAY002,2026-08-04,2026-07-28,19137.05,2026-08-05 11:59:26
INV00012178,MRN84706169,ENC00032776,H003,PAY001,2026-08-18,2026-08-12,26682.09,2026-08-19 00:03:03
INV00012179,MRN80075687,ENC00032777,H001,PAY006,2026-07-12,2026-07-07,3663.11,2026-07-13 02:24:11
INV00012180,MRN70444783,ENC00032778,H004,PAY001,2026-07-15,2026-07-09,19410.15,2026-07-16 12:34:55
INV00012181,MRN20299745,ENC00032779,H002,PAY001,2026-07-11,2026-07-08,1909.96,2026-07-12 21:07:14
INV00012182,MRN70821276,ENC00032780,H002,PAY001,2026-08-03,2026-07-31,2629.63,2026-08-04 03:59:45
INV00012183,MRN99217377,ENC00032781,H003,PAY001,2026-07-23,2026-07-20,2815.71,2026-07-24 06:22:30
INV00012184,MRN70018886,ENC00032782,H001,PAY001,2026-07-21,2026-07-11,9888.38,2026-07-22 01:16:52
INV00012185,MRN87668644,ENC00032783,H003,PAY001,2026-07-09,2026-07-09,23346.81,2026-07-10 09:32:29
INV00012186,MRN91754330,ENC00032784,H002,PAY001,2026-07-14,2026-07-07,2883.34,2026-07-15 00:16:21
INV00012187,MRN94369514,ENC00032785,H003,PAY001,2026-08-28,2026-08-23,4488.52,2026-08-29 12:35:22
INV00012188,MRN35384734,ENC00032786,H001,PAY001,2026-08-16,2026-08-10,19280.14,2026-08-17 09:53:19
INV00012189,MRN93080584,ENC00032787,H003,PAY002,2026-08-31,2026-08-24,3997.43,2026-09-01 11:03:16
INV00012190,MRN62306560,ENC00032788,H001,PAY001,2026-09-18,2026-08-24,30608.29,2026-09-19 04:17:10
INV00012191,MRN20896897,ENC00032789,H001,PAY001,2026-09-07,2026-08-19,4782.82,2026-09-08 04:07:44
INV00012192,MRN18628894,ENC00032790,H001,PAY001,2026-08-09,2026-07-30,1503.74,2026-08-10 06:34:09
INV00012193,MRN85060555,ENC00032791,H001,PAY001,2026-09-05,2026-08-30,971.54,2026-09-06 04:31:20
INV00012194,MRN56548179,ENC00032792,H004,PAY001,2026-02-04,2026-01-26,12219.76,2026-02-05 23:10:38
INV00012195,MRN64922931,ENC00032793,H003,PAY003,2026-07-14,2026-07-08,17484.04,2026-07-15 15:42:55
INV00012196,MRN16191095,ENC00032794,H002,PAY004,2026-05-15,2026-05-10,918.52,2026-05-16 03:25:49
INV00012197,MRN69884809,ENC00032795,H002,PAY001,2026-07-23,2026-07-11,28611.37,2026-07-24 01:38:18
INV00012198,MRN28058414,ENC00032796,H003,PAY004,2026-06-07,2026-06-03,4537.75,2026-06-08 17:42:06
INV00012199,MRN53482420,ENC00032797,H002,PAY001,2026-07-12,2026-07-06,524.72,2026-07-13 18:07:38
INV00012200,MRN57880292,ENC00032798,H002,PAY001,2026-07-08,2026-07-06,1583.08,2026-07-09 12:55:54
INV00012201,MRN96029555,ENC00032799,H003,PAY001,2026-07-08,2026-07-04,9334.05,2026-07-09 03:56:35
INV00012202,MRN61330170,ENC00032800,H003,PAY001,2026-08-21,2026-08-12,4362.04,2026-08-22 15:48:26
INV00012203,MRN19142195,ENC00032801,H003,PAY003,2026-08-06,2026-08-01,24056.43,2026-08-07 13:08:44
INV00012204,MRN65185948,ENC00032802,H003,PAY001,2026-07-18,2026-07-11,1900.51,2026-07-19 21:22:52
INV00012205,MRN18244795,ENC00032803,H002,PAY001,2026-07-14,2026-07-04,21100.33,2026-07-15 21:22:42
INV00012206,MRN53161476,ENC00032804,H001,PAY007,2026-09-07,2026-08-29,7593.82,2026-09-08 02:59:00
INV00012207,MRN15800389,ENC00032805,H002,PAY001,2026-08-05,2026-07-31,3839.44,2026-08-06 03:47:03
INV00012208,MRN44087109,ENC00032806,H002,PAY001,2026-07-28,2026-07-20,37121.25,2026-07-29 20:10:52
INV00012209,MRN87054279,ENC00032807,H002,PAY001,2026-08-16,2026-08-13,8085.41,2026-08-17 18:06:03
INV00012210,MRN39767327,ENC00032808,H003,PAY004,2026-07-15,2026-07-04,1009.33,2026-07-16 16:46:26
INV00012211,MRN70593822,ENC00032809,H002,PAY001,2026-06-11,2026-06-01,925.76,2026-06-12 00:31:04
INV00012212,MRN30663188,ENC00032810,H001,PAY007,2026-09-02,2026-08-30,14905.63,2026-09-03 17:51:29
INV00012213,MRN12491395,ENC00032811,H002,PAY001,2026-08-01,2026-08-01,20780.46,2026-08-02 12:50:37
INV00012214,MRN16131473,ENC00032812,H002,PAY001,2026-07-13,2026-07-11,7481.65,2026-07-14 14:14:37
INV00012215,MRN85816156,ENC00032813,H002,PAY001,2025-07-16,2025-07-11,1844.95,2025-07-17 08:56:41
INV00012216,MRN21893215,ENC00032814,H004,PAY004,2026-07-29,2026-07-23,6561.93,2026-07-30 01:23:55
INV00012217,MRN28242607,ENC00032815,H001,PAY001,2026-08-09,2026-07-23,2736.14,2026-08-10 10:16:52
INV00012218,MRN48277769,ENC00032816,H003,PAY002,2026-07-30,2026-07-09,6736.7,2026-07-31 15:34:24
INV00012219,MRN51800945,ENC00032817,H003,PAY001,2026-08-12,2026-08-07,6912.48,2026-08-13 07:50:19
INV00012220,MRN63102562,ENC00032818,H002,PAY001,2026-08-23,2026-08-09,16326.43,2026-08-24 22:32:41
INV00012221,MRN78859223,ENC00032819,H001,PAY003,2026-08-10,2026-08-05,7922.1,2026-08-11 10:13:33
INV00012222,MRN18924103,ENC00032820,H003,PAY001,2026-08-15,2026-08-08,8213.23,2026-08-16 02:55:28
INV00012223,MRN85457582,ENC00032821,H002,PAY001,2026-08-10,2026-08-06,395.39,2026-08-11 14:29:05
INV00012224,MRN68379618,ENC00032822,H002,PAY007,2026-02-10,2026-02-08,12161.24,2026-02-11 04:38:34
INV00012225,MRN25740575,ENC00032823,H001,PAY001,2026-09-01,2026-08-27,18517.56,2026-09-02 14:47:40
INV00012226,MRN21100963,ENC00032824,H002,PAY004,2026-08-15,2026-08-12,13114.08,2026-08-16 23:52:06
INV00012227,MRN37150613,ENC00032825,H001,PAY001,2026-07-12,2026-07-09,1795.67,2026-07-13 19:39:25
INV00012228,MRN61141958,ENC00032826,H002,PAY001,2026-07-27,2026-07-24,10824.01,2026-07-28 21:43:36
INV00012229,MRN49267281,ENC00032827,H003,PAY001,2026-09-11,2026-08-31,23426.75,2026-09-12 06:39:58
INV00012230,MRN29939908,ENC00032828,H001,PAY001,2025-11-21,2025-11-18,12541.07,2025-11-22 17:46:24
INV00012231,MRN18443083,ENC00032829,H001,PAY001,2026-07-29,2026-07-26,6312.69,2026-07-30 12:28:41
INV00012232,MRN89166411,ENC00032830,H003,PAY001,2026-01-23,2026-01-15,2997.03,2026-01-24 18:09:18
INV00012233,MRN83988355,ENC00032831,H004,PAY001,2026-10-12,2026-10-03,2259.39,2026-10-13 00:02:46
INV00012234,MRN86604031,ENC00032832,H003,PAY005,2026-07-08,2026-07-03,23146.4,2026-07-09 06:53:13
INV00012235,MRN57538015,ENC00032833,H004,PAY003,2026-08-28,2026-08-20,5622.32,2026-08-29 11:24:11
INV00012236,MRN71393181,ENC00032834,H004,PAY001,2026-08-13,2026-08-10,6197.93,2026-08-14 20:41:50
INV00012237,MRN49238921,ENC00032835,H003,PAY001,2026-08-17,2026-08-13,523.02,2026-08-18 20:08:32
INV00012238,MRN29451337,ENC00032836,H004,PAY001,2026-07-29,2026-07-27,14878.07,2026-07-30 22:11:36
INV00012239,MRN15389124,ENC00032837,H001,PAY001,2026-07-21,2026-07-08,23579.28,2026-07-22 13:29:03
INV00012240,MRN72442305,ENC00032838,H003,PAY001,2026-04-28,2026-04-18,26937.9,2026-04-29 01:17:43
INV00012241,MRN88589034,ENC00032839,H002,PAY003,2026-07-25,2026-07-09,23687.48,2026-07-26 10:24:41
INV00012242,MRN21156368,ENC00032840,H002,PAY003,2026-07-27,2026-07-25,19284.13,2026-07-28 14:38:54
INV00012243,MRN84832342,ENC00032841,H002,PAY001,2026-07-14,2026-07-05,27274.34,2026-07-15 15:23:35
INV00012244,MRN43314266,ENC00032842,H002,PAY001,2026-08-06,2026-07-29,41022.17,2026-08-07 06:45:08
INV00012245,MRN31397048,ENC00032843,H001,PAY001,2026-06-03,2026-05-26,4058.28,2026-06-04 08:38:13
INV00012246,MRN98829739,ENC00032844,H002,PAY001,2026-07-14,2026-07-11,5810.13,2026-07-15 02:05:40
INV00012247,MRN73877550,ENC00032845,H001,PAY002,2026-08-13,2026-08-08,5126.31,2026-08-14 22:30:36
INV00012248,MRN16598465,ENC00032846,H001,PAY001,2026-08-31,2026-08-26,3575.14,2026-09-01 01:53:58
INV00012249,MRN42324869,ENC00032847,H002,PAY001,2026-07-11,2026-07-06,9961.26,2026-07-12 03:27:14
INV00012250,MRN59060769,ENC00032848,H003,PAY001,2026-07-31,2026-07-28,12286.36,2026-08-01 16:12:36
INV00012251,MRN51100697,ENC00032849,H002,PAY001,2026-09-02,2026-08-29,7112.0,2026-09-03 11:26:12
INV00012252,MRN59285913,ENC00032850,H003,PAY001,2026-08-30,2026-08-25,4070.57,2026-08-31 12:46:47
INV00012253,MRN16506411,ENC00032851,H003,PAY001,2026-09-01,2026-08-29,13484.21,2026-09-02 16:28:49
INV00012254,MRN35276468,ENC00032852,H004,PAY007,2026-08-04,2026-08-03,4196.7,2026-08-05 10:27:16
INV00012255,MRN98988645,ENC00032853,H002,PAY001,2025-10-21,2025-10-16,4591.0,2025-10-22 13:02:16
INV00012256,MRN66622112,ENC00032854,H003,PAY001,2026-09-02,2026-08-29,7972.19,2026-09-03 03:24:43
INV00012257,MRN79788150,ENC00032855,H003,PAY001,2026-07-25,2026-07-25,23785.34,2026-07-26 13:02:23
INV00012258,MRN15094123,ENC00032856,H002,PAY001,2026-08-18,2026-08-13,8335.07,2026-08-19 22:57:34
INV00012259,MRN65910283,ENC00032857,H002,PAY001,2026-08-12,2026-08-01,2118.24,2026-08-13 06:30:11
INV00012260,MRN55972434,ENC00032858,H002,PAY001,2026-08-24,2026-08-21,2659.11,2026-08-25 06:51:31
INV00012261,MRN40509518,ENC00032859,H002,PAY001,2026-08-24,2026-08-12,2741.56,2026-08-25 21:17:49
INV00012262,MRN48503144,ENC00032860,H003,PAY003,2026-08-10,2026-07-31,2752.58,2026-08-11 16:23:14
INV00012263,MRN52330060,ENC00032861,H003,PAY001,2026-08-17,2026-08-13,18598.82,2026-08-18 08:58:40
INV00012264,MRN87453421,ENC00032862,H001,PAY001,2026-08-15,2026-08-13,4751.67,2026-08-16 21:33:29
INV00012265,MRN66524981,ENC00032863,H001,PAY008,2026-08-20,2026-08-14,2930.77,2026-08-21 17:28:10
INV00012266,MRN59868456,ENC00032864,H003,PAY005,2026-08-07,2026-08-03,25695.41,2026-08-08 19:33:32
INV00012267,MRN92402399,ENC00032865,H003,PAY004,2026-08-04,2026-07-23,1116.51,2026-08-05 07:05:02
INV00012268,MRN91039484,ENC00032866,H003,PAY001,2026-07-19,2026-07-15,1740.06,2026-07-20 02:13:56
INV00012269,MRN40549948,ENC00032867,H001,PAY001,2026-09-01,2026-08-28,1071.14,2026-09-02 09:46:10
INV00012270,MRN20175852,ENC00032868,H002,PAY001,2026-07-26,2026-07-24,22247.34,2026-07-27 15:31:44
INV00012271,MRN43793965,ENC00032869,H002,PAY001,2026-07-22,2026-07-22,2659.69,2026-07-23 15:43:09
INV00012272,MRN17804584,ENC00032870,H003,PAY002,2026-07-31,2026-07-24,7750.23,2026-08-01 05:04:56
INV00012273,MRN46477601,ENC00032871,H003,PAY001,2026-07-26,2026-07-05,6914.75,2026-07-27 11:26:35
INV00012274,MRN13758534,ENC00032872,H001,PAY005,2026-08-03,2026-07-30,14320.12,2026-08-04 10:49:36
INV00012275,MRN33929860,ENC00032873,H002,PAY003,2026-07-26,2026-07-25,3845.54,2026-07-27 16:45:14
INV00012276,MRN22182271,ENC00032874,H002,PAY001,2026-08-31,2026-08-26,505.5,2026-09-01 10:17:00
INV00012277,MRN85363869,ENC00032875,H004,PAY001,2026-08-07,2026-07-28,6719.57,2026-08-08 07:35:06
INV00012278,MRN75238637,ENC00032876,H003,PAY001,2026-07-16,2026-07-08,1533.37,2026-07-17 23:09:56
INV00012279,MRN65953403,ENC00032877,H001,PAY001,2026-07-12,2026-07-08,1828.36,2026-07-13 12:37:43
INV00012280,MRN59207739,ENC00032878,H002,PAY001,2026-07-10,2026-07-03,27939.84,2026-07-11 10:09:11
INV00012281,MRN43940023,ENC00032879,H003,PAY001,2026-08-01,2026-07-31,18091.3,2026-08-02 23:11:57
INV00012282,MRN25207402,ENC00032880,H004,PAY001,2026-07-14,2026-07-10,5017.81,2026-07-15 03:06:49
INV00012283,MRN90032285,ENC00032881,H002,PAY003,2026-07-25,2026-07-21,21353.52,2026-07-26 10:18:25
INV00012284,MRN18023477,ENC00032882,H002,PAY001,2026-07-23,2026-07-16,3243.22,2026-07-24 12:49:32
INV00012285,MRN15046394,ENC00032883,H002,PAY005,2026-08-17,2026-08-13,48095.77,2026-08-18 10:15:37
INV00012286,MRN60516012,ENC00032884,H003,PAY001,2026-08-18,2026-08-10,286.36,2026-08-19 11:19:20
INV00012287,MRN47695028,ENC00032885,H002,PAY001,2026-08-18,2026-08-15,6559.09,2026-08-19 00:59:50
INV00012288,MRN98652353,ENC00032886,H001,PAY003,2026-08-01,2026-07-26,6231.18,2026-08-02 11:00:58
INV00012289,MRN79650433,ENC00032887,H002,PAY002,2026-07-30,2026-07-27,7624.42,2026-07-31 21:40:24
INV00012290,MRN18636938,ENC00032888,H002,PAY001,2026-07-13,2026-07-08,5242.55,2026-07-14 06:02:27
INV00012291,MRN15491137,ENC00032889,H003,PAY004,2026-07-29,2026-07-23,22017.84,2026-07-30 13:24:09
INV00012292,MRN67400319,ENC00032890,H002,PAY001,2026-08-21,2026-08-18,19891.1,2026-08-22 10:45:46
INV00012293,MRN19031801,ENC00032891,H004,PAY001,2026-08-02,2026-07-31,16391.93,2026-08-03 14:11:12
INV00012294,MRN22818768,ENC00032892,H001,PAY001,2026-09-01,2026-08-24,4610.32,2026-09-02 01:25:38
INV00012295,MRN14548992,ENC00032893,H002,PAY003,2026-02-08,2026-01-09,8014.05,2026-02-09 08:17:48
INV00012296,MRN72937706,ENC00032894,H003,PAY008,2026-07-27,2026-07-25,2953.65,2026-07-28 17:19:22
INV00012297,MRN73751278,ENC00032895,H002,PAY001,2026-08-07,2026-08-05,3547.84,2026-08-08 03:50:37
INV00012298,MRN36768126,ENC00032896,H002,PAY001,2026-08-17,2026-08-13,9437.48,2026-08-18 19:58:41
INV00012299,MRN76728771,ENC00032897,H002,PAY001,2026-08-25,2026-08-20,1077.12,2026-08-26 07:53:27
INV00012300,MRN82472789,ENC00032898,H002,PAY001,2026-08-07,2026-08-02,3465.34,2026-08-08 23:17:18
INV00012301,MRN51163230,ENC00032899,H002,PAY001,2026-09-02,2026-08-10,15601.19,2026-09-03 01:05:34
INV00012302,MRN70716446,ENC00032900,H004,PAY001,2026-07-21,2026-07-16,5588.26,2026-07-22 16:23:40
INV00012303,MRN44096905,ENC00032901,H003,PAY001,2026-09-01,2026-08-29,15070.47,2026-09-02 04:08:59
INV00012304,MRN31745816,ENC00032902,H003,PAY001,2026-07-14,2026-07-07,9850.55,2026-07-15 18:30:27
INV00012305,MRN97479060,ENC00032903,H003,PAY001,2026-08-13,2026-08-13,1367.47,2026-08-14 02:19:24
INV00012306,MRN43766580,ENC00032904,H002,PAY001,2026-07-28,2026-07-28,2472.49,2026-07-29 01:13:39
INV00012307,MRN18193289,ENC00032905,H001,PAY004,2026-08-05,2026-07-19,3125.84,2026-08-06 21:28:27
INV00012308,MRN95166971,ENC00032906,H003,PAY004,2026-07-23,2026-07-21,3789.98,2026-07-24 15:10:14
INV00012309,MRN99220169,ENC00032907,H002,PAY005,2026-08-28,2026-08-21,1762.09,2026-08-29 16:14:41
INV00012310,MRN26130818,ENC00032908,H001,PAY001,2026-07-03,2026-07-03,5557.6,2026-07-04 22:49:03
INV00012311,MRN13085817,ENC00032909,H003,PAY001,2026-08-09,2026-08-03,91.03,2026-08-10 18:28:11
INV00012312,MRN87674449,ENC00032910,H003,PAY001,2026-09-02,2026-08-20,31928.64,2026-09-03 03:03:56
INV00012313,MRN51304207,ENC00032911,H002,PAY001,2026-08-05,2026-08-01,512.95,2026-08-06 11:34:19
INV00012314,MRN84796581,ENC00032912,H003,PAY007,2026-07-03,2026-07-03,4225.6,2026-07-04 14:02:22
INV00012315,MRN42285414,ENC00032913,H003,PAY001,2026-08-24,2026-08-19,3348.34,2026-08-25 23:00:57
INV00012316,MRN73223900,ENC00032914,H003,PAY006,2026-08-29,2026-08-26,2921.74,2026-08-30 20:36:32
INV00012317,MRN98634256,ENC00032915,H004,PAY004,2026-08-20,2026-08-16,17718.98,2026-08-21 23:51:24
INV00012318,MRN54608694,ENC00032916,H001,PAY001,2026-07-26,2026-07-16,35664.3,2026-07-27 16:19:30
INV00012319,MRN67652807,ENC00032917,H002,PAY003,2026-07-23,2026-07-16,2093.52,2026-07-24 14:08:30
INV00012320,MRN42108011,ENC00032918,H001,PAY006,2026-07-21,2026-07-17,3070.03,2026-07-22 14:22:14
INV00012321,MRN97873831,ENC00032919,H001,PAY001,2026-08-25,2026-08-17,18449.03,2026-08-26 09:55:48
INV00012322,MRN70655739,ENC00032920,H001,PAY002,2026-08-05,2026-07-23,3236.13,2026-08-06 11:01:27
INV00012323,MRN58439823,ENC00032921,H003,PAY001,2026-07-24,2026-07-22,2185.11,2026-07-25 13:55:46
INV00012324,MRN77706992,ENC00032922,H003,PAY006,2026-09-03,2026-08-30,2224.45,2026-09-04 10:37:26
INV00012325,MRN99103107,ENC00032923,H003,PAY004,2026-08-16,2026-08-13,10575.04,2026-08-17 16:30:15
INV00012326,MRN20245268,ENC00032924,H001,PAY001,2026-09-02,2026-08-31,2399.12,2026-09-03 04:54:47
INV00012327,MRN67057285,ENC00032925,H002,PAY002,2026-08-23,2026-08-12,7520.46,2026-08-24 07:01:34
INV00012328,MRN32396507,ENC00032926,H003,PAY007,2026-07-14,2026-07-07,6314.1,2026-07-15 17:58:14
INV00012329,MRN82165313,ENC00032927,H002,PAY001,2026-07-21,2026-07-13,10634.85,2026-07-22 03:53:24
INV00012330,MRN65424066,ENC00032928,H002,PAY003,2026-07-18,2026-07-11,4237.85,2026-07-19 19:46:26
INV00012331,MRN37618417,ENC00032929,H001,PAY001,2026-08-18,2026-08-11,4205.74,2026-08-19 02:21:22
INV00012332,MRN80803269,ENC00032930,H002,PAY002,2026-08-14,2026-08-11,10003.9,2026-08-15 13:57:49
INV00012333,MRN15776844,ENC00032931,H001,PAY001,2026-08-23,2026-08-17,11102.7,2026-08-24 02:04:20
INV00012334,MRN48371380,ENC00032932,H001,PAY001,2026-07-07,2026-07-04,3670.18,2026-07-08 11:25:25
INV00012335,MRN35107518,ENC00032933,H003,PAY006,2026-08-11,2026-08-07,9934.72,2026-08-12 09:09:37
INV00012336,MRN30839457,ENC00032934,H002,PAY001,2025-09-25,2025-09-17,22804.92,2025-09-26 13:57:17
INV00012337,MRN44441859,ENC00032935,H002,PAY001,2026-07-18,2026-07-11,9505.6,2026-07-19 09:06:55
INV00012338,MRN35433684,ENC00032936,H003,PAY003,2026-08-12,2026-08-08,1998.93,2026-08-13 06:27:07
INV00012339,MRN51763559,ENC00032937,H002,PAY003,2026-08-15,2026-08-08,346.39,2026-08-16 04:54:48
INV00012340,MRN35427260,ENC00032938,H001,PAY001,2025-12-13,2025-12-04,6266.34,2025-12-14 19:48:20
INV00012341,MRN72214506,ENC00032939,H002,PAY003,2026-08-23,2026-08-16,4743.32,2026-08-24 22:16:01
INV00012342,MRN62779229,ENC00032940,H002,PAY006,2026-08-08,2026-08-02,808.88,2026-08-09 08:07:02
INV00012343,MRN85113367,ENC00032941,H004,PAY004,2026-07-23,2026-07-16,28385.29,2026-07-24 08:59:45
INV00012344,MRN68877383,ENC00032942,H003,PAY001,2026-08-20,2026-08-11,3774.66,2026-08-21 01:56:28
INV00012345,MRN47333874,ENC00032943,H003,PAY001,2026-08-20,2026-08-20,29237.61,2026-08-21 12:43:13
INV00012346,MRN37372107,ENC00032944,H002,PAY001,2026-07-31,2026-07-31,1792.67,2026-08-01 00:02:40
INV00012347,MRN46392263,ENC00032945,H003,PAY008,2026-07-30,2026-07-27,3378.64,2026-07-31 14:41:42
INV00012348,MRN38682396,ENC00032946,H002,PAY001,2026-07-18,2026-07-06,33295.5,2026-07-19 18:02:53
INV00012349,MRN73689128,ENC00032947,H002,PAY001,2026-09-03,2026-08-25,14750.5,2026-09-04 01:08:29
INV00012350,MRN43664515,ENC00032948,H003,PAY001,2026-07-29,2026-07-25,13661.33,2026-07-30 18:25:19
INV00012351,MRN41895119,ENC00032949,H001,PAY006,2026-09-03,2026-08-29,10357.07,2026-09-04 12:04:02
INV00012352,MRN28439199,ENC00032950,H002,PAY001,2026-08-19,2026-08-17,5530.87,2026-08-20 19:54:43
INV00012353,MRN47602175,ENC00032951,H001,PAY001,2026-07-29,2026-07-29,12757.55,2026-07-30 00:42:35
INV00012354,MRN15666619,ENC00032952,H002,PAY003,2026-08-17,2026-08-14,10787.97,2026-08-18 17:58:37
INV00012355,MRN12285653,ENC00032953,H002,PAY001,2026-07-29,2026-07-14,10716.25,2026-07-30 17:19:42
INV00012356,MRN67233300,ENC00032954,H001,PAY002,2026-08-07,2026-08-03,8939.33,2026-08-08 09:49:46
INV00012357,MRN47720088,ENC00032955,H001,PAY001,2026-09-03,2026-08-31,24867.48,2026-09-04 08:32:48
INV00012358,MRN68619068,ENC00032956,H002,PAY001,2025-12-02,2025-11-26,3458.5,2025-12-03 05:47:49
INV00012359,MRN95948753,ENC00032957,H002,PAY001,2026-08-03,2026-07-26,2591.94,2026-08-04 13:14:10
INV00012360,MRN63740770,ENC00032958,H001,PAY002,2026-08-04,2026-08-04,7314.17,2026-08-05 09:55:17
INV00012361,MRN90597920,ENC00032959,H001,PAY001,2026-07-19,2026-07-17,2114.03,2026-07-20 18:13:03
INV00012362,MRN27101458,ENC00032960,H002,PAY008,2026-09-02,2026-08-30,2730.24,2026-09-03 14:58:59
INV00012363,MRN86670491,ENC00032961,H003,PAY004,2026-07-26,2026-07-25,22712.49,2026-07-27 20:04:38
INV00012364,MRN43117804,ENC00032962,H003,PAY001,2026-07-16,2026-07-13,355.41,2026-07-17 16:24:25
INV00012365,MRN22134042,ENC00032963,H003,PAY001,2026-07-19,2026-07-14,16307.49,2026-07-20 01:42:00
INV00012366,MRN36077119,ENC00032964,H001,PAY001,2025-11-17,2025-11-15,18120.97,2025-11-18 22:13:15
INV00012367,MRN72436935,ENC00032965,H002,PAY001,2026-07-21,2026-07-15,41199.36,2026-07-22 16:08:39
INV00012368,MRN50796330,ENC00032966,H001,PAY001,2026-08-29,2026-08-19,21981.62,2026-08-30 20:41:23
INV00012369,MRN96940190,ENC00032967,H002,PAY001,2026-07-14,2026-07-09,11864.64,2026-07-15 03:38:21
INV00012370,MRN66498996,ENC00032968,H002,PAY005,2026-07-18,2026-07-12,4221.79,2026-07-19 06:28:40
INV00012371,MRN85436581,ENC00032969,H001,PAY003,2026-08-24,2026-08-19,5500.28,2026-08-25 18:34:54
INV00012372,MRN46074728,ENC00032970,H003,PAY001,2026-07-14,2026-07-10,26892.32,2026-07-15 00:51:10
INV00012373,MRN31130146,ENC00032971,H003,PAY001,2026-08-15,2026-08-11,18281.36,2026-08-16 18:24:23
INV00012374,MRN50205631,ENC00032972,H002,PAY001,2026-07-26,2026-07-18,4864.52,2026-07-27 11:24:33
INV00012375,MRN19533103,ENC00032973,H004,PAY003,2026-07-22,2026-07-19,11267.62,2026-07-23 00:57:50
INV00012376,MRN78845447,ENC00032974,H003,PAY004,2026-08-17,2026-08-14,3884.31,2026-08-18 14:50:24
INV00012377,MRN26996888,ENC00032975,H002,PAY001,2026-04-07,2026-04-07,12630.74,2026-04-08 02:51:13
INV00012378,MRN86971818,ENC00032976,H004,PAY006,2026-08-26,2026-08-22,23392.88,2026-08-27 18:54:47
INV00012379,MRN79866957,ENC00032977,H004,PAY001,2026-07-04,2026-07-04,1881.21,2026-07-05 11:53:10
INV00012380,MRN65526564,ENC00032978,H001,PAY007,2026-08-02,2026-07-27,1685.38,2026-08-03 04:36:27
INV00012381,MRN17453018,ENC00032979,H001,PAY001,2026-08-19,2026-08-07,727.31,2026-08-20 19:38:38
INV00012382,MRN84246277,ENC00032980,H002,PAY004,2026-07-23,2026-07-22,1517.91,2026-07-24 09:40:39
INV00012383,MRN63854577,ENC00032981,H002,PAY001,2026-07-16,2026-07-13,1317.37,2026-07-17 14:03:22
INV00012384,MRN70583802,ENC00032982,H002,PAY004,2026-07-30,2026-07-26,16029.26,2026-07-31 07:31:56
INV00012385,MRN66026326,ENC00032983,H001,PAY001,2026-08-08,2026-08-05,16078.6,2026-08-09 02:50:04
INV00012386,MRN90581249,ENC00032984,H001,PAY008,2026-08-24,2026-08-12,21371.13,2026-08-25 00:14:54
INV00012387,MRN79539703,ENC00032985,H002,PAY001,2026-09-03,2026-08-31,1667.64,2026-09-04 11:28:30
INV00012388,MRN62922833,ENC00032986,H001,PAY005,2026-07-18,2026-07-11,10104.47,2026-07-19 11:38:37
INV00012389,MRN57770070,ENC00032987,H001,PAY001,2026-08-26,2026-08-13,2279.57,2026-08-27 18:02:15
INV00012390,MRN75594166,ENC00032988,H004,PAY001,2026-09-03,2026-08-27,31672.71,2026-09-04 09:25:36
INV00012391,MRN93743609,ENC00032989,H002,PAY002,2026-09-01,2026-08-26,6678.55,2026-09-02 15:15:09
INV00012392,MRN39588594,ENC00032990,H002,PAY002,2026-08-24,2026-08-16,21303.23,2026-08-25 00:04:15
INV00012393,MRN13521436,ENC00032991,H002,PAY002,2026-07-18,2026-07-06,2460.97,2026-07-19 11:42:56
INV00012394,MRN46549397,ENC00032992,H004,PAY007,2026-08-16,2026-08-16,6499.55,2026-08-17 12:12:44
INV00012395,MRN36768126,ENC00032993,H003,PAY001,2026-08-13,2026-08-11,1300.16,2026-08-14 08:43:50
INV00012396,MRN13362406,ENC00032994,H001,PAY001,2026-07-26,2026-07-20,15736.04,2026-07-27 08:50:17
INV00012397,MRN91654742,ENC00032995,H001,PAY001,2026-09-10,2026-08-29,22807.43,2026-09-11 15:56:33
INV00012398,MRN41625607,ENC00032996,H001,PAY001,2026-09-09,2026-08-31,33329.42,2026-09-10 21:29:24
INV00012399,MRN26228288,ENC00032997,H003,PAY005,2026-08-01,2026-07-30,516.79,2026-08-02 20:32:02
INV00012400,MRN44257546,ENC00032998,H001,PAY001,2026-08-13,2026-08-05,6505.47,2026-08-14 06:28:06
INV00012401,MRN33053100,ENC00032999,H003,PAY003,2026-07-23,2026-07-16,1034.59,2026-07-24 22:53:07
INV00012402,MRN42555576,ENC00033000,H002,PAY001,2026-08-01,2026-07-23,14046.32,2026-08-02 08:24:06
INV00012403,MRN42324869,ENC00033001,H002,PAY004,2026-08-08,2026-07-27,7904.64,2026-08-09 03:06:08
INV00012404,MRN57074174,ENC00033002,H002,PAY001,2026-08-04,2026-07-31,18466.42,2026-08-05 01:23:46
INV00012405,MRN58880927,ENC00033003,H002,PAY002,2026-07-12,2026-07-07,10948.73,2026-07-13 02:36:46
INV00012406,MRN21013716,ENC00033004,H003,PAY006,2026-09-04,2026-08-30,6823.3,2026-09-05 07:31:44
INV00012407,MRN69511370,ENC00033005,H003,PAY001,2026-08-12,2026-08-05,318.9,2026-08-13 10:39:59
INV00012408,MRN17435832,ENC00033006,H002,PAY001,2026-08-29,2026-08-25,31461.24,2026-08-30 19:49:45
INV00012409,MRN65191933,ENC00033007,H001,PAY003,2026-08-03,2026-07-28,5105.82,2026-08-04 04:11:02
INV00012410,MRN98128734,ENC00033008,H002,PAY005,2026-07-17,2026-07-13,18319.35,2026-07-18 15:05:26
INV00012411,MRN77617794,ENC00033009,H002,PAY005,2026-08-22,2026-08-15,6536.97,2026-08-23 17:18:52
INV00012412,MRN78430690,ENC00033010,H003,PAY001,2026-07-23,2026-07-16,1853.32,2026-07-24 22:54:51
INV00012413,MRN57539599,ENC00033011,H001,PAY005,2026-07-22,2026-07-17,22970.23,2026-07-23 05:12:36
INV00012414,MRN29047265,ENC00033012,H001,PAY006,2026-08-25,2026-08-17,13785.59,2026-08-26 10:03:17
INV00012415,MRN64006278,ENC00033013,H002,PAY003,2026-08-15,2026-08-01,18556.03,2026-08-16 17:16:36
INV00012416,MRN22256320,ENC00033014,H002,PAY001,2025-11-19,2025-11-13,8473.35,2025-11-20 16:54:25
INV00012417,MRN25205120,ENC00033015,H003,PAY001,2026-07-27,2026-07-23,7577.08,2026-07-28 23:46:52
INV00012418,MRN13552142,ENC00033016,H001,PAY001,2026-07-24,2026-07-14,23182.16,2026-07-25 04:53:48
INV00012419,MRN58628228,ENC00033017,H003,PAY001,2026-07-26,2026-07-26,11781.62,2026-07-27 07:36:22
INV00012420,MRN11095341,ENC00033018,H003,PAY001,2026-08-27,2026-08-21,24671.02,2026-08-28 06:47:39
INV00012421,MRN31633816,ENC00033019,H001,PAY002,2026-08-01,2026-07-26,2701.57,2026-08-02 01:31:58
INV00012422,MRN52729421,ENC00033020,H003,PAY002,2025-12-14,2025-12-06,5413.93,2025-12-15 11:34:41
INV00012423,MRN17209769,ENC00033021,H002,PAY001,2026-09-06,2026-08-28,10437.44,2026-09-07 00:17:04
INV00012424,MRN67531567,ENC00033022,H003,PAY001,2026-07-31,2026-07-27,4542.9,2026-08-01 04:45:31
INV00012425,MRN65648918,ENC00033023,H003,PAY003,2026-07-13,2026-07-07,16112.9,2026-07-14 23:18:21
INV00012426,MRN85725343,ENC00033024,H002,PAY001,2026-07-17,2026-07-12,9459.15,2026-07-18 12:41:31
INV00012427,MRN84626358,ENC00033025,H004,PAY003,2026-07-28,2026-07-24,8984.65,2026-07-29 07:34:22
INV00012428,MRN16318925,ENC00033026,H002,PAY001,2025-12-01,2025-11-20,12520.57,2025-12-02 00:19:32
INV00012429,MRN63822989,ENC00033027,H001,PAY001,2026-07-08,2026-07-07,11073.24,2026-07-09 21:58:30
INV00012430,MRN51368744,ENC00033028,H001,PAY001,2026-07-29,2026-07-09,38511.89,2026-07-30 01:44:05
INV00012431,MRN48448333,ENC00033029,H003,PAY001,2026-08-24,2026-08-19,2732.92,2026-08-25 09:00:37
INV00012432,MRN13891041,ENC00033030,H002,PAY005,2026-07-13,2026-07-08,6320.48,2026-07-14 00:34:58
INV00012433,MRN22797759,ENC00033031,H001,PAY001,2026-07-22,2026-07-17,12080.67,2026-07-23 06:35:37
INV00012434,MRN13152702,ENC00033032,H003,PAY001,2026-09-02,2026-08-10,3918.85,2026-09-03 12:09:09
INV00012435,MRN78007477,ENC00033033,H003,PAY004,2026-07-20,2026-07-14,17455.4,2026-07-21 09:41:29
INV00012436,MRN15169151,ENC00033034,H003,PAY001,2026-07-06,2026-07-06,5585.24,2026-07-07 23:34:57
INV00012437,MRN31645050,ENC00033035,H001,PAY002,2026-08-16,2026-08-13,3926.64,2026-08-17 20:36:43
INV00012438,MRN87824981,ENC00033036,H002,PAY001,2026-08-27,2026-08-24,42076.41,2026-08-28 10:43:48
INV00012439,MRN46786401,ENC00033037,H002,PAY005,2026-07-29,2026-07-27,8768.98,2026-07-30 12:19:27
INV00012440,MRN81635076,ENC00033038,H003,PAY001,2026-08-19,2026-08-16,28990.19,2026-08-20 21:16:38
INV00012441,MRN60477189,ENC00033039,H003,PAY001,2026-08-06,2026-07-21,25700.51,2026-08-07 21:05:58
INV00012442,MRN34620396,ENC00033040,H002,PAY001,2026-09-12,2026-08-28,8264.18,2026-09-13 21:30:34
INV00012443,MRN57599320,ENC00033041,H002,PAY001,2026-08-30,2026-08-25,6978.31,2026-08-31 07:06:08
INV00012444,MRN53067466,ENC00033042,H002,PAY001,2026-07-21,2026-07-07,27788.12,2026-07-22 14:59:36
INV00012445,MRN90633250,ENC00033043,H002,PAY001,2026-07-15,2026-07-11,8016.63,2026-07-16 20:55:21
INV00012446,MRN23895388,ENC00033044,H002,PAY001,2026-08-28,2026-08-23,5849.27,2026-08-29 08:59:15
INV00012447,MRN70000376,ENC00033045,H002,PAY004,2025-08-16,2025-08-14,17195.73,2025-08-17 19:41:17
INV00012448,MRN86196107,ENC00033046,H002,PAY005,2026-09-15,2026-09-09,6768.37,2026-09-16 04:22:30
INV00012449,MRN21685425,ENC00033047,H001,PAY005,2026-08-16,2026-08-04,8727.26,2026-08-17 00:21:07
INV00012450,MRN21520781,ENC00033048,H002,PAY001,2026-08-24,2026-08-21,299.64,2026-08-25 20:18:40
INV00012451,MRN76749676,ENC00033049,H003,PAY001,2026-07-12,2026-07-10,19977.1,2026-07-13 01:30:56
INV00012452,MRN65252353,ENC00033050,H001,PAY001,2026-08-19,2026-08-09,7309.8,2026-08-20 12:55:19
INV00012453,MRN74147275,ENC00033051,H002,PAY001,2026-08-06,2026-08-02,1831.23,2026-08-07 17:05:46
INV00012454,MRN24562706,ENC00033052,H001,PAY002,2026-08-25,2026-08-21,1689.78,2026-08-26 09:59:27
INV00012455,MRN81185146,ENC00033053,H001,PAY001,2026-07-31,2026-07-27,10204.69,2026-08-01 13:43:47
INV00012456,MRN92670587,ENC00033054,H003,PAY001,2026-08-18,2026-08-12,1162.24,2026-08-19 06:33:33
INV00012457,MRN92429128,ENC00033055,H002,PAY001,2026-09-06,2026-08-25,4750.87,2026-09-07 17:39:22
INV00012458,MRN88862026,ENC00033056,H004,PAY001,2026-08-12,2026-08-07,1935.62,2026-08-13 21:23:25
INV00012459,MRN96731956,ENC00033057,H003,PAY001,2026-07-24,2026-07-19,13790.22,2026-07-25 01:37:10
INV00012460,MRN73810711,ENC00033058,H003,PAY001,2026-07-19,2026-07-05,12208.53,2026-07-20 20:26:40
INV00012461,MRN79414355,ENC00033059,H001,PAY008,2026-08-06,2026-08-03,903.02,2026-08-07 02:20:24
INV00012462,MRN75200165,ENC00033060,H002,PAY001,2026-08-07,2026-08-05,8147.24,2026-08-08 19:40:57
INV00012463,MRN75533188,ENC00033061,H002,PAY001,2026-09-04,2026-08-27,1950.94,2026-09-05 12:01:42
INV00012464,MRN62377094,ENC00033062,H001,PAY001,2026-08-21,2026-08-13,8551.67,2026-08-22 01:45:47
INV00012465,MRN92449717,ENC00033063,H003,PAY001,2026-08-16,2026-08-12,22589.37,2026-08-17 08:08:49
INV00012466,MRN65856799,ENC00033064,H004,PAY001,2026-08-29,2026-08-19,43304.82,2026-08-30 18:32:35
INV00012467,MRN31182460,ENC00033065,H002,PAY001,2026-07-10,2026-07-08,18574.48,2026-07-11 20:17:15
INV00012468,MRN81700626,ENC00033066,H002,PAY001,2026-08-11,2026-07-30,13952.34,2026-08-12 11:45:58
INV00012469,MRN17527232,ENC00033067,H003,PAY001,2026-08-22,2026-08-19,3854.65,2026-08-23 22:52:54
INV00012470,MRN20698384,ENC00033068,H002,PAY001,2026-07-23,2026-07-18,2851.55,2026-07-24 06:36:20
INV00012471,MRN49667690,ENC00033069,H001,PAY001,2026-08-12,2026-08-06,13425.01,2026-08-13 02:27:51
INV00012472,MRN64881022,ENC00033070,H001,PAY001,2026-08-19,2026-08-13,3606.44,2026-08-20 02:42:00
INV00012473,MRN70568979,ENC00033071,H003,PAY001,2026-07-14,2026-07-08,19374.49,2026-07-15 16:54:57
INV00012474,MRN89549730,ENC00033072,H003,PAY001,2026-08-10,2026-08-07,19016.53,2026-08-11 08:11:29
INV00012475,MRN36712448,ENC00033073,H002,PAY001,2026-07-27,2026-07-16,1330.08,2026-07-28 00:56:33
INV00012476,MRN22872161,ENC00033074,H001,PAY004,2026-08-24,2026-08-18,530.61,2026-08-25 21:32:08
INV00012477,MRN89911414,ENC00033075,H003,PAY001,2026-07-24,2026-07-24,10991.62,2026-07-25 03:29:47
INV00012478,MRN77203656,ENC00033076,H001,PAY001,2026-07-27,2026-07-25,13853.19,2026-07-28 06:57:46
INV00012479,MRN33053148,ENC00033077,H003,PAY001,2026-08-16,2026-08-13,1899.11,2026-08-17 17:37:23
INV00012480,MRN84244206,ENC00033078,H001,PAY008,2026-07-16,2026-07-09,870.09,2026-07-17 14:14:27
INV00012481,MRN55196242,ENC00033079,H002,PAY001,2026-08-10,2026-08-10,2227.39,2026-08-11 17:02:33
INV00012482,MRN59391903,ENC00033080,H002,PAY006,2026-07-11,2026-07-08,2778.42,2026-07-12 09:08:10
INV00012483,MRN83211414,ENC00033081,H001,PAY001,2025-12-13,2025-12-01,9692.67,2025-12-14 20:14:12
INV00012484,MRN58239286,ENC00033082,H003,PAY001,2026-07-28,2026-07-22,18701.7,2026-07-29 10:01:13
INV00012485,MRN48744989,ENC00033083,H001,PAY001,2026-08-24,2026-08-14,6182.25,2026-08-25 07:33:13
INV00012486,MRN40980057,ENC00033084,H001,PAY003,2026-08-11,2026-08-03,8227.19,2026-08-12 09:55:58
INV00012487,MRN44708821,ENC00033085,H001,PAY001,2026-07-10,2026-07-05,3577.09,2026-07-11 05:12:54
INV00012488,MRN17919678,ENC00033086,H001,PAY001,2026-08-27,2026-08-21,10806.92,2026-08-28 15:37:45
INV00012489,MRN80694444,ENC00033087,H002,PAY003,2026-07-09,2026-07-03,11212.22,2026-07-10 08:25:28
INV00012490,MRN93858502,ENC00033088,H003,PAY001,2026-08-22,2026-08-15,10289.13,2026-08-23 07:26:08
INV00012491,MRN13591852,ENC00033089,H004,PAY001,2026-09-03,2026-08-27,4507.9,2026-09-04 10:18:59
INV00012492,MRN36769958,ENC00033090,H002,PAY001,2026-03-29,2026-03-27,1955.48,2026-03-30 22:21:07
INV00012493,MRN55613903,ENC00033091,H002,PAY005,2026-07-23,2026-07-20,2366.1,2026-07-24 02:07:20
INV00012494,MRN83609877,ENC00033092,H003,PAY001,2026-04-16,2026-04-15,12674.45,2026-04-17 02:20:43
INV00012495,MRN34094832,ENC00033093,H003,PAY001,2026-08-22,2026-08-18,5897.09,2026-08-23 12:04:17
INV00012496,MRN28476035,ENC00033094,H003,PAY001,2026-08-12,2026-08-06,1438.14,2026-08-13 23:01:31
INV00012497,MRN81354680,ENC00033095,H002,PAY003,2026-08-03,2026-07-06,800.41,2026-08-04 23:49:54
INV00012498,MRN42216066,ENC00033096,H002,PAY001,2026-08-28,2026-08-18,3722.63,2026-08-29 09:58:05
INV00012499,MRN92100923,ENC00033097,H002,PAY004,2026-07-21,2026-07-18,1156.98,2026-07-22 16:42:26
INV00012500,MRN16479749,ENC00033098,H002,PAY004,2026-09-08,2026-08-30,4149.5,2026-09-09 17:55:38
INV00012501,MRN95290518,ENC00033099,H003,PAY003,2026-09-03,2026-08-26,25344.02,2026-09-04 23:21:12
INV00012502,MRN26498121,ENC00033100,H002,PAY001,2026-08-14,2026-08-14,377.83,2026-08-15 10:44:50
INV00012503,MRN19691290,ENC00033101,H002,PAY002,2026-08-09,2026-08-04,5308.28,2026-08-10 14:52:21
INV00012504,MRN72962894,ENC00033102,H002,PAY001,2026-07-30,2026-07-26,3009.67,2026-07-31 07:52:24
INV00012505,MRN32952814,ENC00033103,H001,PAY001,2026-07-26,2026-07-21,2787.53,2026-07-27 13:43:37
INV00012506,MRN96392687,ENC00033104,H001,PAY005,2026-08-03,2026-07-30,21734.56,2026-08-04 18:37:41
INV00012507,MRN98958264,ENC00033105,H003,PAY001,2026-08-16,2026-08-11,3759.63,2026-08-17 00:38:04
INV00012508,MRN69959286,ENC00033106,H003,PAY005,2026-08-21,2026-08-21,989.41,2026-08-22 17:17:09
INV00012509,MRN88229070,ENC00033107,H001,PAY001,2026-07-15,2026-07-07,6632.47,2026-07-16 13:34:36
INV00012510,MRN17683505,ENC00033108,H004,PAY001,2026-08-20,2026-08-01,39329.43,2026-08-21 17:53:01
INV00012511,MRN51788408,ENC00033109,H001,PAY001,2026-08-20,2026-08-17,422.12,2026-08-21 02:05:01
INV00012512,MRN91719257,ENC00033110,H002,PAY001,2026-07-24,2026-07-21,12022.08,2026-07-25 12:16:45
INV00012513,MRN75738903,ENC00033111,H003,PAY003,2026-08-13,2026-07-31,21262.55,2026-08-14 02:47:33
INV00012514,MRN78769483,ENC00033112,H001,PAY001,2026-07-28,2026-07-25,6795.65,2026-07-29 11:34:52
INV00012515,MRN15775144,ENC00033113,H004,PAY001,2026-08-06,2026-07-28,8066.76,2026-08-07 03:00:33
INV00012516,MRN48785277,ENC00033114,H004,PAY001,2026-08-16,2026-08-10,262.75,2026-08-17 01:15:13
INV00012517,MRN53417695,ENC00033115,H003,PAY001,2026-07-25,2026-07-12,3482.15,2026-07-26 02:08:26
INV00012518,MRN65826239,ENC00033116,H003,PAY001,2026-07-22,2026-07-16,12867.64,2026-07-23 01:50:00
INV00012519,MRN40397081,ENC00033117,H001,PAY001,2026-07-19,2026-07-17,13841.78,2026-07-20 14:46:06
INV00012520,MRN50521834,ENC00033118,H001,PAY001,2026-07-21,2026-07-15,1790.0,2026-07-22 14:35:15
INV00012521,MRN49007353,ENC00033119,H003,PAY001,2026-08-18,2026-08-18,43332.57,2026-08-19 10:30:26
INV00012522,MRN76152559,ENC00033120,H001,PAY001,2026-09-02,2026-08-24,8771.99,2026-09-03 05:22:16
INV00012523,MRN37035426,ENC00033121,H002,PAY001,2026-08-12,2026-08-11,22891.51,2026-08-13 21:05:23
INV00012524,MRN54037856,ENC00033122,H002,PAY002,2026-07-26,2026-07-15,4642.32,2026-07-27 15:13:17
INV00012525,MRN10458181,ENC00033123,H001,PAY002,2026-08-08,2026-08-06,3116.03,2026-08-09 08:48:56
INV00012526,MRN27484886,ENC00033124,H001,PAY006,2026-08-10,2026-08-06,2340.8,2026-08-11 19:25:35
INV00012527,MRN95848523,ENC00033125,H001,PAY001,2026-09-01,2026-08-23,4564.72,2026-09-02 07:13:01
INV00012528,MRN39330024,ENC00033126,H004,PAY001,2026-08-31,2026-08-27,14240.11,2026-09-01 21:58:36
INV00012529,MRN50387605,ENC00033127,H002,PAY001,2026-08-09,2026-08-03,27221.08,2026-08-10 21:58:04
INV00012530,MRN32440901,ENC00033128,H003,PAY001,2026-07-08,2026-07-05,23477.4,2026-07-09 22:36:27
INV00012531,MRN68978800,ENC00033129,H001,PAY001,2026-09-05,2026-08-31,26440.61,2026-09-06 01:04:40
INV00012532,MRN18572941,ENC00033130,H003,PAY001,2026-09-10,2026-08-27,12113.05,2026-09-11 18:40:17
INV00012533,MRN30947610,ENC00033131,H001,PAY001,2026-07-28,2026-07-23,3313.11,2026-07-29 21:08:35
INV00012534,MRN81393314,ENC00033132,H003,PAY001,2026-07-15,2026-07-11,15030.19,2026-07-16 16:12:33
INV00012535,MRN68773342,ENC00033133,H001,PAY001,2026-09-06,2026-08-26,12418.45,2026-09-07 08:06:26
INV00012536,MRN15666619,ENC00033134,H001,PAY001,2026-07-28,2026-07-22,10794.99,2026-07-29 06:23:32
INV00012537,MRN97926690,ENC00033135,H002,PAY001,2026-08-22,2026-08-17,1509.51,2026-08-23 04:52:04
INV00012538,MRN49130547,ENC00033136,H003,PAY002,2026-07-10,2026-07-05,2057.78,2026-07-11 06:54:16
INV00012539,MRN70220425,ENC00033137,H003,PAY003,2026-08-16,2026-08-06,19355.51,2026-08-17 19:30:01
INV00012540,MRN38255596,ENC00033138,H001,PAY002,2026-08-15,2026-08-15,19280.41,2026-08-16 14:42:23
INV00012541,MRN68575180,ENC00033139,H002,PAY005,2026-07-10,2026-07-05,3740.19,2026-07-11 11:58:21
INV00012542,MRN83413519,ENC00033140,H001,PAY001,2026-08-10,2026-08-06,19721.34,2026-08-11 21:47:43
INV00012543,MRN78865923,ENC00033141,H001,PAY001,2026-08-01,2026-07-30,3338.27,2026-08-02 04:59:45
INV00012544,MRN53027068,ENC00033142,H003,PAY001,2026-08-12,2026-08-09,7460.66,2026-08-13 03:26:32
INV00012545,MRN34805094,ENC00033143,H001,PAY002,2026-07-24,2026-07-15,2125.81,2026-07-25 21:44:50
INV00012546,MRN26738086,ENC00033144,H001,PAY001,2026-08-28,2026-08-24,30441.16,2026-08-29 12:27:41
INV00012547,MRN47661550,ENC00033145,H001,PAY008,2026-08-14,2026-08-10,2690.53,2026-08-15 16:52:28
INV00012548,MRN58850796,ENC00033146,H001,PAY006,2026-07-20,2026-07-18,11930.46,2026-07-21 22:58:13
INV00012549,MRN47808380,ENC00033147,H004,PAY001,2026-07-27,2026-07-21,4064.71,2026-07-28 18:05:32
INV00012550,MRN58976340,ENC00033148,H003,PAY001,2026-07-29,2026-07-26,2385.0,2026-07-30 00:17:52
INV00012551,MRN52141672,ENC00033149,H002,PAY001,2026-07-29,2026-07-18,5693.18,2026-07-30 06:35:24
INV00012552,MRN63548398,ENC00033150,H001,PAY001,2026-07-08,2026-07-06,394.55,2026-07-09 15:02:23
INV00012553,MRN76374798,ENC00033151,H002,PAY005,2026-09-01,2026-07-29,14023.9,2026-09-02 06:39:28
INV00012554,MRN55724916,ENC00033152,H001,PAY001,2026-08-28,2026-08-21,8796.66,2026-08-29 11:07:46
INV00012555,MRN15986299,ENC00033153,H002,PAY002,2026-07-14,2026-07-08,2630.4,2026-07-15 13:55:14
INV00012556,MRN12980698,ENC00033154,H003,PAY005,2026-09-01,2026-08-09,7860.94,2026-09-02 22:09:26
INV00012557,MRN55435999,ENC00033155,H003,PAY001,2026-07-16,2026-07-10,9569.43,2026-07-17 05:56:52
INV00012558,MRN70542393,ENC00033156,H001,PAY002,2026-09-05,2026-08-25,1938.62,2026-09-06 05:41:59
INV00012559,MRN15309600,ENC00033157,H002,PAY004,2026-08-18,2026-08-10,2799.62,2026-08-19 09:22:59
INV00012560,MRN67685015,ENC00033158,H002,PAY001,2026-08-13,2026-08-07,16360.34,2026-08-14 07:48:39
INV00012561,MRN80991366,ENC00033159,H003,PAY001,2026-01-21,2026-01-16,471.73,2026-01-22 13:35:41
INV00012562,MRN86582456,ENC00033160,H003,PAY001,2026-09-03,2026-08-17,43904.16,2026-09-04 07:43:28
INV00012563,MRN21167641,ENC00033161,H003,PAY003,2026-07-23,2026-07-23,25795.59,2026-07-24 11:48:01
INV00012564,MRN21772152,ENC00033162,H002,PAY001,2026-08-29,2026-08-18,5065.96,2026-08-30 06:30:13
INV00012565,MRN92064676,ENC00033163,H001,PAY005,2026-03-24,2026-03-21,14666.07,2026-03-25 22:54:44
INV00012566,MRN60264915,ENC00033164,H003,PAY002,2026-07-30,2026-07-27,428.64,2026-07-31 16:31:52
INV00012567,MRN86609249,ENC00033165,H003,PAY003,2026-07-07,2026-07-07,2020.2,2026-07-08 04:10:00
INV00012568,MRN41376560,ENC00033166,H002,PAY004,2026-07-09,2026-07-04,2332.14,2026-07-10 13:18:28
INV00012569,MRN68165403,ENC00033167,H001,PAY006,2026-07-21,2026-07-20,2983.76,2026-07-22 08:16:49
INV00012570,MRN18387258,ENC00033168,H003,PAY006,2026-08-06,2026-07-26,15218.85,2026-08-07 10:31:28
INV00012571,MRN37757206,ENC00033169,H001,PAY001,2026-07-16,2026-07-14,19511.68,2026-07-17 19:00:48
INV00012572,MRN54073161,ENC00033170,H002,PAY001,2026-08-23,2026-08-21,4880.34,2026-08-24 04:01:30
INV00012573,MRN27509489,ENC00033171,H001,PAY001,2026-08-17,2026-08-11,9798.16,2026-08-18 15:53:54
INV00012574,MRN57603542,ENC00033172,H001,PAY001,2026-08-20,2026-08-16,3967.78,2026-08-21 17:16:41
INV00012575,MRN13605224,ENC00033173,H002,PAY001,2026-07-13,2026-07-03,23349.02,2026-07-14 17:53:39
INV00012576,MRN25869966,ENC00033174,H003,PAY008,2026-07-29,2026-07-26,5494.49,2026-07-30 08:02:45
INV00012577,MRN53969704,ENC00033175,H002,PAY002,2026-07-19,2026-07-18,21934.95,2026-07-20 22:27:40
INV00012578,MRN90731298,ENC00033176,H002,PAY006,2026-07-08,2026-07-04,11562.04,2026-07-09 05:24:12
INV00012579,MRN36326984,ENC00033177,H002,PAY003,2026-07-13,2026-07-10,14996.73,2026-07-14 19:13:32
INV00012580,MRN66345464,ENC00033178,H002,PAY001,2026-07-25,2026-07-20,22514.37,2026-07-26 17:34:18
INV00012581,MRN62794364,ENC00033179,H001,PAY001,2026-08-04,2026-07-20,14118.58,2026-08-05 07:47:47
INV00012582,MRN45052399,ENC00033180,H001,PAY001,2026-01-12,2026-01-10,759.03,2026-01-13 23:33:24
INV00012583,MRN19483060,ENC00033181,H003,PAY002,2026-07-13,2026-07-13,8225.8,2026-07-14 06:11:56
INV00012584,MRN13535645,ENC00033182,H002,PAY001,2026-08-28,2026-08-21,18339.05,2026-08-29 07:04:02
INV00012585,MRN53230425,ENC00033183,H002,PAY003,2025-11-06,2025-10-17,416.69,2025-11-07 00:14:35
INV00012586,MRN96463523,ENC00033184,H003,PAY005,2025-06-12,2025-06-02,1556.0,2025-06-13 19:02:10
INV00012587,MRN88397857,ENC00033185,H001,PAY006,2026-07-25,2026-07-22,28085.15,2026-07-26 20:51:25
INV00012588,MRN76681908,ENC00033186,H003,PAY001,2026-08-04,2026-08-04,18719.89,2026-08-05 15:13:06
INV00012589,MRN84661889,ENC00033187,H001,PAY001,2026-08-24,2026-08-21,711.47,2026-08-25 23:13:55
INV00012590,MRN92701210,ENC00033188,H002,PAY003,2026-08-01,2026-07-28,13866.56,2026-08-02 22:55:49
INV00012591,MRN56468557,ENC00033189,H001,PAY001,2026-07-30,2026-07-04,46291.2,2026-07-31 23:15:14
INV00012592,MRN34433034,ENC00033190,H001,PAY001,2026-08-17,2026-08-13,7950.35,2026-08-18 21:07:52
INV00012593,MRN17990114,ENC00033191,H001,PAY005,2026-09-05,2026-08-29,21510.06,2026-09-06 01:43:58
INV00012594,MRN95002627,ENC00033192,H004,PAY006,2026-07-18,2026-07-05,19098.99,2026-07-19 02:21:11
INV00012595,MRN71540383,ENC00033193,H003,PAY001,2026-08-21,2026-08-17,13485.72,2026-08-22 02:44:49
INV00012596,MRN11195959,ENC00033194,H001,PAY002,2026-08-07,2026-08-01,6796.75,2026-08-08 03:41:31
INV00012597,MRN84512201,ENC00033195,H002,PAY002,2026-08-20,2026-08-14,26148.97,2026-08-21 20:56:42
INV00012598,MRN50166478,ENC00033196,H003,PAY003,2026-09-04,2026-08-31,2247.29,2026-09-05 18:32:45
INV00012599,MRN28866895,ENC00033197,H001,PAY003,2026-07-07,2026-07-05,15349.74,2026-07-08 21:32:39
INV00012600,MRN95497789,ENC00033198,H002,PAY001,2026-07-24,2026-07-16,4304.4,2026-07-25 06:29:41
INV00012601,MRN39618694,ENC00033199,H003,PAY001,2026-07-28,2026-07-22,25492.23,2026-07-29 04:54:07
INV00012602,MRN45094211,ENC00033200,H001,PAY001,2026-08-15,2026-08-07,5883.95,2026-08-16 23:07:04
INV00012603,MRN25254673,ENC00033201,H003,PAY004,2026-08-16,2026-08-13,7189.01,2026-08-17 04:12:14
INV00012604,MRN25952298,ENC00033202,H002,PAY002,2026-07-31,2026-07-27,9561.48,2026-08-01 22:20:05
INV00012605,MRN21382098,ENC00033203,H001,PAY001,2026-08-20,2026-08-19,17128.42,2026-08-21 13:12:34
INV00012606,MRN18010989,ENC00033204,H002,PAY005,2026-08-07,2026-08-02,22563.55,2026-08-08 23:17:57
INV00012607,MRN62302530,ENC00033205,H001,PAY001,2026-08-28,2026-08-25,1420.49,2026-08-29 19:33:24
INV00012608,MRN73274314,ENC00033206,H001,PAY005,2026-09-02,2026-08-26,7803.5,2026-09-03 02:02:43
INV00012609,MRN67133350,ENC00033207,H004,PAY001,2026-08-29,2026-08-24,7992.15,2026-08-30 05:15:53
INV00012610,MRN43546426,ENC00033208,H002,PAY005,2026-07-03,2026-07-03,330.27,2026-07-04 21:20:39
INV00012611,MRN45141900,ENC00033209,H002,PAY002,2026-08-04,2026-07-29,240.3,2026-08-05 07:48:29
INV00012612,MRN83615718,ENC00033210,H001,PAY001,2026-08-24,2026-08-19,12959.85,2026-08-25 03:24:36
INV00012613,MRN38047574,ENC00033211,H002,PAY005,2026-07-13,2026-07-09,6991.67,2026-07-14 21:07:19
INV00012614,MRN11200494,ENC00033212,H001,PAY006,2026-07-22,2026-07-18,2941.52,2026-07-23 02:14:10
INV00012615,MRN84798725,ENC00033213,H002,PAY001,2026-07-27,2026-07-16,8429.57,2026-07-28 15:20:00
INV00012616,MRN20451385,ENC00033214,H003,PAY006,2026-08-04,2026-08-01,7934.77,2026-08-05 01:18:04
INV00012617,MRN79337201,ENC00033215,H001,PAY001,2026-08-07,2026-07-29,5245.47,2026-08-08 14:22:22
INV00012618,MRN75902396,ENC00033216,H004,PAY001,2026-07-25,2026-07-22,6053.62,2026-07-26 19:42:47
INV00012619,MRN60065857,ENC00033217,H001,PAY001,2026-08-11,2026-08-10,5161.36,2026-08-12 22:17:15
INV00012620,MRN41371120,ENC00033218,H001,PAY002,2026-08-17,2026-08-08,1375.73,2026-08-18 02:02:28
INV00012621,MRN15683448,ENC00033219,H002,PAY003,2026-08-19,2026-08-19,1321.48,2026-08-20 10:18:10
INV00012622,MRN42644324,ENC00033220,H003,PAY006,2026-08-16,2026-08-06,10674.95,2026-08-17 00:10:59
INV00012623,MRN85606348,ENC00033221,H003,PAY003,2026-08-17,2026-08-15,7721.72,2026-08-18 06:44:24
INV00012624,MRN73910417,ENC00033222,H003,PAY001,2026-05-09,2026-05-03,5986.63,2026-05-10 00:37:14
INV00012625,MRN26931374,ENC00033223,H001,PAY001,2026-08-05,2026-07-31,4386.7,2026-08-06 15:49:56
INV00012626,MRN29358711,ENC00033224,H002,PAY001,2026-07-30,2026-07-26,4503.03,2026-07-31 12:01:44
INV00012627,MRN29583326,ENC00033225,H003,PAY001,2026-07-29,2026-07-26,14906.85,2026-07-30 16:44:05
INV00012628,MRN89742010,ENC00033226,H002,PAY001,2026-08-03,2026-07-27,1141.99,2026-08-04 16:11:10
INV00012629,MRN79481687,ENC00033227,H003,PAY008,2026-07-16,2026-07-07,3216.5,2026-07-17 01:10:48
INV00012630,MRN80450833,ENC00033228,H003,PAY001,2026-08-27,2026-08-17,5608.95,2026-08-28 18:29:38
INV00012631,MRN51046732,ENC00033229,H002,PAY004,2026-07-19,2026-07-15,5373.7,2026-07-20 15:39:01
INV00012632,MRN62470598,ENC00033230,H001,PAY001,2026-07-08,2026-07-06,90.17,2026-07-09 03:33:21
INV00012633,MRN49745029,ENC00033231,H001,PAY001,2026-09-02,2026-08-31,2614.15,2026-09-03 20:10:49
INV00012634,MRN43732581,ENC00033232,H003,PAY002,2026-07-16,2026-07-13,4402.34,2026-07-17 05:30:36
INV00012635,MRN41551216,ENC00033233,H001,PAY001,2026-08-13,2026-08-06,5744.31,2026-08-14 12:15:20
INV00012636,MRN24023039,ENC00033234,H003,PAY003,2026-04-09,2026-04-03,3112.16,2026-04-10 22:12:44
INV00012637,MRN54995936,ENC00033235,H004,PAY001,2026-08-23,2026-08-16,7977.99,2026-08-24 14:56:07
INV00012638,MRN88455980,ENC00033236,H001,PAY002,2026-07-15,2026-07-09,17498.11,2026-07-16 19:57:50
INV00012639,MRN30694834,ENC00033237,H004,PAY001,2026-08-21,2026-08-18,6723.63,2026-08-22 01:41:43
INV00012640,MRN41761963,ENC00033238,H001,PAY003,2026-07-17,2026-07-16,7438.56,2026-07-18 21:51:31
INV00012641,MRN58662525,ENC00033239,H001,PAY001,2026-08-24,2026-08-15,16731.33,2026-08-25 02:51:57
INV00012642,MRN85460831,ENC00033240,H003,PAY005,2026-07-14,2026-07-11,37957.13,2026-07-15 04:20:39
INV00012643,MRN48485401,ENC00033241,H002,PAY001,2026-07-29,2026-07-19,1488.72,2026-07-30 22:51:35
INV00012644,MRN51608802,ENC00033242,H002,PAY001,2026-08-08,2026-07-29,14853.62,2026-08-09 15:44:58
INV00012645,MRN50160612,ENC00033243,H003,PAY008,2026-01-08,2026-01-02,28806.92,2026-01-09 01:29:25
INV00012646,MRN78118134,ENC00033244,H002,PAY001,2026-08-03,2026-07-28,4655.95,2026-08-04 10:30:24
INV00012647,MRN12084197,ENC00033245,H001,PAY003,2026-07-27,2026-07-23,7055.65,2026-07-28 21:02:20
INV00012648,MRN75006502,ENC00033246,H002,PAY001,2026-08-09,2026-08-06,16063.09,2026-08-10 04:39:24
INV00012649,MRN24460659,ENC00033247,H001,PAY001,2026-09-11,2026-08-31,3899.83,2026-09-12 08:23:55
INV00012650,MRN74034684,ENC00033248,H003,PAY001,2026-08-19,2026-08-16,917.38,2026-08-20 05:07:00
INV00012651,MRN21395770,ENC00033249,H003,PAY001,2026-07-16,2026-07-13,2448.4,2026-07-17 02:12:18
INV00012652,MRN16387221,ENC00033250,H004,PAY001,2026-08-15,2026-08-10,3900.56,2026-08-16 00:13:36
INV00012653,MRN27398508,ENC00033251,H002,PAY001,2026-07-18,2026-07-18,7323.74,2026-07-19 08:45:19
INV00012654,MRN92501008,ENC00033252,H001,PAY001,2026-07-13,2026-07-08,6792.24,2026-07-14 03:31:22
INV00012655,MRN20496467,ENC00033253,H003,PAY001,2026-08-03,2026-08-02,8348.81,2026-08-04 10:14:45
INV00012656,MRN50201506,ENC00033254,H001,PAY003,2026-07-27,2026-07-22,385.17,2026-07-28 15:16:29
INV00012657,MRN69017854,ENC00033255,H002,PAY004,2025-07-25,2025-07-14,9659.92,2025-07-26 10:45:39
INV00012658,MRN78259423,ENC00033256,H002,PAY001,2026-08-09,2026-08-05,4410.96,2026-08-10 12:09:07
INV00012659,MRN12039926,ENC00033257,H002,PAY004,2026-07-12,2026-07-10,3123.21,2026-07-13 00:53:51
INV00012660,MRN30121963,ENC00033258,H002,PAY006,2026-07-23,2026-07-20,7445.59,2026-07-24 00:44:39
INV00012661,MRN57856780,ENC00033259,H001,PAY001,2026-07-09,2026-07-08,1750.16,2026-07-10 04:10:35
INV00012662,MRN61327168,ENC00033260,H002,PAY006,2026-08-08,2026-08-05,14961.48,2026-08-09 09:37:41
INV00012663,MRN80903907,ENC00033261,H001,PAY001,2026-07-26,2026-07-22,10304.52,2026-07-27 19:19:38
INV00012664,MRN18881272,ENC00033262,H003,PAY001,2026-07-18,2026-07-13,2519.66,2026-07-19 07:42:44
INV00012665,MRN69318813,ENC00033263,H003,PAY002,2026-07-30,2026-07-26,31404.41,2026-07-31 04:09:55
INV00012666,MRN44104551,ENC00033264,H004,PAY002,2026-07-22,2026-07-20,364.81,2026-07-23 09:07:29
INV00012667,MRN47844764,ENC00033265,H001,PAY001,2026-09-08,2026-08-29,5979.11,2026-09-09 06:47:30
INV00012668,MRN92716582,ENC00033266,H003,PAY001,2026-08-14,2026-08-05,598.54,2026-08-15 17:14:32
INV00012669,MRN69416511,ENC00033267,H003,PAY001,2026-09-11,2026-08-24,22611.69,2026-09-12 04:15:01
INV00012670,MRN73934842,ENC00033268,H003,PAY001,2026-08-17,2026-08-15,1959.89,2026-08-18 04:32:52
INV00012671,MRN45385708,ENC00033269,H002,PAY001,2026-08-16,2026-08-12,12171.18,2026-08-17 16:51:35
INV00012672,MRN69281016,ENC00033270,H003,PAY001,2026-08-04,2026-08-02,2452.3,2026-08-05 11:58:32
INV00012673,MRN22702345,ENC00033271,H002,PAY001,2026-08-24,2026-08-19,7504.95,2026-08-25 14:00:54
INV00012674,MRN81267967,ENC00033272,H001,PAY008,2026-08-02,2026-08-01,6753.21,2026-08-03 17:41:27
INV00012675,MRN38064974,ENC00033273,H002,PAY006,2026-07-19,2026-07-13,14051.06,2026-07-20 03:11:44
INV00012676,MRN48242970,ENC00033274,H001,PAY008,2026-08-04,2026-08-01,13068.77,2026-08-05 18:42:47
INV00012677,MRN85715949,ENC00033275,H001,PAY002,2026-08-09,2026-07-30,550.15,2026-08-10 20:04:03
INV00012678,MRN39028165,ENC00033276,H002,PAY002,2026-09-06,2026-08-19,16031.65,2026-09-07 08:24:13
INV00012679,MRN53874406,ENC00033277,H003,PAY004,2026-08-16,2026-08-13,2682.01,2026-08-17 09:37:08
INV00012680,MRN77015600,ENC00033278,H001,PAY001,2026-08-16,2026-08-15,4237.16,2026-08-17 12:35:23
INV00012681,MRN44406018,ENC00033279,H002,PAY007,2026-08-26,2026-08-24,3876.2,2026-08-27 01:03:36
INV00012682,MRN22354205,ENC00033280,H001,PAY001,2026-08-02,2026-07-29,16625.98,2026-08-03 03:59:31
INV00012683,MRN60429433,ENC00033281,H003,PAY001,2026-08-17,2026-07-23,54185.31,2026-08-18 00:37:02
INV00012684,MRN84533264,ENC00033282,H002,PAY003,2026-08-21,2026-08-19,6887.54,2026-08-22 17:32:56
INV00012685,MRN78287593,ENC00033283,H001,PAY001,2026-08-22,2026-08-18,22400.84,2026-08-23 01:15:11
INV00012686,MRN45400738,ENC00033284,H003,PAY003,2026-08-13,2026-08-10,3514.46,2026-08-14 09:19:10
INV00012687,MRN36030366,ENC00033285,H002,PAY001,2026-08-28,2026-08-24,6123.23,2026-08-29 07:24:02
INV00012688,MRN11711750,ENC00033286,H002,PAY003,2026-08-27,2026-08-22,1116.02,2026-08-28 07:41:16
INV00012689,MRN36023970,ENC00033287,H004,PAY005,2026-07-23,2026-07-14,2134.25,2026-07-24 15:13:50
INV00012690,MRN63797626,ENC00033288,H003,PAY001,2025-11-12,2025-11-03,2022.56,2025-11-13 00:33:43
INV00012691,MRN39616508,ENC00033289,H001,PAY001,2026-07-24,2026-07-19,13582.37,2026-07-25 02:44:51
INV00012692,MRN41264006,ENC00033290,H003,PAY001,2026-09-08,2026-08-24,2063.22,2026-09-09 21:39:15
INV00012693,MRN53499732,ENC00033291,H002,PAY001,2026-08-30,2026-08-13,58347.56,2026-08-31 23:31:56
INV00012694,MRN45261694,ENC00033292,H004,PAY001,2026-07-24,2026-07-20,5247.42,2026-07-25 09:45:06
INV00012695,MRN82560917,ENC00033293,H001,PAY002,2025-07-30,2025-07-28,16145.06,2025-07-31 10:42:51
INV00012696,MRN65224698,ENC00033294,H001,PAY008,2026-08-05,2026-07-28,17999.07,2026-08-06 02:09:09
INV00012697,MRN97888620,ENC00033295,H003,PAY001,2026-09-03,2026-08-29,4760.88,2026-09-04 03:32:47
INV00012698,MRN18376515,ENC00033296,H004,PAY001,2026-07-13,2026-07-04,27872.86,2026-07-14 09:51:51
INV00012699,MRN28752496,ENC00033297,H002,PAY004,2026-08-24,2026-08-18,2442.41,2026-08-25 06:41:40
INV00012700,MRN50743867,ENC00033298,H002,PAY001,2026-07-21,2026-07-09,17450.79,2026-07-22 05:15:50
INV00012701,MRN13941209,ENC00033299,H003,PAY006,2026-08-03,2026-07-27,16749.35,2026-08-04 20:26:55
INV00012702,MRN96130741,ENC00033300,H004,PAY001,2026-08-26,2026-08-22,673.84,2026-08-27 02:59:13
INV00012703,MRN79051630,ENC00033301,H003,PAY001,2026-08-26,2026-08-19,22751.38,2026-08-27 09:21:46
INV00012704,MRN77136440,ENC00033302,H001,PAY004,2026-07-23,2026-07-16,21673.5,2026-07-24 07:24:05
INV00012705,MRN92299043,ENC00033303,H001,PAY001,2026-07-27,2026-07-21,40625.1,2026-07-28 17:14:24
INV00012706,MRN17259368,ENC00033304,H001,PAY001,2026-07-29,2026-07-26,1208.48,2026-07-30 14:26:59
INV00012707,MRN76388742,ENC00033305,H002,PAY001,2026-08-21,2026-08-20,1252.1,2026-08-22 09:22:58
INV00012708,MRN77920082,ENC00033306,H001,PAY001,2026-08-18,2026-08-09,33310.0,2026-08-19 16:55:35
INV00012709,MRN94254739,ENC00033307,H001,PAY001,2026-09-02,2026-08-29,7836.18,2026-09-03 13:16:48
INV00012710,MRN24826732,ENC00033308,H001,PAY003,2026-08-01,2026-07-29,2324.34,2026-08-02 03:37:34
INV00012711,MRN30098427,ENC00033309,H002,PAY001,2026-07-11,2026-07-08,2207.12,2026-07-12 20:15:24
INV00012712,MRN15604755,ENC00033310,H002,PAY004,2026-07-18,2026-07-16,24900.51,2026-07-19 15:42:29
INV00012713,MRN46803129,ENC00033311,H003,PAY001,2026-08-12,2026-08-11,4692.38,2026-08-13 18:57:15
INV00012714,MRN78819208,ENC00033312,H001,PAY001,2026-07-18,2026-07-15,7095.75,2026-07-19 12:44:37
INV00012715,MRN45667967,ENC00033313,H004,PAY004,2026-08-21,2026-08-19,11002.66,2026-08-22 05:39:24
INV00012716,MRN52732284,ENC00033314,H003,PAY007,2026-08-24,2026-08-19,4728.59,2026-08-25 20:36:14
INV00012717,MRN17878838,ENC00033315,H001,PAY002,2026-08-25,2026-08-10,6918.27,2026-08-26 11:02:17
INV00012718,MRN52822334,ENC00033316,H003,PAY001,2026-07-08,2026-07-05,5096.61,2026-07-09 08:12:56
INV00012719,MRN21014327,ENC00033317,H002,PAY004,2026-08-27,2026-08-25,13996.04,2026-08-28 15:26:54
INV00012720,MRN37944093,ENC00033318,H001,PAY006,2026-08-13,2026-08-08,13879.61,2026-08-14 20:47:53
INV00012721,MRN29945798,ENC00033319,H003,PAY001,2026-08-21,2026-08-01,4422.19,2026-08-22 23:34:04
INV00012722,MRN39805844,ENC00033320,H003,PAY001,2026-07-20,2026-07-09,20620.98,2026-07-21 19:12:02
INV00012723,MRN43019805,ENC00033321,H002,PAY003,2026-08-10,2026-08-07,13119.66,2026-08-11 12:02:01
INV00012724,MRN40254005,ENC00033322,H003,PAY004,2026-07-12,2026-07-04,4268.89,2026-07-13 18:52:55
INV00012725,MRN43096779,ENC00033323,H002,PAY001,2025-06-25,2025-06-21,7734.48,2025-06-26 18:01:09
INV00012726,MRN11203586,ENC00033324,H002,PAY001,2026-08-27,2026-08-14,2206.69,2026-08-28 05:13:14
INV00012727,MRN28957015,ENC00033325,H001,PAY001,2026-08-01,2026-07-28,52336.59,2026-08-02 04:32:59
INV00012728,MRN13257678,ENC00033326,H001,PAY001,2026-08-01,2026-07-18,216.06,2026-08-02 16:51:26
INV00012729,MRN50948581,ENC00033327,H001,PAY001,2026-08-24,2026-08-22,3485.38,2026-08-25 21:21:45
INV00012730,MRN33308983,ENC00033328,H002,PAY001,2026-08-22,2026-08-17,20410.7,2026-08-23 18:57:29
INV00012731,MRN86121493,ENC00033329,H001,PAY001,2026-07-18,2026-07-09,6785.77,2026-07-19 21:23:12
INV00012732,MRN62785624,ENC00033330,H003,PAY007,2026-08-07,2026-07-17,34007.04,2026-08-08 04:25:56
INV00012733,MRN49738237,ENC00033331,H003,PAY001,2026-08-26,2026-08-22,5087.93,2026-08-27 14:47:43
INV00012734,MRN92181154,ENC00033332,H001,PAY001,2026-08-24,2026-08-18,29991.58,2026-08-25 14:22:23
INV00012735,MRN17856942,ENC00033333,H002,PAY001,2026-08-15,2026-08-11,11731.59,2026-08-16 19:04:21
INV00012736,MRN63647879,ENC00033334,H002,PAY006,2026-01-06,2025-12-22,29241.74,2026-01-07 18:03:56
INV00012737,MRN31548489,ENC00033335,H002,PAY007,2026-09-05,2026-08-30,2521.67,2026-09-06 05:45:33
INV00012738,MRN27797762,ENC00033336,H002,PAY007,2026-08-22,2026-08-22,4832.02,2026-08-23 06:04:18
INV00012739,MRN46850578,ENC00033337,H003,PAY001,2026-07-19,2026-07-13,2537.52,2026-07-20 19:16:54
INV00012740,MRN77037607,ENC00033338,H002,PAY005,2026-07-08,2026-07-04,3871.84,2026-07-09 19:00:35
INV00012741,MRN85178386,ENC00033339,H003,PAY001,2026-08-15,2026-08-13,2756.45,2026-08-16 04:58:41
INV00012742,MRN25457447,ENC00033340,H001,PAY001,2026-09-02,2026-08-27,35517.78,2026-09-03 12:06:15
INV00012743,MRN46625903,ENC00033341,H001,PAY001,2026-07-24,2026-07-19,464.41,2026-07-25 15:41:17
INV00012744,MRN94021991,ENC00033342,H001,PAY001,2026-08-14,2026-08-07,4584.45,2026-08-15 04:07:00
INV00012745,MRN22192789,ENC00033343,H001,PAY004,2026-08-30,2026-08-23,5255.43,2026-08-31 12:30:12
INV00012746,MRN68434440,ENC00033344,H003,PAY005,2026-08-17,2026-08-10,6732.0,2026-08-18 16:33:37
INV00012747,MRN91101304,ENC00033345,H003,PAY001,2026-08-02,2026-07-31,15409.48,2026-08-03 19:36:48
INV00012748,MRN86418208,ENC00033346,H001,PAY002,2026-07-13,2026-07-10,839.8,2026-07-14 21:01:54
INV00012749,MRN39513528,ENC00033347,H002,PAY001,2026-09-05,2026-08-31,20570.39,2026-09-06 23:00:10
INV00012750,MRN84455167,ENC00033348,H001,PAY001,2026-07-07,2026-07-05,20784.15,2026-07-08 09:20:18
INV00012751,MRN69981346,ENC00033349,H003,PAY005,2026-08-07,2026-08-03,13866.65,2026-08-08 03:00:15
INV00012752,MRN71595644,ENC00033350,H004,PAY001,2026-07-23,2026-07-23,595.2,2026-07-24 09:54:36
INV00012753,MRN54954371,ENC00033351,H002,PAY008,2026-07-27,2026-07-21,4146.7,2026-07-28 01:53:45
INV00012754,MRN75314702,ENC00033352,H003,PAY001,2026-08-02,2026-08-02,6621.28,2026-08-03 13:25:21
INV00012755,MRN97816116,ENC00033353,H001,PAY004,2026-08-06,2026-07-29,7099.76,2026-08-07 16:16:48
INV00012756,MRN19083284,ENC00033354,H003,PAY001,2026-07-12,2026-07-09,5908.71,2026-07-13 23:33:18
INV00012757,MRN30301265,ENC00033355,H001,PAY003,2026-07-14,2026-07-09,2782.7,2026-07-15 22:16:32
INV00012758,MRN33516996,ENC00033356,H004,PAY001,2026-03-02,2026-02-21,14859.51,2026-03-03 09:55:14
INV00012759,MRN33439996,ENC00033357,H003,PAY004,2026-07-12,2026-07-12,3650.77,2026-07-13 04:39:34
INV00012760,MRN87124393,ENC00033358,H002,PAY001,2026-07-12,2026-07-08,1572.54,2026-07-13 19:16:00
INV00012761,MRN11440188,ENC00033359,H002,PAY006,2026-07-20,2026-07-18,2758.36,2026-07-21 12:42:53
INV00012762,MRN86186400,ENC00033360,H002,PAY001,2025-11-10,2025-11-03,20628.07,2025-11-11 06:12:23
INV00012763,MRN44827051,ENC00033361,H002,PAY008,2026-07-28,2026-07-24,6101.4,2026-07-29 17:27:21
INV00012764,MRN57009830,ENC00033362,H003,PAY001,2026-09-03,2026-08-29,26181.63,2026-09-04 21:39:52
INV00012765,MRN58074999,ENC00033363,H002,PAY006,2026-07-29,2026-07-24,1304.27,2026-07-30 03:30:23
INV00012766,MRN91907227,ENC00033364,H003,PAY005,2026-07-24,2026-07-12,6603.72,2026-07-25 19:38:30
INV00012767,MRN22195787,ENC00033365,H003,PAY002,2026-07-06,2026-07-03,1294.8,2026-07-07 15:23:37
INV00012768,MRN93153458,ENC00033366,H002,PAY004,2026-08-30,2026-08-26,19198.42,2026-08-31 09:44:39
INV00012769,MRN31198310,ENC00033367,H003,PAY008,2026-07-30,2026-07-28,2764.81,2026-07-31 09:23:12
INV00012770,MRN25943708,ENC00033368,H001,PAY001,2026-09-05,2026-08-31,1774.25,2026-09-06 15:35:29
INV00012771,MRN65470814,ENC00033369,H001,PAY001,2026-08-05,2026-07-17,7787.3,2026-08-06 15:17:35
INV00012772,MRN22536092,ENC00033370,H001,PAY001,2025-06-14,2025-06-11,1867.2,2025-06-15 22:17:02
INV00012773,MRN90063789,ENC00033371,H001,PAY003,2026-08-26,2026-08-24,5173.07,2026-08-27 14:42:27
INV00012774,MRN96521407,ENC00033372,H002,PAY001,2026-08-10,2026-08-04,12719.2,2026-08-11 08:36:30
INV00012775,MRN98698718,ENC00033373,H002,PAY005,2025-07-09,2025-06-29,25357.68,2025-07-10 07:42:36
INV00012776,MRN71940525,ENC00033374,H002,PAY001,2026-07-13,2026-07-10,10227.2,2026-07-14 03:57:43
INV00012777,MRN94405383,ENC00033375,H003,PAY001,2026-05-26,2026-05-23,20557.48,2026-05-27 16:27:48
INV00012778,MRN16228531,ENC00033376,H001,PAY008,2026-08-10,2026-08-10,14857.57,2026-08-11 13:05:44
INV00012779,MRN89338848,ENC00033377,H002,PAY003,2026-08-07,2026-07-30,11627.0,2026-08-08 19:15:55
INV00012780,MRN53452789,ENC00033378,H002,PAY001,2026-09-02,2026-08-28,10929.34,2026-09-03 17:23:31
INV00012781,MRN38712580,ENC00033379,H001,PAY001,2026-08-25,2026-08-20,743.77,2026-08-26 20:34:42
INV00012782,MRN96820693,ENC00033380,H003,PAY001,2026-08-22,2026-08-11,5929.53,2026-08-23 01:08:30
INV00012783,MRN12447124,ENC00033381,H003,PAY001,2026-07-22,2026-07-18,1336.53,2026-07-23 03:37:49
INV00012784,MRN10969498,ENC00033382,H001,PAY001,2026-09-03,2026-08-30,10561.05,2026-09-04 23:08:47
INV00012785,MRN55236348,ENC00033383,H002,PAY006,2026-07-30,2026-07-24,13517.64,2026-07-31 12:23:41
INV00012786,MRN86812692,ENC00033384,H001,PAY001,2026-08-30,2026-08-25,6766.88,2026-08-31 17:13:56
INV00012787,MRN38597267,ENC00033385,H001,PAY004,2026-08-21,2026-08-18,1689.5,2026-08-22 05:54:29
INV00012788,MRN30079423,ENC00033386,H001,PAY002,2026-07-19,2026-07-12,2195.16,2026-07-20 19:07:05
INV00012789,MRN62061172,ENC00033387,H001,PAY003,2026-07-06,2026-07-04,763.84,2026-07-07 12:08:32
INV00012790,MRN37276262,ENC00033388,H003,PAY001,2026-08-23,2026-08-18,3210.63,2026-08-24 02:13:01
INV00012791,MRN44724929,ENC00033389,H002,PAY005,2026-07-31,2026-07-05,43444.94,2026-08-01 01:20:15
INV00012792,MRN16897133,ENC00033390,H002,PAY001,2026-08-08,2026-08-05,443.44,2026-08-09 21:20:55
INV00012793,MRN78553336,ENC00033391,H001,PAY007,2026-08-27,2026-08-23,2242.02,2026-08-28 23:04:07
INV00012794,MRN58285979,ENC00033392,H001,PAY003,2026-09-04,2026-08-30,10528.5,2026-09-05 13:06:26
INV00012795,MRN71973714,ENC00033393,H002,PAY001,2026-08-07,2026-08-04,2817.13,2026-08-08 07:23:28
INV00012796,MRN50224457,ENC00033394,H002,PAY001,2026-07-30,2026-07-23,15496.55,2026-07-31 09:53:22
INV00012797,MRN11431753,ENC00033395,H001,PAY001,2026-04-19,2026-04-09,14961.47,2026-04-20 22:02:56
INV00012798,MRN40120792,ENC00033396,H003,PAY001,2026-08-01,2026-07-28,7640.33,2026-08-02 16:28:13
INV00012799,MRN71122207,ENC00033397,H001,PAY006,2026-08-06,2026-08-02,543.37,2026-08-07 11:00:19
INV00012800,MRN86692120,ENC00033398,H003,PAY006,2026-09-04,2026-08-29,10096.95,2026-09-05 04:39:37
INV00012801,MRN28218433,ENC00033399,H001,PAY001,2026-07-28,2026-07-22,417.74,2026-07-29 10:44:47
INV00012802,MRN54480127,ENC00033400,H003,PAY001,2026-07-19,2026-07-18,22184.83,2026-07-20 11:27:11
INV00012803,MRN68825328,ENC00033401,H003,PAY003,2026-07-24,2026-07-19,2420.06,2026-07-25 01:51:11
INV00012804,MRN39469276,ENC00033402,H003,PAY004,2026-07-12,2026-07-12,9559.24,2026-07-13 19:27:53
INV00012805,MRN13317708,ENC00033403,H003,PAY001,2026-07-22,2026-07-12,9949.82,2026-07-23 10:46:04
INV00012806,MRN98613306,ENC00033404,H001,PAY005,2026-07-26,2026-07-18,5876.63,2026-07-27 20:49:26
INV00012807,MRN77701262,ENC00033405,H001,PAY005,2026-08-08,2026-08-03,219.78,2026-08-09 04:24:19
INV00012808,MRN15110371,ENC00033406,H004,PAY003,2026-07-28,2026-07-20,2101.99,2026-07-29 17:00:50
INV00012809,MRN29135918,ENC00033407,H003,PAY001,2026-08-06,2026-08-02,11670.41,2026-08-07 12:27:24
INV00012810,MRN19083284,ENC00033408,H003,PAY001,2025-10-01,2025-09-13,42903.99,2025-10-02 07:59:56
INV00012811,MRN59691853,ENC00033409,H003,PAY003,2026-08-17,2026-08-07,3188.45,2026-08-18 09:19:09
INV00012812,MRN25528735,ENC00033410,H001,PAY001,2026-09-01,2026-08-31,3876.43,2026-09-02 18:31:31
INV00012813,MRN44778955,ENC00033411,H001,PAY001,2026-08-13,2026-08-12,12153.38,2026-08-14 17:45:03
INV00012814,MRN65546758,ENC00033412,H001,PAY001,2026-01-03,2025-12-28,616.88,2026-01-04 05:26:28
INV00012815,MRN10135060,ENC00033413,H002,PAY003,2026-08-16,2026-07-31,17942.3,2026-08-17 07:25:53
INV00012816,MRN34340342,ENC00033414,H002,PAY005,2026-07-31,2026-07-22,5503.15,2026-08-01 17:49:03
INV00012817,MRN85095677,ENC00033415,H003,PAY003,2026-08-13,2026-08-10,5107.58,2026-08-14 08:09:56
INV00012818,MRN32245880,ENC00033416,H003,PAY005,2026-08-06,2026-07-29,21826.59,2026-08-07 12:23:21
INV00012819,MRN69241803,ENC00033417,H002,PAY004,2026-08-30,2026-08-28,7470.38,2026-08-31 03:51:52
INV00012820,MRN81859649,ENC00033418,H003,PAY001,2026-07-20,2026-07-10,6216.24,2026-07-21 04:25:02
INV00012821,MRN34835064,ENC00033419,H001,PAY002,2026-07-14,2026-07-11,20799.8,2026-07-15 10:05:37
INV00012822,MRN75268929,ENC00033420,H001,PAY001,2026-09-14,2026-08-28,6323.97,2026-09-15 18:46:42
INV00012823,MRN60540644,ENC00033421,H003,PAY001,2026-08-27,2026-08-14,7175.39,2026-08-28 18:14:45
INV00012824,MRN48233791,ENC00033422,H001,PAY001,2026-07-19,2026-07-13,37.9,2026-07-20 21:15:03
INV00012825,MRN37075692,ENC00033423,H003,PAY001,2026-08-28,2026-08-24,3452.05,2026-08-29 01:22:16
INV00012826,MRN21070709,ENC00033424,H003,PAY001,2026-08-03,2026-08-01,4598.34,2026-08-04 18:51:49
INV00012827,MRN72904356,ENC00033425,H001,PAY001,2026-09-06,2026-08-31,5032.8,2026-09-07 00:03:01
INV00012828,MRN98422374,ENC00033426,H002,PAY001,2026-07-13,2026-07-08,4117.88,2026-07-14 23:23:56
INV00012829,MRN54239530,ENC00033427,H002,PAY005,2026-07-10,2026-07-06,28450.42,2026-07-11 06:30:11
INV00012830,MRN46808117,ENC00033428,H003,PAY001,2026-08-21,2026-08-19,17053.63,2026-08-22 11:55:24
INV00012831,MRN35435324,ENC00033429,H002,PAY001,2026-07-16,2026-07-13,14106.26,2026-07-17 02:54:04
INV00012832,MRN38211904,ENC00033430,H004,PAY001,2026-07-30,2026-07-17,39003.78,2026-07-31 16:09:16
INV00012833,MRN23650165,ENC00033431,H003,PAY001,2026-07-10,2026-07-06,5823.31,2026-07-11 15:25:32
INV00012834,MRN99270143,ENC00033432,H001,PAY002,2026-08-25,2026-08-17,1409.03,2026-08-26 06:42:52
INV00012835,MRN94021991,ENC00033433,H001,PAY005,2026-07-18,2026-07-06,22613.81,2026-07-19 18:23:32
INV00012836,MRN86785925,ENC00033434,H001,PAY001,2026-08-14,2026-08-11,8221.0,2026-08-15 04:53:09
INV00012837,MRN64976495,ENC00033435,H001,PAY002,2026-08-11,2026-08-03,14841.08,2026-08-12 02:26:25
INV00012838,MRN35977263,ENC00033436,H001,PAY001,2026-07-28,2026-07-20,12087.13,2026-07-29 23:32:42
INV00012839,MRN88905402,ENC00033437,H003,PAY001,2026-07-15,2026-07-06,1484.89,2026-07-16 03:32:15
INV00012840,MRN57946377,ENC00033438,H002,PAY001,2026-08-27,2026-08-25,344.43,2026-08-28 14:33:13
INV00012841,MRN82912525,ENC00033439,H002,PAY001,2026-09-03,2026-08-25,6305.91,2026-09-04 05:09:45
INV00012842,MRN59255584,ENC00033440,H001,PAY003,2026-09-06,2026-08-28,8231.65,2026-09-07 15:33:56
INV00012843,MRN41629423,ENC00033441,H002,PAY001,2026-08-29,2026-08-20,21066.46,2026-08-30 10:07:28
INV00012844,MRN22906375,ENC00033442,H003,PAY001,2026-07-19,2026-07-14,16336.89,2026-07-20 22:38:07
INV00012845,MRN66676715,ENC00033443,H001,PAY001,2026-07-30,2026-07-18,38320.26,2026-07-31 16:47:18
INV00012846,MRN11402592,ENC00033444,H004,PAY001,2026-09-02,2026-08-17,13292.68,2026-09-03 02:47:37
INV00012847,MRN83476151,ENC00033445,H002,PAY001,2026-08-20,2026-08-18,14940.31,2026-08-21 13:59:40
INV00012848,MRN54471041,ENC00033446,H004,PAY004,2026-08-05,2026-07-31,21806.22,2026-08-06 16:59:34
INV00012849,MRN60339874,ENC00033447,H001,PAY001,2026-07-30,2026-07-27,3701.41,2026-07-31 01:22:27
INV00012850,MRN87273202,ENC00033448,H003,PAY001,2026-02-28,2026-02-24,9705.91,2026-03-01 11:24:05
INV00012851,MRN62520369,ENC00033449,H003,PAY008,2026-07-13,2026-07-09,18981.06,2026-07-14 09:37:56
INV00012852,MRN85544213,ENC00033450,H002,PAY001,2026-09-17,2026-08-27,8513.63,2026-09-18 22:06:56
INV00012853,MRN14041005,ENC00033451,H001,PAY001,2026-08-14,2026-08-09,4520.05,2026-08-15 02:46:43
INV00012854,MRN30382021,ENC00033452,H002,PAY001,2026-07-10,2026-07-06,13399.08,2026-07-11 23:08:37
INV00012855,MRN22630300,ENC00033453,H003,PAY001,2026-08-18,2026-08-14,9263.66,2026-08-19 02:22:30
INV00012856,MRN53904149,ENC00033454,H001,PAY001,2026-07-22,2026-07-16,4878.0,2026-07-23 15:57:04
INV00012857,MRN86919526,ENC00033455,H002,PAY001,2026-08-24,2026-08-20,19517.87,2026-08-25 05:18:36
INV00012858,MRN41651175,ENC00033456,H002,PAY001,2026-07-30,2026-07-27,6791.83,2026-07-31 13:17:11
INV00012859,MRN70863463,ENC00033457,H001,PAY001,2026-09-02,2026-08-31,2189.35,2026-09-03 13:43:31
INV00012860,MRN88798841,ENC00033458,H002,PAY002,2026-08-06,2026-08-01,314.92,2026-08-07 20:00:09
INV00012861,MRN15087760,ENC00033459,H002,PAY001,2026-07-31,2026-07-28,16994.46,2026-08-01 05:08:31
INV00012862,MRN39251932,ENC00033460,H001,PAY001,2026-08-18,2026-08-08,538.49,2026-08-19 16:28:31
INV00012863,MRN45590049,ENC00033461,H001,PAY001,2026-07-24,2026-07-17,3352.92,2026-07-25 11:44:01
INV00012864,MRN97863798,ENC00033462,H002,PAY001,2026-08-19,2026-08-19,10636.5,2026-08-20 12:13:58
INV00012865,MRN10927483,ENC00033463,H001,PAY001,2026-08-22,2026-08-09,6010.88,2026-08-23 14:26:39
INV00012866,MRN37138963,ENC00033464,H001,PAY004,2026-08-13,2026-08-12,28210.76,2026-08-14 05:32:36
INV00012867,MRN25351283,ENC00033465,H001,PAY004,2026-08-03,2026-07-28,3429.79,2026-08-04 04:53:45
INV00012868,MRN91176572,ENC00033466,H001,PAY007,2026-09-08,2026-08-28,4512.35,2026-09-09 13:38:55
INV00012869,MRN36917447,ENC00033467,H004,PAY001,2026-07-20,2026-07-20,5458.96,2026-07-21 09:25:42
INV00012870,MRN83538202,ENC00033468,H002,PAY001,2026-08-07,2026-08-01,14013.17,2026-08-08 05:57:41
INV00012871,MRN90372256,ENC00033469,H001,PAY003,2026-07-24,2026-07-22,20333.83,2026-07-25 11:28:36
INV00012872,MRN65910283,ENC00033470,H004,PAY001,2026-08-22,2026-08-17,12192.31,2026-08-23 19:09:09
INV00012873,MRN83237872,ENC00033471,H002,PAY002,2025-07-20,2025-07-13,402.0,2025-07-21 09:58:20
INV00012874,MRN79110589,ENC00033472,H001,PAY001,2026-07-11,2026-07-03,76.94,2026-07-12 22:12:28
INV00012875,MRN67296051,ENC00033473,H003,PAY001,2026-07-27,2026-07-15,9676.64,2026-07-28 12:37:27
INV00012876,MRN51588975,ENC00033474,H003,PAY002,2026-08-06,2026-07-30,7665.58,2026-08-07 00:05:53
INV00012877,MRN71539937,ENC00033475,H001,PAY001,2026-09-06,2026-08-30,31235.02,2026-09-07 13:54:52
INV00012878,MRN17335590,ENC00033476,H004,PAY001,2025-08-10,2025-07-09,29226.34,2025-08-11 06:05:35
INV00012879,MRN98379648,ENC00033477,H002,PAY008,2026-07-11,2026-07-07,4885.17,2026-07-12 16:21:09
INV00012880,MRN71384608,ENC00033478,H002,PAY003,2026-08-08,2026-08-03,6721.9,2026-08-09 10:35:10
INV00012881,MRN24256485,ENC00033479,H002,PAY001,2026-07-30,2026-07-17,14518.37,2026-07-31 19:31:27
INV00012882,MRN67164887,ENC00033480,H002,PAY001,2026-08-30,2026-08-28,6721.26,2026-08-31 14:55:21
INV00012883,MRN13364205,ENC00033481,H001,PAY006,2026-08-03,2026-07-19,3856.79,2026-08-04 07:06:16
INV00012884,MRN10458181,ENC00033482,H001,PAY001,2026-07-22,2026-07-15,27624.12,2026-07-23 22:54:06
INV00012885,MRN69857830,ENC00033483,H002,PAY001,2026-07-11,2026-07-09,22442.98,2026-07-12 00:01:19
INV00012886,MRN55577851,ENC00033484,H002,PAY003,2026-08-30,2026-08-27,1285.47,2026-08-31 07:48:53
INV00012887,MRN28406563,ENC00033485,H003,PAY001,2026-04-02,2026-03-27,5840.73,2026-04-03 15:23:34
INV00012888,MRN58034011,ENC00033486,H003,PAY001,2026-07-12,2026-07-05,26912.52,2026-07-13 15:35:28
INV00012889,MRN34040213,ENC00033487,H003,PAY002,2026-08-11,2026-08-04,3568.81,2026-08-12 04:59:35
INV00012890,MRN32006643,ENC00033488,H001,PAY007,2026-07-10,2026-07-03,176.42,2026-07-11 20:40:21
INV00012891,MRN26053499,ENC00033489,H003,PAY002,2026-09-03,2026-08-22,23941.84,2026-09-04 08:00:49
INV00012892,MRN98654429,ENC00033490,H001,PAY001,2026-08-28,2026-08-24,1324.57,2026-08-29 17:01:31
INV00012893,MRN74801192,ENC00033491,H003,PAY006,2026-08-02,2026-07-31,2207.17,2026-08-03 05:07:06
INV00012894,MRN54250307,ENC00033492,H003,PAY002,2026-08-27,2026-08-18,30345.34,2026-08-28 13:34:51
INV00012895,MRN18524623,ENC00033493,H004,PAY001,2026-07-26,2026-07-14,6607.7,2026-07-27 21:40:19
INV00012896,MRN76658509,ENC00033494,H002,PAY001,2026-07-27,2026-07-23,21810.86,2026-07-28 09:31:34
INV00012897,MRN50910161,ENC00033495,H003,PAY005,2026-08-18,2026-08-13,7022.64,2026-08-19 05:04:48
INV00012898,MRN40801993,ENC00033496,H002,PAY001,2026-09-19,2026-08-30,1922.23,2026-09-20 04:40:21
INV00012899,MRN80111587,ENC00033497,H002,PAY001,2026-07-13,2026-07-10,8293.68,2026-07-14 17:37:11
INV00012900,MRN20592762,ENC00033498,H003,PAY006,2026-08-20,2026-08-18,3483.17,2026-08-21 01:19:33
INV00012901,MRN31293573,ENC00033499,H003,PAY004,2026-08-03,2026-07-31,2444.52,2026-08-04 17:28:36
INV00012902,MRN84300330,ENC00033500,H001,PAY001,2026-09-05,2026-08-30,15752.13,2026-09-06 02:08:02
INV00012903,MRN44951451,ENC00033501,H002,PAY001,2026-07-29,2026-07-29,4876.12,2026-07-30 07:42:52
INV00012904,MRN96370767,ENC00033502,H001,PAY003,2026-08-11,2026-08-04,884.36,2026-08-12 18:54:19
INV00012905,MRN24800939,ENC00033503,H002,PAY005,2026-08-24,2026-08-10,1423.9,2026-08-25 06:25:11
INV00012906,MRN62733146,ENC00033504,H004,PAY001,2026-07-11,2026-07-04,16358.03,2026-07-12 00:12:18
INV00012907,MRN62536889,ENC00033505,H001,PAY002,2026-07-23,2026-07-10,41766.27,2026-07-24 22:59:02
INV00012908,MRN78046928,ENC00033506,H001,PAY002,2026-08-21,2026-08-09,6566.55,2026-08-22 08:34:47
INV00012909,MRN78194502,ENC00033507,H003,PAY003,2026-07-28,2026-07-18,27805.61,2026-07-29 05:26:13
INV00012910,MRN93140644,ENC00033508,H002,PAY001,2026-07-03,2026-07-03,2677.81,2026-07-04 19:18:15
INV00012911,MRN17853944,ENC00033509,H002,PAY001,2026-07-13,2026-07-06,11015.54,2026-07-14 04:12:56
INV00012912,MRN59060117,ENC00033510,H003,PAY001,2026-07-29,2026-07-27,21489.64,2026-07-30 10:36:42
INV00012913,MRN11411723,ENC00033511,H003,PAY001,2026-07-15,2026-07-05,12400.37,2026-07-16 11:09:00
INV00012914,MRN69061737,ENC00033512,H003,PAY001,2026-07-28,2026-07-26,4821.59,2026-07-29 00:39:33
INV00012915,MRN84388918,ENC00033513,H003,PAY004,2026-07-25,2026-07-21,20633.0,2026-07-26 02:37:20
INV00012916,MRN74416826,ENC00033514,H001,PAY003,2026-08-25,2026-08-21,7977.48,2026-08-26 15:20:27
INV00012917,MRN76903884,ENC00033515,H003,PAY001,2026-07-30,2026-07-25,13854.16,2026-07-31 21:05:13
INV00012918,MRN99855111,ENC00033516,H001,PAY001,2026-07-09,2026-07-09,23657.2,2026-07-10 03:32:57
INV00012919,MRN94993034,ENC00033517,H002,PAY001,2026-07-29,2026-07-25,2618.16,2026-07-30 02:49:44
INV00012920,MRN42975169,ENC00033518,H004,PAY001,2026-08-10,2026-08-08,41986.39,2026-08-11 18:42:08
INV00012921,MRN23328004,ENC00033519,H003,PAY001,2026-08-03,2026-07-31,14734.11,2026-08-04 06:28:09
INV00012922,MRN11404892,ENC00033520,H003,PAY001,2026-07-15,2026-07-09,1471.15,2026-07-16 13:56:25
INV00012923,MRN58339812,ENC00033521,H001,PAY001,2026-08-24,2026-08-20,2258.18,2026-08-25 06:49:40
INV00012924,MRN12119259,ENC00033522,H001,PAY004,2026-08-14,2026-08-08,9022.02,2026-08-15 06:01:47
INV00012925,MRN88735884,ENC00033523,H002,PAY001,2026-09-01,2026-08-30,8239.16,2026-09-02 13:26:21
INV00012926,MRN96463978,ENC00033524,H001,PAY001,2026-07-25,2026-07-25,4034.91,2026-07-26 17:13:38
INV00012927,MRN73113066,ENC00033525,H002,PAY001,2026-07-16,2026-07-12,2987.52,2026-07-17 22:11:31
INV00012928,MRN17831064,ENC00033526,H003,PAY001,2026-08-22,2026-08-18,36204.64,2026-08-23 12:44:12
INV00012929,MRN51067616,ENC00033527,H003,PAY003,2026-07-30,2026-07-28,7297.46,2026-07-31 15:57:22
INV00012930,MRN20446042,ENC00033528,H002,PAY001,2026-08-10,2026-08-10,1781.72,2026-08-11 13:47:47
INV00012931,MRN95573387,ENC00033529,H002,PAY001,2025-06-20,2025-06-13,2350.99,2025-06-21 09:09:32
INV00012932,MRN53680648,ENC00033530,H003,PAY001,2026-08-09,2026-08-06,7269.67,2026-08-10 16:35:06
INV00012933,MRN77398651,ENC00033531,H001,PAY005,2026-08-20,2026-08-15,8802.41,2026-08-21 08:30:34
INV00012934,MRN78168164,ENC00033532,H002,PAY001,2026-08-12,2026-08-10,9921.62,2026-08-13 10:48:43
INV00012935,MRN16691461,ENC00033533,H002,PAY001,2026-08-23,2026-08-21,1934.01,2026-08-24 19:15:04
INV00012936,MRN88090062,ENC00033534,H003,PAY004,2026-08-01,2026-07-26,22689.2,2026-08-02 16:30:54
INV00012937,MRN65599064,ENC00033535,H002,PAY001,2026-08-04,2026-07-31,3533.58,2026-08-05 18:01:12
INV00012938,MRN44001291,ENC00033536,H003,PAY001,2026-07-16,2026-07-12,7592.95,2026-07-17 16:07:07
INV00012939,MRN89706973,ENC00033537,H002,PAY001,2026-08-08,2026-08-01,36366.25,2026-08-09 09:16:56
INV00012940,MRN50341047,ENC00033538,H001,PAY006,2026-08-21,2026-08-15,19659.04,2026-08-22 20:33:05
INV00012941,MRN64037345,ENC00033539,H002,PAY002,2025-06-06,2025-06-04,1623.28,2025-06-07 20:42:42
INV00012942,MRN31785017,ENC00033540,H003,PAY001,2026-08-09,2026-08-07,5182.9,2026-08-10 04:02:43
INV00012943,MRN90610913,ENC00033541,H001,PAY001,2026-08-22,2026-08-12,8609.91,2026-08-23 03:24:46
INV00012944,MRN49555699,ENC00033542,H002,PAY001,2026-08-19,2026-07-12,40046.77,2026-08-20 09:07:06
INV00012945,MRN24702319,ENC00033543,H004,PAY001,2026-08-22,2026-08-19,11492.38,2026-08-23 13:39:08
INV00012946,MRN44147104,ENC00033544,H002,PAY001,2026-08-17,2026-08-17,5266.78,2026-08-18 19:19:16
INV00012947,MRN99674774,ENC00033545,H001,PAY001,2026-08-30,2026-08-30,15279.12,2026-08-31 00:02:23
INV00012948,MRN60120643,ENC00033546,H003,PAY001,2026-08-02,2026-07-28,5287.56,2026-08-03 01:41:43
INV00012949,MRN73187516,ENC00033547,H003,PAY006,2026-08-15,2026-08-10,2751.32,2026-08-16 22:03:03
INV00012950,MRN65728918,ENC00033548,H003,PAY001,2026-08-20,2026-08-05,2957.03,2026-08-21 07:25:26
INV00012951,MRN86306684,ENC00033549,H002,PAY001,2026-07-23,2026-07-11,27521.95,2026-07-24 02:35:41
INV00012952,MRN87835761,ENC00033550,H003,PAY002,2026-08-06,2026-08-01,877.67,2026-08-07 21:34:14
INV00012953,MRN20276938,ENC00033551,H002,PAY001,2026-09-03,2026-08-22,3813.44,2026-09-04 15:26:14
INV00012954,MRN82519688,ENC00033552,H001,PAY001,2026-07-12,2026-07-08,1495.34,2026-07-13 03:49:04
INV00012955,MRN25120449,ENC00033553,H003,PAY004,2026-07-17,2026-07-12,6471.11,2026-07-18 06:37:13
INV00012956,MRN72962894,ENC00033554,H001,PAY003,2026-09-03,2026-08-27,646.22,2026-09-04 19:34:08
INV00012957,MRN15617253,ENC00033555,H001,PAY001,2026-08-16,2026-08-06,10652.37,2026-08-17 12:16:23
INV00012958,MRN95809481,ENC00033556,H003,PAY005,2026-08-25,2026-08-23,6355.02,2026-08-26 10:25:33
INV00012959,MRN29499711,ENC00033557,H001,PAY002,2026-07-17,2026-07-17,39386.15,2026-07-18 19:34:39
INV00012960,MRN12197926,ENC00033558,H002,PAY001,2026-07-28,2026-07-20,2803.08,2026-07-29 04:25:36
INV00012961,MRN24116624,ENC00033559,H001,PAY001,2026-07-06,2026-07-04,27152.69,2026-07-07 05:07:11
INV00012962,MRN44069760,ENC00033560,H002,PAY001,2026-08-22,2026-08-13,7419.94,2026-08-23 00:37:45
INV00012963,MRN52393765,ENC00033561,H001,PAY001,2026-10-24,2026-10-15,7140.16,2026-10-25 02:03:59
INV00012964,MRN37211515,ENC00033562,H003,PAY004,2026-07-09,2026-07-05,8059.23,2026-07-10 06:09:44
INV00012965,MRN97856397,ENC00033563,H003,PAY001,2026-08-30,2026-08-30,2182.2,2026-08-31 14:16:48
INV00012966,MRN18491084,ENC00033564,H003,PAY001,2026-08-22,2026-08-17,3356.64,2026-08-23 13:44:49
INV00012967,MRN25132229,ENC00033565,H003,PAY008,2026-07-21,2026-07-18,13314.68,2026-07-22 09:49:22
INV00012968,MRN47448604,ENC00033566,H003,PAY004,2026-07-21,2026-07-10,4085.54,2026-07-22 10:02:11
INV00012969,MRN68825328,ENC00033567,H003,PAY002,2025-08-05,2025-08-01,664.51,2025-08-06 23:21:59
INV00012970,MRN16105761,ENC00033568,H002,PAY002,2026-07-16,2026-07-16,35445.88,2026-07-17 18:11:56
INV00012971,MRN91101304,ENC00033569,H003,PAY001,2026-08-02,2026-08-01,1673.17,2026-08-03 07:20:29
INV00012972,MRN22282287,ENC00033570,H002,PAY001,2026-07-26,2026-07-17,15617.69,2026-07-27 10:13:18
INV00012973,MRN80589611,ENC00033571,H001,PAY001,2026-08-22,2026-08-14,7989.09,2026-08-23 05:21:02
INV00012974,MRN83365463,ENC00033572,H002,PAY001,2026-08-19,2026-08-16,15889.93,2026-08-20 01:06:00
INV00012975,MRN98007451,ENC00033573,H001,PAY001,2026-07-28,2026-07-24,23281.86,2026-07-29 19:06:00
INV00012976,MRN65561224,ENC00033574,H004,PAY001,2026-08-02,2026-08-02,7764.02,2026-08-03 02:43:53
INV00012977,MRN81193960,ENC00033575,H003,PAY007,2026-08-08,2026-07-21,1858.43,2026-08-09 18:57:22
INV00012978,MRN47294196,ENC00033576,H001,PAY004,2026-07-18,2026-07-15,21662.98,2026-07-19 05:22:01
INV00012979,MRN76517670,ENC00033577,H001,PAY001,2026-07-12,2026-07-03,19599.17,2026-07-13 09:45:01
INV00012980,MRN91257861,ENC00033578,H002,PAY001,2026-07-19,2026-07-10,27841.7,2026-07-20 22:42:01
INV00012981,MRN81858530,ENC00033579,H002,PAY001,2026-07-22,2026-07-22,7008.29,2026-07-23 16:14:34
INV00012982,MRN43222363,ENC00033580,H002,PAY006,2026-08-31,2026-08-28,34180.24,2026-09-01 08:12:53
INV00012983,MRN92445041,ENC00033581,H002,PAY006,2026-07-20,2026-07-12,8017.34,2026-07-21 04:57:13
INV00012984,MRN50547667,ENC00033582,H002,PAY005,2026-08-25,2026-08-22,5102.82,2026-08-26 03:01:06
INV00012985,MRN52855231,ENC00033583,H003,PAY001,2026-08-26,2026-08-24,6831.47,2026-08-27 21:20:21
INV00012986,MRN85753441,ENC00033584,H002,PAY001,2026-08-03,2026-07-29,583.72,2026-08-04 09:56:11
INV00012987,MRN84093634,ENC00033585,H002,PAY004,2026-09-01,2026-08-29,3488.76,2026-09-02 06:03:23
INV00012988,MRN55491143,ENC00033586,H003,PAY001,2026-09-20,2026-09-20,14040.92,2026-09-21 11:56:45
INV00012989,MRN85191690,ENC00033587,H001,PAY001,2026-07-08,2026-07-08,2011.45,2026-07-09 09:04:20
INV00012990,MRN63691888,ENC00033588,H001,PAY008,2026-07-16,2026-07-09,1982.5,2026-07-17 02:27:17
INV00012991,MRN85137670,ENC00033589,H003,PAY001,2026-07-20,2026-07-20,19331.19,2026-07-21 09:54:37
INV00012992,MRN81577714,ENC00033590,H003,PAY001,2026-08-24,2026-08-21,2906.06,2026-08-25 03:04:56
INV00012993,MRN52330060,ENC00033591,H001,PAY001,2026-08-14,2026-08-12,1743.87,2026-08-15 04:47:13
INV00012994,MRN33118202,ENC00033592,H003,PAY007,2026-08-08,2026-08-04,8192.54,2026-08-09 16:19:12
INV00012995,MRN21754656,ENC00033593,H004,PAY001,2026-09-02,2026-08-30,1487.26,2026-09-03 08:59:46
INV00012996,MRN77921464,ENC00033594,H002,PAY003,2026-07-11,2026-07-08,1889.29,2026-07-12 03:31:51
INV00012997,MRN57290372,ENC00033595,H003,PAY001,2026-07-22,2026-07-16,9516.48,2026-07-23 01:48:18
INV00012998,MRN24815694,ENC00033596,H003,PAY001,2026-09-05,2026-08-30,2478.9,2026-09-06 14:33:53
INV00012999,MRN16189714,ENC00033597,H002,PAY003,2026-07-11,2026-07-08,2569.88,2026-07-12 17:31:17
INV00013000,MRN21956274,ENC00033598,H004,PAY001,2026-07-14,2026-07-10,12807.73,2026-07-15 11:52:50
INV00013001,MRN72697860,ENC00033599,H002,PAY004,2026-07-16,2026-07-16,217.93,2026-07-17 20:36:12
INV00013002,MRN15096055,ENC00033600,H001,PAY001,2026-08-14,2026-08-08,9511.7,2026-08-15 11:15:29
INV00013003,MRN14167193,ENC00033601,H003,PAY005,2026-08-03,2026-07-29,414.27,2026-08-04 15:28:38
INV00013004,MRN30432156,ENC00033602,H003,PAY006,2026-07-10,2026-07-05,4619.33,2026-07-11 18:42:57
INV00013005,MRN60011356,ENC00033603,H003,PAY004,2026-08-18,2026-08-09,12418.26,2026-08-19 00:04:54
INV00013006,MRN45912947,ENC00033604,H003,PAY001,2026-08-18,2026-08-08,9063.63,2026-08-19 11:40:15
INV00013007,MRN68065624,ENC00033605,H003,PAY001,2026-09-05,2026-08-25,3426.06,2026-09-06 20:12:23
INV00013008,MRN76992319,ENC00033606,H004,PAY002,2026-07-14,2026-07-09,4252.51,2026-07-15 13:58:32
INV00013009,MRN25218635,ENC00033607,H003,PAY006,2026-08-28,2026-08-27,2522.2,2026-08-29 20:46:53
INV00013010,MRN14122511,ENC00033608,H001,PAY007,2026-08-09,2026-08-04,23657.31,2026-08-10 11:03:14
INV00013011,MRN30612320,ENC00033609,H002,PAY001,2026-08-07,2026-07-28,4022.11,2026-08-08 19:21:42
INV00013012,MRN57851828,ENC00033610,H002,PAY001,2026-07-22,2026-07-15,8396.75,2026-07-23 12:13:34
INV00013013,MRN70627697,ENC00033611,H002,PAY003,2026-08-25,2026-08-21,7637.72,2026-08-26 23:57:24
INV00013014,MRN61149355,ENC00033612,H001,PAY008,2026-08-28,2026-08-22,4025.72,2026-08-29 07:25:17
INV00013015,MRN64598717,ENC00033613,H003,PAY005,2025-09-10,2025-09-04,12293.62,2025-09-11 05:48:50
INV00013016,MRN10149415,ENC00033614,H001,PAY005,2026-07-24,2026-07-13,26743.24,2026-07-25 02:14:39
INV00013017,MRN43622801,ENC00033615,H001,PAY001,2026-07-15,2026-07-09,20526.96,2026-07-16 20:34:32
INV00013018,MRN36298768,ENC00033616,H001,PAY001,2026-09-03,2026-08-28,8814.83,2026-09-04 20:00:29
INV00013019,MRN93867242,ENC00033617,H001,PAY001,2026-08-17,2026-08-17,49596.02,2026-08-18 17:26:35
INV00013020,MRN44639752,ENC00033618,H001,PAY001,2026-09-08,2026-08-31,2617.43,2026-09-09 16:51:11
INV00013021,MRN76367870,ENC00033619,H003,PAY002,2026-07-17,2026-07-03,6829.2,2026-07-18 02:24:55
INV00013022,MRN73428868,ENC00033620,H001,PAY001,2026-07-13,2026-07-09,4471.27,2026-07-14 10:27:05
INV00013023,MRN96214365,ENC00033621,H003,PAY001,2026-09-07,2026-08-30,5643.66,2026-09-08 06:16:16
INV00013024,MRN33593678,ENC00033622,H001,PAY002,2026-07-25,2026-07-20,1207.6,2026-07-26 06:57:44
INV00013025,MRN96032679,ENC00033623,H001,PAY008,2026-07-11,2026-07-03,3151.44,2026-07-12 05:37:26
INV00013026,MRN77298697,ENC00033624,H002,PAY001,2026-08-14,2026-07-28,8070.05,2026-08-15 21:06:04
INV00013027,MRN82610204,ENC00033625,H003,PAY001,2026-08-17,2026-08-14,15976.05,2026-08-18 18:44:30
INV00013028,MRN82972337,ENC00033626,H001,PAY004,2026-07-16,2026-07-12,13420.82,2026-07-17 03:31:02
INV00013029,MRN27776278,ENC00033627,H001,PAY001,2026-07-16,2026-07-08,4909.39,2026-07-17 06:36:14
INV00013030,MRN64240302,ENC00033628,H001,PAY001,2026-07-20,2026-07-16,2604.64,2026-07-21 21:11:05
INV00013031,MRN94435983,ENC00033629,H002,PAY001,2026-08-01,2026-07-30,4545.89,2026-08-02 13:17:59
INV00013032,MRN40556655,ENC00033630,H001,PAY004,2026-08-14,2026-08-04,826.07,2026-08-15 17:04:53
INV00013033,MRN61687649,ENC00033631,H001,PAY002,2026-09-11,2026-08-18,849.94,2026-09-12 18:30:44
INV00013034,MRN72295937,ENC00033632,H002,PAY001,2025-06-14,2025-06-12,19074.37,2025-06-15 10:31:16
INV00013035,MRN66865559,ENC00033633,H004,PAY002,2026-08-07,2026-08-02,9518.59,2026-08-08 06:58:41
INV00013036,MRN48965527,ENC00033634,H001,PAY001,2026-08-14,2026-08-04,29860.47,2026-08-15 02:30:56
INV00013037,MRN11140334,ENC00033635,H003,PAY001,2026-07-28,2026-07-22,3229.16,2026-07-29 21:15:51
INV00013038,MRN22288837,ENC00033636,H003,PAY001,2026-07-15,2026-07-03,11689.98,2026-07-16 13:13:44
INV00013039,MRN12491395,ENC00033637,H001,PAY001,2026-08-11,2026-08-07,30080.55,2026-08-12 09:19:08
INV00013040,MRN86594255,ENC00033638,H002,PAY001,2026-07-14,2026-07-04,2487.05,2026-07-15 04:19:52
INV00013041,MRN64232962,ENC00033639,H003,PAY001,2026-07-14,2026-07-09,10244.64,2026-07-15 00:41:15
INV00013042,MRN39457977,ENC00033640,H003,PAY005,2026-07-14,2026-07-08,12732.1,2026-07-15 12:17:57
INV00013043,MRN38190943,ENC00033641,H002,PAY001,2026-09-01,2026-08-29,34099.91,2026-09-02 11:09:38
INV00013044,MRN10582700,ENC00033642,H002,PAY001,2026-07-31,2026-07-16,13003.2,2026-08-01 04:02:34
INV00013045,MRN18165714,ENC00033643,H001,PAY001,2026-07-17,2026-07-05,44279.03,2026-07-18 07:28:53
INV00013046,MRN28840097,ENC00033644,H001,PAY001,2026-07-15,2026-07-08,1498.28,2026-07-16 10:03:15
INV00013047,MRN90396391,ENC00033645,H001,PAY002,2026-08-27,2026-08-23,17165.7,2026-08-28 18:28:52
INV00013048,MRN95746417,ENC00033646,H003,PAY004,2026-07-30,2026-07-26,7885.04,2026-07-31 12:17:02
INV00013049,MRN71347156,ENC00033647,H004,PAY001,2026-08-03,2026-07-30,16238.13,2026-08-04 02:14:44
INV00013050,MRN53161476,ENC00033648,H003,PAY001,2026-07-12,2026-07-12,17460.43,2026-07-13 17:25:02
INV00013051,MRN27182809,ENC00033649,H002,PAY005,2025-07-02,2025-06-24,7865.62,2025-07-03 18:46:11
INV00013052,MRN20941557,ENC00033650,H003,PAY001,2026-08-04,2026-07-28,1554.7,2026-08-05 04:00:23
INV00013053,MRN94565045,ENC00033651,H002,PAY001,2026-08-31,2026-08-28,2139.4,2026-09-01 03:55:18
INV00013054,MRN24217073,ENC00033652,H001,PAY003,2026-07-15,2026-07-11,1154.61,2026-07-16 05:01:49
INV00013055,MRN20405424,ENC00033653,H002,PAY003,2025-07-26,2025-07-21,19463.09,2025-07-27 01:06:38
INV00013056,MRN89302810,ENC00033654,H002,PAY001,2026-08-05,2026-07-19,11559.62,2026-08-06 14:31:25
INV00013057,MRN14972430,ENC00033655,H003,PAY003,2026-08-02,2026-07-29,8917.66,2026-08-03 21:31:37
INV00013058,MRN37178044,ENC00033656,H001,PAY005,2026-07-22,2026-07-14,464.31,2026-07-23 01:12:36
INV00013059,MRN39905288,ENC00033657,H001,PAY001,2026-07-16,2026-07-11,13518.46,2026-07-17 04:43:35
INV00013060,MRN49649252,ENC00033658,H003,PAY005,2026-05-01,2026-04-26,2523.1,2026-05-02 13:28:44
INV00013061,MRN52849733,ENC00033659,H001,PAY003,2026-08-08,2026-07-31,2521.3,2026-08-09 10:50:43
INV00013062,MRN57631362,ENC00033660,H001,PAY001,2026-07-16,2026-07-14,349.38,2026-07-17 05:21:31
INV00013063,MRN60199557,ENC00033661,H002,PAY001,2026-08-27,2026-08-24,38600.11,2026-08-28 07:04:21
INV00013064,MRN20562656,ENC00033662,H002,PAY001,2026-07-26,2026-07-24,8698.46,2026-07-27 06:47:04
INV00013065,MRN35117558,ENC00033663,H001,PAY003,2026-08-22,2026-08-14,8122.25,2026-08-23 11:02:18
INV00013066,MRN17781355,ENC00033664,H003,PAY001,2026-08-16,2026-08-06,2292.66,2026-08-17 10:29:44
INV00013067,MRN96247896,ENC00033665,H002,PAY004,2026-09-03,2026-08-22,4632.91,2026-09-04 06:34:46
INV00013068,MRN34527662,ENC00033666,H002,PAY002,2026-08-18,2026-08-12,1381.82,2026-08-19 21:26:53
INV00013069,MRN89504689,ENC00033667,H001,PAY001,2026-07-27,2026-07-14,33776.37,2026-07-28 20:58:14
INV00013070,MRN69790050,ENC00033668,H001,PAY001,2026-07-19,2026-07-17,2178.27,2026-07-20 15:47:42
INV00013071,MRN51262467,ENC00033669,H002,PAY003,2026-08-07,2026-07-31,3392.17,2026-08-08 04:34:27
INV00013072,MRN99274412,ENC00033670,H003,PAY001,2026-07-27,2026-07-26,10441.71,2026-07-28 16:13:30
INV00013073,MRN67344313,ENC00033671,H001,PAY001,2026-09-02,2026-08-28,7337.37,2026-09-03 13:32:36
INV00013074,MRN33071794,ENC00033672,H002,PAY001,2026-07-26,2026-07-18,22190.03,2026-07-27 21:44:27
INV00013075,MRN33521878,ENC00033673,H003,PAY001,2026-08-15,2026-08-05,17738.56,2026-08-16 00:55:23
INV00013076,MRN17712673,ENC00033674,H003,PAY008,2026-07-25,2026-07-19,10630.12,2026-07-26 08:50:29
INV00013077,MRN46127639,ENC00033675,H001,PAY001,2026-08-09,2026-08-09,13276.1,2026-08-10 08:33:18
INV00013078,MRN35321368,ENC00033676,H001,PAY001,2026-07-15,2026-07-12,828.67,2026-07-16 19:13:21
INV00013079,MRN70382080,ENC00033677,H001,PAY001,2025-12-02,2025-11-29,4361.59,2025-12-03 02:08:00
INV00013080,MRN70054064,ENC00033678,H002,PAY001,2026-07-11,2026-07-09,2228.88,2026-07-12 19:12:18
INV00013081,MRN50046911,ENC00033679,H002,PAY001,2026-07-18,2026-07-05,8051.07,2026-07-19 08:30:36
INV00013082,MRN88110586,ENC00033680,H001,PAY001,2026-08-24,2026-07-11,1773.46,2026-08-25 17:08:05
INV00013083,MRN96947004,ENC00033681,H003,PAY001,2026-08-28,2026-08-24,12651.71,2026-08-29 01:30:08
INV00013084,MRN10929619,ENC00033682,H004,PAY004,2026-08-18,2026-08-15,11315.69,2026-08-19 07:09:28
INV00013085,MRN23548950,ENC00033683,H001,PAY002,2026-09-10,2026-08-12,3954.12,2026-09-11 00:49:59
INV00013086,MRN31244821,ENC00033684,H001,PAY001,2026-08-07,2026-07-26,7206.2,2026-08-08 04:17:00
INV00013087,MRN55672504,ENC00033685,H002,PAY001,2026-08-18,2026-08-13,5489.98,2026-08-19 22:54:33
INV00013088,MRN73040281,ENC00033686,H003,PAY001,2026-07-08,2026-07-05,6265.32,2026-07-09 07:39:00
INV00013089,MRN51462084,ENC00033687,H003,PAY005,2026-08-02,2026-07-18,1514.3,2026-08-03 21:23:33
INV00013090,MRN11425635,ENC00033688,H001,PAY001,2026-07-28,2026-07-22,8875.5,2026-07-29 08:51:52
INV00013091,MRN24023039,ENC00033689,H002,PAY006,2026-09-02,2026-08-31,1078.48,2026-09-03 11:18:13
INV00013092,MRN88410299,ENC00033690,H002,PAY008,2026-08-16,2026-08-14,3548.48,2026-08-17 15:30:22
INV00013093,MRN91295128,ENC00033691,H003,PAY005,2026-08-28,2026-08-21,5042.63,2026-08-29 15:03:30
INV00013094,MRN61570448,ENC00033692,H002,PAY001,2026-07-11,2026-07-08,15514.49,2026-07-12 01:05:53
INV00013095,MRN91527237,ENC00033693,H002,PAY001,2026-08-26,2026-08-23,16340.56,2026-08-27 12:06:38
INV00013096,MRN62618238,ENC00033694,H002,PAY001,2026-08-19,2026-08-15,4380.79,2026-08-20 02:50:16
INV00013097,MRN66154232,ENC00033695,H002,PAY004,2026-08-15,2026-08-10,5421.85,2026-08-16 10:46:35
INV00013098,MRN32620066,ENC00033696,H003,PAY005,2025-12-08,2025-12-04,728.94,2025-12-09 00:23:21
INV00013099,MRN63373205,ENC00033697,H003,PAY004,2026-08-05,2026-08-01,6029.13,2026-08-06 21:35:10
INV00013100,MRN19952809,ENC00033698,H003,PAY001,2026-08-19,2026-08-13,8093.96,2026-08-20 10:07:03
INV00013101,MRN60652852,ENC00033699,H002,PAY001,2026-08-07,2026-08-01,547.17,2026-08-08 22:47:25
INV00013102,MRN59516156,ENC00033700,H003,PAY001,2026-08-20,2026-08-15,6366.55,2026-08-21 00:35:24
INV00013103,MRN92273276,ENC00033701,H001,PAY001,2026-07-08,2026-07-05,14871.89,2026-07-09 14:27:05
INV00013104,MRN11660750,ENC00033702,H002,PAY008,2026-07-22,2026-07-18,1380.44,2026-07-23 07:30:48
INV00013105,MRN56267791,ENC00033703,H001,PAY001,2026-08-29,2026-08-23,2536.2,2026-08-30 21:57:20
INV00013106,MRN36309433,ENC00033704,H002,PAY001,2026-07-22,2026-07-20,1485.0,2026-07-23 17:35:25
INV00013107,MRN67175319,ENC00033705,H002,PAY003,2026-03-22,2026-03-13,928.47,2026-03-23 18:40:26
INV00013108,MRN36162782,ENC00033706,H001,PAY003,2026-07-13,2026-07-03,17010.47,2026-07-14 20:46:09
INV00013109,MRN56071216,ENC00033707,H003,PAY001,2026-09-14,2026-08-27,26629.22,2026-09-15 08:34:02
INV00013110,MRN39790298,ENC00033708,H001,PAY001,2026-07-16,2026-07-08,1121.74,2026-07-17 04:10:08
INV00013111,MRN86882217,ENC00033709,H002,PAY001,2026-07-27,2026-07-19,9816.29,2026-07-28 04:45:06
INV00013112,MRN48527367,ENC00033710,H001,PAY003,2026-08-12,2026-07-29,8876.11,2026-08-13 17:52:59
INV00013113,MRN22920942,ENC00033711,H003,PAY001,2026-08-03,2026-07-26,12656.25,2026-08-04 23:29:20
INV00013114,MRN55063482,ENC00033712,H003,PAY001,2026-08-03,2026-07-25,3388.66,2026-08-04 22:25:21
INV00013115,MRN71239809,ENC00033713,H002,PAY001,2026-09-02,2026-08-28,7765.11,2026-09-03 19:17:56
INV00013116,MRN24663406,ENC00033714,H002,PAY004,2026-08-11,2026-08-08,1905.94,2026-08-12 03:04:48
INV00013117,MRN19218029,ENC00033715,H003,PAY001,2026-08-12,2026-08-10,1234.78,2026-08-13 12:01:06
INV00013118,MRN85363664,ENC00033716,H001,PAY001,2026-08-18,2026-07-25,35567.29,2026-08-19 00:14:07
INV00013119,MRN73727720,ENC00033717,H003,PAY004,2025-11-21,2025-11-19,4409.84,2025-11-22 21:00:12
INV00013120,MRN12624061,ENC00033718,H003,PAY002,2026-08-05,2026-07-29,220.56,2026-08-06 13:28:36
INV00013121,MRN26275977,ENC00033719,H003,PAY001,2026-08-10,2026-08-04,330.23,2026-08-11 12:02:49
INV00013122,MRN86831664,ENC00033720,H002,PAY001,2026-07-12,2026-07-08,10062.34,2026-07-13 02:01:37
INV00013123,MRN92802816,ENC00033721,H003,PAY001,2026-07-24,2026-07-21,8259.88,2026-07-25 18:54:38
INV00013124,MRN39303458,ENC00033722,H003,PAY002,2026-08-04,2026-07-26,31253.89,2026-08-05 18:18:33
INV00013125,MRN78229828,ENC00033723,H002,PAY001,2026-08-25,2026-08-21,22714.91,2026-08-26 00:49:23
INV00013126,MRN80626685,ENC00033724,H002,PAY001,2026-07-18,2026-07-17,17705.89,2026-07-19 04:11:58
INV00013127,MRN78315857,ENC00033725,H002,PAY001,2026-08-21,2026-08-14,11449.78,2026-08-22 04:52:30
INV00013128,MRN22133640,ENC00033726,H001,PAY002,2026-07-11,2026-07-07,7391.53,2026-07-12 09:31:19
INV00013129,MRN11201216,ENC00033727,H003,PAY001,2026-07-31,2026-07-27,3883.36,2026-08-01 02:00:07
INV00013130,MRN80713939,ENC00033728,H002,PAY001,2026-07-13,2026-07-05,4402.57,2026-07-14 07:56:11
INV00013131,MRN53995908,ENC00033729,H004,PAY001,2026-08-02,2026-07-27,4547.42,2026-08-03 20:08:22
INV00013132,MRN70871231,ENC00033730,H002,PAY001,2026-08-03,2026-07-30,7730.57,2026-08-04 04:55:41
INV00013133,MRN74579046,ENC00033731,H003,PAY001,2026-05-15,2026-05-15,9961.48,2026-05-16 19:14:20
INV00013134,MRN45578172,ENC00033732,H002,PAY001,2026-07-08,2026-07-08,8835.1,2026-07-09 20:26:48
INV00013135,MRN89216517,ENC00033733,H003,PAY001,2026-05-30,2026-05-22,9071.56,2026-05-31 14:47:27
INV00013136,MRN17485008,ENC00033734,H004,PAY001,2026-08-29,2026-08-29,16911.17,2026-08-30 19:08:57
INV00013137,MRN65542791,ENC00033735,H003,PAY006,2026-07-11,2026-07-07,6330.97,2026-07-12 16:29:05
INV00013138,MRN78384576,ENC00033736,H003,PAY001,2026-07-15,2026-07-10,14206.46,2026-07-16 10:11:04
INV00013139,MRN32318813,ENC00033737,H002,PAY004,2026-07-30,2026-07-25,4572.92,2026-07-31 20:46:07
INV00013140,MRN84279615,ENC00033738,H003,PAY001,2026-08-12,2026-08-06,1739.83,2026-08-13 13:08:11
INV00013141,MRN34413628,ENC00033739,H003,PAY001,2026-08-24,2026-08-24,1307.75,2026-08-25 02:58:53
INV00013142,MRN63583844,ENC00033740,H003,PAY001,2026-07-31,2026-07-30,11725.84,2026-08-01 02:53:02
INV00013143,MRN15087760,ENC00033741,H002,PAY001,2026-08-22,2026-08-13,8601.76,2026-08-23 03:03:19
INV00013144,MRN18247578,ENC00033742,H003,PAY001,2026-07-25,2026-07-24,1809.3,2026-07-26 10:29:21
INV00013145,MRN27963939,ENC00033743,H003,PAY001,2026-08-14,2026-08-10,692.67,2026-08-15 05:44:31
INV00013146,MRN36712448,ENC00033744,H002,PAY001,2026-07-09,2026-07-08,6907.41,2026-07-10 16:33:55
INV00013147,MRN98152903,ENC00033745,H003,PAY001,2026-05-17,2026-05-13,7423.44,2026-05-18 06:53:10
INV00013148,MRN35713189,ENC00033746,H002,PAY001,2026-08-24,2026-08-20,3152.87,2026-08-25 02:58:45
INV00013149,MRN35937198,ENC00033747,H003,PAY008,2026-07-17,2026-07-15,10506.24,2026-07-18 13:26:24
INV00013150,MRN84234107,ENC00033748,H003,PAY001,2026-08-04,2026-08-04,17223.97,2026-08-05 09:59:06
INV00013151,MRN62297865,ENC00033749,H001,PAY001,2026-07-22,2026-07-14,10208.43,2026-07-23 05:00:57
INV00013152,MRN74949641,ENC00033750,H002,PAY001,2025-11-19,2025-11-10,4246.09,2025-11-20 14:38:18
INV00013153,MRN80541749,ENC00033751,H002,PAY001,2026-08-10,2026-08-03,17312.97,2026-08-11 18:43:21
INV00013154,MRN74531133,ENC00033752,H002,PAY001,2026-07-22,2026-07-15,5797.45,2026-07-23 00:11:57
INV00013155,MRN65067275,ENC00033753,H001,PAY001,2025-06-16,2025-06-13,3947.32,2025-06-17 14:52:40
INV00013156,MRN57360504,ENC00033754,H003,PAY001,2026-08-13,2026-08-01,18401.06,2026-08-14 17:14:20
INV00013157,MRN51967877,ENC00033755,H001,PAY001,2026-08-07,2026-07-26,2391.64,2026-08-08 04:59:09
INV00013158,MRN49118013,ENC00033756,H001,PAY005,2026-07-18,2026-07-07,14936.43,2026-07-19 21:23:35
INV00013159,MRN72015336,ENC00033757,H001,PAY006,2026-07-30,2026-07-27,517.24,2026-07-31 17:20:49
INV00013160,MRN80461603,ENC00033758,H003,PAY008,2026-08-09,2026-08-05,13620.6,2026-08-10 01:34:55
INV00013161,MRN44866010,ENC00033759,H002,PAY004,2026-08-08,2026-08-06,10335.56,2026-08-09 03:12:47
INV00013162,MRN62482585,ENC00033760,H002,PAY001,2026-08-08,2026-08-02,2162.44,2026-08-09 14:47:44
INV00013163,MRN13956379,ENC00033761,H003,PAY001,2026-07-09,2026-07-03,3289.37,2026-07-10 21:09:41
INV00013164,MRN46197732,ENC00033762,H002,PAY001,2026-09-01,2026-08-30,14220.8,2026-09-02 08:14:19
INV00013165,MRN84215475,ENC00033763,H003,PAY001,2026-08-02,2026-07-11,5083.97,2026-08-03 15:47:34
INV00013166,MRN30264164,ENC00033764,H003,PAY001,2026-08-03,2026-07-21,33532.68,2026-08-04 14:01:35
INV00013167,MRN85146764,ENC00033765,H002,PAY001,2026-08-15,2026-08-10,513.02,2026-08-16 22:59:34
INV00013168,MRN86067860,ENC00033766,H002,PAY003,2026-08-03,2026-07-30,16201.21,2026-08-04 15:37:29
INV00013169,MRN88223694,ENC00033767,H001,PAY001,2026-09-02,2026-08-25,12289.95,2026-09-03 10:51:56
INV00013170,MRN71101515,ENC00033768,H003,PAY002,2026-07-23,2026-07-12,41292.2,2026-07-24 09:11:15
INV00013171,MRN88880879,ENC00033769,H002,PAY001,2026-08-06,2026-08-05,9580.96,2026-08-07 07:15:08
INV00013172,MRN75915214,ENC00033770,H001,PAY008,2026-09-02,2026-08-25,4813.42,2026-09-03 18:47:17
INV00013173,MRN93049042,ENC00033771,H001,PAY001,2026-08-31,2026-08-21,1282.4,2026-09-01 03:23:54
INV00013174,MRN16239526,ENC00033772,H002,PAY008,2026-08-27,2026-08-21,7422.67,2026-08-28 05:27:38
INV00013175,MRN62680404,ENC00033773,H003,PAY001,2026-07-30,2026-07-24,8422.65,2026-07-31 23:51:40
INV00013176,MRN46414642,ENC00033774,H001,PAY002,2026-07-16,2026-07-09,21735.92,2026-07-17 22:35:43
INV00013177,MRN73125588,ENC00033775,H004,PAY002,2026-07-25,2026-07-20,7331.92,2026-07-26 23:02:03
INV00013178,MRN69361231,ENC00033776,H001,PAY008,2026-07-23,2026-07-17,24411.32,2026-07-24 23:32:17
INV00013179,MRN76698034,ENC00033777,H002,PAY001,2026-07-30,2026-07-30,33450.4,2026-07-31 16:21:29
INV00013180,MRN85463205,ENC00033778,H002,PAY001,2026-08-14,2026-08-12,6366.06,2026-08-15 16:48:12
INV00013181,MRN45241106,ENC00033779,H002,PAY004,2026-08-24,2026-08-13,5241.46,2026-08-25 22:38:23
INV00013182,MRN74346285,ENC00033780,H001,PAY008,2026-08-17,2026-08-15,4691.98,2026-08-18 20:52:04
INV00013183,MRN82076446,ENC00033781,H001,PAY005,2026-08-28,2026-08-28,1040.11,2026-08-29 08:57:59
INV00013184,MRN29962640,ENC00033782,H001,PAY004,2026-08-30,2026-08-28,13518.66,2026-08-31 10:17:37
INV00013185,MRN30266880,ENC00033783,H002,PAY003,2026-08-09,2026-08-09,4349.65,2026-08-10 00:38:15
INV00013186,MRN44244769,ENC00033784,H002,PAY005,2026-08-17,2026-08-10,22889.02,2026-08-18 15:39:19
INV00013187,MRN64487285,ENC00033785,H001,PAY001,2026-08-19,2026-08-15,19197.43,2026-08-20 16:32:03
INV00013188,MRN98674741,ENC00033786,H003,PAY001,2026-07-23,2026-07-21,17730.13,2026-07-24 14:24:03
INV00013189,MRN58878295,ENC00033787,H002,PAY001,2026-08-12,2026-08-12,3460.22,2026-08-13 03:21:02
INV00013190,MRN82610204,ENC00033788,H002,PAY001,2026-07-21,2026-07-21,21740.81,2026-07-22 10:30:25
INV00013191,MRN83664672,ENC00033789,H001,PAY001,2026-08-31,2026-08-29,3715.03,2026-09-01 10:10:21
INV00013192,MRN14461376,ENC00033790,H001,PAY004,2026-08-23,2026-08-10,11327.52,2026-08-24 21:49:08
INV00013193,MRN16709802,ENC00033791,H001,PAY001,2026-07-21,2026-07-08,8029.88,2026-07-22 17:08:48
INV00013194,MRN19084053,ENC00033792,H001,PAY001,2026-08-09,2026-08-05,9696.6,2026-08-10 19:02:49
INV00013195,MRN74854837,ENC00033793,H003,PAY001,2026-09-02,2026-08-22,9722.68,2026-09-03 04:17:06
INV00013196,MRN66396755,ENC00033794,H001,PAY001,2026-07-08,2026-07-03,5697.48,2026-07-09 00:16:41
INV00013197,MRN96820693,ENC00033795,H003,PAY001,2026-08-08,2026-08-04,6937.45,2026-08-09 21:41:09
INV00013198,MRN31747572,ENC00033796,H002,PAY001,2026-08-27,2026-08-24,7588.72,2026-08-28 00:37:53
INV00013199,MRN99415999,ENC00033797,H003,PAY006,2026-08-21,2026-08-21,3302.41,2026-08-22 00:47:07
INV00013200,MRN25186199,ENC00033798,H002,PAY001,2026-09-23,2026-08-20,14890.34,2026-09-24 16:24:22
INV00013201,MRN32690192,ENC00033799,H001,PAY001,2026-08-26,2026-08-12,11868.31,2026-08-27 14:21:23
INV00013202,MRN53690803,ENC00033800,H003,PAY003,2026-08-15,2026-08-08,5987.69,2026-08-16 18:48:54
INV00013203,MRN74810664,ENC00033801,H003,PAY001,2026-09-04,2026-08-31,22436.12,2026-09-05 08:48:19
INV00013204,MRN90597721,ENC00033802,H003,PAY001,2026-08-18,2026-08-12,35397.65,2026-08-19 17:00:55
INV00013205,MRN21419259,ENC00033803,H001,PAY001,2026-07-07,2026-07-04,5788.32,2026-07-08 05:35:42
INV00013206,MRN67960344,ENC00033804,H003,PAY001,2026-09-04,2026-08-29,2946.42,2026-09-05 06:06:39
INV00013207,MRN28226821,ENC00033805,H001,PAY002,2026-07-24,2026-07-18,19700.37,2026-07-25 21:04:35
INV00013208,MRN49726844,ENC00033806,H001,PAY003,2026-07-18,2026-07-16,24754.75,2026-07-19 01:01:03
INV00013209,MRN22238484,ENC00033807,H002,PAY001,2026-08-19,2026-08-15,2851.22,2026-08-20 12:29:09
INV00013210,MRN11990297,ENC00033808,H001,PAY004,2026-07-25,2026-07-22,471.65,2026-07-26 14:15:49
INV00013211,MRN16155253,ENC00033809,H003,PAY001,2025-10-31,2025-10-23,10332.59,2025-11-01 01:12:32
INV00013212,MRN98620829,ENC00033810,H003,PAY001,2026-08-02,2026-07-28,10090.14,2026-08-03 21:48:13
INV00013213,MRN89623908,ENC00033811,H001,PAY002,2026-08-21,2026-08-14,10814.99,2026-08-22 02:35:47
INV00013214,MRN36186560,ENC00033812,H004,PAY006,2026-07-30,2026-07-27,838.62,2026-07-31 01:50:27
INV00013215,MRN68407022,ENC00033813,H002,PAY007,2026-09-03,2026-08-27,14691.09,2026-09-04 01:39:49
INV00013216,MRN24276413,ENC00033814,H003,PAY004,2025-11-29,2025-11-26,4045.59,2025-11-30 03:54:17
INV00013217,MRN34543833,ENC00033815,H003,PAY001,2026-08-21,2026-08-21,24765.34,2026-08-22 22:27:06
INV00013218,MRN11905842,ENC00033816,H001,PAY001,2025-08-26,2025-08-23,3402.0,2025-08-27 22:14:50
INV00013219,MRN52874887,ENC00033817,H001,PAY001,2026-08-02,2026-07-24,4902.88,2026-08-03 00:19:19
INV00013220,MRN91284110,ENC00033818,H004,PAY004,2025-12-04,2025-11-25,2699.84,2025-12-05 02:31:02
INV00013221,MRN57824430,ENC00033819,H003,PAY001,2026-08-20,2026-08-15,20952.53,2026-08-21 23:34:13
INV00013222,MRN60653363,ENC00033820,H002,PAY001,2026-03-23,2026-03-23,12680.88,2026-03-24 14:09:50
INV00013223,MRN79584673,ENC00033821,H003,PAY002,2026-08-25,2026-08-20,6190.59,2026-08-26 04:59:46
INV00013224,MRN87339403,ENC00033822,H002,PAY001,2026-08-15,2026-07-27,25314.82,2026-08-16 22:12:29
INV00013225,MRN84244494,ENC00033823,H003,PAY001,2026-08-20,2026-08-17,13679.73,2026-08-21 23:39:18
INV00013226,MRN44818784,ENC00033824,H002,PAY001,2026-08-01,2026-08-01,2005.46,2026-08-02 08:47:52
INV00013227,MRN18741444,ENC00033825,H002,PAY004,2026-07-27,2026-07-24,6421.21,2026-07-28 13:59:45
INV00013228,MRN10503094,ENC00033826,H003,PAY001,2026-08-13,2026-08-13,4928.96,2026-08-14 05:37:17
INV00013229,MRN29124554,ENC00033827,H003,PAY001,2026-07-17,2026-07-17,1272.49,2026-07-18 03:47:49
INV00013230,MRN91266747,ENC00033828,H003,PAY002,2026-08-26,2026-08-20,6342.63,2026-08-27 01:08:04
INV00013231,MRN23966184,ENC00033829,H002,PAY008,2026-08-10,2026-08-06,3969.28,2026-08-11 11:15:55
INV00013232,MRN77859274,ENC00033830,H004,PAY001,2026-09-01,2026-08-25,1059.85,2026-09-02 03:21:52
INV00013233,MRN29945798,ENC00033831,H001,PAY001,2026-07-30,2026-07-25,2961.25,2026-07-31 21:11:43
INV00013234,MRN48269724,ENC00033832,H003,PAY002,2026-07-25,2026-07-16,3781.8,2026-07-26 18:43:24
INV00013235,MRN91917813,ENC00033833,H003,PAY003,2026-09-10,2026-08-14,51678.72,2026-09-11 10:26:30
INV00013236,MRN84044904,ENC00033834,H003,PAY002,2026-08-15,2026-08-08,16222.52,2026-08-16 09:30:31
INV00013237,MRN24987687,ENC00033835,H003,PAY001,2026-07-20,2026-07-14,1443.44,2026-07-21 10:37:06
INV00013238,MRN19464638,ENC00033836,H002,PAY001,2026-08-16,2026-08-11,13293.22,2026-08-17 13:44:03
INV00013239,MRN48124324,ENC00033837,H003,PAY001,2026-08-28,2026-08-28,1392.97,2026-08-29 23:57:52
INV00013240,MRN18512231,ENC00033838,H004,PAY001,2026-08-08,2026-08-04,19900.29,2026-08-09 19:24:41
