patient_ref,given,surname,dob,sex,health_card,postal,contact_phone,modified_at
SCH49569142,Amir,Okafor,15/03/2001,MALE,4634 142 162,M5H5T4,2893344708,2026-07-27 20:41:18
SCH13100322,Matthew,Mitchell,19/10/2004,MALE,6848 683 030,L4B6G8,4167120347,2026-07-19 12:10:20
SCH66412641,Margaret,Tremblay,11/05/2000,FEMALE,1608 334 924,M4C6P3,4164906391,2026-07-09 05:46:06
SCH90850777,Jin,Sutherland,18/07/2006,MALE,5732 887 194,M4G0C7,9053074597,2026-08-03 21:20:20
SCH46924791,Hiroshi,Silva,04/02/1948,MALE,7733 833 367,M4J7G8,2895461930,2026-07-29 10:17:42
SCH26438676,Ahmed,Rodriguez,06/09/1981,MALE,4529 077 408,M4G5E0,6472405611,2026-07-14 12:57:36
SCH36744170,Ivan,Sutherland,01/05/1957,MALE,0014 289 235,M6M0J4,6472448250,2026-07-14 17:59:26
SCH40253044,Jennifer,Tremblay,25/09/1982,FEMALE,8806 088 095,L4C2N8,3653462329,2026-08-24 11:16:10
SCH21867498,Chen,Martin,13/03/1989,MALE,0533 596 599,L6J3M6,6477002738,2026-08-04 07:23:22
SCH96667293,Marie,Singh,12/09/1927,FEMALE,0432 456 366,M4L2B9,3653896297,2026-08-06 06:12:35
SCH54664324,Yuki,Tremblay,14/03/1981,FEMALE,3410 994 184,L6G7L2,4378579020,2026-07-18 08:11:07
SCH74885318,Robert,Lee,05/03/1967,MALE,1753 816 535,M8Y0M2,4164235373,2026-07-24 12:20:16
SCH74132638,Yusuf,Zhang,19/06/1995,MALE,3326 322 348,L5C5B3,4169994756,2026-08-23 10:23:25
SCH98158839,Sandra,Ali,10/08/1981,FEMALE,8329 027 711,M8X2X0,4372192189,2026-07-17 00:13:46
SCH54350352,Ahmed,Anderson,11/07/1980,MALE,4839 860 113,M5P1C7,2897704828,2026-07-15 01:25:15
SCH34526277,Aisha,Tran,27/05/2000,FEMALE,8606 718 370,M4C8Y4,3659033643,2026-07-05 13:59:01
SCH91207826,Emily,Wilson,03/04/1974,FEMALE,7651 899 317,M4B8Z7,4373534771,2026-08-26 04:58:56
SCH69724614,Jessica,Lopez,09/05/1968,FEMALE,7382 624 919,M3B9E2,4376731179,2026-08-08 08:35:44
SCH17391427,Yusuf,Ricci,02/07/2002,MALE,1472 572 286,M6L7S7,4374153301,2026-08-16 10:56:25
SCH77622457,Andrew,O'Brien,26/09/1975,MALE,3510 274 123,M4A9V9,4168804074,2026-08-04 19:47:34
SCH38561532,James,Jackson,25/02/1947,MALE,1807 868 029,L5B1K4,4379028817,2026-08-10 12:20:27
SCH98992569,James,Baker,28/01/1959,MALE,2595 235 496,M5H5M6,2894818345,2026-08-16 07:46:14
SCH33393851,Barbara,Nelson,28/12/2004,FEMALE,0141 255 901,M6B2T1,3652478232,2026-08-07 13:12:07
SCH97977783,Jin,Smith,24/09/2001,MALE,8449 725 848,L5N1W0,4168229723,2026-08-04 00:46:42
SCH69822018,Nadia,Lewis,03/10/1952,FEMALE,1886 034 865,M9N5J4,9059060335,2026-07-04 01:06:46
SCH40504307,Lisa,Zhang,07/04/1980,FEMALE,3639 079 932,M6C8T5,6479468138,2026-07-09 08:06:09
SCH98491104,Mary,Zhang,04/09/1988,FEMALE,0166 104 877,L4L4L0,6472099071,2026-07-08 08:11:02
SCH31081363,Wei,Wright,22/09/1977,MALE,9047 592 119,L4J1R6,2897061711,2026-07-06 18:00:10
SCH56258394,Aisha,Cote,09/06/1954,FEMALE,1757 687 296,M6M9X4,3657961164,2026-08-26 13:51:47
SCH35281713,Omar,Osei,05/04/1994,MALE,5860 956 605,M4H7E0,4378954571,2026-08-16 07:56:50
SCH59129945,Andrew,Okafor,01/09/2001,MALE,0183 367 358,L4K3B2,3656198572,2026-07-27 22:04:20
SCH36636303,Melissa,Park,22/10/1960,FEMALE,9256 959 884,M4G6H5,4162225032,2026-08-11 17:54:53
SCH10632611,Ahmed,Stewart,11/10/1964,MALE,7217 784 755,L5C2V2,6478830041,2026-08-24 19:49:10
SCH33437618,Sofia,Kowalski,28/01/1983,FEMALE,2564 667 778,M5B5N9,4376279136,2026-07-12 18:32:26
SCH37626099,Yusuf,Wang,16/12/1965,MALE,5944 597 961,L6R0N1,9055131638,2026-08-21 18:35:24
SCH49035761,Yuki,Jackson,15/01/1977,FEMALE,5959 213 041,M1N1H3,4167462038,2026-08-18 03:08:20
SCH76837414,Wei,O'Brien,18/06/1967,MALE,5710 443 911,M2K4P1,4162339264,2026-08-05 13:43:18
SCH87312594,Michael,Singh,22/06/1977,MALE,1253 044 927,L6M9P3,3654763774,2026-08-12 21:22:38
SCH15417972,Olga,Nguyen,18/12/1969,FEMALE,4721 888 412,L6J9Y7,2895183944,2026-07-19 00:22:51
SCH89088636,Olga,Harris,25/06/1967,FEMALE,7882 761 757,M4H4T5,6472138994,2026-07-23 09:55:26
SCH45227294,Kevin,Silva,17/04/1984,MALE,4649 365 485,M5H4R2,4376703182,2026-08-06 17:31:56
SCH35223080,Linda,Ricci,08/05/1955,FEMALE,8155 131 686,L4K5V5,9058653237,2026-08-04 13:10:17
SCH70817990,Kevin,Hassan,28/04/1979,MALE,4664 506 047,M6B9J7,4372729940,2026-08-15 19:57:58
SCH25334060,Hiroshi,Sutherland,10/01/1957,MALE,3032 682 043,M5P2M5,4374092130,2026-08-12 18:48:06
SCH97178811,Ashley,Nguyen,26/11/1975,FEMALE,1491 479 901,M1L9J9,3656859116,2026-07-24 20:35:05
SCH17066678,Brian,Nowak,25/10/1956,MALE,0865 942 833,M4J5T5,2897617617,2026-08-26 19:06:48
SCH83639915,Pedro,Garcia,09/10/1961,MALE,7139 651 355,M4M6N5,4377106553,2026-08-09 19:59:31
SCH55692098,Kenneth,Taylor,20/11/1960,MALE,7518 658 534,L5B8V7,4166037997,2026-08-29 11:18:50
SCH86753766,James,Rodriguez,29/06/2004,MALE,5256 289 330,M2K0N1,9054810699,2026-08-24 08:21:32
SCH59251482,Brian,King,06/01/1940,MALE,1379 293 168,M5K7H8,4163644054,2026-08-06 13:10:30
SCH71661069,Lisa,Ahmed,09/06/1966,FEMALE,2271 164 085,L5N8B6,4379580582,2026-08-17 02:30:32
SCH30186148,Amanda,Park,17/11/1966,FEMALE,3712 343 791,M3B0W7,4376062520,2026-07-12 11:44:24
SCH82570426,Aisha,Taylor,27/02/1948,FEMALE,5870 525 325,L6H6Z0,2898557948,2026-07-10 15:35:32
SCH52495665,Betty,Tran,30/05/1957,FEMALE,6955 447 492,M2M2K9,6476827735,2026-08-06 22:57:33
SCH76029341,Michael,Kim,04/07/1981,MALE,7229 603 761,M1C9N1,4379424311,2026-08-01 08:41:40
SCH11041898,Ingrid,Okafor,28/02/1965,FEMALE,4813 697 754,L5A8V6,3655127052,2026-08-07 18:45:35
SCH74759002,Wei,Johnson,29/07/1953,MALE,2115 021 483,M8Y1E5,2893772635,2026-08-10 09:32:16
SCH27160401,Betty,Li,25/05/1932,FEMALE,3828 522 908,L6B2M4,6477912001,2026-08-10 17:05:55
SCH76757637,Joseph,Walker,10/03/1948,MALE,1281 418 606,M1L1T2,2894773693,2026-08-09 03:42:37
SCH97054053,Amara,Rossi,05/08/1959,FEMALE,6052 405 880,M4J0E8,4169863945,2026-08-24 18:09:08
SCH65972640,Sofia,Patel,01/10/1944,FEMALE,1863 214 381,M1L5Y5,4372551601,2026-08-01 02:51:08
SCH88512504,Steven,Ross,12/12/1955,MALE,5307 169 077,L5C3V5,4378237751,2026-08-05 19:17:32
SCH88996277,Sarah,Walker,29/06/1963,FEMALE,4037 472 554,M5H1E4,6475117599,2026-08-12 22:29:20
SCH59554576,Robert,Lee,06/03/1967,MALE,5093 102 076,M5G0S2,6472020631,2026-07-24 03:17:45
SCH14495089,Sarah,Gagnon,12/11/1964,FEMALE,3585 598 000,M1K0G3,2896886338,2026-08-28 10:26:39
SCH18843012,Jennifer,Okafor,30/08/1937,FEMALE,3568 709 806,M5H1A3,9059869842,2026-08-06 23:27:24
SCH10869005,Margaret,Miller,25/03/1973,FEMALE,1323 602 423,M1J2G9,2892039303,2026-07-12 17:47:01
SCH32507475,Jessica,O'Brien,22/06/1970,FEMALE,0726 855 596,M1G3V6,3656773067,2026-07-10 01:35:53
SCH82703076,Margaret,Lee,13/12/1955,FEMALE,6566 917 479,M2H2A1,9057449450,2026-07-08 12:49:45
SCH50676337,Diego,Smith,24/06/2018,MALE,1640 183 115,M4E4J4,4375262959,2026-07-28 19:59:51
SCH64935224,Sofia,Clark,15/05/1959,FEMALE,6862 874 580,M1H8R5,9056037237,2026-07-09 04:36:32
SCH62510602,Claire,Ahmed,31/07/1986,FEMALE,3918 723 390,M5E1P3,6472140304,2026-07-11 00:05:23
SCH76452839,Jean,Stewart,06/06/1972,MALE,7252 673 335,L6R7Z7,2894196394,2026-07-24 11:47:20
SCH28081436,Melissa,Mensah,27/02/1988,FEMALE,8325 201 666,L5A5K9,4162505302,2026-07-15 21:25:52
SCH86513318,Nikolai,Kelly,15/01/1999,MALE,8856 789 584,M4C5W1,4374804787,2026-07-17 17:30:53
SCH62682359,Chiara,Harris,13/12/2025,FEMALE,3362 952 305,L5B4A5,9053405766,2026-07-08 02:48:03
SCH80885402,Andrew,Mensah,20/08/1981,MALE,2119 706 139,M9L9C5,3655451838,2026-07-30 21:44:03
SCH73027161,Sofia,Stewart,25/02/1967,FEMALE,0387 411 804,M1M1C2,4167158314,2026-07-03 20:15:04
SCH83266123,Christopher,Mitchell,29/09/1975,MALE,7448 006 788,M4G7Z0,6473126698,2026-07-16 22:50:35
SCH45127306,Chiara,Ricci,05/01/1988,FEMALE,1124 920 685,L6R8T8,4378021201,2026-08-26 00:32:10
SCH60906533,Mark,Ferreira,12/07/1944,MALE,2449 061 718,M1N7Y8,9059622325,2026-07-09 08:19:29
SCH48878365,Barbara,Mitchell,21/04/1989,FEMALE,4819 704 349,M2K7M5,6474828447,2026-08-20 14:38:47
SCH79413145,Michael,Santos,05/05/2014,MALE,9868 405 300,M4J9P0,4166406802,2026-07-23 22:46:10
SCH11864520,Kenneth,Park,23/03/1972,MALE,7209 846 356,M6A3X2,4377467685,2026-07-10 20:18:39
SCH92013836,Amanda,Ali,16/12/1966,FEMALE,4906 832 268,M8X8G2,2892407952,2026-08-19 23:51:16
SCH79251455,Betty,Hassan,30/05/1932,FEMALE,2101 801 963,M8Y7V1,3653312512,2026-08-30 02:15:48
SCH85750459,William,Garcia,12/10/1951,MALE,8472 912 131,M6J8S6,4372255047,2026-08-18 23:52:35
SCH13860219,Diego,Martinez,18/04/1969,MALE,2644 554 970,M5G0C4,6478456979,2026-07-30 07:05:16
SCH48898496,Sandra,Ali,02/01/1980,FEMALE,1187 044 407,M5B8K9,4373614936,2026-08-08 05:22:42
SCH51995821,Sarah,Brown,10/06/1966,FEMALE,1325 247 201,M5R7M7,4372554475,2026-08-24 22:18:42
SCH92175887,Ling,Gonzalez,23/11/1976,FEMALE,3550 876 670,M1K3M5,6473840408,2026-08-06 11:32:59
SCH60393134,Lisa,Ferreira,07/01/1947,FEMALE,9820 031 046,M8V5V7,4375608467,2026-08-28 17:57:17
SCH91421483,Patricia,Jones,06/02/1956,FEMALE,7768 162 062,M6B5L6,6474972011,2026-08-15 02:47:26
SCH18715344,Aisha,Lopez,26/01/1978,FEMALE,8601 499 109,M4B8C5,6474173883,2026-08-11 09:40:29
SCH44064983,Diego,Walker,19/04/2004,MALE,0945 018 778,M6E0M0,6473451740,2026-07-07 22:01:39
SCH19517105,Amanda,Chen,30/11/1971,FEMALE,5419 327 001,M9A2W5,4165875872,2026-08-08 02:58:25
SCH37239717,Kevin,Johnson,06/07/1974,MALE,8574 375 898,L6H8V9,2895001362,2026-07-25 02:52:17
SCH63027855,Susan,Hill,07/05/2017,FEMALE,6429 064 329,M1J0R2,9055844018,2026-08-27 23:37:53
SCH65350261,Zara,Silva,17/03/1980,FEMALE,1881 483 067,M4G0T3,4163683275,2026-07-22 15:36:04
SCH62282562,Steven,King,28/04/2015,MALE,6708 074 031,M6J9S9,4167613534,2026-07-07 22:02:31
SCH51269938,Susan,Hassan,01/09/1982,FEMALE,0522 216 100,M5N0H9,9052091283,2026-08-24 03:19:57
SCH36668473,David,Hassan,24/12/1957,MALE,4758 056 875,L6H1C0,9055591441,2026-07-12 04:28:05
SCH28168677,Sandra,Anderson,26/07/1957,FEMALE,4917 215 198,M6H6G9,3659984488,2026-08-08 22:07:36
SCH35489726,Nikolai,Lewis,22/10/1995,MALE,3539 819 502,L5B9G6,2893894177,2026-08-17 13:48:04
SCH73224105,Priya,Stewart,24/10/2021,FEMALE,2923 301 101,M4G0P0,4376436556,2026-07-24 21:51:10
SCH89097866,Emily,Martinez,09/01/1970,FEMALE,8285 521 129,L6G0C6,3654998060,2026-08-28 16:38:56
SCH16914400,Ivan,Clark,30/09/2017,MALE,3153 739 952,L4C0M5,9056714545,2026-07-14 08:15:59
SCH95030009,Luc,Fraser,12/06/1995,MALE,8378 001 401,M9C5W1,4372482131,2026-08-14 02:02:20
SCH96467022,Mark,Wang,11/08/1978,MALE,0242 168 425,M6J0C7,3652356069,2026-08-18 14:13:40
SCH79144879,Thomas,Mitchell,06/12/1961,MALE,0333 437 754,M1C5Y8,6476859941,2026-08-09 11:59:38
SCH15185818,Wei,Khan,28/09/1958,MALE,1588 476 430,M6M6R4,9052458615,2026-08-05 15:03:39
SCH55701514,Nikolai,Santos,05/09/1938,MALE,1964 975 062,M5J4V2,3657370123,2026-08-19 23:16:27
SCH64191641,Joseph,Roy,02/08/1953,MALE,5509 740 709,L4J5K7,2897245748,2026-08-24 22:42:46
SCH18622097,Jennifer,Kowalski,04/09/1974,FEMALE,5475 732 326,M5P0M5,9057693757,2026-02-28 10:47:28
SCH99103784,Michelle,Mensah,29/09/1970,FEMALE,8875 609 433,M6K2S0,9058249605,2026-08-24 13:26:39
SCH67293695,Ahmed,Allen,04/04/2001,MALE,1049 650 680,M6E3P7,2899107432,2026-07-24 07:56:48
SCH71383931,Nancy,Hassan,30/01/1972,FEMALE,8848 723 543,M6A0V8,6474122252,2026-07-20 05:44:01
SCH85482917,William,Jackson,04/06/1961,MALE,2532 972 938,M2N7Y9,3652116554,2026-07-30 09:06:34
SCH28001084,Mohammed,Li,28/09/1956,MALE,6980 435 140,M4H3J2,2897498425,2026-07-09 19:26:29
SCH41111033,Sofia,O'Brien,07/06/1977,FEMALE,4974 500 995,M2N8N8,4375137459,2026-08-08 02:25:13
SCH35579521,Michelle,Taylor,21/05/1927,FEMALE,1594 795 393,M6L8J0,6472511345,2026-08-31 17:46:27
SCH81379604,Karen,King,08/03/1956,FEMALE,8727 528 443,M4B7B3,4167880315,2026-08-26 20:06:01
SCH14613429,Amir,Kim,10/11/1961,MALE,5422 000 231,M1C5R7,2892364255,2026-08-26 05:32:23
SCH85334861,Melissa,Khan,25/05/1967,FEMALE,7884 832 333,M5H4X7,4372856917,2026-07-23 15:04:38
SCH89891650,Robert,Roy,31/05/1969,MALE,6344 226 193,M5K9B8,6474095087,2026-08-25 12:39:35
SCH92917350,Zara,Singh,13/07/1988,FEMALE,8501 103 561,M6C2C1,4374645964,2026-08-27 12:48:17
SCH68015922,Sarah,Williams,17/12/1969,FEMALE,4640 365 500,M1E5T4,2892975475,2026-08-07 10:54:27
SCH19083357,Michael,Jackson,18/11/2007,MALE,8325 166 059,M4K7K4,4168440718,2026-07-13 14:23:50
SCH65338765,Chiara,Murphy,04/05/1992,FEMALE,8861 917 790,M6E3W4,4163174366,2026-08-21 03:09:11
SCH40999354,Olga,Garcia,30/12/1999,FEMALE,5889 354 444,M5J3K6,4372107055,2026-07-20 00:50:19
SCH47327828,Fatima,Wilson,15/01/1975,FEMALE,3093 349 847,M6J9B4,2893119058,2026-07-12 19:12:32
SCH85558713,Fatima,Campbell,01/05/1959,FEMALE,3263 649 885,M1L1C6,6479892667,2026-07-27 04:33:46
SCH27263142,Amanda,Jackson,21/11/1947,FEMALE,4405 822 521,M6C7R2,4168096216,2026-07-22 14:47:20
SCH53558356,Amanda,Santos,03/05/1947,FEMALE,6846 437 355,L4C7R0,4168525777,2026-08-06 00:12:20
SCH56929884,Aisha,Young,28/03/1986,FEMALE,9695 573 163,M4A9Z4,9053517056,2026-08-05 18:44:09
SCH84348254,Nancy,Wilson,26/04/1951,FEMALE,2543 923 011,M5P8R1,4372293784,2026-08-17 09:36:10
SCH87872989,Nadia,Kelly,09/02/1940,FEMALE,9139 350 467,L6R9Z0,4164354728,2026-07-03 18:05:22
SCH86059051,Emily,Sutherland,31/05/1975,FEMALE,6676 671 388,M8W6L2,4165680263,2026-07-24 15:33:29
SCH96840137,Lisa,King,14/07/1955,FEMALE,3935 771 042,L4C9N1,6477863768,2026-08-23 11:42:10
SCH94540513,Amara,MacDonald,13/09/1980,FEMALE,4681 983 328,M2H7N4,9058451840,2026-07-14 14:59:26
SCH50449055,Marie,Adams,09/07/2026,FEMALE,4141 219 891,M5E8Y5,6479223763,2026-08-16 16:02:33
SCH98195390,Pedro,Green,01/12/1970,MALE,5310 273 106,M9M8W8,2894501512,2026-08-31 17:07:58
SCH85161279,Nadia,Chen,27/09/1983,FEMALE,3922 395 268,M4J3P5,9052180297,2026-08-13 11:00:40
SCH60782481,Elizabeth,Rossi,23/12/1983,FEMALE,9847 937 654,M1K2K6,9054935162,2026-08-08 01:19:51
SCH60797139,Marie,Nelson,08/07/1976,FEMALE,9906 840 054,M9C8T2,3654181852,2026-08-18 00:40:19
SCH99567460,Steven,Adams,06/02/1995,MALE,6503 916 394,M6L3G6,6473347245,2026-08-26 14:58:38
SCH92627968,Christopher,Rodriguez,26/11/1985,MALE,8562 183 833,M1J9T0,4376429345,2026-07-16 00:17:47
SCH38351530,Aisha,Harris,11/05/1966,FEMALE,4600 180 923,M6E4K6,2894380164,2026-07-09 17:19:14
SCH58329320,Jessica,Gonzalez,27/03/1935,FEMALE,1931 153 173,M3H6M1,3657297837,2025-12-25 11:58:23
SCH24710669,David,Clark,20/09/1985,MALE,3924 001 500,L5B0M9,2893599242,2026-08-12 05:04:31
SCH22928650,Luc,Ross,27/02/2023,MALE,2528 156 314,M8V3E3,9056685526,2026-07-23 03:52:52
SCH34308787,Zara,Kelly,19/06/1973,FEMALE,6596 975 471,M2K5M3,3655536482,2026-07-19 01:46:38
SCH76465180,Lisa,Young,02/08/1955,FEMALE,9091 236 373,L4L8V3,9055707726,2025-12-30 22:18:46
SCH90615971,Sarah,Li,24/05/1973,FEMALE,9326 974 491,M1J5G4,6472605884,2026-08-06 09:04:40
SCH64584447,Margaret,Johnson,10/10/1983,FEMALE,1547 939 080,L6B4W4,2897052288,2026-07-30 13:19:04
SCH27986575,Ingrid,Gonzalez,20/03/2017,FEMALE,3268 944 901,M5P7N8,2892427157,2026-08-14 23:11:00
SCH59086194,Ahmed,Rodriguez,15/12/1986,MALE,0745 314 641,L4C5G2,2894075070,2026-07-12 23:25:16
SCH78633492,William,Okafor,02/05/1927,MALE,8959 759 773,M9A2T8,3659233129,2026-07-28 14:21:56
SCH67823369,Nancy,Rossi,06/09/1972,FEMALE,4548 285 719,M6G4T4,4162037507,2026-07-25 19:39:17
SCH30857869,Raj,Kowalski,12/08/1944,MALE,5517 820 386,M1E7C2,2899039742,2026-08-11 17:26:56
SCH94783289,Sandra,Jackson,26/05/1994,FEMALE,8356 584 469,M8V6A2,3658398724,2026-07-11 13:44:25
SCH91362405,Jin,Robinson,16/05/1978,MALE,7814 473 802,L5C0V4,2899030023,2026-08-19 17:51:52
SCH83484087,Ahmed,Baker,29/03/1983,MALE,0058 953 860,L6A3S0,4372975773,2026-07-10 11:31:22
SCH86407053,Aisha,Anderson,09/05/1938,FEMALE,7486 806 941,L4K2W4,4374803943,2026-08-26 12:38:27
SCH63936777,Mei,Brown,15/03/1966,FEMALE,3271 322 871,L6A5C0,4162388203,2026-07-09 07:42:17
SCH26515970,Matthew,Moore,15/10/1977,MALE,8109 418 049,M1H4G6,9053126499,2026-07-18 23:54:51
SCH98339290,Mohammed,Kelly,14/04/1964,MALE,8399 508 574,M4M1W6,6476629138,2026-08-28 04:43:16
SCH26424366,Ling,Green,16/10/1951,FEMALE,7478 611 473,M4G1E0,2898781084,2026-08-07 00:53:53
SCH15617497,Mohammed,Stewart,25/06/1992,MALE,3774 275 923,L6A6V7,4168883743,2026-07-15 08:05:13
SCH27675124,Amanda,Murphy,01/05/2000,FEMALE,0549 660 231,M9B3A6,9059233666,2026-08-04 09:02:17
SCH14376257,Nikolai,Kowalski,17/06/1978,MALE,5276 317 533,M9L0T4,3655235193,2026-07-06 00:27:13
SCH46773725,Nancy,Li,01/03/1946,FEMALE,4508 652 429,M8W5H6,4378729022,2026-07-19 07:09:42
SCH34407363,Tomas,Nguyen,25/06/1984,MALE,6146 718 991,M8Y8G8,6472104218,2026-08-16 02:17:12
SCH82504017,Brian,Ali,23/01/2009,MALE,0232 821 355,M3H4N4,4165091007,2026-08-08 02:40:30
SCH97863097,Ashley,Wright,03/08/1968,FEMALE,9314 214 850,L6M2K7,3659339492,2026-08-31 00:10:17
SCH59538739,Thomas,Fraser,28/08/1965,MALE,6750 056 845,M6A4J3,6473679177,2026-07-18 11:51:41
SCH53588348,Hiroshi,White,24/09/1971,MALE,6228 022 627,M4M1L6,4163415002,2026-07-13 14:10:37
SCH49707208,Jennifer,Garcia,22/02/1954,FEMALE,3261 897 296,M6M8N5,3652343245,2026-07-30 05:48:15
SCH82516965,Ahmed,Robinson,23/03/2026,MALE,4419 988 987,M6A2V0,4376599284,2026-07-08 06:16:38
SCH84998904,Tomas,Adams,14/02/1965,MALE,9733 766 555,M9B6R1,2893885534,2026-08-02 05:49:56
SCH66857500,Ana,Patel,01/06/1992,FEMALE,3616 867 911,M2M2S6,4373737085,2026-07-18 16:00:17
SCH27097727,Pedro,Clark,05/03/1952,MALE,3973 766 359,M2N5X6,6476860387,2026-08-22 20:11:01
SCH96837666,Mohammed,Carter,28/09/1926,MALE,8765 995 959,M3C4M4,6472025911,2026-08-23 14:49:53
SCH53964848,Raj,Hill,23/05/1993,MALE,3519 261 790,M2R1H3,9054644784,2026-08-14 16:16:52
SCH60003177,Hiroshi,Fraser,10/03/2005,MALE,8734 989 638,M4E4V1,6475588746,2026-08-25 08:24:08
SCH44550348,William,Kim,13/07/1951,MALE,5711 706 332,L5B0T5,3654642491,2026-08-04 10:54:55
SCH80310353,Nadia,Brown,05/06/1971,FEMALE,3891 331 112,M4E1H6,3655145653,2026-07-22 18:31:41
SCH92980328,Barbara,Khan,04/05/1993,FEMALE,3192 421 539,M5B1B6,4166676650,2026-08-09 08:10:59
SCH17532266,Elizabeth,Ahmed,25/06/1968,FEMALE,0304 533 797,M1L5Z3,6478006204,2026-08-08 11:19:51
SCH25977947,Patricia,Li,10/04/1982,FEMALE,6486 407 551,L4C6R2,4372182995,2026-08-20 23:28:19
SCH19906453,Olga,Tremblay,18/03/2004,FEMALE,5897 669 601,M8W5J5,2899853631,2026-08-01 17:42:13
SCH76036929,Steven,Sutherland,03/03/1973,MALE,7357 595 441,M5R8Y1,4373068257,2026-07-17 05:33:02
SCH86692049,Richard,Santos,30/10/1982,MALE,0128 911 450,M2N3M3,4373971653,2026-08-16 20:37:19
SCH60613959,Amir,Thomas,08/10/1977,MALE,6059 764 909,L6L2G7,4162232378,2026-08-22 06:16:32
SCH74312529,James,Wang,14/06/1971,MALE,1990 498 535,L4C6B1,6476878673,2026-07-10 23:35:00
SCH92478247,Michelle,Sutherland,31/03/2006,FEMALE,8866 392 023,M9M8B1,3659976166,2026-07-26 09:46:28
SCH66108582,Anthony,Clark,07/03/1974,MALE,0045 283 447,M1E8L4,9058190901,2026-08-09 10:28:16
SCH32457375,Jin,Hill,27/12/1956,MALE,1273 996 189,M9B3X2,9055315139,2026-07-21 12:26:50
SCH69716596,Joseph,Lewis,26/05/1996,MALE,9841 788 442,M5E6K5,2893825051,2025-06-16 00:29:49
SCH67534833,George,Murphy,07/01/1977,MALE,8777 994 891,M2M9V3,6472332285,2026-07-13 09:30:46
SCH17194753,Ivan,Ricci,09/08/1930,MALE,0980 792 386,M5J3R6,3655776544,2026-07-06 07:45:00
SCH59730441,Amir,White,27/02/1974,MALE,0489 316 059,M4G7H3,4375715751,2026-07-12 02:57:12
SCH82323310,Mary,Lopez,25/11/1945,FEMALE,4446 115 034,M6G4B4,4162679012,2026-08-21 01:12:17
SCH74675754,Sofia,Ali,19/05/1968,FEMALE,0908 365 505,M6G3V3,3652478182,2026-08-02 02:03:24
SCH32572134,Ingrid,Green,25/10/1982,FEMALE,8018 831 290,M5B5B7,4166370458,2026-07-08 06:25:01
SCH22776922,Kevin,Garcia,21/11/1955,MALE,8778 587 876,M5K8C6,2894739396,2026-08-31 02:04:52
SCH93204107,James,Santos,13/02/2014,MALE,4905 048 569,M3A1E0,4168089466,2026-08-20 17:51:56
SCH23306879,Joshua,White,26/12/1978,MALE,6213 225 367,M2N9K9,2897619278,2026-08-10 07:48:08
SCH47308443,Ana,Nelson,05/06/1960,FEMALE,1850 063 577,L6R6L0,3659305108,2026-08-06 11:47:09
SCH94655304,Thomas,Tran,27/02/1966,MALE,1929 680 732,L6M9L4,6475241504,2026-08-15 08:27:20
SCH26873958,Mark,Silva,04/11/1952,MALE,6128 878 599,L6A0N1,6475142036,2026-07-25 04:56:55
SCH67401661,Ana,Lopez,29/09/1967,FEMALE,5367 488 698,M5K5Y6,2894384746,2026-07-06 14:38:41
SCH65186945,Betty,Thomas,22/11/1939,FEMALE,5990 909 912,M2N0S2,9053383257,2026-08-16 18:39:56
SCH89723026,Margaret,Baker,28/08/1927,FEMALE,8658 179 513,M9N7S6,9059260967,2026-07-27 20:53:39
SCH82248440,David,Singh,05/04/1995,MALE,8756 914 852,M6M3G4,4167756445,2026-08-27 17:37:42
SCH66473388,Yusuf,Allen,25/01/1968,MALE,7589 457 956,M3B5E8,4165759219,2026-07-04 10:42:38
SCH84977888,Chen,Zhang,07/05/1988,MALE,4020 327 138,M4M7Y6,3654455307,2025-12-12 07:25:19
SCH50838503,Hiroshi,Kowalski,19/03/1980,MALE,5754 260 429,M5B0R5,4162042887,2026-07-27 17:27:39
SCH62648676,Matthew,Kowalski,12/06/1967,MALE,0355 919 549,M6H4K1,4373005526,2026-08-24 05:43:32
SCH45669255,William,Young,22/12/1975,MALE,3718 263 522,M4L8L2,3656813387,2026-07-26 11:38:14
SCH58804440,Robert,Gonzalez,02/09/2020,MALE,4517 371 508,M1M5S8,6473835494,2026-08-12 03:43:02
SCH15845329,William,Johnson,12/06/2007,MALE,1547 179 646,M8W2M5,9057333537,2026-07-11 22:25:16
SCH39207795,Hiroshi,Mitchell,07/09/1997,MALE,3114 575 206,M6C9M7,4162373572,2026-07-26 06:45:01
SCH77054352,Sofia,Khan,16/06/1963,FEMALE,4076 561 705,M8W6M6,3656753568,2026-08-13 05:50:03
SCH29309738,Ivan,Anderson,09/03/1989,MALE,4862 976 281,M1M2B2,3652670854,2026-07-27 01:51:00
SCH62783249,Melissa,Zhang,23/12/1981,FEMALE,5614 431 467,L6G6W9,3657266102,2026-07-14 10:07:37
SCH51347289,Nancy,Tremblay,03/12/1979,FEMALE,8533 378 975,L6A9B8,9057650771,2026-07-29 01:47:28
SCH68843075,Jessica,Khan,07/06/1967,FEMALE,7709 901 230,L6J7P0,3655885128,2026-08-15 04:56:14
SCH39424063,Mohammed,Chen,10/05/1960,MALE,5603 680 835,L6J1T7,4379867079,2026-07-08 22:16:15
SCH16017407,Claire,Zhang,22/12/1934,FEMALE,0175 971 712,M1M8W6,2898931863,2026-07-03 16:13:44
SCH27857092,Fatima,Murphy,01/10/1974,FEMALE,7793 734 026,M6E3W5,6477940994,2026-07-05 14:33:30
SCH49098018,Daniel,Park,12/09/2005,MALE,9664 426 781,M1N7J3,6473131720,2026-07-31 14:52:40
SCH71884320,Raj,Carter,04/02/1974,MALE,3222 712 170,L6B7A0,3652801253,2026-07-18 11:59:38
SCH13863512,Amir,Wright,04/06/1980,MALE,1485 398 083,M5P7T5,9057387791,2026-07-30 20:41:33
SCH15006859,William,Murphy,13/06/1974,MALE,4847 771 187,M1K2C7,4372574657,2026-07-30 23:11:16
SCH42414740,Chen,Anderson,17/12/1977,MALE,8464 644 817,M4G2L0,6475030600,2026-07-16 16:50:49
SCH12662913,Mary,Silva,03/01/1946,FEMALE,8529 930 029,M1K1Y3,9058263142,2026-07-23 05:27:40
SCH50669106,Elizabeth,Walker,13/09/1975,FEMALE,7737 529 979,L6S8N5,4375713188,2026-07-14 14:05:47
SCH76550260,Barbara,Johnson,31/01/1980,FEMALE,2700 116 961,M4E2A6,9058573531,2026-07-14 04:02:54
SCH92576198,Luc,Smith,10/03/1969,MALE,8769 084 768,M1L6Y8,4378983307,2026-07-06 09:31:34
SCH75962481,Joseph,Ali,21/12/1989,MALE,0633 249 818,M5E4M8,2897282680,2026-08-30 12:49:27
SCH72541484,Ahmed,Zhang,15/08/1952,MALE,0093 677 516,M1C8W5,2895259539,2026-08-28 19:25:57
SCH74329108,Aisha,Hassan,23/12/2001,FEMALE,8726 921 722,M2H8T0,2898532861,2026-08-23 03:44:58
SCH32106876,Chiara,Anderson,18/05/1931,FEMALE,3284 664 756,M5G1X4,4162409830,2026-08-07 03:54:55
SCH91378858,Daniel,Lewis,21/04/1990,MALE,2567 764 283,M6G7V6,2892600511,2026-08-06 17:42:39
SCH85551536,Aisha,Hassan,11/08/1958,FEMALE,7580 946 320,M5P5B8,4374646902,2026-08-04 04:57:19
SCH28613956,George,Scott,04/12/1947,MALE,2475 330 672,M9C7X2,9054954056,2026-08-06 12:08:34
SCH79350342,Jessica,Green,18/09/1966,FEMALE,2357 704 960,M1H0P7,2899943754,2026-08-08 20:24:16
SCH25343103,Ahmed,Lee,20/12/1996,MALE,0220 069 389,M4H7G9,2892008808,2026-08-09 02:47:10
SCH77395678,David,Roy,25/05/1973,MALE,1668 143 231,L6S1M6,6473507683,2026-08-22 04:40:04
SCH85170524,Diego,Sutherland,21/07/1988,MALE,8078 943 670,M5K1V0,3655361863,2026-07-21 05:27:46
SCH55920717,Chen,Hassan,30/03/1946,MALE,4904 035 658,M6M3X8,4162824290,2026-07-21 07:54:25
SCH45953879,Fatima,Williams,19/12/1979,FEMALE,5406 889 823,M4G7V8,3659139820,2026-08-07 00:18:04
SCH39787473,Pedro,Hernandez,07/08/1937,MALE,6072 448 761,L6B4G5,9053697289,2026-07-20 03:22:58
SCH34888821,Richard,Martinez,01/04/1948,MALE,0470 812 777,M2K0M5,3654496065,2025-08-15 13:06:34
SCH41336710,Chiara,Wilson,20/11/1996,FEMALE,7800 846 458,M6J7A7,9057043153,2026-08-12 04:19:10
SCH55352489,Aisha,King,13/04/1983,FEMALE,1985 089 687,M4M6Z6,9057123451,2026-08-22 22:44:37
SCH79916829,Lisa,Brown,01/01/1999,FEMALE,9220 918 131,M1E7M9,4372082105,2026-08-28 06:41:54
SCH45578255,Yusuf,Mensah,01/07/2024,MALE,1916 311 770,L6H2Y8,6472590753,2026-08-21 13:03:08
SCH85352712,Barbara,Martin,05/04/2006,FEMALE,5078 726 634,M9M1W1,9054585355,2026-07-10 13:56:43
SCH71380636,Brian,Khan,14/10/1975,MALE,7945 921 489,L6C3C4,3654025659,2025-10-04 20:44:52
SCH82880810,Michael,Hernandez,02/08/1969,MALE,6441 846 919,M5G4H9,3657624216,2026-08-08 21:48:58
SCH32482210,Michelle,Gagnon,06/08/1930,FEMALE,1972 206 872,M2J4N5,9059201223,2026-08-02 22:23:24
SCH99080989,Luc,Fraser,06/11/1999,MALE,9315 273 137,M5P0J0,6478123919,2026-07-15 05:44:24
SCH43344824,Claire,Green,29/03/1962,FEMALE,5618 031 230,M1L4B4,3653830726,2025-12-26 12:17:01
SCH90742390,Barbara,Ricci,30/06/1949,FEMALE,4150 784 082,M2J2X1,9055816561,2026-08-28 03:42:32
SCH45308152,Ahmed,Hassan,12/03/1991,MALE,2354 102 721,L5C2A4,6474109446,2026-08-13 09:41:44
SCH62554962,Matthew,Khan,18/02/2008,MALE,7822 896 879,L6C5X3,9053411781,2026-08-27 19:32:40
SCH90251478,Sandra,Ali,27/06/1927,FEMALE,6508 282 800,M9N7S3,2894727110,2026-07-03 09:40:19
SCH86083565,Luc,Williams,19/10/1979,MALE,3703 642 821,M6L1G1,9057226840,2026-08-31 20:27:29
SCH98759181,Betty,Hill,17/01/2026,FEMALE,4397 023 815,M4B0Z0,3654530223,2025-07-08 21:28:54
SCH82855036,Zara,Hernandez,02/02/1995,FEMALE,9782 440 326,M5P1W0,9056164323,2026-07-27 23:39:24
SCH50609587,Margaret,Carter,02/08/1979,FEMALE,2637 401 742,M1L3A5,3652379751,2026-07-26 06:58:15
SCH43739502,Tomas,Brown,16/10/1965,MALE,3777 267 414,L5N5H7,9056177899,2026-08-07 03:01:43
SCH10057054,Jean,MacDonald,15/03/2004,MALE,2933 635 084,M8X0A8,3659068500,2026-07-06 21:56:16
SCH17870934,Chen,Jones,26/02/2001,MALE,4239 861 273,M3H8C8,4373466185,2026-07-16 06:58:53
SCH50295708,Jean,Gonzalez,21/06/1989,MALE,4535 474 755,L6J9Y8,6476584088,2026-08-21 00:37:12
SCH70059174,Richard,King,17/06/1988,MALE,4083 505 133,M6G7M5,4164671475,2026-08-01 20:52:53
SCH95003180,Wei,Kumar,11/11/1975,MALE,5676 938 920,M2N7X3,4378979518,2026-07-17 05:19:13
SCH23551990,Raj,Wilson,10/05/1988,MALE,8820 293 911,M1B6R6,4163467889,2026-07-07 19:04:55
SCH18854442,George,Martinez,09/03/1975,MALE,4611 675 705,L4L6R7,9058526837,2026-08-22 13:53:44
SCH26398308,Amanda,Stewart,27/01/1956,FEMALE,4163 740 360,M6B8W4,2892953280,2025-06-10 17:29:46
SCH68777636,Ivan,Santos,05/08/1988,MALE,1155 446 915,M4L0V8,9055888809,2026-07-27 22:00:57
SCH94927826,Anthony,Hernandez,30/03/1981,MALE,0638 855 940,M2N9J9,9055782439,2026-07-05 12:33:15
SCH67715724,Pedro,Kowalski,31/12/1954,MALE,6901 414 000,M3A6Z0,4373383327,2026-08-25 15:03:19
SCH31250233,Linda,Green,03/03/1945,FEMALE,5433 664 959,M6E6X9,6478942640,2025-09-18 20:33:32
SCH60828282,Priya,Clark,04/08/2006,FEMALE,2185 969 827,M1C1L6,4376820316,2026-08-03 07:06:18
SCH82197458,Claire,Lopez,27/08/1957,FEMALE,4770 775 494,M8V0N5,6472316531,2026-08-09 04:54:56
SCH24702882,Aisha,Smith,07/11/1958,FEMALE,6038 799 083,M8V3K0,4167196731,2026-08-25 02:35:26
SCH60412450,Nikolai,Kowalski,25/04/1954,MALE,0921 065 421,M1C0J5,6479387271,2026-08-27 08:41:01
SCH36201175,Olga,Osei,13/06/1996,FEMALE,8273 435 233,M4B6R8,9055409021,2026-08-02 05:52:45
SCH35622535,William,Baker,13/10/1982,MALE,1680 164 777,M5R2N4,2899649850,2026-08-20 08:33:04
SCH13315555,Nikolai,Li,20/08/1956,MALE,2985 532 239,L4B4A0,2894870406,2026-08-31 05:32:04
SCH73570670,Betty,Nguyen,07/06/1974,FEMALE,5018 281 922,M1K9K3,4373602925,2026-07-24 20:40:06
SCH94683505,Lisa,Jones,15/04/1948,FEMALE,3509 141 937,M5R7R7,4374703571,2026-08-12 12:31:52
SCH91836366,Robert,Singh,27/11/1961,MALE,3293 010 827,M1C4A5,9059617471,2026-08-11 01:38:22
SCH94280283,Ashley,Garcia,23/11/2000,FEMALE,3961 270 612,M4K2Y6,4164693080,2026-07-10 02:06:30
SCH84065438,Jin,Okafor,26/05/1969,MALE,8603 733 240,M1N9T6,2899485460,2026-08-31 01:30:35
SCH97259733,Elizabeth,Baker,05/05/1983,FEMALE,1591 667 603,M3B5V3,3659984090,2026-07-22 19:19:22
SCH32945204,Sofia,Miller,19/12/1990,FEMALE,8821 828 335,M4B5P8,4165724220,2026-08-12 23:48:15
SCH54225927,Karen,Nowak,17/09/1998,FEMALE,6523 985 080,L6A9M3,6479453878,2026-08-15 12:42:04
SCH44006395,Christopher,Park,01/12/2018,MALE,9670 841 254,M9M8Z3,2893162153,2026-10-28 06:36:21
SCH16936448,Emily,Tremblay,21/02/1987,FEMALE,8028 790 700,M4G2L7,4169942679,2026-08-17 16:17:59
SCH11812894,Nadia,Park,10/08/1980,FEMALE,8154 547 098,M9M0X1,9056731048,2026-08-02 10:36:26
SCH94411210,Kenneth,Miller,01/02/1967,MALE,4791 761 507,M6H6S3,6475153269,2026-07-24 03:46:19
SCH90985585,Barbara,Okafor,03/10/1964,FEMALE,3710 862 511,M8V5X4,9053580711,2026-07-10 14:36:20
SCH32479998,Aisha,Hernandez,10/09/1985,FEMALE,5796 366 960,L5N9P8,6473573904,2026-08-29 09:48:35
SCH91579653,Andrew,Fraser,06/03/1969,MALE,1666 292 048,M2H9Z7,6473278464,2026-08-05 02:29:41
SCH98070450,Nikolai,Cote,18/03/1982,MALE,2170 035 519,M1G6N0,2896125835,2026-07-17 01:59:40
SCH54251456,Richard,Roy,04/05/1959,MALE,5273 922 178,L4B8C4,4162386631,2026-08-29 18:28:53
SCH31124914,Andrew,Johnson,17/08/1969,MALE,6216 693 413,M4J5R7,4379740724,2026-08-30 08:48:54
SCH24439466,Melissa,Baker,10/09/2009,FEMALE,9723 045 176,M4H0R8,2899647646,2026-08-24 10:18:51
SCH97200950,Nadia,Jackson,10/06/1994,FEMALE,0856 272 828,M4G4A6,6476854409,2026-08-05 13:17:48
SCH38970965,Jessica,Khan,06/01/1971,FEMALE,1662 508 918,M6H7S7,3653039080,2026-07-17 08:15:16
SCH97342632,Anthony,Carter,31/12/1956,MALE,6687 250 818,M2K0H8,9056878296,2026-08-28 14:45:45
SCH33988999,Ashley,Hassan,15/02/1985,FEMALE,4217 733 411,M9N5N2,4168748440,2026-08-27 05:44:56
SCH27591262,Melissa,Tran,17/07/1972,FEMALE,1448 009 165,L4L9W8,9055556504,2026-07-08 13:58:48
SCH36777215,Claire,Martinez,18/03/1956,FEMALE,4369 990 249,M8W8T4,6476936134,2026-08-13 04:44:27
SCH44272768,Nadia,Lee,01/04/1943,FEMALE,4372 098 907,M1K8A3,3655581784,2026-07-14 08:29:20
SCH93664336,Omar,Jackson,23/10/1990,MALE,5693 660 507,M4M2N5,3654784338,2026-08-19 12:13:29
SCH89955810,Mei,Ahmed,14/10/1975,FEMALE,9513 539 750,M2J9P8,3658906814,2026-08-28 16:33:59
SCH33487484,Andrew,Osei,06/09/1962,MALE,6225 226 569,M4M3Y9,4166418798,2026-07-04 21:13:29
SCH33054407,James,Miller,17/10/1950,MALE,0772 881 918,M4E0R4,4162636432,2026-08-22 07:37:31
SCH98305498,Elizabeth,Tran,09/02/1967,FEMALE,8250 413 401,M8V4X6,4165528535,2026-08-02 23:34:53
SCH42348672,Andrew,Campbell,17/03/1945,MALE,3289 938 478,L6L3K0,4162158203,2026-07-18 03:10:59
SCH32055411,Brian,Allen,11/02/1997,MALE,5046 075 965,M3A0W0,3655471658,2026-07-04 12:48:51
SCH56692011,Kevin,Martinez,29/01/1973,MALE,4011 785 385,M1N6G8,4375618841,2026-07-03 06:12:33
SCH90271024,Wei,Martin,14/06/1990,MALE,1201 520 168,M6H9T2,4374930577,2026-08-01 23:38:28
SCH81420737,Marie,Clark,31/12/1945,FEMALE,5793 423 566,M4L7Y1,2894036666,2026-08-22 13:28:36
SCH32692697,Joseph,Ferreira,13/09/1982,MALE,6629 871 184,L6G8S9,4372087235,2026-07-11 03:36:33
SCH48386612,Anthony,Wang,12/07/1990,MALE,9541 391 844,M5K3T7,4377308082,2026-07-18 01:24:19
SCH84662236,Patricia,Young,16/03/1953,FEMALE,2297 750 545,M8V2Z0,9059164076,2026-07-23 05:41:26
SCH47739886,Sofia,Kumar,14/03/1943,FEMALE,9564 898 600,M4H3J9,6476235311,2026-07-26 10:42:04
SCH28870334,George,Cote,07/05/1977,MALE,8663 850 041,M6E0N5,6475260350,2026-08-21 18:18:03
SCH23699954,Margaret,Santos,12/07/1951,FEMALE,9147 381 512,M2J0H2,4169896722,2026-07-30 21:32:03
SCH45338883,Richard,Roy,03/07/1935,MALE,9154 604 244,M5B3Y9,9055887647,2026-07-23 01:18:05
SCH57194786,Lisa,Okafor,19/07/1978,FEMALE,7190 646 864,L6M2G5,4374001042,2025-06-05 11:43:10
SCH77528307,Robert,Khan,03/06/1984,MALE,2207 430 618,M6E1C6,3654306641,2026-07-11 02:58:10
SCH97245225,Steven,Gagnon,10/06/1937,MALE,2669 847 424,M3C5E7,9054296904,2026-08-01 12:24:28
SCH97567316,Aisha,Osei,07/01/1973,FEMALE,4371 145 220,M9C6A0,9059926128,2026-01-07 18:52:40
SCH14337845,Jean,Rossi,13/12/1978,MALE,8967 237 598,M9N2M3,9057421116,2026-07-23 07:47:56
SCH10240315,Lisa,Jones,12/09/2015,FEMALE,6830 238 892,M5J8P7,4376122313,2026-07-29 13:15:20
SCH23090103,Joshua,Rossi,24/11/1959,MALE,4265 434 649,M1E2W7,6479206466,2026-07-31 08:00:14
SCH59828171,Amara,Lewis,09/11/2009,FEMALE,6475 393 598,M5P4V1,4169774670,2026-07-21 13:40:37
SCH70160647,Omar,Thompson,02/02/2000,MALE,2696 342 878,M1M8Z1,2897221791,2026-07-05 03:26:20
SCH81935641,Omar,Martinez,05/09/1982,MALE,5961 207 759,L5B6C8,4373256742,2026-07-27 16:08:31
SCH35860907,Diego,Osei,03/06/1958,MALE,1495 850 230,M8X5K6,9053678569,2026-08-13 11:11:32
SCH80530678,Amir,Osei,15/10/1980,MALE,7969 636 732,M3B3K7,6472032870,2026-08-18 09:38:54
SCH10186337,Margaret,Lee,18/10/1990,FEMALE,0557 670 577,M9C5M0,3658199264,2026-07-06 16:06:02
SCH39810944,Jessica,Ricci,23/05/1962,FEMALE,8536 555 728,M8Y2C8,2896901052,2026-07-24 01:20:27
SCH94075517,Mark,Khan,28/03/1977,MALE,5139 317 852,M4M8C7,3658900528,2026-08-11 03:19:20
SCH36641746,Melissa,Cote,24/01/1944,FEMALE,8392 501 162,L5A1C3,2895646153,2026-07-21 09:12:31
SCH24462639,Patricia,White,06/08/1959,FEMALE,2142 399 050,M5P4J4,4378152112,2026-08-27 18:04:48
SCH91434025,Betty,White,29/07/1962,FEMALE,9291 825 082,M3H1E0,6475552046,2026-08-15 05:07:39
SCH88342999,Jin,Kumar,30/07/1964,MALE,6379 627 521,M1H4T9,6472357847,2026-08-22 18:00:42
SCH30809078,Christopher,Robinson,07/03/1979,MALE,8937 503 822,M3C6T8,4163497198,2026-07-28 02:46:43
SCH31378093,Elizabeth,Khan,20/12/2006,FEMALE,0799 254 255,L5A8Y8,9056424170,2025-12-28 04:00:23
SCH77880911,Karen,Harris,11/02/1969,FEMALE,9560 270 598,M3A6W0,6476688675,2026-07-30 00:33:34
SCH14965156,Yusuf,Jackson,17/05/1988,MALE,8590 229 038,M6G0K5,9054367755,2026-08-07 02:27:00
SCH69648580,Betty,Davis,13/05/1987,FEMALE,9743 711 633,M2J7X9,3658992280,2026-08-20 11:23:33
SCH92467245,Amara,Rodriguez,05/05/1991,FEMALE,1998 454 704,M4B7Y1,6472656765,2026-07-20 08:13:10
SCH14786275,Pedro,Jackson,17/04/1949,MALE,3970 020 495,L6L7Y5,2895695371,2026-08-22 23:04:17
SCH92999816,Wei,O'Brien,21/06/1950,MALE,3233 154 917,M6J8Z8,2892775916,2026-07-23 04:07:44
SCH68435104,Robert,Carter,03/08/1998,MALE,0045 745 353,L5B6P2,9054489100,2026-07-21 03:58:23
SCH23632102,Yusuf,Gagnon,01/01/1965,MALE,3274 653 785,L5A1W3,6477730714,2026-08-30 20:27:12
SCH99789473,Richard,Tran,21/01/1946,MALE,3205 847 720,L6H6W7,3656378850,2026-08-25 18:09:52
SCH99455927,Yuki,Roy,21/12/1977,FEMALE,5449 929 503,L6H4L9,6474946037,2026-08-05 20:57:10
SCH74290482,Robert,Mensah,14/12/1983,MALE,2070 913 559,M3A1X8,9058519913,2026-07-23 07:45:29
SCH57163247,Claire,Wilson,22/01/1989,FEMALE,0217 417 286,M5K9X4,6474231788,2026-08-31 21:32:01
SCH22212811,Ling,Adams,11/07/1957,FEMALE,2299 730 834,M2H6X3,9052606384,2026-08-31 03:16:28
SCH68195104,William,O'Brien,04/12/1984,MALE,5917 367 251,M5H1P9,3656508879,2026-07-17 11:21:06
SCH73339428,James,Silva,11/11/1975,MALE,6890 397 596,L6A5M7,2895352857,2026-08-06 22:42:42
SCH43467433,Jessica,Anderson,08/10/1950,FEMALE,4748 263 599,L5B1M4,4162957752,2026-07-14 15:23:11
SCH80800226,Fatima,Zhang,24/11/1963,FEMALE,2304 829 670,L4J2R8,3659013069,2026-07-20 06:17:11
SCH62993717,Priya,Roy,24/07/1997,FEMALE,6001 257 648,M3H8E0,4166254873,2026-07-24 04:52:06
SCH38942828,Daniel,Scott,07/05/2007,MALE,5692 334 237,M4E3K8,4378331421,2026-07-04 03:19:50
SCH67298505,Chen,Roy,03/08/1995,MALE,6190 729 845,L4K4A1,3657246052,2026-08-15 12:54:43
SCH29203014,Betty,Brown,14/02/2003,FEMALE,9581 762 003,L6B5C0,6477291140,2026-07-21 11:20:44
SCH42871060,Chiara,Hassan,27/04/1982,FEMALE,7608 583 899,L6P8C2,3654454741,2026-08-18 20:24:48
SCH43886921,Joshua,Ross,02/10/1987,MALE,3992 712 681,M4L6K5,2895456296,2026-08-14 03:33:00
SCH75577433,Thomas,Murphy,06/05/1971,MALE,5133 981 927,M6M7A0,4165813269,2026-08-22 13:18:41
SCH98392780,Raj,Wilson,03/02/1945,MALE,7972 710 003,M5G7X4,9053853240,2026-07-21 18:36:55
SCH18987647,Amir,Tran,24/08/2001,MALE,5979 242 574,L6A6B4,4374907160,2026-07-08 10:36:38
SCH98161826,Andrew,Okafor,23/08/1994,MALE,0973 011 851,L4K7E4,3653071907,2026-08-22 16:15:40
SCH72058614,Thomas,Robinson,22/03/1947,MALE,6782 551 979,M9C4B1,4376183450,2026-07-26 16:10:09
SCH27085743,Amanda,Miller,16/04/1975,FEMALE,5079 018 981,M9B5N9,2893140104,2026-08-15 17:49:34
SCH15864573,Thomas,Gonzalez,13/01/1959,MALE,5536 701 849,M6A4H3,9057273446,2026-08-11 22:53:47
SCH34518524,Patricia,Walker,10/12/1943,FEMALE,5460 372 781,M6B7V9,3659635269,2026-08-25 22:06:49
SCH27933132,Amir,Martin,02/02/1957,MALE,5262 221 392,M6G2T0,4376558380,2026-07-04 03:27:05
SCH54699269,William,Murphy,04/08/1970,MALE,2394 790 816,M5A9T8,9058819167,2026-08-22 09:25:45
SCH50066999,Sofia,Martin,03/09/1963,FEMALE,4743 324 594,M9A2M0,3657534086,2026-08-04 17:30:58
SCH40570339,Andrew,Tremblay,26/04/1974,MALE,4240 266 033,M4A2J9,4165200107,2026-08-20 13:17:27
SCH69333040,Diego,Ross,30/09/1954,MALE,2926 198 017,M2R3Y9,6474891177,2026-07-10 10:33:58
SCH30908617,Jessica,Mitchell,03/05/1968,FEMALE,4834 334 312,M5B7P6,9054916124,2026-08-03 15:45:59
SCH97721126,Michael,Mensah,02/11/1961,MALE,9307 103 250,L6G3A2,9055966741,2026-07-11 08:18:45
SCH66767793,Ivan,Thomas,28/04/2001,MALE,1892 413 434,M6M1K9,6476428368,2026-07-11 21:45:55
SCH42478652,Mei,Scott,07/08/1973,FEMALE,8404 979 638,M4C3G3,9052512576,2026-07-19 13:43:59
SCH58004236,William,Gonzalez,04/05/1971,MALE,5203 225 890,M9N6H7,4379484477,2026-01-27 10:48:36
SCH65946599,Hiroshi,Roy,17/01/1937,MALE,9178 376 001,M6L9P6,4373112468,2026-07-12 18:38:20
SCH69549051,Ingrid,Lee,10/12/1968,FEMALE,3483 767 558,M5K1E6,6474855859,2026-08-03 19:26:18
SCH28844090,Ashley,Martin,09/09/1958,FEMALE,8784 537 923,L4L5T7,4372663432,2025-07-10 01:41:17
SCH91100484,Richard,Rodriguez,21/01/1975,MALE,3545 624 524,M5H1P5,9054344873,2026-07-08 09:28:39
SCH64992665,George,Wright,24/09/1991,MALE,6282 745 683,M5G9N7,2899462699,2026-07-26 03:25:14
SCH97424776,Ivan,Thomas,18/07/1976,MALE,2039 461 443,M3C1H8,4373922154,2026-07-31 18:08:09
SCH97139899,Zara,Moore,18/08/2002,FEMALE,2178 117 780,L5N0C3,9059295601,2026-08-05 02:06:32
SCH19088032,Aisha,Sutherland,04/10/1954,FEMALE,9861 840 628,L4J5Y1,6476872260,2026-08-08 11:06:57
SCH36792302,Melissa,Roy,04/05/1939,FEMALE,2992 097 614,L4K6K2,3659020691,2026-07-04 06:26:30
SCH79438541,Claire,Ahmed,23/03/1961,FEMALE,5992 323 674,M9N3A1,3652884329,2026-07-07 10:43:42
SCH24035658,Margaret,Thompson,25/07/1956,FEMALE,6191 735 064,M1B9N5,4377727550,2026-08-17 20:49:39
SCH12822190,Kevin,Santos,27/11/1995,MALE,6178 070 741,M5H3B5,2893259994,2026-08-19 08:18:34
SCH27307605,Marie,Ferreira,27/08/1927,FEMALE,0746 479 666,M5H7C0,9058467443,2025-06-10 11:36:36
SCH14392096,Claire,Ross,03/10/1962,FEMALE,0572 998 755,M1H6M2,4379856442,2026-08-21 23:05:48
SCH28329946,Ashley,Nelson,18/12/1945,FEMALE,8749 901 131,M9C7J5,4376396104,2026-08-26 12:29:12
SCH74730603,Robert,Kumar,21/09/1952,MALE,8724 894 442,M4E6Z3,3656925331,2026-08-26 01:59:30
SCH85173237,Barbara,Ross,24/05/1942,FEMALE,5339 390 733,M1L3J8,4376412521,2026-07-04 12:35:12
SCH32403213,Ahmed,Nelson,12/10/1979,MALE,4613 767 310,M8V4X2,4162178448,2026-08-27 13:56:47
SCH20141171,Ana,Gagnon,22/09/1966,FEMALE,6082 654 887,M2M4W1,6477825453,2026-07-03 14:55:06
SCH70904311,James,Wright,03/12/1964,MALE,4157 194 574,M1H2Z2,4169437245,2026-07-04 01:33:12
SCH82257319,Joshua,Brown,11/01/1992,MALE,0298 360 629,M2K9G0,4378035890,2026-07-27 16:58:40
SCH73487152,Michelle,Williams,13/05/1927,FEMALE,9493 228 515,L6L5W0,4169129107,2026-08-14 16:24:11
SCH62044703,Steven,Nowak,01/05/1960,MALE,7988 827 528,L6A1Y4,6479900525,2026-07-25 02:05:50
SCH96647969,Daniel,Patel,22/03/1977,MALE,6841 043 562,M9A8W2,9053335296,2026-07-17 01:43:40
SCH77165660,Fatima,Gonzalez,11/02/1956,FEMALE,7023 923 597,M8W1J1,2899133664,2026-07-21 03:53:40
SCH40908453,Pedro,Baker,25/11/1955,MALE,7987 839 805,L4C0K8,9058265626,2026-07-14 09:38:58
SCH58819156,Raj,Stewart,27/12/1957,MALE,9056 368 518,M1G7H5,9052448933,2026-08-22 02:14:46
SCH45444663,Robert,Allen,01/05/1957,MALE,2842 385 508,M3A4V2,2899384962,2026-07-26 05:58:51
SCH42302111,Nadia,Thomas,18/06/1969,FEMALE,7943 882 907,M6G9P9,4166784509,2026-04-04 22:16:39
SCH70148929,Barbara,Wang,12/10/1950,FEMALE,6514 278 842,M9A5B1,4169641504,2026-07-28 05:28:38
SCH87104926,Aisha,Smith,02/09/1983,FEMALE,1881 104 499,M2H7S0,6472593053,2026-08-17 23:02:43
SCH13549972,Omar,Thomas,03/11/1970,MALE,6979 400 394,M2M8Z7,4166304256,2026-07-08 01:15:40
SCH74373225,Christopher,Walker,04/09/1952,MALE,1286 158 850,M1H3H4,4374640330,2026-07-16 17:12:24
SCH48523382,Raj,Garcia,17/09/1942,MALE,8641 041 291,M6A3H8,4372861111,2026-07-08 08:28:50
SCH52172417,Elizabeth,Anderson,12/10/1959,FEMALE,6440 134 283,L4B7V6,6472021603,2026-07-21 12:46:08
SCH30356879,Christopher,Patel,25/03/1980,MALE,9993 300 509,M5H5M4,2897903005,2026-08-23 18:42:31
SCH99573245,Wei,Adams,27/12/1987,MALE,1280 628 627,L4C2M4,9059068883,2026-08-16 19:57:06
SCH27546956,Thomas,King,22/01/1962,MALE,6156 189 463,M9M3V1,4167118352,2026-07-03 06:34:13
SCH71805254,Matthew,King,12/03/1959,MALE,0387 370 588,M8W9H3,4163990030,2026-07-12 13:14:31
SCH39445225,Ling,Ross,17/12/1975,FEMALE,2227 826 779,M1B3J9,6476934526,2026-08-12 22:40:17
SCH79075978,Sofia,Ferreira,05/07/2002,FEMALE,4303 588 349,M6K1B7,3658728581,2026-07-09 14:16:23
SCH29209580,Nadia,Clark,28/01/1943,FEMALE,0449 831 882,M2N4N7,2892908919,2026-08-19 23:02:32
SCH35940212,Hassan,Hassan,27/06/1996,MALE,2753 232 277,M5G5W7,3655813395,2026-08-12 03:07:34
SCH44604726,Amir,Hassan,20/10/1961,MALE,7801 309 019,M4H8G1,6476303381,2026-08-19 09:17:17
SCH19074530,Claire,Stewart,02/12/1998,FEMALE,4861 340 752,L6C7E6,3659473792,2026-07-08 13:53:47
SCH14940701,Susan,Scott,15/05/2007,FEMALE,5469 168 529,M4J4E9,6472311870,2026-08-21 07:40:22
SCH88585749,Sarah,Roy,13/06/1978,FEMALE,2209 896 865,L6G3X6,6478578603,2026-07-27 13:40:59
SCH89302533,Marie,Wilson,30/09/1971,FEMALE,0573 494 150,L4J1E0,4162047081,2026-07-18 16:51:23
SCH79790910,Ingrid,Thompson,24/10/1926,FEMALE,4486 052 576,L6G2J8,6475998250,2026-07-05 12:07:33
SCH82664240,Michael,Nguyen,08/07/1970,MALE,2699 467 797,M6G1P5,4379033841,2026-08-03 20:12:20
SCH65949002,Michelle,Hill,04/02/1956,FEMALE,1648 705 505,M4G0C6,2899029894,2026-07-22 14:36:45
SCH92323954,James,Stewart,17/04/1984,MALE,3071 358 638,M8W0J0,9058019375,2026-07-06 03:03:45
SCH75247702,Patricia,Ferreira,09/11/2025,FEMALE,3364 212 187,M6E4V2,6475552656,2026-08-26 05:37:53
SCH39821915,Sandra,Harris,15/06/1952,FEMALE,3055 229 813,M6K8X0,9059548807,2026-07-14 17:03:41
SCH72808936,Ivan,Ali,02/10/1990,MALE,9943 491 358,M4M9X4,3657277604,2026-08-09 04:49:29
SCH21129800,Christopher,Kowalski,28/12/1968,MALE,9485 459 722,L5N9B3,3654130912,2026-08-03 17:34:38
SCH78505577,Patricia,Taylor,29/03/2002,FEMALE,9977 868 885,M6L8S3,4374494158,2026-08-21 10:38:38
SCH89719700,Tomas,Martinez,23/12/1986,MALE,3102 716 408,L6P7Y9,9052882943,2026-08-17 03:03:20
SCH74200352,Linda,Kumar,18/11/1974,FEMALE,1567 902 794,M4E2L8,3658163051,2026-08-30 02:35:02
SCH41363435,Jin,Patel,30/10/1932,MALE,3343 728 329,M3H1E2,9057430130,2026-07-20 19:13:27
SCH53574454,Pedro,Ahmed,07/01/1963,MALE,7302 848 663,M1N4S5,9059286083,2026-08-03 10:34:10
SCH96775990,Mohammed,Lopez,21/03/2000,MALE,7621 916 894,M6A8Y3,9054813998,2026-08-04 15:56:43
SCH41246703,Nancy,Brown,08/08/1968,FEMALE,5779 074 730,M5N6H7,3659745712,2026-07-04 23:04:20
SCH79499368,Pedro,Harris,18/09/2018,MALE,2116 778 875,M4H0P0,2893010693,2026-07-08 23:53:21
SCH35186184,Hiroshi,Clark,21/12/1954,MALE,7130 320 703,M8W9G9,4165224370,2026-08-21 16:57:39
SCH94384314,Ingrid,Adams,29/11/1982,FEMALE,8620 829 500,M9L0E0,3652136697,2026-07-19 22:00:14
SCH18532877,James,Fraser,25/10/1958,MALE,9582 304 276,M1K5P0,9054848885,2026-07-20 06:53:21
SCH33884558,Betty,Taylor,08/06/1988,FEMALE,9030 645 486,M9C2X0,3657645002,2026-07-26 06:44:11
SCH72129244,James,Hassan,28/08/1983,MALE,4924 948 039,M1N0J7,2892270109,2026-07-13 08:37:03
SCH13480786,Daniel,King,21/11/1984,MALE,0113 375 265,L4L4H5,6475111703,2026-07-21 05:38:37
SCH64301436,Tomas,Nowak,08/04/1952,MALE,0592 186 480,M5A9K1,6479537948,2026-07-25 11:13:58
SCH91636101,Omar,Ricci,20/04/1937,MALE,9507 057 991,M4M7H2,6476971768,2026-08-28 21:55:37
SCH77897372,Mark,Lee,22/02/1983,MALE,1209 121 019,L4B4N8,6473025979,2026-08-30 04:27:36
SCH98663882,Emily,Kumar,26/08/1979,FEMALE,9915 981 188,M1G3W2,9052807321,2026-08-05 19:31:26
SCH96161157,Priya,Tremblay,25/06/1991,FEMALE,8852 593 550,M1B6B7,4375256129,2026-07-22 05:33:34
SCH24190482,Marie,O'Brien,16/02/1957,FEMALE,9224 209 529,M5K0M7,9055235244,2026-08-22 01:31:37
SCH78026443,Claire,Li,21/04/1968,FEMALE,3732 908 359,M3C4G2,4378975730,2026-07-14 06:49:49
SCH94915507,Ashley,Gagnon,02/05/1977,FEMALE,4549 739 805,M5A0V9,9057870447,2026-07-12 04:37:03
SCH96775599,Marie,Jones,07/10/1975,FEMALE,2857 093 070,M2K6T6,3657583835,2026-08-29 00:23:38
SCH83158180,Michelle,King,12/03/1975,FEMALE,0378 608 251,M4C5G1,9058937518,2026-07-05 15:12:58
SCH27456190,Tomas,Park,30/08/1966,MALE,8900 809 198,L5N0L2,6475225757,2026-07-30 18:11:56
SCH77806193,Luc,Scott,21/09/1978,MALE,7927 079 686,M5J1K6,4374841684,2026-08-15 14:38:55
SCH76098666,Ana,Fraser,16/09/1971,FEMALE,3816 956 720,M4H5Y7,3658694603,2026-07-19 16:20:11
SCH34517525,Betty,Martinez,11/12/1952,FEMALE,1642 065 898,M2N6L2,4374738685,2026-08-14 18:54:35
SCH53560374,Jin,Martinez,18/10/1989,MALE,4697 125 229,L6R1T6,6478626113,2026-07-28 20:02:27
SCH60653503,Christopher,Harris,18/11/1976,MALE,0736 631 219,M9B9M5,9059386275,2026-08-23 23:46:34
SCH11740740,Raj,Mitchell,15/02/1990,MALE,3856 086 230,M4A8P2,6473266174,2026-07-23 15:12:54
SCH40450851,Marie,White,03/01/1956,FEMALE,1722 172 275,M4M0Z5,6479230436,2026-07-31 15:21:35
SCH28538396,Betty,Johnson,08/05/2024,FEMALE,3875 500 377,M1M6N3,3652519676,2026-08-16 19:39:44
SCH60025429,Marie,Roy,13/05/2007,FEMALE,9497 853 680,M8V2G8,2895720161,2026-07-23 17:24:04
SCH42426581,William,Lopez,15/03/1990,MALE,3193 076 092,M6J1W0,4375507045,2026-07-22 16:08:22
SCH10571611,William,Kim,29/05/1968,MALE,8008 700 448,M4K1G0,6476201030,2026-07-05 15:21:31
SCH60588514,Kenneth,Sutherland,09/04/1979,MALE,7501 645 209,M3C4X7,4166725719,2026-07-12 09:07:37
SCH43234941,Mohammed,Ricci,27/08/1967,MALE,4812 236 919,M2M0T0,9052398949,2026-08-19 16:53:56
SCH74023582,Richard,Allen,18/12/1974,MALE,7265 477 229,M2J7H0,3654837254,2026-07-21 06:46:42
SCH15614245,Susan,Clark,23/07/1953,FEMALE,6357 842 167,L5B1W0,4169421409,2026-07-12 17:18:39
SCH40328695,Marie,Thomas,12/12/1970,FEMALE,3837 737 679,M5J6L4,2898741109,2026-07-25 07:30:06
SCH15105314,Chiara,Wilson,20/08/2014,FEMALE,3766 969 780,L5A6H6,4163293371,2026-08-29 21:36:38
SCH71214888,Lisa,Johnson,05/02/1955,FEMALE,0472 860 089,M2N0R5,4373060408,2026-08-02 22:50:54
SCH78998426,Andrew,King,04/03/1952,MALE,2443 351 610,M5E4G4,3659134650,2026-07-22 06:05:30
SCH78698996,Kevin,Cote,30/11/2004,MALE,3817 517 380,M4B5G0,6476858000,2026-07-06 22:06:27
SCH95537050,Betty,Walker,27/03/1944,FEMALE,7801 789 046,M1L7T6,2897262447,2026-07-09 19:09:14
SCH32105268,Linda,Lewis,01/05/1960,FEMALE,7757 384 438,L5A8M4,4372128743,2026-07-22 09:27:48
SCH58536409,Luc,O'Brien,14/10/2007,MALE,9009 608 135,L6M5L4,6477248020,2026-06-01 09:37:49
SCH60611377,Sandra,Rossi,05/05/1982,FEMALE,4072 882 048,M5A1X2,9052432018,2026-08-22 07:34:32
SCH61044396,Sofia,King,24/06/1986,FEMALE,1500 174 808,L6J4P1,9053113950,2026-08-31 01:24:53
SCH81868109,Ingrid,Hill,14/05/1993,FEMALE,1780 252 936,L6H9V7,4372141452,2026-08-11 10:55:55
SCH64783955,Thomas,Patel,30/10/1952,MALE,3052 214 461,M6M7R1,3652157598,2026-07-31 10:32:35
SCH42288450,Daniel,Lopez,24/01/2018,MALE,8424 401 456,M3B7V3,4376666750,2026-08-21 04:30:08
SCH27119395,George,Chen,26/02/1975,MALE,0607 341 468,M1M8B4,9052371119,2026-07-09 20:23:28
SCH28226147,Zara,Sutherland,19/09/1956,FEMALE,2319 386 138,M6A8A8,4374096055,2026-07-20 12:55:32
SCH67928938,Hassan,Mensah,15/07/1964,MALE,8511 407 291,M1M3P7,4376789580,2026-08-11 20:26:05
SCH33562089,Ashley,Santos,06/12/2007,FEMALE,3667 335 370,M6K4Z4,4377544094,2026-08-18 18:50:39
SCH38217024,Ana,O'Brien,18/07/1976,FEMALE,5385 210 744,M4C3M5,4168500596,2026-03-14 10:05:43
SCH99617475,Sandra,White,29/05/1974,FEMALE,0471 436 584,M6A5M4,6476444985,2026-08-15 03:34:12
SCH74277336,Jennifer,Zhang,16/07/1994,FEMALE,8148 258 869,M1N9T5,3656788468,2026-07-08 07:33:41
SCH38084192,Luc,Jackson,15/04/1960,MALE,8086 806 877,M2R4K7,9055128397,2026-07-16 01:58:19
SCH20708440,Raj,Stewart,28/05/1956,MALE,5509 014 857,M8W7L4,9057383657,2026-07-12 19:06:24
SCH82223130,Joseph,O'Brien,28/05/1979,MALE,8282 554 487,L6S4G1,4372091412,2026-08-07 06:37:02
SCH46555636,Steven,Silva,03/10/1959,MALE,0677 251 795,M5A3H1,9052045649,2026-07-31 11:58:28
SCH87561921,Fatima,Jackson,20/10/1935,FEMALE,0765 451 711,M1M2M7,4376579102,2026-08-31 05:23:04
SCH23439032,Raj,Fraser,06/11/1941,MALE,4757 260 841,M5A9H4,4166415253,2026-08-16 03:14:09
SCH38894204,Elizabeth,Chen,30/06/1969,FEMALE,3578 771 176,M4A5H2,3654198507,2026-07-12 12:17:38
SCH51536622,James,Ricci,29/03/1973,MALE,6086 230 866,M6J7W2,6476859598,2026-08-27 05:01:39
SCH80648620,Zara,Santos,13/09/1961,FEMALE,7000 769 765,M5N4A1,2899326608,2026-08-04 16:13:58
SCH84249491,George,Jackson,06/08/1992,MALE,5124 577 957,M5R8N6,4377321126,2026-07-19 17:25:58
SCH61872484,Luc,Adams,20/08/1973,MALE,6263 227 313,L4C7W6,2898183153,2026-05-23 09:38:15
SCH72924670,Matthew,Mensah,18/07/1960,MALE,0708 786 868,M5H9H6,9055824660,2026-08-31 05:57:40
SCH92682485,Susan,Chen,19/09/1996,FEMALE,0007 569 742,M8Y6R0,2894658774,2026-08-22 15:06:59
SCH89292253,Tomas,Tremblay,24/12/1954,MALE,5870 459 814,L5N1Z2,4164810811,2026-07-08 03:59:06
SCH67804425,Thomas,Gagnon,06/05/1956,MALE,4981 393 269,L6A6Z1,9059870141,2026-07-18 15:45:28
SCH43493933,Chen,Tremblay,21/01/2011,MALE,1537 139 188,M6L5P1,3655767276,2026-08-07 06:45:44
SCH66704958,Jessica,Wang,15/12/1984,FEMALE,5017 208 595,M3C5A1,2893019871,2026-08-31 23:25:53
SCH53909865,Joshua,Green,20/12/2003,MALE,7154 858 281,M5K4J5,2892963583,2026-07-17 01:49:59
SCH22000087,Karen,Singh,03/03/1990,FEMALE,6456 474 961,M5R2Z1,3659518799,2026-07-18 14:19:49
SCH90798687,Chiara,O'Brien,12/07/1966,FEMALE,2945 610 315,M4J4J2,3655082330,2026-07-30 14:31:15
SCH55492264,Ana,Davis,09/01/1977,FEMALE,0993 053 552,M2M9Y8,3659446681,2026-07-23 16:32:06
SCH96448004,Olga,Kumar,01/07/1966,FEMALE,0658 135 322,M5E6C8,6472159605,2026-08-27 15:10:05
SCH34258348,Robert,Ahmed,23/07/1956,MALE,8984 752 355,M4J7C2,4167212896,2026-08-21 01:35:15
SCH43294924,Nadia,Moore,23/06/2002,FEMALE,6796 029 269,M3A3Z6,9053193415,2026-08-07 12:46:40
SCH17818700,Lisa,Silva,11/02/1989,FEMALE,3836 276 703,M6M0W7,2898968283,2026-08-28 18:53:05
SCH17833689,Jennifer,Nelson,17/01/1979,FEMALE,2395 132 877,M6B0R1,9055846295,2026-08-23 23:43:24
SCH94804207,Amanda,Ross,29/03/1968,FEMALE,6472 598 256,M9N1W2,3659843576,2026-08-27 17:45:42
SCH51388582,Sofia,Cote,26/11/1963,FEMALE,2727 353 738,M4C4Z6,2898319139,2026-07-11 13:42:08
SCH48389959,Yusuf,Stewart,18/05/2026,MALE,8997 194 488,M9A8L3,9053587592,2026-08-05 14:19:08
SCH98860384,Chen,Patel,27/01/1934,MALE,6031 289 959,L6L6R1,6477061267,2026-07-28 20:09:05
SCH44862707,Jin,Osei,06/05/1989,MALE,4958 050 793,M3B2W8,9054850560,2026-08-08 17:38:44
SCH40754589,George,Jackson,03/10/1993,MALE,2438 701 530,M9L9C3,6478682232,2026-08-19 06:30:46
SCH58792611,Kevin,Williams,13/02/1932,MALE,8871 420 785,M5H4M4,6473917050,2026-07-28 23:40:28
SCH62887591,Amara,Allen,05/03/1946,FEMALE,5881 838 956,M1N8Z9,4164048804,2026-07-06 11:48:50
SCH69059293,Daniel,Jones,27/06/1989,MALE,6260 327 066,M6K4H7,6479890362,2025-07-30 04:58:21
SCH65479827,Ivan,Hernandez,10/09/1961,MALE,4240 693 327,M4J6P4,3659164220,2026-08-31 23:26:07
SCH52500104,Patricia,Osei,21/03/1986,FEMALE,0725 388 474,M5P6W0,9059868653,2026-08-15 22:04:52
SCH47504046,Kenneth,Allen,20/05/1982,MALE,8617 715 290,L6B5B8,4165579997,2026-07-25 11:56:44
SCH89504542,Melissa,Nguyen,28/05/1990,FEMALE,0533 309 530,M9L9V1,4162654798,2026-08-10 06:12:20
SCH89424709,Joseph,Wang,05/06/2004,MALE,2830 218 042,M1G9E2,4169980347,2026-07-24 15:24:35
SCH38718065,Tomas,Nowak,17/06/1969,MALE,8792 249 552,L6M5V0,9059041570,2026-07-30 19:55:27
SCH72871307,Ashley,Moore,25/08/1959,FEMALE,9883 864 986,M5K6M3,4374532017,2026-08-17 00:02:46
SCH28538063,Margaret,MacDonald,14/03/1961,FEMALE,1074 460 740,M1G2H9,2899059386,2026-07-03 20:21:01
SCH38372015,Linda,Robinson,20/11/1983,FEMALE,6454 133 296,M6L4Y9,3653625459,2026-08-31 19:06:51
SCH51861840,Nancy,Campbell,12/04/1966,FEMALE,0208 319 590,L5N0B4,4164459586,2026-07-06 04:06:19
SCH42551415,Elizabeth,Hassan,16/12/1980,FEMALE,4574 089 357,M5R0V0,9054941442,2026-07-07 12:48:20
SCH62170050,Sofia,Fraser,23/09/1961,FEMALE,2980 641 829,M8Y3A1,6474587178,2026-08-26 04:03:18
SCH91356907,Jessica,Cote,18/03/1977,FEMALE,3869 651 863,M6H7H3,4167166061,2026-08-27 10:19:34
SCH78253722,Claire,Young,03/05/1979,FEMALE,1489 938 868,M4E4H9,2897558181,2026-01-30 20:54:14
SCH50814113,Raj,Rodriguez,02/01/1972,MALE,2441 034 093,M2N6N2,9052553205,2026-08-28 02:21:45
SCH91091094,Sarah,Fraser,17/07/1986,FEMALE,3279 390 045,L6R5P0,4376966502,2026-08-11 23:48:31
SCH54412609,George,Garcia,24/07/1950,MALE,8483 647 767,M2K6C0,6477973940,2025-07-30 01:05:06
SCH60954314,Mohammed,Nguyen,16/06/1967,MALE,6283 051 198,L6C1H9,4378049498,2026-08-29 12:36:07
SCH85066695,Betty,Wilson,27/08/1967,FEMALE,6774 604 216,M6E0N6,4163515894,2026-07-06 02:47:20
SCH41068900,Daniel,Zhang,10/03/2006,MALE,9648 971 720,L6H6J7,6475002707,2026-07-16 02:52:10
SCH62882574,Mary,Sutherland,10/07/1989,FEMALE,4670 323 379,M1H7A8,3653728383,2026-08-01 05:51:41
SCH70308375,George,Osei,04/03/1950,MALE,0424 754 554,L5N9S3,2899187653,2026-01-02 14:27:36
SCH53115859,William,Williams,15/11/1926,MALE,5126 396 109,M2K1X3,4372123297,2026-07-06 18:44:41
SCH62453167,Michael,Sutherland,17/02/1994,MALE,6974 580 034,L6S5H6,2892431058,2026-07-20 04:17:57
SCH19831276,Marie,Green,09/12/1952,FEMALE,7759 403 673,L6A2H9,6478640992,2026-07-06 05:47:09
SCH88804025,Ahmed,Hernandez,02/02/1966,MALE,0735 100 877,M1J8H4,9053207553,2026-08-16 01:50:04
SCH66223624,Mohammed,Wang,23/12/1935,MALE,6091 263 621,M6A2P8,3659844305,2026-07-19 07:19:03
SCH74299182,Michelle,Hassan,08/07/1962,FEMALE,8790 809 985,M6C3C0,9056031139,2026-07-03 02:06:27
SCH79537985,Luc,White,10/02/1990,MALE,8906 753 812,M6E3T9,2896400191,2026-08-23 03:28:02
SCH98184690,Daniel,Mitchell,26/02/1967,MALE,9697 526 508,L6M4M8,4167307443,2026-07-04 13:52:19
SCH21483676,Nancy,MacDonald,18/04/1970,FEMALE,3019 563 679,L6M0E0,6473087782,2026-08-24 07:07:01
SCH90959719,George,Martin,09/06/1982,MALE,6121 250 986,L4L1N3,4163441741,2026-07-22 05:11:10
SCH35661154,Michael,Allen,13/01/1965,MALE,9736 573 883,L6M2S0,3655174418,2026-08-22 04:10:33
SCH61527764,Sandra,Jackson,05/08/1959,FEMALE,1225 485 786,M6H1B1,2899551885,2026-07-05 05:07:25
SCH45678664,Kevin,Nowak,20/03/1935,MALE,4048 687 877,M5G8J5,2899989352,2026-08-11 15:23:26
SCH90361112,Mary,Kim,23/02/2021,FEMALE,5519 026 842,M1M6Y3,4164470986,2026-08-19 07:57:27
SCH34441971,Yusuf,Allen,23/11/2021,MALE,3403 660 610,M6C3Y3,4166903149,2026-08-01 05:53:50
SCH31551309,Steven,Hassan,21/01/1984,MALE,3446 766 416,M5J9A5,6473451483,2026-08-09 19:12:09
SCH82160655,Emily,Roy,28/09/1987,FEMALE,6208 426 707,M1E3H7,3656423760,2026-08-16 03:55:42
SCH99033007,Mary,Kelly,06/01/1954,FEMALE,0015 456 213,M9L2T2,9056592635,2026-08-26 14:02:43
SCH84164243,Mei,Taylor,11/02/2000,FEMALE,8708 439 842,M5N2C9,4168564204,2026-08-08 09:35:12
SCH22290242,Amanda,Rossi,18/05/1972,FEMALE,5926 395 079,M4C7R4,3658454442,2026-08-08 20:27:19
SCH38494384,Sofia,Nguyen,20/08/1985,FEMALE,9132 001 703,M2K6W7,6473583402,2026-07-13 00:26:29
SCH73993382,Matthew,Miller,02/01/1983,MALE,1811 132 834,L6J3K0,6475201616,2026-07-20 20:34:20
SCH81222519,Betty,Hernandez,12/10/1986,FEMALE,4575 806 551,L4J0C4,2897800687,2025-11-24 22:30:24
SCH69463814,Hassan,Kowalski,09/09/1944,MALE,5521 609 908,M5R1C7,3654660964,2026-08-22 04:47:55
SCH35811505,Marie,Smith,12/01/1985,FEMALE,1942 041 805,M1J2J8,4372797228,2026-07-30 01:43:39
SCH18641815,Joshua,Ali,12/10/1967,MALE,8272 317 838,M6H4C8,4376862032,2026-08-12 14:39:47
SCH78518512,Ling,Mensah,05/08/1928,FEMALE,5273 569 516,M8Y8H0,4165331871,2026-07-25 03:35:49
SCH68715317,James,Hill,18/09/1963,MALE,0918 892 696,M1H5C0,4373518054,2026-07-09 13:22:05
SCH61250229,Daniel,Ali,14/01/1991,MALE,5246 126 154,M5A3W1,6475814761,2026-08-29 23:25:08
SCH15410545,Wei,Williams,03/10/1943,MALE,9242 408 616,L5A3N4,6476635451,2026-08-10 12:09:28
SCH27388657,Sofia,Walker,22/12/1975,FEMALE,7033 648 804,M1M9H8,4377313270,2026-07-05 07:35:08
SCH71564448,Ling,Anderson,24/06/2004,FEMALE,7540 644 924,L4C0J7,2894224496,2026-07-22 10:29:39
SCH31491695,Mark,Harris,22/06/1998,MALE,5115 076 894,M4H2H1,4377691899,2026-07-28 00:25:08
SCH97437166,Matthew,Patel,08/06/1961,MALE,2738 640 537,M4C0E2,2899819561,2026-07-15 04:00:00
SCH11221689,Jennifer,Mitchell,25/05/1959,FEMALE,9562 121 732,M3B8R8,6473890867,2026-07-31 17:40:39
SCH77468282,Betty,Nowak,31/05/1971,FEMALE,7086 831 141,M2R4C9,6478201768,2026-07-15 07:40:29
SCH78958370,Karen,Kumar,09/12/1960,FEMALE,2355 405 859,L6R5L0,2897530633,2026-07-28 07:48:34
SCH63334488,Steven,Santos,08/09/2018,MALE,5499 208 139,M8Y4V5,9059779816,2026-08-29 23:01:30
SCH82592833,Nikolai,Carter,29/12/1963,MALE,5272 263 434,M9C0T3,3655912499,2025-08-20 22:35:15
SCH12232880,Nadia,Garcia,11/01/1965,FEMALE,6684 588 855,M8X5S5,6476778993,2026-07-22 03:17:52
SCH72324020,Jin,Scott,21/06/1961,MALE,3329 053 718,M9L8G7,9056284961,2026-08-17 22:22:33
SCH56192596,Jessica,Sutherland,18/05/1991,FEMALE,5453 334 806,M5J6Z6,9058412951,2026-08-12 23:42:59
SCH74998262,Brian,Jones,22/10/1977,MALE,2581 294 937,M5J8N6,9052621836,2026-07-25 03:05:57
SCH18009351,Joshua,Young,23/03/1971,MALE,3816 030 708,L6B2W1,2896489418,2026-08-10 19:14:07
SCH15144206,Michael,Wright,25/02/1955,MALE,3940 825 767,M6G1H3,6476937082,2025-06-30 19:42:00
SCH81816071,Zara,Lee,06/08/1951,FEMALE,3582 351 775,M1E7J1,3654423730,2026-07-31 04:35:13
SCH69583219,Jean,Roy,26/10/1996,MALE,8645 780 704,M4C3W7,9054626571,2026-07-20 02:12:18
SCH20539459,Ivan,Tremblay,25/03/1996,MALE,9008 564 693,L6B7L2,2894271585,2026-07-11 09:49:32
SCH79595209,Ashley,Patel,23/10/1947,FEMALE,7550 788 876,M8W5B3,4163370761,2026-08-13 16:43:59
SCH34082192,Hiroshi,Campbell,18/03/1988,MALE,4282 370 727,M6A8Y5,3653168294,2026-07-24 10:40:34
SCH63034145,Ivan,Ferreira,03/05/1992,MALE,4319 141 851,L4B4B9,3653193656,2026-07-26 13:26:13
SCH83262497,Karen,Bouchard,17/12/2019,FEMALE,0029 355 609,M5P6Z9,4378456132,2026-08-24 02:30:38
SCH60932974,Karen,Wilson,27/07/2001,FEMALE,1224 290 104,M6G0Y6,4168500282,2026-05-28 19:49:29
SCH47530750,Daniel,Silva,05/08/1948,MALE,4670 702 994,M2H5Z8,4166981364,2026-03-26 18:02:20
SCH31973054,Amanda,Hill,13/02/1985,FEMALE,5633 085 468,M9C4Z6,9054005457,2026-08-10 23:42:48
SCH84816687,Elizabeth,Nowak,24/03/1927,FEMALE,6495 100 999,M6A5Z6,4372876302,2026-08-07 06:56:11
SCH57729058,Sarah,Ross,13/09/1995,FEMALE,2536 808 880,M3A5B0,4168610658,2025-08-29 08:07:51
SCH11989041,Sofia,Ross,07/09/1927,FEMALE,4035 821 711,M2N7E2,4164881573,2026-08-05 01:24:42
SCH27375188,Daniel,Ricci,13/11/1972,MALE,9754 802 222,L4K4G3,2898519741,2026-07-13 21:12:31
SCH29851944,Ahmed,Adams,02/02/1982,MALE,4720 554 940,L6L1Z3,6478986254,2026-10-02 06:01:55
SCH24604761,Priya,Carter,17/09/1965,FEMALE,6991 078 384,M5R8L0,9052579284,2026-07-29 18:54:39
SCH17512846,Jean,Gagnon,22/12/1985,MALE,7997 474 692,M5K1E0,4165182718,2026-07-31 02:05:08
SCH91863568,Kenneth,Osei,16/12/1976,MALE,4550 348 710,M6G9L7,9059727573,2026-07-08 09:17:50
SCH12056099,Steven,Nelson,06/12/1988,MALE,9731 299 914,M6M1B7,4168771614,2026-08-05 11:45:22
SCH56331557,Jessica,Zhang,27/09/1966,FEMALE,1056 602 186,M2M1W3,2894889565,2026-08-14 04:11:13
SCH11098883,Jennifer,Anderson,31/10/1972,FEMALE,6589 263 372,M6G2G6,6477566935,2026-08-06 13:04:51
SCH84137798,Daniel,Bouchard,19/01/1960,MALE,3803 088 537,M1J2K1,6473560147,2026-07-12 07:47:56
SCH78413135,Thomas,Clark,28/07/1954,MALE,5584 889 488,M5J9X5,2899242595,2026-08-14 21:12:17
SCH58934886,Daniel,Patel,15/02/1963,MALE,4075 099 681,M1K1G1,9053451336,2026-08-01 22:58:40
SCH92279146,George,Miller,15/09/1952,MALE,5415 323 616,M6A4J9,4166235563,2026-08-06 16:15:43
SCH17543167,Richard,Taylor,30/03/2003,MALE,8679 367 907,M4B3W7,6478637578,2026-01-26 02:48:08
SCH41221702,Amir,Sutherland,17/01/1960,MALE,9538 867 442,L4J0P8,9055349185,2026-07-15 09:36:16
SCH51727854,Raj,Wang,19/11/1987,MALE,5859 439 324,M3H5H1,4166086020,2026-08-17 14:18:43
SCH76015649,Patricia,Mitchell,23/09/1964,FEMALE,0157 620 642,M4C2R7,4378800955,2026-08-24 01:15:45
SCH13829674,Lisa,Murphy,07/09/2006,FEMALE,2005 099 599,M1J4N3,4376530580,2026-07-03 09:34:04
SCH66847749,Christopher,Martin,09/05/1993,MALE,5760 832 120,L4B3E0,6478712458,2026-07-07 19:40:00
SCH49143315,Mark,Santos,02/01/1962,MALE,9101 175 934,M5N3C4,4168308265,2026-08-18 11:36:11
SCH19330746,Emily,Harris,21/07/1969,FEMALE,4738 465 048,L4L4L9,4378214637,2026-07-16 19:26:12
SCH63071594,Aisha,Gagnon,12/07/1968,FEMALE,5583 298 285,M8Y7G3,4163924706,2026-08-16 18:33:14
SCH77773695,Brian,Hill,10/11/1977,MALE,8779 072 969,L4C2G0,6479367007,2026-07-10 20:53:53
SCH70843478,Luc,Tremblay,02/06/1991,MALE,3473 497 000,M4G7C9,4169944236,2026-07-26 13:42:54
SCH55265772,Melissa,Lewis,10/04/1994,FEMALE,3957 277 589,L5A8H8,2897337267,2026-07-25 17:41:08
SCH55041162,Michael,Adams,24/05/1984,MALE,1039 370 190,M1B3J4,4164557071,2026-07-24 16:26:53
SCH88965500,Thomas,Campbell,03/11/1982,MALE,4069 460 444,M4J7Y1,9055976700,2026-08-08 20:42:03
SCH81230727,Ivan,Tran,24/09/1938,MALE,1526 787 070,L4B4P0,3654869781,2026-08-02 08:54:23
SCH26121713,Anthony,Thompson,11/12/1963,MALE,9332 974 121,M5K3J2,3652475835,2026-08-23 10:45:10
SCH99816354,Linda,King,08/01/1988,FEMALE,3938 623 711,M4K6B3,3653080026,2025-10-02 11:19:34
SCH29982169,Diego,Rossi,10/04/1970,MALE,5333 507 605,M3B2C0,2894015315,2026-08-13 15:42:21
SCH95201656,Betty,Wilson,24/07/1927,FEMALE,3974 903 019,M9M9S3,9053086782,2025-09-11 07:09:04
SCH62250511,Joshua,Adams,18/09/1981,MALE,8403 413 670,M4B2X8,4377595943,2026-08-10 21:50:33
SCH65040985,Chiara,O'Brien,22/01/1955,FEMALE,4135 644 492,L6L1L4,2897555319,2026-07-29 17:40:19
SCH27073254,Melissa,Jackson,24/10/1972,FEMALE,0458 114 725,M9B0M5,4167229142,2026-02-08 17:50:14
SCH38757262,Anthony,Hernandez,13/10/2004,MALE,8126 290 934,M6H4R7,3658878915,2026-07-13 17:44:16
SCH17107224,Chiara,Moore,13/07/1978,FEMALE,0768 308 520,M8W8T9,2897914468,2026-07-13 22:12:22
SCH87648209,Ivan,Mitchell,10/09/1952,MALE,2932 788 645,M4E9X3,4376563604,2026-08-01 08:27:38
SCH67223483,Nancy,Ahmed,17/10/2000,FEMALE,9158 777 632,L6J2W0,6473782191,2026-07-10 11:34:54
SCH54625618,Yusuf,Adams,27/01/1975,MALE,7411 648 467,M6J7Z7,3655090168,2026-08-05 01:07:57
SCH85889595,Tomas,Moore,08/07/1974,MALE,5809 857 401,M4B2J1,3656421303,2026-08-07 13:56:52
SCH53754493,Christopher,Garcia,13/05/1951,MALE,7010 385 875,M2J6S9,6478252505,2026-07-13 23:21:15
SCH85144518,Sarah,Green,16/11/2023,FEMALE,8521 805 658,L5B6A7,6478059292,2026-08-28 00:53:26
SCH19427221,Fatima,Nguyen,09/06/1973,FEMALE,1105 971 897,L4B4C4,6476180816,2026-07-06 14:26:01
SCH68762554,Diego,Kumar,02/10/1987,MALE,4151 610 914,M4J2A7,6472612948,2026-08-07 03:03:37
SCH33366293,Chiara,Young,07/12/1981,FEMALE,4644 460 539,M5J9A1,4167823479,2026-07-05 16:54:45
SCH16965766,George,Wang,10/08/1996,MALE,0639 505 122,M9M5A8,9059878757,2026-07-10 10:23:00
SCH98493181,Kevin,Garcia,23/09/1950,MALE,4342 641 042,M5H7H1,9055145175,2026-08-14 20:25:34
SCH23734596,Jin,Campbell,01/10/1979,MALE,5785 922 070,M6G8S3,4167325673,2026-07-13 11:13:15
SCH42652497,Jessica,Davis,25/11/1988,FEMALE,6498 800 546,M6M8C5,4163738909,2026-08-13 21:53:35
SCH57469493,Nancy,Davis,02/08/1970,FEMALE,3713 592 057,M1L8M4,6478096394,2026-08-14 17:16:37
SCH33705016,Ivan,Carter,14/02/1974,MALE,6651 045 434,M5A8M4,3657093142,2026-08-28 01:06:30
SCH11475510,Jessica,Hill,10/09/1990,FEMALE,1019 681 194,L4B6J4,9052339459,2026-08-06 20:51:17
SCH18633144,Mark,Wang,06/06/1976,MALE,0270 448 632,M5G9Z3,3658868720,2026-07-26 16:36:39
SCH12228786,Melissa,Hill,02/12/1945,FEMALE,8537 298 955,L6C4L5,4372989894,2026-08-10 09:50:03
SCH58341404,Nancy,Mensah,30/09/2000,FEMALE,7986 488 984,L4J2B1,6479264294,2026-08-18 02:49:06
SCH83368744,Emily,Miller,20/05/1965,FEMALE,4276 522 150,M2R0Z7,4374491928,2026-08-01 08:20:08
SCH48409804,Ling,Khan,10/06/1986,FEMALE,2231 728 904,M2M3L3,3654286198,2026-08-15 23:00:37
SCH61332797,Chiara,Moore,08/02/1995,FEMALE,0291 467 066,M1L5J4,2898087347,2026-08-05 22:07:32
SCH91560860,Anthony,Singh,30/09/1977,MALE,2457 744 718,L6H7H7,3658950740,2026-08-30 01:41:12
SCH18482777,Michael,Walker,16/08/1988,MALE,2003 164 742,L5C6B9,9053979300,2026-07-06 21:06:14
SCH88557534,Jin,Kowalski,20/02/1927,MALE,2355 422 540,M2H5L5,6472109892,2026-07-10 04:55:22
SCH74267198,Kevin,Murphy,05/06/1980,MALE,7669 928 934,M1N0Z6,9054768772,2026-08-09 22:27:24
SCH54480419,Tomas,Wilson,17/09/1992,MALE,1623 762 372,M6M5L1,2892180238,2026-07-05 08:30:40
SCH48024363,Amir,Sutherland,24/11/1983,MALE,8500 804 359,M9A8W7,6472295787,2026-07-16 09:35:16
SCH31672889,Margaret,Miller,12/03/1978,FEMALE,3047 687 268,M5B6X6,2896345165,2026-07-30 02:58:02
SCH70883922,Elizabeth,Gagnon,19/10/1977,FEMALE,9791 264 543,M9L1X1,4373689204,2026-08-28 10:11:44
SCH47683159,William,Wright,17/08/1978,MALE,3919 903 991,M4M3V5,2892522908,2026-02-12 13:04:09
SCH16112207,Yuki,Lewis,18/10/1953,FEMALE,9721 929 264,L6L5R2,2898854369,2026-08-14 12:17:52
SCH70559671,Sarah,Tran,27/02/1973,FEMALE,4006 212 437,L5C6X8,6479605040,2026-04-27 22:59:30
SCH48723034,Mei,Ferreira,19/04/1934,FEMALE,6252 591 323,M6G2G6,2892997093,2026-08-21 09:22:52
SCH26542905,Ahmed,Miller,17/07/1949,MALE,0327 535 654,M3A4P2,3654854562,2026-08-15 01:25:42
SCH95903845,Yusuf,Adams,13/12/1974,MALE,5535 665 813,L5A3S8,9053950137,2026-08-05 20:13:39
SCH41664107,Chen,Robinson,27/08/1967,MALE,6547 861 119,M4J7L1,6478051015,2026-07-25 16:51:58
SCH47159880,Nadia,Ricci,08/03/2004,FEMALE,5342 921 086,M4B4Z5,4165127333,2026-07-04 02:00:27
SCH58929147,Thomas,Li,02/08/2013,MALE,7789 166 860,M2R5P7,3656093659,2026-07-21 04:14:29
SCH39668069,Kevin,Okafor,12/10/1972,MALE,1103 716 039,L6S7A9,6472443390,2026-07-31 19:09:35
SCH27749018,Sarah,Ferreira,02/06/1987,FEMALE,4068 490 236,M6M7H4,3653287965,2026-07-17 17:31:55
SCH94822512,Ahmed,Park,04/02/1943,MALE,8585 776 613,L6S2P8,3654956955,2025-12-30 02:52:53
SCH61634337,Hassan,Gonzalez,01/08/2026,MALE,0458 309 960,M8Y7T6,9056962743,2026-07-04 22:01:51
SCH46053214,Linda,Osei,19/06/1941,FEMALE,0310 441 324,M9B6R0,4378368026,2026-07-10 00:36:35
SCH58385450,Emily,Khan,08/12/1991,FEMALE,2216 879 698,M6M2T4,2892425306,2025-08-18 20:47:49
SCH93437086,Lisa,Wilson,17/05/1984,FEMALE,7331 084 660,L5C8K2,9056400639,2026-08-18 13:39:18
SCH85240835,Mohammed,Li,15/10/1964,MALE,9862 148 161,M3A6K3,2893179606,2026-08-14 08:05:33
SCH79591540,Joseph,Park,24/12/2012,MALE,9699 844 719,M4G4A6,6477533050,2026-07-29 21:54:47
SCH70092976,Susan,Hill,30/09/1984,FEMALE,4930 807 344,L6H8Y9,6479767698,2026-08-18 04:25:14
SCH14772265,Hassan,Garcia,18/06/1980,MALE,6483 936 974,L5B2T9,2899676604,2026-07-23 04:22:31
SCH19597123,Ashley,Zhang,29/10/1991,FEMALE,6961 806 327,M4G8H2,2895777547,2026-08-08 08:56:59
SCH43679930,Ana,Park,30/07/1973,FEMALE,6684 561 431,M2R0A9,6473612316,2026-07-17 23:21:11
SCH56274802,Steven,Kim,09/04/1991,MALE,7524 207 094,L6P8S9,9055346818,2026-07-24 00:35:52
SCH94161086,Ana,Wilson,19/01/1991,FEMALE,2532 479 777,M9M3C6,6472107344,2026-08-22 13:46:38
SCH48321673,Chiara,Adams,13/07/1958,FEMALE,8126 449 522,M1B4B6,4164988737,2026-07-15 01:10:32
SCH69927744,Chiara,Allen,23/02/1975,FEMALE,9911 935 253,M6G8S2,3657425824,2025-11-11 19:51:46
SCH69087317,Margaret,Li,17/11/1952,FEMALE,1080 804 964,M1B1C7,4375228013,2026-08-14 11:25:28
SCH58728757,Ahmed,Silva,20/10/1959,MALE,1831 056 880,M8W2K2,6475300939,2026-07-12 12:26:04
SCH41202376,Hiroshi,Sutherland,19/08/2005,MALE,9259 745 702,M2J4L3,3654187442,2026-03-01 08:04:01
SCH40074629,George,Gagnon,03/12/1952,MALE,8295 674 355,M1B2Y1,4375788473,2026-08-13 12:59:13
SCH24038655,Steven,Rodriguez,06/03/2021,MALE,2946 739 949,M4J4B9,4376910918,2026-08-18 16:19:52
SCH92782288,Amara,Young,14/02/1964,FEMALE,0284 553 088,M2K9J7,2892505574,2026-08-05 04:12:11
SCH88651183,Priya,Chen,01/06/1950,FEMALE,6393 473 175,M6G2R3,4163695010,2026-07-18 23:52:11
SCH68592133,Nikolai,Ricci,09/04/1983,MALE,0836 856 799,M4G4C4,3652146349,2026-07-18 01:24:02
SCH70297469,Olga,Anderson,08/10/1993,FEMALE,6965 157 529,L6J3J1,9052678014,2026-08-06 08:42:27
SCH73373078,Ingrid,Harris,24/06/1984,FEMALE,4935 742 348,M3C8X9,6479984316,2026-08-02 23:48:56
SCH74133743,Wei,Wilson,09/06/2003,MALE,2885 649 000,M2M1S3,4165918767,2026-08-22 13:12:41
SCH88987793,Barbara,Robinson,16/09/1988,FEMALE,2635 497 213,M6L2E8,2899028322,2026-08-23 23:54:38
SCH67994981,Margaret,White,12/12/1964,FEMALE,5274 303 196,M4C9N8,6475291584,2026-07-03 14:10:10
SCH14228506,Kevin,Thomas,12/05/1932,MALE,5026 190 180,M1L4G9,9055595770,2025-10-23 00:05:43
SCH63115787,Thomas,O'Brien,03/11/1966,MALE,6350 489 172,M4L5V9,2894074615,2026-08-21 09:28:15
SCH98761300,Elizabeth,Roy,08/09/1982,FEMALE,4230 513 519,M1M3M4,4375921827,2026-08-12 12:19:43
SCH46097406,Marie,Lewis,29/08/1977,FEMALE,2545 685 428,M5G7C8,3657021093,2026-08-19 21:15:34
SCH46872769,Kenneth,Jackson,27/01/1956,MALE,3280 636 139,M4G5H3,6477262591,2026-08-14 05:06:14
SCH86191602,Michelle,Kim,04/02/2026,FEMALE,8998 848 587,L5B6E0,6473919823,2026-07-28 14:30:45
SCH58734098,Aisha,Clark,23/06/1957,FEMALE,8471 377 633,M6K6G4,6476423400,2026-08-12 08:15:35
SCH13515374,Hiroshi,MacDonald,01/12/2017,MALE,6202 797 178,L6S4K9,6472447351,2026-07-26 05:57:05
SCH25225620,Hassan,Ali,27/03/1973,MALE,9162 580 915,M2M6T4,6477084219,2026-08-22 03:57:38
SCH18463420,Amanda,Lee,23/06/1960,FEMALE,2796 689 657,M1K4E3,6472087446,2026-08-24 06:03:19
SCH34471761,Jin,Roy,03/08/1986,MALE,9786 490 178,M3B2Z2,4373108094,2026-08-24 22:15:30
SCH72050841,Hassan,Bouchard,30/03/1954,MALE,2206 144 038,M2H4L2,6472355942,2026-07-13 11:01:54
SCH34688441,William,Scott,05/07/2007,MALE,7943 698 410,M5A2H5,4378203753,2026-07-25 14:29:40
SCH40016239,Nadia,Moore,07/12/1982,FEMALE,9428 021 993,M5B1B9,9056282456,2025-11-03 23:10:20
SCH70169888,Michelle,Martinez,13/03/1995,FEMALE,8619 996 740,M8W0B5,2897090267,2026-07-09 07:46:02
SCH35468289,Margaret,Mensah,02/08/1929,FEMALE,2745 434 635,M2J7Y4,3653439476,2026-08-20 10:55:48
SCH99683075,Richard,Scott,28/02/1979,MALE,0859 921 223,M5B4M0,3652354551,2026-08-26 08:16:36
SCH61042392,Fatima,Okafor,15/12/1947,FEMALE,3763 917 220,L6J3P5,2898032432,2026-08-13 15:51:45
SCH45269966,Joshua,Mensah,07/07/1940,MALE,4273 888 737,M4A4V5,4162534787,2026-07-05 04:31:20
SCH88794796,Michael,Kelly,24/04/1931,MALE,3731 567 230,M6K3B0,4375055278,2026-08-14 10:21:42
SCH28595488,Robert,Mitchell,27/06/1927,MALE,7467 546 524,M6C0B7,2893172536,2026-07-27 02:54:27
SCH11705415,Barbara,Allen,16/09/1982,FEMALE,2058 088 788,L6C1Y3,2897660379,2026-07-03 20:12:46
SCH79991492,Michelle,Kelly,31/08/2008,FEMALE,6892 987 626,M4C9P9,2893821721,2025-08-23 06:00:17
SCH44970010,Olga,Smith,28/12/1974,FEMALE,1938 962 196,M4L4Z8,4377297193,2026-08-28 18:39:24
SCH10408465,Christopher,Singh,11/11/1975,MALE,6459 233 158,M4A7Y4,4372294667,2026-08-10 05:31:26
SCH93241651,Ivan,Anderson,22/11/1968,MALE,2353 884 246,L5B2J8,6478455148,2026-08-11 10:37:26
SCH27621736,Marie,King,08/05/1994,FEMALE,4922 522 109,M1J9B1,3652631344,2026-07-14 05:48:32
SCH21924741,Jean,Wang,04/01/1957,MALE,3273 171 060,M5R5R8,2899797543,2026-08-02 10:42:11
SCH61713920,Robert,Gagnon,30/12/1958,MALE,3996 920 140,M6A0J9,4378206502,2026-08-17 04:30:52
SCH37696291,Amir,Zhang,05/07/1967,MALE,3574 166 355,M8W7M8,9052506065,2026-07-29 06:04:55
SCH93828088,Nancy,Lewis,03/05/1955,FEMALE,8102 973 461,L6R9P2,3658464720,2026-07-29 10:40:33
SCH73915265,Sandra,Kumar,25/04/1970,FEMALE,7569 222 743,M5P9R2,9052847601,2026-07-06 01:40:43
SCH70132090,Fatima,Nowak,16/05/2002,FEMALE,5235 245 387,M2M9W7,3655750008,2026-08-12 16:41:26
SCH59286078,Nadia,Taylor,03/04/1961,FEMALE,7292 948 481,M9A7V2,6473949535,2026-07-20 12:27:49
SCH49110553,Raj,Wang,22/10/2011,MALE,0711 727 438,M8X6L0,6475825070,2026-07-25 04:01:04
SCH19092092,Brian,Jackson,18/08/1984,MALE,8719 525 266,M5R2A1,9056827443,2026-07-06 19:00:19
SCH19054600,Anthony,Lewis,21/04/1983,MALE,8806 290 121,M5G0T2,9054715906,2026-08-30 14:01:08
SCH84128376,Emily,Ahmed,06/08/1950,FEMALE,0965 391 873,M5H4T1,2892351132,2026-07-04 13:12:15
SCH77243868,Nikolai,Mitchell,16/10/1958,MALE,2017 076 262,L4B1M4,6477438367,2026-07-31 04:07:02
SCH56084773,Omar,Thompson,07/06/1957,MALE,6281 374 634,L6R8M5,2894338200,2026-01-03 06:31:36
SCH16812725,Tomas,Zhang,14/07/1963,MALE,5645 537 563,M4C3E5,3658315773,2026-08-11 22:49:53
SCH60305111,Amir,Lee,04/10/1958,MALE,5050 020 550,M9N5Y5,9055820126,2026-07-31 15:16:53
SCH72145219,Sandra,Li,10/10/2011,FEMALE,5532 467 221,M4A7E1,6475063313,2026-05-06 15:30:06
SCH47431792,David,Ricci,15/08/1983,MALE,6646 205 143,M6L8A1,2895067141,2026-07-09 00:18:31
SCH37916849,Luc,Osei,20/07/1966,MALE,7305 719 531,M5N8R8,3658705097,2026-08-28 14:30:28
SCH59542772,Kenneth,Patel,01/01/2013,MALE,9605 570 911,L4C1P6,9058564758,2026-08-12 05:55:09
SCH63656420,Ivan,Harris,10/12/1967,MALE,9920 783 785,M1J6N4,9055761106,2026-08-18 17:36:23
SCH93793446,Patricia,Thompson,16/12/1969,FEMALE,2843 443 314,L5B6K0,4376828255,2026-08-24 11:17:29
SCH55516095,Sofia,Garcia,15/02/1983,FEMALE,5836 016 765,L6L5Z6,2897300220,2026-08-19 20:43:57
SCH46705765,Ivan,Smith,08/01/1950,MALE,9639 989 277,M2K1N7,4375135025,2026-08-06 09:18:07
SCH35047347,George,Lee,11/06/1983,MALE,4460 100 102,L6S6H8,6478840278,2026-07-06 08:07:50
SCH34528268,James,Khan,19/07/1963,MALE,9897 876 901,M1E5W6,2897875695,2026-07-04 01:00:52
SCH45231636,Tomas,Gagnon,06/03/1992,MALE,8172 898 010,M1B2C3,9053629177,2026-08-21 18:56:46
SCH66546702,Zara,Baker,08/01/1949,FEMALE,0024 625 824,M1K3A4,3653910214,2026-08-02 15:08:09
SCH25585334,William,Campbell,09/06/2019,MALE,6709 525 262,M3C6T0,3657351141,2026-08-15 15:17:30
SCH88959077,Mohammed,Carter,17/11/1944,MALE,5866 586 612,M4M9V9,4376768056,2026-07-07 21:25:41
SCH88447900,Marie,Okafor,16/05/1954,FEMALE,3735 017 216,M9M4Z9,4374829953,2026-04-27 15:38:35
SCH94045765,Pedro,Johnson,20/05/2006,MALE,2284 927 213,M3A5C8,2893831787,2026-08-01 04:17:51
SCH27892570,Priya,Singh,21/11/1961,FEMALE,1914 660 327,M4A0H2,6479408820,2026-08-12 22:51:52
SCH82552113,Emily,Silva,03/11/1958,FEMALE,0570 257 147,M5B0Z6,6475530923,2026-08-26 21:43:11
SCH70489614,Steven,Williams,16/01/1985,MALE,0408 055 218,M4H7Y6,2899080831,2026-08-07 16:07:34
SCH15855450,Anthony,Stewart,14/10/1961,MALE,6975 368 611,M4B4N7,3652971198,2026-07-04 20:07:45
SCH55064744,Christopher,Cote,27/01/1962,MALE,5358 825 718,M1M6X0,4164506650,2026-07-20 03:30:12
SCH71405835,Elizabeth,Mensah,14/03/1980,FEMALE,3007 655 560,M8W0C2,6475060279,2026-07-19 19:23:09
SCH17782491,Ling,Gagnon,16/07/1991,FEMALE,2744 755 535,M4M0T7,4162800001,2026-08-23 09:23:29
SCH80920129,Elizabeth,Kelly,19/01/1995,FEMALE,9805 693 372,M5A7S1,3652154337,2026-08-21 18:55:25
SCH21359810,Robert,Ali,29/03/1986,MALE,6521 331 667,L6S9L8,4377349172,2026-08-05 04:01:31
SCH82099774,Sandra,Hernandez,03/11/1956,FEMALE,7237 145 813,M6H8H7,2896854781,2026-09-25 11:16:02
SCH31817947,Andrew,Scott,06/11/1979,MALE,4247 811 096,L4K4Y5,4169687231,2026-07-24 18:50:36
SCH11898737,Joshua,Lopez,02/11/1978,MALE,8808 509 114,L4B7A2,6472635609,2026-07-22 09:07:01
SCH63497840,Sofia,Baker,11/10/1967,FEMALE,8470 765 473,L5B7C0,2893694342,2026-07-22 04:13:57
SCH33842557,Ashley,Ross,08/06/1975,FEMALE,3604 455 414,M6B1E7,3657814014,2026-08-09 02:07:27
SCH38557182,Michael,Mensah,06/08/1952,MALE,9590 928 629,M1E0K5,4373145392,2026-08-21 16:10:21
SCH68721326,Claire,Moore,23/01/1983,FEMALE,9614 506 658,M2J5R7,3653133123,2026-08-15 07:51:12
SCH27121740,Ashley,Campbell,14/07/1987,FEMALE,3433 721 655,M2R3P9,9055112383,2025-11-21 10:34:42
SCH50452239,Brian,Murphy,23/08/1977,MALE,9360 009 782,M9M5V3,4165452311,2026-07-09 05:07:02
SCH49339140,Claire,Anderson,05/11/1949,FEMALE,0379 296 171,L6G7K6,4164304830,2026-07-21 11:00:28
SCH50326984,Ashley,Carter,15/08/1939,FEMALE,9573 516 524,L6S0E5,4376931578,2026-07-07 12:09:20
SCH55928218,Kevin,Martin,14/08/1969,MALE,4812 229 179,M5G2T0,6475480459,2026-07-16 18:24:21
SCH28385718,Susan,Martinez,05/06/1967,FEMALE,9775 836 977,M5G2N0,9053621671,2026-07-12 16:09:38
SCH20679033,Jin,Walker,13/01/1961,MALE,0370 404 055,M5R0G2,2898338719,2026-08-16 18:30:31
SCH59030742,Susan,King,19/04/2011,FEMALE,4869 720 906,M6K9Y5,4379222026,2026-07-17 03:56:41
SCH48565157,Chen,Singh,07/11/1973,MALE,6241 957 833,L4J8H8,9055278796,2026-08-10 14:30:17
SCH51480457,Kenneth,Ross,17/01/1980,MALE,5641 146 898,L6G8P9,6479248932,2026-07-30 03:30:57
SCH57674152,Mary,Hill,17/06/1980,FEMALE,1893 859 312,M5A9J2,6474447784,2026-08-07 22:12:00
SCH78297931,Amanda,Murphy,21/05/1979,FEMALE,7894 604 383,L5B5Z3,4168626084,2026-07-07 12:32:23
SCH44373375,Omar,Li,24/01/1978,MALE,2350 555 021,M9L4A7,9053673890,2026-07-26 07:11:38
SCH47183611,Sarah,Hernandez,13/07/2008,FEMALE,9535 886 874,M3A7E8,4372890615,2026-07-20 07:30:06
SCH63275435,Omar,Campbell,06/02/1999,MALE,4562 627 051,M1G5R6,4165681935,2026-08-14 14:36:23
SCH95896583,Ingrid,Santos,21/06/2009,FEMALE,7192 813 835,L5C2A9,4167799311,2026-08-24 12:57:56
SCH66102210,Tomas,Ferreira,06/08/1998,MALE,0286 261 466,M4C3R5,6475561259,2026-07-06 09:31:36
SCH36909713,Pedro,Adams,13/12/1981,MALE,6695 141 124,L4L5M3,4165615122,2026-08-15 11:48:31
SCH65913545,Lisa,Garcia,01/11/1997,FEMALE,4413 830 748,L6B3T6,4165715953,2026-08-03 16:05:42
SCH37216277,Tomas,Williams,17/05/1975,MALE,7843 516 910,M4K3G9,9058169157,2025-10-26 07:19:47
SCH15774385,Olga,Wilson,09/04/1990,FEMALE,1115 606 541,L4J9B1,4374762910,2026-08-13 07:30:43
SCH66756384,Nadia,Sutherland,26/02/1960,FEMALE,2155 955 533,L6P4R5,4375781503,2026-07-29 23:50:02
SCH70799893,Christopher,Allen,29/11/1954,MALE,0318 475 720,M4L3Y0,4165051521,2026-08-15 19:29:50
SCH29412605,Mei,Tremblay,1989/08/09,FEMALE,7910800007,L6J1K3,6475077267,2026-07-10 06:06:39
SCH76651016,Emily,Okafor,2010/12/20,FEMALE,6173974046,M5K 3T8,(416) 771-5137,2026-08-05 14:37:42
SCH11483851,Raj,Moore,1989/03/25,MALE,8326053355,L4K3S21,,2026-07-17 08:34:58
SCH55484631,Bill,Ross,1992/07/27,MALE,5502882599,M5A 6N0,4162552846,2026-07-21 02:44:22
SCH11683191,Mandy,Jones,2009/06/02,FEMALE,3644684031,M3H 8T1,(647) 456-4715,2026-07-22 14:12:59
SCH27660501,Nanncy,Patel,1963/02/06,FEMALE,5881568181,M8Y6C7,(365) 931-0598,2026-08-27 10:20:02
SCH66233825,Cheen,Campbell,1959/06/23,MALE,0080227143,M4M1K6,9059408827,2026-08-28 01:21:42
SCH25225736,Sanndra,Williams,2018/04/24,FEMALE,8093762303,m5b2a4,9052032434,2025-06-07 11:50:15
SCH97137555,Ivan,Boouchard,1960/03/29,MALE,5705281572,M5R4G4,(289) 613-7613,2026-08-21 11:08:56
SCH63971790,Brian,Tran,1976/04/08,MALE,1537760231,,6475555794,2026-08-01 10:31:22
SCH19107706,Yuki,White,1952/07/22,FEMALE,5898493967,M6A3H8,9054144737,2026-08-18 00:13:46
SCH88789666,Yusuf,Tremblay,1953/09/04,MALE,5734661548,m3c8p0,(365) 334-9321,2026-03-12 10:52:51
SCH96166432,Pat,Okafro,1977/10/12,FEMALE,1795837481,M4C6L0,(289) 936-6248,2026-07-30 22:42:36
SCH62163786,Chiara,Santos,2011/03/09,FEMALE,3279520633,M4L9T2,4374153232,2026-08-15 00:29:09
SCH34165686,Josh,Young,1971/05/23,MALE,9264316697,L5B 7Y2,9054102795,2026-08-06 23:02:34
SCH42789263,Jess,Williams,1974/04/12,FEMALE,3151702648,,(905) 962-5381,2026-08-20 21:14:01
SCH38139750,Amara,White,1971/03/08,FEMALE,8222497508,m8y4g7,3658667498,2026-08-02 00:44:28
SCH81642771,Ana,Kowalsik,1995/10/29,FEMALE,8208862733,M2K4C8,289-489-4659,2026-08-21 12:54:44
SCH81048683,Matt,Wright,1979/03/15,MALE,9880974960,M2N 5C7,2896867477,2026-07-30 18:44:44
SCH60583939,Brian,Green,1979/07/08,MALE,3970943837,L4C9N3,4373052560,2026-08-03 17:31:48
SCH34577752,Amara,Nguyen,1977/06/22,FEMALE,1116197201,M9M 5S4,6472031374,2026-08-05 07:01:36
SCH75090010,Sarah,Clark,2016/10/25,FEMALE,6078174718,M5A 6W2,2898111370,2026-07-22 19:29:36
SCH64215770,Raj,Lopez,,MALE,1615093780,M8W 7R1,416-806-4244,2026-08-01 00:25:00
SCH31070239,David,Thomas,1959/11/09,MALE,7860624753,L4J 7R5,,2026-08-21 19:58:38
SCH58663267,Pria,Mensah,2014/04/29,FEMALE,7862679144,M5K0A3,3659549025,2026-07-03 23:30:03
SCH63576527,Maggie,Lopez,1991/03/17,FEMALE,3290673460,L4L 5L2,647-532-3211,2026-07-18 12:19:08
SCH24887030,Zara,Miller,1957/09/01,FEMALE,0719290835,M1J4G7,905-306-0558,2026-08-19 05:19:05
SCH10550258,Matt,Tran,1951/03/18,MALE,9489428046,M6E 9Y9,3658085957,2026-07-14 08:52:09
SCH31280050,George,Rodriguuez,1953/07/06,MALE,2135137475,L5A 3E5,365-590-0672,2026-08-28 21:45:02
SCH38632382,Ingrid,Taylor,2010/05/05,FEMALE,0364925297,M5A 8W8,4374279548,2026-08-17 12:48:02
SCH40429659,Yusuf,King,1949/09/12,MALE,6502235614,M6M3T5,(647) 623-0779,2026-04-08 01:37:11
SCH56639655,Mie,Park,1932/05/19,FEMALE,1729918725,M1B 4V9,4372757317,2026-10-03 06:39:52
SCH46094206,Amara,Nguyen,1948/08/25,FEMALE,9378880828,L6G 1Z8,(289) 220-5354,2026-07-09 05:12:59
SCH69863558,Brian,Kumar,1978/04/20,MALE,5862126256,L6H 3J9,6479451494,2026-07-07 03:19:26
SCH94441749,Hassan,White,,MALE,1377319668,M9C4W2,4168096228,2026-08-14 12:21:56
SCH90777285,Jni,Rossi,1988/07/27,MALE,5706032330,L6G 8W7,(905) 595-7082,2026-08-01 01:10:06
SCH10667896,Betty,Lewis,2009/02/23,FEMALE,9228985561,L5A9V6,(365) 201-7974,2026-07-08 19:25:01
SCH92445307,David,Li,1980/01/26,MALE,0567182332,M8X,4377461132,2026-07-16 08:44:40
SCH23557163,Zara,Zhang,1962/03/07,FEMALE,2552693547,M4B6N4,,2026-07-31 13:25:59
SCH40571871,Bill,Nguyen,,MALE,4387305586,M2K2V9,(289) 593-4704,2026-07-22 08:55:55
SCH39683247,Sandy,Thompson,1981/09/03,FEMALE,2278673328,M1J 7L0,365-718-6788,2026-08-24 14:55:56
SCH16340920,Betty,Ross,1986/04/29,FEMALE,0199427618,L6S 1M2,2897910691,2026-07-22 13:39:14
SCH98159405,Liz,Patel,1994/11/10,FEMALE,2268596869,M4L 5M0,4167800747,2026-08-10 11:38:42
SCH41547616,Hassan,King,2017/11/26,MALE,8004838267,L5C 3K4,9052568322,2026-08-28 05:04:10
SCH94355331,Chris,Miller,1983/11/16,MALE,9088698817,M3H1W2,365-215-0848,2026-08-29 08:55:39
SCH52698156,George,Young,2001/02/28,MALE,1330030790,M2H0M9,4373996247,2026-08-27 06:12:05
SCH13146016,Pat,Rodriguez,1983/09/10,FEMALE,3278715564,L6P 5Z3,9056109196,2026-08-17 12:31:07
SCH32463558,Lisa,Patel,1990/11/15,FEMALE,1525530067,M4B8K8,(289) 922-9086,2026-08-05 08:51:41
SCH61650867,Ling,Ricci,1971/05/05,FEMALE,2402336727,M9B 6L0,(437) 666-5405,2026-07-22 14:53:05
SCH78140124,Amara,King,1995/06/18,FEMALE,8058900914,M8Y 4C6,(416) 837-4283,2026-07-16 15:49:54
SCH43458528,Jim,Murphy,1982/02/17,MALE,9307897240,M6K 9J0,(365) 646-9889,2026-08-27 01:48:57
SCH87914942,Mochael,Kowalski,1967/07/04,MALE,2921026775,M4K3T4,,2026-08-29 18:34:38
SCH10608194,Ahmed,Nowak,1967/11/11,MALE,3099960381,M5N3T8,2893389562,2026-08-13 22:04:36
SCH67656030,Ivan,Khan,1975/09/16,MALE,1809875170,,,2026-08-26 09:43:48
SCH11547105,Yusuf,Kumar,1966/02/23,MALE,1420771782,M2J4J7,4379577230,2026-07-21 16:32:13
SCH70184166,Lisa,Jackson,1987/03/10,FEMALE,4060962109,M6B 8K5,437-907-7933,2026-07-30 21:26:28
SCH45992117,Yusuf,King,1976/12/29,MALE,5992504794,L6R4E5,(905) 812-7535,2026-08-13 04:22:30
SCH25599579,Tomas,Gagnon,1944/09/20,MALE,5878352193,,647-743-4649,2026-07-03 15:20:20
SCH57534555,Pat,Thomas,1983/09/15,FEMALE,4579997331,M9C 3L4,289-325-3943,2026-07-11 10:02:47
SCH71508138,Mary,Jones,1961/11/29,FEMALE,0183216860,M5J 7S0,,2026-08-06 16:43:05
SCH81323814,Jean,Okafor,1968/04/10,MALE,7087253394,L5N 6H9,2896713873,2026-05-08 14:50:14
SCH56312342,Jen,Moore,1945/10/23,FEMALE,2254606680,M2M 7T1,6474152973,2026-08-29 23:47:27
SCH84813838,Tomas,Smith,1980/10/06,MALE,6234117791,m6k4p8,(289) 828-4329,2026-08-06 14:19:33
SCH68139328,Tomas,Lopez,1979/12/28,MALE,8615506907,L4B 8A4,(289) 485-9198,2026-07-14 14:17:40
SCH26679030,Fatima,Johnson,2001/09/01,FEMALE,9121025655,,(416) 386-5548,2026-07-28 06:42:51
SCH10054934,Ivan,Kumar,2002/01/13,MALE,5872390850,,4377323719,2026-07-29 10:44:15
SCH59127385,Dan,Campbell,1985/01/17,MALE,2471146205,L6C3B6,289-886-1348,2026-08-13 06:40:21
SCH91686222,Claire,Singh,1973/09/19,FEMALE,2115580454,M6M 1W4,416-526-2498,2026-07-19 18:15:57
SCH37948302,Raj,Smith,1981/06/23,MALE,9466493021,M4M9X7,,2026-07-08 01:44:29
SCH83886929,Mary,Zhang,1984/10/31,FEMALE,8237362978,M5K 4B2,3653713334,2026-07-04 23:12:56
SCH96796784,Pedro,Nelson,1955/08/04,MALE,7418961848,M6K 3V4,(437) 905-1067,2026-07-23 11:47:41
SCH93493505,David,Walker,1984/08/30,MALE,7734940112,L6S2Y21,(365) 262-6979,2026-07-06 14:37:54
SCH23592770,Nan,Johnson,1982/09/29,FEMALE,5089725740,L6A3E1,(437) 945-7318,2026-02-22 01:20:51
SCH99230697,Jean,Sutherland,2000/04/04,MALE,2474610140,L4L9N0,,2026-07-12 01:48:41
SCH87983768,Tomas,King,2008/09/22,MALE,1409546866,M1J 9V5,289-760-2345,2026-08-28 04:34:29
SCH71146097,Amara,Osei,1982/04/30,FEMALE,1286473853,M3A4W7,,2026-08-05 10:22:08
SCH82137704,Fatima,King,2004/01/20,FEMALE,1278995319,L6A 0N7,3653655528,2026-07-19 05:26:43
SCH41646975,Joe,White,1971/08/02,MALE,3712254998,M9A 4R3,4375259453,2026-08-02 01:17:00
SCH44946588,Aisha,Kumar,2000/07/22,FEMALE,9966464209,,(647) 209-4001,2026-07-26 19:04:57
SCH12103374,Raj,Alllen,1954/06/24,MALE,2824107953,M4E 9S9,3653040419,2026-08-03 22:05:55
SCH60142669,Ashley,MacDonald,1949/03/20,FEMALE,1989963820,L6H7L3,905-419-1331,2025-07-05 15:34:00
SCH51220873,Pedor,Osei,1975/10/12,MALE,7074808408,M2R 0S7,,2026-07-25 06:29:23
SCH72245054,George,Wright,1948/10/09,MALE,8864589919,M4A 1P8,416-330-8428,2026-07-16 12:45:57
SCH62936996,Jess,Nguyen,1991/06/18,FEMALE,5450713184,,4373069154,2026-07-23 16:46:04
SCH72185453,Emily,Gagnon,1976/02/26,FEMALE,7428709484,M2N 5Y9,(365) 648-7461,2026-08-14 11:45:20
SCH76844016,Ken,Nelson,1941/04/04,MALE,0738739317,M5N1E2,647-545-2239,2026-08-06 22:01:15
SCH82024004,Karen,Singh,1981/07/18,FEMALE,5992825496,M3H 0H5,905-945-6426,2026-08-06 23:24:04
SCH92555036,Ivan,Whhite,2004/07/15,MALE,0710854712,M6M 2V0,2898095175,2026-08-13 10:36:34
SCH96092761,Mark,Ricvi,1947/06/20,MALE,9365409946,M6C3R1,9058285256,2026-07-09 13:02:52
SCH42231274,Fatima,Baker,1978/07/09,FEMALE,9749618196,M4M 9R9,4374295421,2025-08-18 16:06:04
SCH33536240,Nikokai,Sutherland,1950/05/15,MALE,8836142565,L4C3L8,6479717859,2025-09-30 10:35:20
SCH23724557,Pat,Scott,2009/05/04,FEMALE,8209553059,L6S 3N5,9059287700,2026-07-09 00:58:29
SCH54484066,Sandy,Chen,1926/09/11,FEMALE,5274667046,M4E8R7,416-275-9229,2025-07-31 00:05:09
SCH30959845,Liz,Siilva,2000/04/24,FEMALE,2564962229,M4A2L8,2897584812,2026-07-13 05:27:46
SCH72511936,Nadia,Robinson,1956/08/14,FEMALE,7747325764,M6E0G5,(365) 645-5616,2026-08-04 08:20:29
SCH24766400,Steve,Walker,1981/02/09,MALE,5185920872,M4E 8P5,9054762511,2026-08-13 15:56:53
SCH20495366,Jim,Thomas,1962/05/12,MALE,4888754951,M4K 0T6,(416) 791-8661,2026-08-18 07:31:49
SCH88250292,Amir,Zhang,2007/05/17,MALE,0586073330,M8V4X9,,2026-08-04 13:20:40
SCH62370670,Chris,Davis,1972/01/13,MALE,5226659132,M9A 5P6,437-225-3117,2026-08-10 09:22:14
SCH25888613,Barb,Ali,2023/03/03,FEMALE,2535699397,M6G 8A1,(416) 513-5617,2026-07-08 13:48:38
SCH28468121,Ahmed,Ali,2007/08/21,MALE,1359856513,M1N 2S1,(647) 768-9519,2026-08-14 15:26:44
SCH68572061,Brian,Jones,2015/03/10,MALE,7219749608,M5P 4E6,(365) 223-8020,2026-08-26 20:29:00
SCH96012683,Melissa,Chen,1936/09/14,FEMALE,6708567695,M2K4P6,(437) 626-4887,2026-08-02 04:07:42
SCH22053276,Ahmed,Jones,1938/04/04,MALE,0820634988,L6C 6H3,(289) 800-0805,2026-07-12 19:07:27
SCH43184043,Melissa,Tran,1980/01/31,FEMALE,0911392751,M9A5W2,(647) 761-9820,2026-08-13 01:43:17
SCH66537891,Emily,Jones,1993/04/17,FEMALE,9552415557,M8V 8R3,3656393598,2026-08-26 19:24:39
SCH60430876,Claire,Gonzalez,1982/08/17,FEMALE,8054583920,L6G3C3,(365) 406-2835,2026-07-27 14:40:25
SCH94570329,Hiroshi,Taylor,1966/04/19,MALE,9267986827,L5N,(437) 419-0193,2026-08-07 06:14:16
SCH95722412,Melissa,O'Brien,,FEMALE,6470913325,m3a7e2,(365) 592-3333,2026-08-07 14:17:06
SCH72955739,Joe,Li,1951/03/13,MALE,0260003884,M5E0M2,437-391-8029,2026-07-31 18:54:09
SCH34544156,Karen,Cote,1985/01/17,FEMALE,7728118725,M1J5M6,(289) 956-3641,2026-08-12 23:18:41
SCH54052641,Londa,Allrn,1998/06/17,FEMALE,5823620363,M1B 5S3,(289) 953-0472,2026-08-31 07:52:40
SCH25304744,Jin,Smirh,1976/10/13,MALE,4234945659,16L5R6,416-201-6655,2026-08-10 05:57:55
SCH10244189,Nan,Nowak,1985/11/17,FEMALE,0364164491,M4C2V9,(905) 748-2232,2026-07-28 01:11:07
SCH20444504,Chen,Nelson,1970/07/12,MALE,1227669536,m6g4s0,(647) 507-8086,2026-08-14 14:30:29
SCH98474485,George,Hill,1981/10/03,MALE,7292864324,L6G5P51,647-453-9044,2026-07-20 11:41:33
SCH27242549,Jim,Adams,1986/04/09,MALE,3726476421,,289-347-4081,2026-07-15 10:17:26
SCH61334163,Nanncy,Li,1972/10/15,FEMALE,5619967713,,365-861-1776,2026-07-29 04:58:58
SCH83612994,Brian,Walker,1958/11/04,MALE,0221500770,M5P8M4,,2026-08-05 14:29:09
SCH85712995,Rick,Martinez,1955/06/13,MALE,0808106991,M1J0T6,(437) 580-3783,2026-08-14 14:43:15
SCH65852740,Jin,Rossi,1988/07/27,MALE,5706032330,L6G 8W7,365-841-2919,2026-07-26 04:52:27
SCH24183686,Pedro,Ali,1966/11/29,MALE,4555248881,m9l4p3,6475436508,2026-07-05 13:32:51
SCH82661782,Sue,Smith,1956/05/09,FEMALE,6817093179,L6S 1T5,905-856-9369,2026-07-13 17:06:35
SCH11858868,Aisha,Hassan,1955/05/27,FEMALE,6965852012,M4B 2V3,905-824-1203,2026-07-28 05:44:29
SCH27654894,Thoomas,Jnes,1970/06/12,MALE,1856892334,L6M3B1,3655961514,2026-07-04 04:45:26
SCH25960949,Chiara,Johnson,1971/08/12,FEMALE,4010246520,M8Y 7G8,(647) 506-9407,2026-07-05 06:41:48
SCH12551181,Sandy,Kim,1981/07/20,FEMALE,5014940695,M5J 0G1,(437) 925-1510,2026-07-04 16:40:24
SCH40533043,Nsdia,Patel,1991/02/17,FEMALE,6234095807,l6m9t1,(647) 590-5464,2026-08-03 02:37:30
SCH62797608,Sofia,Hassan,1977/05/21,FEMALE,3024155339,m6k1l8,647-930-4331,2026-07-31 22:58:19
SCH29465921,Zara,Campbell,1974/08/12,FEMALE,7744973137,M9C 9S3,416-654-2055,2026-07-19 04:01:20
SCH76554180,Pedro,Lopez,1978/08/25,MALE,5441512174,M8Y 3A1,2895727034,2026-07-31 16:35:02
SCH69541388,Raj,King,1959/02/24,MALE,0867062366,M1N0H1,4379184748,2026-07-21 02:50:40
SCH65610620,Zara,Gagnnon,1987/09/20,FEMALE,4136220490,M3H 3B5,3658410548,2026-07-22 22:41:09
SCH10939409,Priya,Nelson,1996/03/10,FEMALE,7832315548,M4K7P8,416-475-6780,2026-07-08 02:26:07
SCH96388872,Joe,Johnson,2010/12/07,MALE,7481949860,M6B 4B2,(289) 302-8812,2026-07-06 05:03:16
SCH55816868,Liing,Silva,1964/06/24,FEMALE,9827571515,M5H 8P8,647-244-1155,2026-08-04 02:25:00
SCH13448699,George,Mensah,2010/06/21,MALE,1011707203,M2N 4Y5,,2026-07-19 02:30:28
SCH63907582,Olga,King,,FEMALE,0719418105,M2J 6A7,905-881-7136,2026-08-04 01:08:47
SCH25332065,Maggie,Moore,1955/12/13,FEMALE,3519414852,M5B 4T9,4378589044,2026-07-27 19:09:47
SCH34896082,Ling,Mensah,2001/01/12,FEMALE,1018239671,M6G 7L0,4377804667,2026-07-28 12:25:05
SCH21290320,Ling,Ali,1958/09/17,FEMALE,0286042932,M1J 7Z9,4376709566,2026-08-26 10:07:25
SCH50861683,Bob,Khan,1931/05/29,MALE,8166179617,M4M8V6,289-729-5068,2026-07-10 06:03:48
SCH97758680,Aisha,Baker,1962/04/15,FEMALE,1111447726,L4K0B0,,2026-08-12 06:19:27
SCH16919092,Mark,Kim,1951/08/21,MALE,9221605489,M5N5J8,(289) 316-1605,2026-07-03 06:35:59
SCH57436151,Tony,Jones,1977/04/22,MALE,4437125737,M4H1X2,9052759663,2026-07-03 06:34:51
SCH16463997,Steve,Chen,1995/02/19,MALE,1366625315,M5N6N4,4372908223,2026-08-04 16:22:29
SCH69179482,Chiara,Lopez,1977/06/22,FEMALE,9678468712,M3A 0J0,,2026-07-16 14:07:23
SCH99379113,Andy,Gonzalez,1992/12/09,MALE,7892662458,M4C 5Y2,289-969-8565,2026-08-17 15:52:56
SCH89673854,Chen,Jones,1973/09/20,MALE,6945887930,L6J9K0,(416) 515-3185,2026-07-18 07:13:18
SCH18421197,Andy,Davis,2023/12/06,MALE,5913136835,L6C3G0,,2026-07-14 01:55:40
SCH75039346,Marie,Anderson,1968/03/31,FEMALE,1067776888,L4L6G0,3657416860,2026-07-14 09:33:42
SCH15615110,Mohammed,Sila,1966/11/21,MALE,1059334209,M4M 6S6,(647) 966-3219,2026-07-27 10:25:02
SCH56363960,Raaj,Gagnon,1953/04/06,MALE,4559370483,M8Y 2Z7,416-889-4244,2026-08-16 21:57:42
SCH44593352,Linda,Jonhson,1952/03/01,FEMALE,7294597229,M4H2E8,647-408-1077,2026-07-16 15:13:44
SCH55471121,Yusuf,Zhang,1976/05/04,MALE,2912033814,L6B3R5,2897183413,2026-01-11 13:17:52
SCH57613124,Nan,Rossi,1997/11/15,FEMALE,6071053729,m2r3n8,9058882186,2026-07-12 21:28:51
SCH92452564,Hassan,Thompson,1961/09/10,MALE,4390803270,00000,365-689-2859,2026-07-24 04:49:40
SCH91657325,Luc,Kign,1962/02/01,MALE,7719017183,M5R 2A6,647-430-1027,2026-07-08 01:08:35
SCH72057721,Hssan,Santos,1995/08/07,MALE,1851397404,M5G6K6,4165661050,2026-07-26 12:17:53
SCH73731110,Raj,Harris,1963/11/12,MALE,2104379611,,,2026-03-19 03:38:08
SCH27440382,Ling,Garcia,1962/08/06,FEMALE,4807260122,M5A 1K4,,2026-08-25 05:44:36
SCH47468075,Kevin,Gagnon,2015/12/25,MALE,0832335525,M1B8N2,(905) 770-2320,2026-07-05 11:02:13
SCH14388418,Raj,Kowalski,2012/07/07,MALE,0729469049,m1n3k7,,2026-07-09 07:33:15
SCH82619336,Lisa,Martin,1953/07/07,FEMALE,6483162217,L6B 2R8,365-555-8899,2026-08-22 02:47:58
SCH48967198,Maggie,Robinson,,FEMALE,7244471939,l6l3b0,4376935829,2026-08-07 13:00:39
SCH54736714,Kevin,Wright,1949/01/13,MALE,2834243251,,6475642693,2026-08-30 14:49:13
SCH81666000,Mike,Kim,2015/05/28,MALE,0255836363,M5N 4C7,4372455260,2026-08-01 22:26:44
SCH58130137,Betty,Hill,1934/04/17,FEMALE,5313943580,M2K 5N9,6476512608,2026-08-31 20:37:45
SCH54355376,Kevin,Brown,1966/06/15,MALE,6333847314,M1N 7J1,437-964-3108,2026-07-20 03:03:04
SCH43142987,Sarah,Bouchard,1989/05/02,FEMALE,9883228174,M8Y 9V6,4169504758,2026-10-23 20:01:03
SCH39567564,Sandy,Lee,1974/05/29,FEMALE,4755277581,M4C 3C1,3659342416,2026-08-31 22:58:08
SCH33152046,Sarah,Daviis,1960/04/15,FEMALE,8856578839,M1L 6G5,(365) 473-0895,2026-07-25 15:00:03
SCH82108510,Andy,Martin,2000/11/19,MALE,8068072084,M6B 3X9,416-917-2855,2026-07-23 04:01:34
SCH91917117,Ingrid,Brown,1991/05/17,FEMALE,7104419671,m9n7r0,647-394-5407,2026-08-09 10:43:09
SCH11502657,Chiara,Sutehrland,1947/07/06,FEMALE,7087910100,m6k9h4,(647) 830-9595,2026-07-18 20:49:59
SCH36511279,Ling,Hassan,1989/01/07,FEMALE,7207829610,L5N9S3,905-547-5147,2026-08-20 00:54:21
SCH43844672,Raj,Anderson,1990/10/07,MALE,4491852911,M4H2K9,9056136096,2026-08-14 01:44:03
SCH20614218,Yusuf,Riy,1989/06/14,MALE,0158737957,M1N 8S9,647-858-0738,2026-08-10 04:47:14
SCH40945828,Karen,Johnson,1981/10/14,FEMALE,1443624885,L6G6V9,,2026-08-27 06:00:33
SCH22682123,Mohammed,Kim,1948/04/21,MALE,4989921608,M4M 8T3,905-878-4048,2026-07-12 01:15:00
SCH45107798,Aisha,Ricci,1981/07/30,FEMALE,2177463375,L4L0Y5,4162394991,2025-10-09 19:27:21
SCH81237474,Raj,Ahmed,1946/08/22,MALE,6453111723,M9B 9J6,(365) 213-1625,2026-08-31 17:33:04
SCH47260886,Hiroshi,Whote,1985/05/15,MALE,2200863674,M9L7E5,(289) 250-4599,2026-07-22 06:23:04
SCH25799378,Geeorge,Santos,1997/06/29,MALE,9983743460,l6j0j8,(437) 216-7249,2026-08-22 17:52:33
SCH56027065,Yuki,Zhang,1990/04/15,FEMALE,1559860513,M3H9C4,289-412-8975,2026-07-05 06:13:28
SCH72651629,Liz,Stewart,1954/12/27,FEMALE,7184914781,M2H8H3,(437) 525-3468,2026-07-31 11:13:54
SCH61286419,Margareet,Anderson,1956/02/19,FEMALE,6908862177,L6R 5N8,9058057112,2026-07-16 11:04:39
SCH61731820,Linda,Johnson,2025/08/18,FEMALE,6967432086,M1G3H2,,2026-08-19 21:39:24
SCH24906567,George,Johnson,1938/02/22,MALE,6418902240,M6K1G1,9052642431,2026-08-20 06:28:26
SCH51788159,Joe,Hill,1968/12/03,MALE,1958478800,M6C 0L7,289-698-4536,2026-07-11 04:15:17
SCH40017958,Ling,Mensah,2014/08/02,FEMALE,7598162100,15E1R7,9059048874,2026-07-07 12:18:07
SCH99270721,Tony,Ferreira,1996/11/30,MALE,5475559034,M6L1M9,365-207-0769,2026-08-14 07:23:11
SCH53498121,Jess,Wilson,1938/02/02,FEMALE,5036797974,M4J 2T0,(416) 873-9674,2026-07-26 08:33:39
SCH39303459,Ahmed,Hill,1989/01/12,MALE,0027324177,M4C 2W4,3655537163,2026-07-08 07:48:48
SCH71690480,Fatima,Osei,1941/11/02,FEMALE,2265782454,M9N2C7,(365) 782-2829,2026-07-16 08:25:53
SCH67647574,Mary,King,1899/01/01,FEMALE,3938327156,M6G1B7,(905) 839-8501,2026-08-29 04:11:00
SCH50293489,Yuki,Kim,1993/05/27,FEMALE,9181117848,,3655868441,2026-07-03 23:06:20
SCH44891128,Sarah,Patel,1946/11/24,FEMALE,9417702470,M6M 4R9,905-288-9765,2026-08-19 15:03:36
SCH16801179,Zara,Harris,1991/08/01,FEMALE,1700063660,M6A 2P7,416-349-5109,2026-02-14 15:56:37
SCH52770849,Jess,Hernandez,2000/04/07,FEMALE,1416987384,M5E0Y5,4163984330,2026-08-09 14:24:04
SCH61398786,Zara,Singh,1977/08/17,FEMALE,9338794978,L5A 6K0,(647) 878-3328,2026-08-15 00:21:01
SCH53416573,Mandy,Allen,2007/05/17,FEMALE,0849175104,M4H1K61,(416) 282-2583,2026-07-18 06:30:27
SCH16305081,Karen,Kumar,1973/03/06,FEMALE,3738498967,M4M8P8,(437) 670-0309,2026-07-13 23:06:48
SCH97766101,Jean,Kowalski,2007/01/15,MALE,9354359474,M2N0Y8,289-668-0840,2026-07-10 23:56:42
SCH24100410,Chen,Okafor,1955/09/28,MALE,0188066831,12K2C5,365-723-8548,2026-08-05 04:56:31
SCH76035764,Karen,Sutherland,1968/11/12,FEMALE,2784917862,M1C 9W8,416-461-1562,2026-07-09 22:28:35
SCH11414713,Priya,Garcia,2003/09/10,FEMALE,1055463101,L5N 1Y4,9058291884,2026-08-10 16:50:45
SCH79445763,Ashley,Walker,2005/11/10,FEMALE,7538947123,M4L 4W3,,2026-08-20 01:14:10
SCH93372034,Fatima,Khan,1967/11/22,FEMALE,2588860789,M4G 4L8,6479200977,2026-08-07 15:33:31
SCH49457544,Jess,Stewart,1989/01/26,FEMALE,5497881499,M8W 5H0,3654166211,2026-08-27 11:34:00
SCH13185937,Diego,Ricci,1946/09/09,MALE,2289856615,m4e2r3,4165926880,2026-08-17 07:50:28
SCH37423305,Tony,White,2013/02/24,MALE,9826340482,m2k8c8,,2026-07-12 14:41:24
SCH17199374,Nadia,Ali,1998/03/13,FEMALE,4536771449,m9b5t2,,2026-08-15 19:37:41
SCH17805932,Ivan,Brown,1973/08/24,MALE,6506922456,M3H 2V7,4377734169,2026-07-25 11:52:01
SCH89482791,Josh,Wilson,1988/01/25,MALE,3292430810,M9C 9M3,(437) 713-6787,2026-08-17 12:09:07
SCH89479942,Kenneeth,Ricci,1955/08/27,MALE,8959134126,M5H4X7,905-379-0240,2026-08-07 19:38:23
SCH70090058,Nikolai,Nowak,1947/03/12,MALE,9805512648,M1G5P9,289-439-5019,2026-08-19 06:51:52
SCH15676738,Nikolai,Patel,1991/04/10,MALE,6380495454,M2R 0M1,289-235-4441,2026-08-01 05:03:25
SCH82335451,Bob,Lopez,1974/09/24,MALE,7584774967,m4l6a3,(905) 650-8604,2026-08-11 04:44:41
SCH24096725,Steve,Lewis,1967/10/18,MALE,0558516407,M8X 7L2,4169280515,2026-07-13 23:19:10
SCH58778342,Amara,Kumar,1926/10/28,FEMALE,8373087967,M4J3R8,(905) 341-9995,2026-07-31 14:10:22
SCH75438432,Melissa,Lee,1965/09/29,FEMALE,5444214281,M8X2T5,(365) 401-3490,2026-08-29 18:24:18
SCH53830186,Ken,Lee,1960/03/09,MALE,4075115800,M5R8J1,289-465-9172,2026-07-06 19:31:06
SCH66083504,Ashley,Stewart,2025/08/28,FEMALE,0653116160,M4A5Y3,9053093717,2025-06-07 08:36:54
SCH73353036,Amir,Park,1986/04/23,MALE,3192577439,M4G9S6,3659000954,2026-07-21 12:20:41
SCH20783830,Priya,Hernnandez,1989/06/21,FEMALE,4017528599,M1B9A2,437-624-8632,2026-08-07 02:05:50
SCH16565948,Pat,Jackson,1980/03/26,FEMALE,4625412459,M4C 0B4,(905) 537-7270,2026-08-31 15:24:29
SCH44032404,Nikolai,Wang,1978/07/08,MALE,4696136680,L5C4L2,(437) 226-2616,2026-08-06 23:53:11
SCH14321548,Mei,Tremblay,1973/07/18,FEMALE,5488894758,M6K1H9,365-465-8265,2026-07-18 04:11:45
SCH17222365,Priya,Smith,1981/09/30,FEMALE,1863716807,,365-805-5520,2026-08-17 06:50:21
SCH89023616,Tomas,Johnson,1973/09/14,MALE,8377143592,M5B8K5,(289) 298-2870,2026-07-11 18:47:09
SCH26340657,Liz,Stewart,1927/01/24,FEMALE,2827771466,M5P 8N9,365-372-2452,2026-08-10 10:25:20
SCH55577504,Ingrid,Jones,2002/07/26,FEMALE,9311402532,M3B5R3,4376204953,2026-07-05 17:33:23
SCH95039780,Mohammed,Miller,1954/02/01,MALE,0361757875,l6g4b8,(437) 481-3323,2026-07-08 17:58:10
SCH10040098,Sue,Carter,1967/09/02,FEMALE,0700101991,M4C 8A8,416-761-7338,2026-08-16 00:22:38
SCH76397556,Mei,Johnson,1967/06/20,FEMALE,7711165378,M8W 8M7,6477815991,2026-08-08 15:58:05
SCH15309842,Yuki,O'Brien,1974/09/12,FEMALE,0880485990,M1G 6T7,,2026-06-02 05:57:56
SCH78962012,Matt,Okafor,1929/10/04,MALE,6059177102,M5E 7Z9,437-275-5940,2026-07-10 14:02:59
SCH64937033,Betty,Hassan,2004/12/26,FEMALE,9456461822,11K7A1,3655729352,2026-07-26 20:53:41
SCH43556090,Josha,Rossi,1982/05/01,MALE,8248391560,M5K7M9,(437) 720-9989,2026-08-30 09:47:01
SCH15805900,Amir,Park,1972/02/15,MALE,5476474134,L4K 0M6,9057754665,2026-07-22 20:36:49
SCH29413207,Chiara,Fraser,1969/01/31,FEMALE,5669950312,L5A1R1,2897497389,2026-08-09 02:12:53
SCH70354842,Amr,Ferreira,1953/05/07,MALE,5410588296,M1L 6C0,4372568669,2026-08-08 03:35:56
SCH91075709,Mary,Ferreira,1977/11/23,FEMALE,2118619820,L4C9X1,,2026-02-03 14:40:54
SCH42116991,Rick,Gonzalez,1976/06/13,MALE,8058501696,M5G 1Y3,416-977-5283,2026-01-18 23:19:23
SCH26481012,Ivan,Fraser,1997/01/21,MALE,0250323193,L6C8H3,4374928401,2026-07-30 00:08:29
SCH74711187,Maggie,Moore,1939/09/03,FEMALE,2722151004,M4B 8X6,(289) 323-0040,2026-07-21 19:38:01
SCH34880061,Mandy,Nelsno,1976/11/18,FEMALE,5140867820,M2J 1T0,(905) 645-3938,2026-08-14 01:48:48
SCH84708219,Priya,Garcia,1968/06/29,FEMALE,7960465388,M8X2R5,4169399909,2026-08-14 04:26:18
SCH74351604,Mary,King,1964/10/20,FEMALE,1525280697,M6G9A0,6477487126,2026-08-09 11:45:37
SCH88297418,Mandy,Osei,1960/09/25,FEMALE,4421735681,M2N 1V2,365-525-7552,2026-08-10 08:39:27
SCH90196403,Bob,Lee,1991/12/26,MALE,4183773938,L6P0Y7,,2026-07-18 07:54:27
SCH12584652,Brian,Moore,1952/11/04,MALE,8503822952,M9M 2W5,647-558-4957,2026-08-23 07:28:34
SCH54100157,Matt,Patel,1959/07/18,MALE,6688737938,M6L 5G2,905-350-4075,2026-08-04 10:32:39
SCH23229994,Raj,Wright,1944/04/28,MALE,5210304860,,(437) 874-6871,2026-07-11 22:16:58
SCH45689231,Marie,Martinez,2006/03/19,FEMALE,1427752678,M5P 2A0,2897228514,2026-08-10 23:01:33
SCH37764077,Mandy,Hernandez,1926/10/01,FEMALE,9184723253,L6R1G1,4165074427,2026-07-29 10:19:07
SCH78872077,Luc,Hernandez,1991/11/06,MALE,0591091582,m1m7b3,3653188495,2026-08-12 15:22:08
SCH96923672,Linda,Carter,1991/09/23,FEMALE,0161419510,L6B8H2,289-686-5265,2026-07-31 13:25:13
SCH92557920,Hiroshi,Moore,1960/06/04,MALE,5714284253,M3C0H1,4168696134,2026-07-21 14:26:45
SCH78052957,Ahmed,Davis,1991/06/06,MALE,7339066800,11M9H2,437-942-6978,2026-07-26 13:33:26
SCH59663516,Mart,Garcia,1988/04/10,MALE,6803142741,M5B 6T7,2898120195,2026-08-12 08:30:15
SCH69338769,Omar,Zhang,1984/07/10,MALE,1199195650,L6H7N1,437-844-9086,2026-07-04 22:28:34
SCH71998480,Mohammed,Davis,1941/10/11,MALE,4488114119,L6B0T0,,2026-07-16 07:53:03
SCH51321696,Lisa,Gonzalez,2005/02/17,FEMALE,0394132385,L6G8E8,,2026-08-12 20:00:34
SCH71604895,Nikolai,Davis,1975/11/29,MALE,8582135490,l6c6b3,(416) 659-5333,2026-08-19 01:06:01
SCH17034976,Andy,Ail,1949/12/18,MALE,3188553964,m2h6k7,4379350679,2026-07-25 19:06:27
SCH23617592,Chen,Wright,,MALE,0592432504,M5K 9P2,,2026-08-10 04:48:17
SCH46037163,Betty,Kelly,2002/11/22,FEMALE,0828119255,M1L8X3,9052511368,2026-08-29 04:43:27
SCH59352534,Josh,Jackson,1988/08/05,MALE,8832846532,M4H6P3,(416) 214-5297,2026-08-23 09:29:36
SCH84724301,Yusuf,Fraser,1999/02/23,MALE,1103373625,L5B 1V6,,2026-07-10 11:47:19
SCH66231651,Raj,Smith,1964/05/17,MALE,9303207725,M1K 4A2,3658396213,2026-08-19 02:29:06
SCH38131985,Lisa,Walker,1986/10/21,FEMALE,2878066303,M2H 0N0,(437) 870-7396,2026-08-16 18:34:35
SCH58692189,Yusuf,Thompson,1951/12/10,MALE,8811679599,M4A1X5,3652612829,2026-07-08 11:04:07
SCH22861460,Shelly,Kowalski,1993/12/26,FEMALE,2418865800,L6A 9X7,4379501442,2026-08-10 03:19:05
SCH31476411,Josh,Okafor,2000/11/11,MALE,8026631195,M2H0J9,4374071515,2026-08-10 22:29:15
SCH10485095,Maggie,Rodriguez,1988/03/27,FEMALE,9184975374,m4e1a3,(647) 407-4013,2026-08-24 14:13:02
SCH70714663,Mandy,Mensah,1990/11/27,FEMALE,5470308478,,(289) 302-6567,2026-07-14 00:20:08
SCH33839999,Pedro,Baker,1933/07/13,MALE,9634608021,M6G6G8,(905) 311-6860,2026-07-10 07:06:48
SCH95761096,Bill,Gonzalez,1950/01/21,MALE,8731550755,L4J 8J4,(437) 843-0785,2026-08-04 15:33:42
SCH19200522,Sue,Santos,1991/05/09,FEMALE,4105592689,,365-247-7184,2026-02-20 10:37:40
SCH52941197,Hiroshi,Wilson,1962/08/07,MALE,3997474782,m4l2a9,905-314-1943,2026-08-15 03:28:26
SCH24132701,Mandy,Jones,1997/06/26,FEMALE,7342148991,M2K9G1,437-790-7306,2026-08-16 04:53:23
SCH58026724,Mandy,Tran,1968/01/08,FEMALE,8331297781,,9053933700,2026-07-21 12:07:08
SCH29962350,Sarah,O'Brien,1950/11/16,FEMALE,9329114202,L6J 1X3,365-396-0384,2026-08-08 05:49:14
SCH39696047,Hassan,Nelson,2019/02/02,MALE,3664871427,M8V7H1,(365) 604-5991,2026-08-26 07:13:30
SCH61731724,Sue,Kim,1961/10/01,FEMALE,3469368843,L6L 1Y8,(365) 272-8312,2026-08-20 21:35:30
SCH46369305,Chiara,Thomas,1956/05/28,FEMALE,2473072615,M4L0J4,2895977192,2026-07-12 23:47:41
SCH65561850,Amara,Osei,1959/08/08,FEMALE,7520343562,M6E 3V4,(437) 272-5806,2026-08-13 21:49:28
SCH52247190,Nadia,Santos,1976/02/11,FEMALE,2375799737,15G0R2,(647) 288-0911,2026-07-14 19:10:34
SCH38273486,Mary,Moore,1954/04/01,FEMALE,9470662611,M9B7P4,4374873980,2026-07-24 17:36:45
SCH34955771,Karen,Tran,1979/03/10,FEMALE,0985281757,L6L3C2,3657807288,2026-07-19 13:04:04
SCH22124701,Pat,Okafor,1957/04/24,FEMALE,4413710437,M1L3W9,(905) 306-5837,2026-07-27 09:21:21
SCH12356805,Aisha,Robinson,1967/10/03,FEMALE,0062466191,M3B 5S7,(647) 320-9856,2026-08-30 07:16:15
SCH14468044,Andy,Walker,1983/05/17,MALE,3440711921,M2J0G0,(905) 767-8508,2026-07-19 00:47:39
SCH55845532,Ysuuf,O'Brien,1967/01/22,MALE,3208475685,M1M0V7,289-513-5052,2026-08-31 15:57:21
SCH57825229,Wei,Smith,1994/05/25,MALE,2169662182,M5N 8S3,(905) 801-3315,2026-08-20 01:47:30
SCH43640620,Chen,Taylor,1971/07/01,MALE,6021823213,M6G 9L1,(289) 654-0051,2026-08-22 15:27:56
SCH37349325,Linda,Thomas,1943/09/11,FEMALE,8001703365,l6p5y8,2893496135,2026-08-22 03:38:22
SCH78802727,Sue,Adams,1945/11/20,FEMALE,4141885014,L4L 2V0,(905) 913-3004,2026-08-04 11:47:37
SCH36439936,Sarah,Bouchard,1950/10/13,FEMALE,4084086828,M1H 3R7,(647) 945-2025,2026-08-05 11:30:33
SCH68576986,Sofia,Scott,1948/12/14,FEMALE,3257797443,M9N 7Y9,,2026-08-31 07:56:49
SCH12427883,Babara,Williams,1968/10/28,FEMALE,6336482515,M9M6L7,647-424-9917,2026-08-29 03:49:31
SCH53709924,Brian,Ricci,2005/11/16,MALE,0660083536,M4L 9P8,,2026-07-29 19:47:59
SCH93759283,Sofia,Mitchell,1968/08/04,FEMALE,5772814702,L5B 7Z8,(905) 312-9533,2026-07-25 06:56:58
SCH26586684,Omar,Thomas,1975/11/29,MALE,0893022277,L5A6P0,6473170549,2026-01-22 16:05:13
SCH61106635,Sue,Ali,1956/04/02,FEMALE,2256784915,m6a7z7,4168248614,2026-08-13 19:25:54
SCH65563235,Karen,Ricci,1995/06/04,FEMALE,7247074565,M4G4B2,(647) 623-4653,2026-08-13 20:33:43
SCH56243935,Ivan,Kwoalski,1997/03/05,MALE,8728301451,M6M7G5,(905) 581-5061,2026-08-29 02:55:29
SCH88990578,Jean,Zhang,1983/05/21,MALE,2620765137,M3A6Y4,(905) 251-0074,2026-08-26 11:18:34
SCH66253287,Yusuf,Young,1951/03/05,MALE,3793073697,M6L 1A0,(365) 890-5191,2026-08-31 18:55:11
SCH70859269,Jean,Green,1970/05/30,MALE,3412832234,L6S 6Z5,(289) 552-7891,2026-06-02 05:05:52
SCH36383917,Ingtid,Brown,1960/11/03,FEMALE,3860526734,M5E 9A3,(647) 334-6868,2026-07-07 07:51:36
SCH88832584,Liz,Mitchell,1977/12/02,FEMALE,8627857918,L5C 3N5,647-471-7939,2026-08-10 04:31:39
SCH25426517,Jim,Alln,1972/10/26,MALE,4869721607,L6L 5J5,,2026-07-09 17:20:49
SCH25795816,Meei,Robinson,1956/07/03,FEMALE,9777281669,M8Y 9B1,437-617-7160,2026-07-17 04:51:09
SCH81831904,Chiara,O'Brien,1949/04/09,FEMALE,3236721951,M8Y8V7,6479543283,2026-08-11 07:51:32
SCH74542325,Karen,Green,1982/10/17,FEMALE,8182215544,M3B7P9,4169722893,2026-07-03 16:58:18
SCH27490017,Jess,Kumar,1993/12/22,FEMALE,2514527437,M5A 3T6,905-333-9693,2026-08-23 10:09:20
SCH40441713,Melissa,Silva,1956/08/26,FEMALE,7717853076,M5J 4L1,,2026-07-10 02:21:13
SCH69976109,Luc,Singh,1962/03/12,MALE,2724359282,M2N7C6,(905) 305-3283,2026-08-05 10:46:48
SCH13719695,Mark,Sutherland,1953/06/02,MALE,1072362260,L6J6E3,647-940-1202,2026-08-03 03:55:04
SCH98017038,David,Lewis,1964/04/27,MALE,8568226321,M5R6A9,289-253-2239,2026-08-10 15:27:36
SCH53072851,Amara,Rossi,2025/02/17,FEMALE,4671916783,M4B 9W2,365-624-3618,2026-07-08 09:44:25
SCH56925127,Ashley,Martinez,1951/11/03,FEMALE,7996224189,,4167818886,2026-08-24 22:27:43
SCH15935105,Melissa,Mitchell,1967/01/10,FEMALE,9142548925,l5a8r4,,2026-07-16 20:31:04
SCH70181358,Ivan,Jones,2025/05/11,MALE,6129953771,M5G5V0,(437) 317-6561,2026-07-28 04:28:01
SCH91089166,Diego,Williams,1973/05/10,MALE,4000580672,M6C,(365) 573-0984,2026-07-17 22:04:12
SCH14122649,Raj,Miller,1974/01/11,MALE,1376759104,M9C5S0,437-651-0236,2026-07-27 07:00:00
SCH88780902,Linda,Ferreira,1956/06/23,FEMALE,9646741992,M5J8S8,(647) 224-7193,2026-08-16 13:57:59
SCH49773827,Jeean,Rodriguez,1974/04/26,MALE,4602494710,M9M 9G9,289-765-8636,2026-08-20 03:56:19
SCH83378984,Chiara,Stewart,1946/05/24,FEMALE,2639083365,L5C2Z1,905-306-8636,2026-07-12 11:34:58
SCH84405786,Tom,Okafor,1965/09/21,MALE,4109154080,m6b3v5,(437) 480-2314,2026-08-09 16:28:17
SCH94897188,Pat,Ahmed,1966/06/10,FEMALE,7229263285,M9C2K1,,2026-08-07 08:04:53
SCH91754636,Liz,Nelson,1961/01/07,FEMALE,6413934149,L6P 5V0,905-772-5095,2026-08-15 12:55:34
SCH16232528,Ana,Jakcson,,FEMALE,1839111992,M5R 7N7,(437) 411-5450,2026-08-28 03:17:35
SCH30806192,Jean,Silva,1953/08/07,MALE,5771856928,M2K6Y0,(647) 234-3614,2026-07-30 09:32:57
SCH70484079,Davd,Green,1960/07/16,MALE,9490295236,L4K0M2,,2026-08-17 07:57:52
SCH59654457,Nadia,Gagnon,2002/10/22,FEMALE,5854297693,L6B0A1,4373188304,2026-08-13 06:11:21
SCH74455014,Ahmed,Kelly,1948/01/04,MALE,2154661512,M9N 9V3,4164100609,2026-07-18 12:43:35
SCH18222795,Melissa,Li,1981/03/08,FEMALE,1267473484,M4M 2R3,6474363080,2026-08-04 01:02:37
SCH30239400,Ahmed,Frraser,1995/10/06,MALE,7302571950,M6C5H9,9059688521,2026-07-07 11:45:06
SCH88835470,Zara,Hill,1975/05/23,FEMALE,6318575260,L6B 0Z5,(416) 294-2390,2026-08-08 07:32:58
SCH50835846,Jean,Johnson,1934/02/20,MALE,3736112537,M6M4C1,9053773372,2026-07-07 05:03:12
SCH48068317,Tony,Core,1961/02/04,MALE,4499257220,M1K 6B1,(905) 547-4470,2026-04-15 05:47:11
SCH51715541,Sarah,Moore,1979/08/21,FEMALE,0449677368,M1G 6M2,(905) 325-1586,2026-08-17 23:05:27
SCH84021372,Mary,Jones,1999/11/14,FEMALE,3466284076,M9A3S2,4169034193,2026-07-05 11:37:40
SCH53006173,Jin,White,1973/04/17,MALE,0968968842,M5E 7B4,416-987-2594,2026-07-10 12:14:04
SCH66509521,Jean,Silva,2025/04/12,MALE,4446902647,M9B7A2,(647) 550-5277,2026-08-15 04:00:00
SCH70129049,Richsrd,Khan,2007/12/12,MALE,6438342468,M2J7P9,(289) 877-8169,2026-07-27 02:40:47
SCH12397193,Mark,Allen,2013/04/05,MALE,4471460594,m6a9m1,(647) 536-9302,2026-08-07 04:46:05
SCH95865641,Melissa,Osei,1988/09/03,FEMALE,2578427490,M4A5T1,6475431291,2026-08-10 23:40:04
SCH88654491,Joaeph,Ferreira,1926/05/05,MALE,6340804936,M2K 1X2,(289) 438-4055,2026-07-30 19:43:53
SCH23402187,Tomas,Moore,1977/01/05,MALE,5632462932,L5N 5H2,437-825-4737,2026-08-20 13:05:09
SCH43732914,Luc,Li,1975/03/27,MALE,8081380779,l5n6w0,3652926160,2026-10-07 00:35:48
SCH39301505,Moohammed,Kowwalski,1948/09/04,MALE,7899116490,16A0X7,,2026-07-28 04:59:29
SCH24728839,Rsj,Ahmed,1983/10/23,MALE,5796934262,M8X 0X5,2895595631,2026-07-11 02:03:54
SCH31379327,Yusuf,Okafor,1959/12/13,MALE,1326101480,M5G 5R0,(365) 972-7914,2026-07-19 15:22:57
SCH98374233,Matt,Mikler,1997/09/14,MALE,8863372671,m6g1a6,4166856739,2026-08-04 21:48:02
SCH55314539,Aisha,Stewart,2005/12/22,FEMALE,4742754676,l6a3k6,(365) 463-7698,2026-08-06 09:48:29
SCH53683189,Jin,Fraser,1988/06/21,MALE,3525089953,,9057412870,2026-07-31 21:33:52
SCH60059132,George,Moore,1982/12/31,MALE,3572849861,00000,905-734-9975,2026-07-26 08:48:06
SCH98677472,Mandy,Martin,1992/04/19,FEMALE,9318858157,M9L6Z5,437-732-4992,2026-08-25 20:52:03
SCH10433170,Sandy,Lee,1984/01/26,FEMALE,2015497171,M6C 5Z8,437-258-5961,2026-07-22 03:41:50
SCH28274263,Hassan,Hill,2025/05/13,MALE,6551862615,M6J2X8,2893815134,2026-07-14 17:24:38
SCH80737879,Pedro,Bown,1996/05/20,MALE,7638657721,M1M,,2026-08-08 00:23:16
SCH20549611,Sofia,Thompson,1929/06/09,FEMALE,2235783285,M9A 7L5,(289) 406-7708,2026-07-05 01:24:39
SCH97116773,Fatima,Wilson,,FEMALE,8225084592,m3a7r4,(365) 873-0749,2026-08-05 23:38:17
SCH94448027,Josh,O'Brien,1996/10/10,MALE,3193313651,M5N 2B0,(905) 572-5794,2026-07-28 13:27:18
SCH15659381,Luc,Campbell,1972/04/24,FEMALE,4318503796,M2R7J8,3652774159,2026-08-31 23:57:30
SCH95761334,Msry,Chen,1983/10/11,FEMALE,8987798561,m9c5g4,(437) 377-5246,2026-07-30 15:18:01
SCH67379903,Sandy,Zhang,1994/12/02,FEMALE,2742672989,M3H 8H2,4169651937,2026-08-09 16:06:44
SCH17677307,Jin,Ferreira,1972/05/30,MALE,9865711924,M5K 2N5,4374248246,2026-08-16 04:56:11
SCH11912085,Lisa,Anderson,1977/06/11,FEMALE,2276474133,M6H 1E1,(647) 445-6147,2026-08-23 04:59:30
SCH72199062,Olga,Smith,1960/10/31,FEMALE,0449298843,M9L 3W1,905-797-8494,2026-08-24 02:31:35
SCH64918182,Jim,Harris,1974/04/29,MALE,5712317881,L6G 0J3,4168615834,2026-08-24 04:31:36
SCH67329092,Joe,Singh,1978/10/09,MALE,6729575230,M4M6J4,(289) 258-6444,2026-08-27 16:33:55
SCH72539749,Joe,Martin,1977/01/20,MALE,0278728936,m4a2e0,416-525-2062,2026-07-16 05:23:45
SCH89781027,Omar,Wilson,1972/08/09,FEMALE,9859172786,M6M4N0,(289) 747-8855,2026-08-21 21:02:00
SCH51000124,Ingrid,Cote,1961/07/24,FEMALE,7490006934,M2H7C9,905-367-6348,2026-07-10 21:21:43
SCH41613063,Mohsmmed,Hassan,1947/10/16,MALE,2203759903,,2899381020,2026-07-21 14:11:54
SCH73224581,Nikolai,Adams,2011/06/02,MALE,3936365661,L6J 6H8,(647) 264-4855,2026-07-07 14:30:59
SCH72602064,Maggie,Campbell,1972/08/17,FEMALE,9222234032,L4B7P0,416-885-7134,2026-07-29 09:48:44
SCH92380046,Bill,Anderson,1980/04/26,MALE,9334423069,M9N 6G0,(437) 424-2601,2026-08-13 07:48:47
SCH52902226,Chiara,Harris,1964/04/11,FEMALE,6766334459,M8X 5Z9,9053685840,2026-07-23 03:39:32
SCH64677841,Nadia,Williams,1969/04/04,FEMALE,3519073419,L6M 9X9,(365) 810-1931,2026-07-20 17:16:50
SCH92398508,Shelly,Wilson,1963/11/28,FEMALE,8817374849,M1N1N2,905-337-2361,2026-08-08 16:58:18
SCH58835919,Wei,Jackson,1961/03/15,MALE,8048871217,M4J5K4,647-776-5045,2026-07-04 15:03:42
SCH53719294,Luc,Trembkay,1970/06/13,MALE,6614368279,L6R0H9,,2026-07-17 14:54:53
SCH31423619,Ivan,Jackson,1976/03/10,MALE,9051838622,M5G5N0,4168875273,2026-07-30 06:29:01
SCH89323005,Mandy,Jones,1981/10/11,FEMALE,4104513157,M1J6C1,,2026-07-16 15:41:34
SCH95616794,Tom,Baker,1983/04/25,MALE,2652090404,l6l8z2,(365) 997-9709,2026-08-23 05:35:53
SCH49396642,Tomas,Patel,1973/08/09,MALE,9430954538,M3H4W2,2897020527,2026-08-24 07:28:57
SCH79732961,Tom,Osei,1975/06/09,MALE,1066070200,M4A4G7,(905) 252-6285,2026-08-12 12:44:58
SCH70324680,Pedro,Jones,1948/07/31,MALE,6412827963,M9L 6S8,4166763215,2026-07-16 00:37:03
SCH81752443,Bill,Kumar,1964/11/30,MALE,5641130470,L6L 8E3,365-676-5737,2026-08-05 13:43:30
SCH26976547,Hassan,Harrs,1993/06/11,MALE,4869162638,L6R 3E3,4162797101,2026-07-21 20:52:38
SCH81479855,Emily,Chen,1955/10/29,FEMALE,0016032476,M4L1A2,(437) 996-2672,2026-08-05 23:12:52
SCH39267810,Emily,Clark,1953/08/26,FEMALE,3584584969,l5a4t3,416-496-9903,2026-08-12 01:05:57
SCH89798087,Dan,Thomas,1966/05/31,MALE,9064493706,l6j4r2,647-797-1812,2026-07-07 02:40:57
SCH59167153,Luc,Zhang,1957/10/10,MALE,7857653708,M1K 3X3,4379930779,2026-07-13 10:15:51
SCH30748214,Wei,Gagnon,1985/12/28,MALE,4901418592,l6m5c2,,2026-08-05 19:37:36
SCH42862931,Olga,Clark,1999/01/06,FEMALE,1020570642,M6C6E0,,2026-07-08 19:37:40
SCH23913681,Josh,Ricci,1939/05/24,MALE,6734024893,m1j9x9,(437) 331-8688,2026-08-20 15:29:37
SCH99813265,Ana,Baker,1992/12/04,FEMALE,2124339728,,416-834-4803,2026-07-03 00:31:10
SCH37121181,Andy,Lopez,1983/04/13,MALE,7846966492,M9C,4162774887,2026-08-08 12:23:24
SCH55954007,Nikolai,Hassan,1977/10/27,MALE,9727928195,m3b3j3,905-271-7626,2026-08-28 05:50:09
SCH62387576,Pria,Garcia,1976/09/25,FEMALE,9912586360,M1J 0V7,4165819304,2026-07-18 13:40:50
SCH28181545,Lisa,Rodriguez,1953/07/02,FEMALE,6886015012,L4J7A9,905-746-7441,2026-08-04 07:51:42
SCH12140845,Linda,Lewis,1977/02/11,FEMALE,9637915753,M6C2V7,(416) 776-2151,2026-08-04 21:17:00
SCH97408976,Jess,Bouchard,1986/09/22,FEMALE,6779616660,L5C2Y3,4164439586,2026-08-09 02:18:55
SCH30102288,Sandy,Gonzalez,,FEMALE,1680798954,L4K 2X4,(647) 404-2403,2026-08-08 16:13:26
SCH65759238,Ana,Jones,1952/03/09,FEMALE,9399568915,M6B,3656167182,2026-08-03 21:28:30
SCH76136169,Dan,Santos,1968/04/14,MALE,4286767985,M9B3Z5,,2026-08-22 17:24:12
SCH23673914,Emily,Allen,1975/08/28,FEMALE,2201482557,m6e2t1,6473744633,2026-08-06 12:09:36
SCH92581328,Linda,Chen,1989/03/30,FEMALE,6176701735,M6J 1N2,647-397-2765,2025-07-08 17:17:40
SCH40571883,Ivan,Kowalski,1943/06/19,MALE,7568452085,M4L1C1,365-673-3320,2026-08-29 04:33:14
SCH64769721,Sarah,Mensah,1998/07/16,FEMALE,4334303460,L5A 6K5,6474481988,2026-08-07 05:26:14
SCH35969674,Sarah,Ricci,1961/06/15,FEMALE,1204390688,M6B6L7,,2026-07-04 01:47:31
SCH94065061,Jen,Clark,1945/04/05,FEMALE,7479234457,L5C 0E3,(647) 522-5447,2026-07-11 16:57:13
SCH28625102,Andy,Ross,2011/11/27,MALE,1516041314,M1G 3C5,6472230426,2026-08-12 00:26:17
SCH83367991,Amara,Sanros,2018/01/09,FEMALE,4703959397,L6P 5J2,4376999595,2026-08-15 04:58:00
SCH54221188,Mark,Harris,1996/08/20,MALE,8549422064,M2J 7P5,2894458458,2026-07-25 05:15:23
SCH78032708,Bill,Scott,1946/03/30,MALE,5805133534,M6B2H4,9055230880,2026-07-23 13:39:50
SCH11933334,Pat,White,1974/07/14,FEMALE,9535353198,m3b3k7,9054006707,2026-07-15 17:28:28
SCH59250096,Sue,Garcia,1970/03/09,FEMALE,9752124124,M9C 4X9,365-592-6940,2026-08-16 14:45:06
SCH28864196,Iavn,Lopez,2006/12/15,MALE,2237338781,M2J0V7,2895967439,2026-08-18 09:46:07
SCH71877633,Steve,Walker,1998/08/29,MALE,1212742215,00000,6474017072,2026-08-04 03:45:48
SCH97376456,Hassan,Khan,1994/08/06,MALE,0701657686,M9N7K3,3656010816,2026-08-11 14:52:13
SCH84956223,Diego,Roossi,1993/06/05,MALE,6810249125,M5E 3E5,9056955884,2026-07-21 10:57:25
SCH82289919,Diego,Jackson,1968/10/30,MALE,8427262863,M3A 8S4,6474027744,2026-01-22 00:57:28
SCH24249565,Josh,Mitchell,1944/12/06,MALE,2007007046,M6C 7Y6,289-852-6104,2026-08-26 22:28:39
SCH30430595,Marie,Rodriguez,1993/12/31,FEMALE,1835954304,M4K1E4,(647) 790-4322,2026-08-14 12:48:00
SCH25618107,Zara,Bouchard,2009/06/21,FEMALE,1948977960,l4b1z2,(647) 874-1072,2026-08-15 10:50:13
SCH94847744,Fatima,Brown,1963/11/29,FEMALE,7612642608,m5n4b9,(905) 727-8945,2026-08-30 01:35:16
SCH57415469,Marie,Chne,1969/08/03,FEMALE,0559450259,L5B8S4,4377585108,2026-07-12 10:39:06
SCH23207420,Betty,Fraser,1972/01/13,FEMALE,0920957347,L4B0C4,647-215-0468,2026-07-13 13:16:04
SCH16616983,Zraa,Park,1931/08/03,FEMALE,6857789538,M5N 6M3,(437) 248-9216,2026-07-03 10:27:15
SCH18474002,Nan,Bouhard,1973/01/18,FEMALE,4771458850,M1L 0S1,6476800243,2026-07-19 14:30:23
SCH90754514,Diego,Walker,1976/05/25,MALE,3146326578,L6P8X7,,2025-12-29 02:51:01
SCH57161244,Ling,Osei,1944/02/09,FEMALE,7981794952,M6H7X5,905-735-7574,2026-08-17 09:54:06
SCH56592280,Tom,Hill,1987/08/01,MALE,1182145548,M1L 5L3,,2026-07-07 11:49:41
SCH37146354,Ivan,Hernandez,1928/09/09,MALE,6242655188,M9L 4R0,,2026-07-05 08:48:38
SCH83321363,Fatima,Tremblay,1974/07/01,FEMALE,3256638523,M5N9W0,(905) 308-0715,2026-08-06 22:45:02
SCH29601610,Amara,Williams,1953/04/24,FEMALE,2972638627,L6C 6E6,3658222028,2026-07-16 16:23:46
SCH25562567,Matt,Rodriguez,1955/11/15,MALE,3927375232,M2K 4Y3,(905) 623-1438,2026-07-11 05:24:50
SCH55581166,Jon,Moore,1972/09/02,MALE,9003025369,M3C 3C5,(647) 729-9902,2026-07-29 22:11:56
SCH18660729,Maggie,Young,1972/12/17,FEMALE,0393317490,M4L 6N0,,2026-07-26 10:24:14
SCH88406571,Rj,Thomas,1967/09/10,MALE,2533864563,M1G3S1,365-393-8362,2026-07-16 00:43:51
SCH76913838,Aisha,Gagnon,1990/06/28,FEMALE,9976977711,M9C8T3,905-228-2919,2026-02-27 15:36:49
SCH79405908,Shelly,Martin,1941/01/22,FEMALE,4340394644,M2N 7B0,365-211-5887,2026-07-11 00:14:35
SCH55041904,Ahned,Garcia,1937/08/28,MALE,2540194822,M6G5W8,(365) 787-7855,2026-07-25 02:51:30
SCH14292035,Chiara,Tran,1955/10/24,FEMALE,5675137375,L4L2Z5,289-525-1939,2026-07-04 18:52:33
SCH77982014,Dan,Green,1965/12/12,MALE,9214179732,L6J6B9,(905) 511-5342,2026-08-23 01:03:46
SCH39065373,Tony,Kowalski,1985/01/17,MALE,8326550103,M9N4R5,2898930933,2026-07-22 07:04:30
SCH97321151,Fatma,Young,1974/12/17,FEMALE,3040669198,M6A7R5,(289) 438-6321,2026-08-10 11:25:22
SCH53626830,Lisa,Rossi,1956/06/22,FEMALE,5451911662,M5E6S6,4377903755,2026-08-17 00:58:21
SCH79224872,Aisha,Rossi,2008/10/30,FEMALE,1698320932,L6A 7Z9,9059963787,2026-07-17 05:22:37
SCH96436482,Ashley,Johnon,1942/01/14,FEMALE,4940474630,l4b1b2,(365) 427-7218,2026-08-15 05:35:57
SCH26977957,Mary,Nowak,1955/07/19,FEMALE,4899968392,m5e9y7,(647) 815-9546,2026-08-10 21:16:14
SCH79850769,Josh,Hassan,1971/10/27,MALE,6622473236,m4b8b3,(416) 715-5499,2026-07-13 05:54:23
SCH89860304,Jean,Jhnson,1985/06/13,MALE,3550861920,M4K 9J1,(416) 684-4924,2026-07-18 10:30:25
SCH25230179,Melissa,O'Brien,1981/08/03,FEMALE,5345790561,M9N9Y6,(416) 612-9394,2026-04-20 04:42:56
SCH44288374,Mraie,Wang,1998/05/01,FEMALE,6940767251,M2R 2Y4,4167535988,2026-08-13 05:20:39
SCH82880332,Chrristopher,Nowak,1980/07/30,MALE,5193682266,M5K5Z2,4164153856,2026-08-30 23:36:19
SCH35790663,Mohammed,Nowak,1977/06/20,MALE,1765788730,00000,4163809156,2026-07-06 10:57:16
SCH10265491,Andy,Rossi,1979/11/10,MALE,2529249209,M1G8X0,6479499345,2026-07-07 05:28:00
SCH73043348,Thmoas,Noak,1977/08/20,MALE,3997304955,M5P9H5,2893829693,2026-08-25 07:17:49
SCH80231797,Willaim,Thomas,1980/11/16,MALE,7283886917,M3H 8E4,(647) 659-7788,2026-08-09 12:58:29
SCH17989708,Zara,MacDonald,1987/05/31,FEMALE,9810659848,M6A 8E2,(416) 754-0766,2026-08-20 03:03:21
SCH36147435,Sue,Taaylor,1982/02/16,FEMALE,2028672463,M9N8P9,4373238503,2026-08-05 20:57:00
SCH83775726,Betty,Hill,1980/09/09,FEMALE,7564383607,M4L8Z3,,2026-08-09 03:51:56
SCH48049711,Fatima,Wang,1994/08/20,FEMALE,0399616325,M4K 0T0,2895314533,2026-07-07 01:17:58
SCH44640305,Nadia,Clark,1972/06/11,FEMALE,9478148316,m3a1j9,437-261-8374,2026-07-10 14:54:44
SCH13454483,Steve,Campbell,1967/09/05,MALE,7856291997,M4M2X0,365-360-9923,2026-08-21 19:06:13
SCH74803255,Betty,Hernandez,1926/06/11,FEMALE,7059085915,M5E 2H3,(905) 397-3448,2026-07-09 13:17:50
SCH59978003,Bob,Williams,2025/06/05,MALE,0554962845,,,2026-07-03 02:55:28
SCH32952815,Mark,Hassan,1982/03/10,MALE,6587384659,M4M 3L2,365-949-4534,2026-08-17 01:13:42
SCH44191919,Chiraa,Ferreira,2006/07/31,FEMALE,6531052543,,,2026-08-30 18:43:45
SCH45818144,Sofia,Maartin,1948/03/07,FEMALE,9969368092,M1L 1G2,9057217287,2026-08-18 15:54:50
SCH70111469,Mary,Green,1980/07/02,FEMALE,2811446463,M2J4P8,,2026-08-03 05:34:34
SCH33861495,Diego,Patel,1965/06/08,MALE,0256251083,M1J 7E0,(289) 312-4388,2026-07-21 18:16:40
SCH20849191,Maggie,Garcia,1969/12/13,FEMALE,1440676458,00000,(365) 558-4035,2026-07-23 02:22:18
SCH20614624,David,Khan,1976/07/08,MALE,4769302300,M1J 3K6,(437) 227-0402,2026-07-20 11:51:15
SCH93145284,Bill,Murphy,1959/11/13,MALE,2679648606,M1H 1H4,437-979-0359,2026-08-12 10:21:19
SCH34932827,Mihael,Young,1956/07/18,MALE,7685968260,L6J3P3,(416) 768-6631,2026-08-04 17:04:49
SCH55546522,Maty,Ganon,1974/03/29,FEMALE,3266267396,M3H5Z5,,2026-08-17 23:57:20
SCH43232745,Josua,Silva,1951/12/16,MALE,8023265526,L5N 4R3,647-820-0519,2026-08-13 15:14:49
SCH41918603,Ashley,Harris,1940/10/14,FEMALE,3939258806,M1M4G4,289-564-4034,2026-07-13 17:06:46
SCH13263455,Mark,Walker,2006/09/15,MALE,0913603007,M1M6S8,3655640654,2026-08-29 20:53:51
SCH44274896,Yuki,Bouchard,1985/01/03,FEMALE,1579895788,M4B 4S0,2897867162,2026-07-08 19:04:33
SCH76355853,Nan,Baker,1990/07/26,FEMALE,1379690876,M9M9R0,365-994-8467,2025-07-09 02:41:12
SCH10909851,Sofia,Li,2007/06/05,FEMALE,5636881137,M4L4B7,289-828-0822,2026-07-24 03:31:51
SCH36757088,Barb,Nelson,1996/02/05,FEMALE,4414103996,M5B 8G8,416-906-5042,2026-07-05 06:53:40
SCH94300720,Wei,Hill,1973/11/29,FEMALE,1398377075,,(437) 771-5928,2026-07-17 12:56:47
SCH16228228,Tomas,Ali,1974/10/14,MALE,6872873010,M6L1Z1,416-755-6998,2026-08-21 13:18:14
SCH32053681,Nan,Thomas,1959/10/28,FEMALE,4842609150,M4A 8C7,437-916-7705,2026-08-05 16:17:03
SCH43813269,Andy,Anderson,1968/01/16,MALE,6214260181,M6A 1V8,(289) 434-2293,2026-07-25 23:30:50
SCH58560753,Ivan,Ahmed,1970/10/16,MALE,4785744030,L4B3N0,647-302-9146,2026-07-17 14:32:25
SCH39538699,Tomas,Ricci,1967/02/08,MALE,4148394465,M3B 3A6,(437) 975-3657,2026-08-01 07:50:05
SCH35832039,Tony,Sutherland,2025/11/11,MALE,6523476965,L6L 5L1,,2026-01-28 20:35:49
SCH59137451,George,Gagnon,1948/02/03,MALE,2619870583,M2R 4R9,365-789-7037,2026-07-07 19:36:07
SCH81161127,Cristopher,Silva,1992/10/08,MALE,9445875208,m4m7m7,(365) 681-5760,2026-07-08 04:05:59
SCH78814397,Zara,Garcia,2010/04/01,FEMALE,2186759243,m8v6m6,(365) 275-8231,2026-07-06 10:42:07
SCH25065283,Chiara,King,2002/03/01,FEMALE,0425906963,m9c3z5,,2026-08-26 03:55:44
SCH92131163,Josh,Wang,2001/04/30,MALE,2696896238,M6E0H3,(647) 458-8497,2026-07-19 07:36:21
SCH94987408,Barb,Baer,1963/04/02,FEMALE,8905672583,M1E 9Y4,2899270652,2026-07-08 16:05:14
SCH11439598,Diego,Leewis,2007/05/10,MALE,9701465032,14H7R2,2895972287,2026-07-15 20:51:48
SCH58749415,Ingrid,Okfor,1990/10/18,FEMALE,5146525455,M4C 6E6,6473674178,2026-07-30 10:26:00
SCH57287818,Nadia,Allen,2005/09/15,FEMALE,2996094922,L4K5W4,4375569741,2026-07-31 15:05:11
SCH65060288,Ingrid,Osei,1951/11/20,FEMALE,7260436741,L6C5H6,9053778397,2026-07-24 15:15:24
SCH42653201,Lnida,Martin,2000/10/19,FEMALE,7788473556,M4A 6K3,905-243-0172,2026-07-13 00:20:52
SCH45189090,Diego,Thompson,1989/11/11,MALE,1535665879,M1N0C5,2898757415,2026-07-17 01:56:20
SCH29784639,Barb,Mitchell,1982/04/04,FEMALE,5756649454,M5H 5C4,647-743-0759,2026-08-06 13:33:27
SCH12225781,Ana,Anderson,1949/02/05,FEMALE,2195501313,M9L 6P0,289-826-9088,2026-07-06 07:46:56
SCH84116659,Yusuf,Ross,1995/07/08,MALE,8033196943,M9C4B2,3658103359,2026-07-08 11:05:43
SCH84282670,Mandy,Davis,1958/07/27,FEMALE,6232819448,M2H 9C1,416-865-7913,2026-08-11 13:50:23
SCH55085990,Aisha,Walker,1977/10/26,FEMALE,9636543341,M3H 3V7,(416) 256-1492,2026-08-01 10:03:14
SCH56365892,Chris,Allen,1994/03/28,MALE,3630588162,M1C4G0,9052366272,2026-08-15 07:05:59
SCH79063899,Emily,Chen,1971/10/25,FEMALE,1404059378,M8V7P3,289-340-7739,2026-08-28 06:14:33
SCH29584199,Tom,Nelson,1971/08/10,MALE,7147030808,,365-496-4016,2026-08-01 17:45:47
SCH86498387,Mandy,Williams,1984/08/30,FEMALE,5794621457,M6H 0N6,647-983-4735,2026-08-14 09:19:46
SCH43837552,Chris,Jackson,2013/09/05,MALE,2021254491,M6B5A4,(647) 896-9096,2026-08-22 07:02:22
SCH57063876,Richatd,Siingh,1935/06/24,MALE,8035983934,M9N1A9,,2026-07-18 11:39:18
SCH98430237,Emily,O'Brien,1966/05/13,FEMALE,6893386786,M8Y9N4,905-604-0629,2026-02-25 10:38:18
SCH85568990,Sarah,Thompson,1978/12/30,FEMALE,4157892649,M8Y 8L1,9053802822,2026-08-30 22:41:33
SCH83168053,Zara,Gonzalez,1993/05/26,FEMALE,4405883531,M5R 4S1,4379429014,2026-08-07 11:50:10
SCH59573650,David,White,2022/08/13,MALE,8083327620,L4B2L1,9055526860,2026-07-12 13:08:27
SCH83051026,Rick,Kumar,1995/07/30,MALE,6637891521,M4C0T7,3656521530,2026-07-28 20:13:05
SCH54581322,Mohammed,Kumar,1984/10/12,MALE,5757511679,M6B 8A9,4162421743,2026-08-28 05:41:22
SCH21461032,Zara,Mensah,2009/05/18,FEMALE,8378270931,M5A,289-275-0529,2026-07-28 19:11:12
SCH50454674,Wei,Li,1984/08/14,MALE,6716142143,L4L 0N9,,2026-08-26 11:29:41
SCH60689626,Shelly,Robinson,2007/08/06,FEMALE,0501958581,L6H3B71,4162769677,2026-07-12 23:01:03
SCH49857150,Chris,Martinez,2000/01/01,MALE,2744022480,L6C 8N0,416-723-6697,2026-08-20 16:57:49
SCH46918709,Fatima,Chen,1996/09/30,FEMALE,2651639920,M1H 2C9,289-367-4882,2026-08-05 01:43:29
SCH69398306,Bob,Scott,1978/09/26,MALE,4332971219,M6J 6C7,905-579-4074,2025-08-10 09:28:18
SCH98876082,Yuki,Green,1948/03/10,FEMALE,3272251772,M6M 3V1,(289) 898-1139,2026-08-17 08:56:34
SCH58521997,Ahmed,Miller,1956/08/26,MALE,7631037400,M8V 1E4,2896118389,2026-08-10 01:17:28
SCH47696269,Ivan,Ricci,2025/01/15,MALE,4028935452,L6L8A1,4163629101,2026-08-21 04:25:58
SCH75528899,Josh,Lopez,1972/06/22,MALE,3952678468,M6E6M8,(647) 497-0613,2026-08-04 23:40:50
SCH64593851,Jim,Silva,1987/03/16,MALE,6076220505,M8X5P2,4374852604,2026-08-05 23:12:29
SCH28577774,Priya,Young,1971/07/09,FEMALE,9721745835,M5H8E4,365-393-2734,2026-07-21 09:35:50
SCH62878939,Matt,Johnson,1952/02/06,MALE,4216738833,,(647) 811-4664,2025-09-18 02:51:42
SCH89101784,Jean,Robinson,1971/11/11,MALE,6044091384,M4E 3G7,(905) 651-7642,2026-08-18 08:52:31
SCH28102843,Omar,Wright,1960/01/12,MALE,9645694960,L6P9N4,(289) 560-3883,2026-07-03 07:12:00
SCH27384298,Mike,Miller,1954/04/08,MALE,4004457901,M5J 6M2,4374146812,2026-07-03 02:45:26
SCH97060352,Tony,Allen,2000/07/12,MALE,5137838362,L4K8J7,(416) 215-3727,2026-07-03 16:56:34
SCH46006401,Maggie,Gonzalez,1983/03/01,FEMALE,6106332148,m5e5y1,(289) 876-1064,2026-07-18 09:03:23
SCH92256428,Pedro,Lee,1977/01/09,MALE,8572848789,L6G2K1,4376978303,2026-08-24 10:02:32
SCH77551961,Chen,Kowalski,1956/01/13,MALE,6146754210,L6J1C5,4375591229,2026-07-09 16:17:05
SCH46213969,Brian,Ali,1970/12/16,MALE,2148641976,M6G 9W9,289-342-8391,2026-08-06 20:50:21
SCH53335440,Chris,Chen,1952/07/09,MALE,8477284783,M8W 2T2,416-234-0715,2026-08-13 05:10:44
SCH60819403,Pat,MacDonald,1985/12/06,FEMALE,2302609587,M6G9T1,4372847024,2026-08-14 06:46:21
SCH16791956,Hiroshi,Hill,1968/09/10,MALE,6027337176,M1L 5W2,(647) 836-8127,2026-08-03 12:55:39
SCH33555350,Chris,Carter,1947/09/05,MALE,6544732214,M4G 9X8,4169945092,2026-07-14 19:42:40
SCH66457960,Melissa,Robinson,1943/10/04,FEMALE,4509271476,M4A3C2,6473359062,2026-08-03 12:58:46
SCH18953677,Fatima,Wang,1982/04/12,FEMALE,2988018764,M8X 8G9,416-786-9775,2026-08-31 01:41:49
SCH37738831,Luc,Martinez,1994/11/16,MALE,1087817753,L6H 1K7,(416) 965-5203,2026-08-24 10:50:33
SCH71676362,Brian,Young,1989/01/29,MALE,5707012083,M9N 7H5,(437) 551-0775,2026-08-15 03:35:04
SCH38480321,Fatima,Carter,2025/05/08,FEMALE,2099064483,M4L 7K1,2898189215,2026-08-13 13:59:23
SCH83866081,Raj,Rossi,2020/09/08,MALE,6830107048,M5R 4V5,4377143449,2025-09-14 21:55:46
SCH38987760,Nanvy,Martinez,1958/03/26,FEMALE,4731327898,00000,6473695686,2026-08-31 12:02:10
SCH47601596,Shelly,Cote,1956/11/01,FEMALE,8073089966,L6L 1T1,,2026-08-29 07:46:43
SCH54735090,Barb,Baker,1926/04/03,FEMALE,5342837118,M2K4K1,,2026-08-20 12:10:14
SCH50181993,Marie,Carter,1982/11/15,FEMALE,5262485518,M6G 1K0,9054737374,2026-08-19 19:27:43
SCH39838275,Liz,Ricci,1985/03/23,FEMALE,1091925113,M1M 0B9,(365) 582-0066,2025-07-27 10:04:47
SCH13383619,Kevin,Gagnon,1975/06/28,MALE,9630720671,M9M6A4,(905) 814-3801,2026-08-14 21:56:15
SCH94030010,Yuki,Bouchard,2021/10/14,FEMALE,5923210024,M3H 8V5,,2026-07-18 06:59:22
SCH31679962,Nkolai,King,2007/05/24,MALE,5367389292,M2M 4N6,6476698623,2026-08-08 17:38:22
SCH55787620,Ken,Rossi,2001/11/10,MALE,9347803307,M5B 8P3,(365) 293-3979,2026-08-04 01:34:58
SCH33966146,Priya,Patel,1966/11/28,FEMALE,4902941279,L6S1M2,365-919-1190,2026-05-28 20:36:18
SCH89156823,Ivan,Waang,1963/12/20,MALE,8934176713,m6c0l9,(416) 483-7788,2026-07-14 22:26:52
SCH79261115,Matt,Mitchell,2023/09/05,MALE,0770606705,m4c8z7,289-861-5802,2026-08-20 19:11:29
SCH37413093,Aisha,Williams,1981/08/05,FEMALE,0967808460,M1C 2V8,4165119011,2026-08-21 03:42:15
SCH15186015,Olga,Jones,2001/03/30,FEMALE,5100169951,M6A2J71,4375132247,2026-08-26 21:51:11
SCH21382304,Jean,Lre,1979/08/07,MALE,7245413799,l5c6v2,4377745416,2026-07-22 23:01:16
SCH11357641,Tom,Hill,1989/04/16,MALE,4894727249,M1C9X1,647-891-3910,2026-07-09 23:57:59
SCH27771380,Ashley,Rossi,2011/06/05,FEMALE,3440018798,M1G 3C0,(647) 521-8717,2026-08-23 05:50:17
SCH47375389,Linda,Anderson,1963/07/19,FEMALE,8324757585,l6g3v5,(647) 383-1555,2026-07-11 19:26:36
SCH23357429,Amir,Hernandez,1972/10/15,MALE,3508361361,M8V3Y1,(905) 772-9703,2026-08-30 23:37:32
SCH12784350,Mary,Walker,1938/12/01,FEMALE,3233377278,m5h1r3,647-905-2863,2026-08-22 01:04:59
SCH17131650,Hassan,Okafor,1984/08/31,MALE,1424019790,L5C7E9,(416) 390-2449,2026-07-29 07:14:08
SCH80820560,Josh,MacDonald,1950/05/05,MALE,3380470660,M1N 9W5,,2026-07-12 02:59:36
SCH49428907,Nadia,King,1980/04/27,FEMALE,3319221317,M9C8J3,(437) 204-9393,2026-07-29 15:13:38
SCH89445852,Mary,Allen,1989/09/24,FEMALE,1269570470,M5N2V1,(905) 328-6524,2026-07-26 17:05:40
SCH92052616,Mattehw,Li,1946/09/11,MALE,0746575778,M4M 2C3,(437) 234-4844,2026-07-16 20:39:10
SCH93150213,Bob,Thompson,1985/10/17,MALE,1597226255,M5J 3A6,647-918-2242,2026-07-19 18:17:46
SCH42302180,Hiroshi,Okafor,1975/01/28,MALE,1209051273,M3B 1W8,(647) 637-5049,2026-05-24 20:15:30
SCH12150343,Chen,Mitchell,2010/11/03,MALE,2509131849,M5R 7A0,4374226938,2026-07-08 08:19:18
SCH86888475,Steve,Santos,1979/06/28,MALE,9309444405,M6E 9Y4,(437) 262-5568,2026-08-23 17:47:41
SCH41879301,Aisha,Walker,1961/01/28,FEMALE,5610084179,m1c8x2,(416) 202-0650,2026-08-01 15:11:14
SCH57281649,Mi,Chen,1993/01/20,FEMALE,5817739690,L4B 9R7,4164467822,2026-07-13 03:55:49
SCH65333432,Aisah,Mensah,2003/01/06,FEMALE,5764730262,m6g6e6,(437) 839-6722,2026-07-11 15:06:54
SCH64608780,David,Santos,1985/03/19,MALE,0921168159,M1H 8N3,,2026-07-18 19:49:39
SCH51755497,Mohammed,Patel,2003/10/05,MALE,9153431409,l5b2g0,6478214672,2026-08-25 17:51:06
SCH43510575,Barb,Baker,1967/09/14,FEMALE,7788332786,M4C7A3,905-783-2118,2026-07-21 16:30:04
SCH71349265,George,Johnson,1995/12/18,MALE,9204970215,,437-833-9636,2026-07-11 18:06:02
SCH42759625,Bob,Wright,1963/02/10,MALE,0087137378,M5H2M8,437-471-4560,2026-08-09 23:41:17
SCH43026199,Linng,Lee,1973/10/10,FEMALE,0129439923,M4K 7Z3,(437) 419-5570,2026-07-07 11:52:16
SCH78482550,Pedro,Ferreira,1931/08/25,MALE,4651559942,M5P4W5,9059032149,2026-08-18 06:58:17
SCH55320054,Ana,Harris,1963/05/11,FEMALE,5770354982,M5G0A1,365-753-8164,2026-07-23 05:30:54
SCH55241228,Hassan,Thompson,1963/10/16,MALE,9126704056,M2N 3K0,(289) 413-0792,2026-07-04 05:29:29
SCH22428903,Mei,Ross,2024/07/08,FEMALE,7428288679,M1H 9Y5,,2026-07-04 15:09:54
SCH39652438,Andy,Patel,2022/04/15,MALE,4265988834,,(905) 430-9460,2026-07-04 15:05:55
SCH31051341,Fatimma,Martin,1974/01/24,FEMALE,9487701352,M5N7B1,(647) 760-9390,2026-07-11 05:24:10
SCH24374518,Karen,Anderson,2025/07/07,FEMALE,4568587333,M1E6A1,6475234759,2026-08-24 02:46:02
SCH56597497,Shelly,Cote,1991/02/12,FEMALE,3565102187,L6M8T6,4375907246,2026-08-08 18:44:19
SCH43340880,Claire,Zhang,1965/09/08,FEMALE,9989759817,L4C 5X1,,2026-07-14 11:45:34
SCH63695649,Linda,Davis,1987/07/05,FEMALE,3845497852,l5b6v0,647-208-8519,2026-08-12 02:19:27
SCH62014941,Ling,Gagnon,1975/03/04,FEMALE,9455730979,L6A 9W3,6473456782,2026-07-13 14:28:45
SCH55185953,Jean,Kelly,1983/05/29,MALE,0410270466,L5N8K4,(437) 380-5335,2026-07-18 17:36:24
SCH91941795,Nada,Taylor,1956/06/13,FEMALE,0498333608,L6H0N9,(289) 633-0558,2025-08-31 23:31:55
SCH84563691,Omar,Campbekl,1963/03/19,MALE,7817923340,M2N4X6,(289) 517-1038,2026-07-26 11:17:59
SCH30906263,Karen,Lewis,1978/12/22,FEMALE,5248589920,M9B 3A6,2893190604,2026-07-15 04:38:37
SCH80267173,George,Mensah,1955/12/05,MALE,6565221725,M4G2C5,3657376956,2026-08-04 23:02:17
SCH66573452,Melissa,Smith,1988/04/16,FEMALE,8477512100,M1L5E2,9052802532,2026-08-30 07:44:05
SCH35614176,Lisa,Wikliams,1978/03/20,FEMALE,3750122966,,365-682-6846,2026-01-06 19:10:56
SCH40140537,Jean,Stewart,1995/10/12,MALE,4923890455,M3A 1Y6,3653485837,2026-07-30 05:03:55
SCH21275230,Matt,Lewis,1951/11/05,MALE,2621066188,M9L3K1,3657026863,2026-07-19 22:05:18
SCH21500599,Nadia,Walkker,1994/05/04,FEMALE,8533829191,L4B1Y0,3653174993,2026-08-24 16:03:42
SCH37288164,Chris,Brwn,1962/08/19,MALE,9443414116,M6C 2X4,3653541267,2026-08-03 23:40:21
SCH35769977,Zara,Thompson,1980/01/17,FEMALE,9691089560,M2H9M1,437-686-5684,2026-08-23 07:37:06
SCH99599859,Mark,Scot,1986/03/04,MALE,5862232571,L4B4E4,2892070105,2026-07-23 21:15:21
SCH26040593,Liz,Ross,1988/10/08,FEMALE,9443574067,l6r3y5,905-842-8180,2026-07-23 10:24:54
SCH52031701,Yusuf,Campbell,1991/12/31,MALE,9867663099,M6E 4P8,(437) 928-4506,2026-07-10 19:51:23
SCH92877374,Adnrew,Sutherland,1988/11/19,MALE,8864508679,M5G 6G0,4374325276,2026-07-09 19:48:41
SCH83129690,Sandy,Ferreira,1970/09/18,FEMALE,6197457440,,(437) 860-3532,2026-08-06 00:56:25
SCH48320475,Tomas,Thomas,1928/03/20,MALE,6594432855,M8V 5Z6,,2026-07-11 17:19:51
SCH55085609,Luc,Fraser,1947/01/24,MALE,4060414655,M8W4C5,3655441979,2026-08-27 20:07:40
SCH64883288,Ken,Aadms,1958/01/25,MALE,3653926984,L6R9K7,9059689535,2026-08-22 05:25:30
SCH77182943,Ashly,Hrnandez,1993/05/21,FEMALE,6031494054,L6H 9E8,647-436-8771,2026-07-17 20:46:04
SCH10361901,Linda,Anderson,1963/07/19,FEMALE,8324757585,L6G3V5,(647) 226-1762,2026-07-16 15:53:52
SCH46588101,Matt,Okafor,1976/05/29,FEMALE,9762241678,L6R8T2,289-267-7072,2026-07-04 01:33:24
SCH94126905,Ivan,Silva,1963/08/31,MALE,0295505010,M9A1L9,365-740-9679,2026-08-03 04:55:11
SCH47337284,Ivan,Gonzalez,1966/07/23,MALE,7562267950,M6B 5R2,9059142355,2026-08-25 19:33:31
SCH42821327,Pat,Taylor,1969/12/23,FEMALE,5649041190,M5P9H0,(289) 930-0784,2026-07-29 06:49:11
SCH95395983,Olga,Mensah,1956/12/18,FEMALE,1334729066,M9C 4C8,(437) 989-9797,2026-07-29 13:11:22
SCH33366172,Luc,Osei,1974/05/04,MALE,0223319054,M4G 9X2,(437) 840-0417,2026-07-11 00:01:48
SCH11679621,Jess,Anderson,1987/01/20,FEMALE,9175786301,L6H 5C6,(437) 910-2029,2026-08-16 12:39:52
SCH14795445,Raj,Silva,1991/11/08,MALE,0953629227,M6H0Y1,905-766-9004,2026-08-31 07:43:11
SCH29352583,Mark,Khan,1997/01/10,MALE,7393071308,L6H 2R5,(365) 972-3511,2026-08-15 10:08:39
SCH76848936,Tom,Chen,,MALE,8882147591,M4L6X5,4168495452,2026-08-09 00:03:47
SCH17367681,Ashlley,Smith,2006/08/13,FEMALE,3624216259,M9N 3M6,(289) 269-9466,2026-08-08 12:42:31
SCH51518852,Mike,Martin,2001/07/01,MALE,1443158207,M6E8B0,,2026-07-30 22:11:44
SCH31088991,Aisha,Okafor,1979/08/12,FEMALE,9454941775,M5P,(416) 784-9732,2026-07-18 11:55:29
SCH95830857,Josh,Kowalski,1973/09/17,MALE,5533142732,L5C 0Y7,,2026-08-11 16:04:12
SCH91012227,Priya,Brown,1968/01/09,FEMALE,1959223460,,4374477126,2026-07-22 12:22:18
SCH72287494,Tomas,Jackson,1947/04/25,MALE,8383188763,M5N5W6,9055998335,2026-07-12 01:57:42
SCH59978143,Marie,Chen,1963/03/16,FEMALE,9113738364,M9L 1E2,(289) 310-9781,2026-07-19 21:33:17
SCH39092454,Rsj,Thompson,1965/12/23,MALE,6887638325,L5B 5X1,(416) 831-4768,2026-08-26 16:18:46
SCH75833827,Tomas,Hassan,2011/11/25,MALE,6290399903,M4J4N91,905-200-7288,2025-12-09 09:14:53
SCH56186715,Sue,Roy,1993/12/17,FEMALE,8002885671,,9056680389,2026-04-02 14:03:02
SCH76439661,Nan,Bouchard,2005/10/22,FEMALE,5346329101,M5N 5A8,437-789-8640,2026-08-08 15:27:03
SCH42195795,Ashley,Hill,1978/12/10,FEMALE,6705466636,l6p2n5,6473670248,2026-07-05 07:55:35
SCH62829138,David,Osei,1990/01/01,MALE,5582880786,L4B7K7,647-414-0444,2026-07-23 08:18:23
SCH24312663,David,Harris,1967/12/28,MALE,4364854028,M4H 5N2,,2026-07-30 10:08:46
SCH56018211,Matt,Moore,1995/11/20,MALE,3873132280,L5N 9Y4,4165024745,2026-08-30 23:45:41
SCH99729253,Emily,Thomas,1950/08/30,FEMALE,0696057231,M1E4Y3,905-593-9139,2026-08-29 23:59:28
SCH40979250,Linda,Bron,1970/06/04,FEMALE,8015874202,M6M 8Z0,4375298321,2026-07-05 23:51:03
SCH83704213,Olga,Johnson,1982/08/07,FEMALE,9085801869,L5B 2W5,,2026-07-26 16:13:32
SCH57494133,David,Park,1955/01/27,MALE,6192492533,M6G6X5,647-846-6503,2026-07-12 10:32:18
SCH12627349,Yusuf,Nowak,1933/08/05,MALE,8324946279,,4169670658,2026-08-10 11:22:16
SCH60971748,Shelly,Hassan,1953/07/03,FEMALE,4597459892,M3B 1H6,(437) 750-9209,2026-08-09 16:43:25
SCH55238322,Patrcia,Murphy,1945/07/11,FEMALE,7465672967,M4J 5G4,437-914-2145,2026-08-31 13:41:22
SCH59336024,Priya,Park,2025/10/23,FEMALE,1369330400,L5A2T4,437-804-2291,2026-07-07 20:29:02
SCH33661010,Barb,Kowlaski,1971/12/06,FEMALE,9798597317,M4A 6T4,2893504458,2026-08-19 10:44:25
SCH89791642,Lisa,Ricci,1992/10/17,FEMALE,5574656889,,647-287-6490,2026-08-05 21:07:17
SCH51841806,Karen,Wilson,1946/12/29,FEMALE,3351952589,M6B 5Y6,(416) 704-7999,2026-07-30 03:05:34
SCH97894560,Andy,Brown,1956/05/02,MALE,6897205008,M6A 8S3,6475160989,2026-08-24 07:10:28
SCH72066643,Sandy,Okafor,1963/11/02,FEMALE,8556299934,14L5M4,(289) 430-2745,2026-07-07 21:23:39
SCH88543606,Amara,Okafor,1974/01/22,FEMALE,3592668598,m1b9b4,(365) 927-7146,2026-08-29 14:46:04
SCH47943186,Nan,Martinez,1988/09/07,FEMALE,8491486950,,(437) 308-5487,2026-08-11 05:16:20
SCH72883557,Amir,Rdriguez,1971/12/15,MALE,8577675369,M6A5N7,,2026-08-20 09:15:32
SCH72151896,Mei,Hassan,1994/05/13,FEMALE,8257578859,M5H 9H9,365-208-3558,2026-07-12 12:27:48
SCH29936353,Ashly,Mitchell,1975/11/18,FEMALE,6909369271,,(416) 989-3767,2025-10-21 11:29:26
SCH79827288,Amir,Garcia,1981/07/24,MALE,2674977547,M6L3E2,437-542-7647,2026-08-15 18:40:45
SCH45442865,Ana,Thomas,1996/11/03,FEMALE,0741476154,M6L,(437) 792-6641,2026-08-01 03:13:56
SCH35792022,Bob,Bouchard,1947/06/12,MALE,1465976114,M6A 3M8,289-731-5324,2026-07-22 04:18:23
SCH77995617,Micheelle,Martinez,1974/05/23,FEMALE,5435781546,M5B9C7,(905) 660-4033,2026-07-17 04:07:57
SCH17569354,Zara,Davis,1961/11/15,FEMALE,3183369614,M5G8K6,9053275988,2025-09-13 16:15:47
SCH18154188,Hirosih,Nelson,1940/08/23,MALE,5087157870,M4C 3P2,(437) 989-8552,2026-07-21 13:17:37
SCH58352356,Yuki,Jackson,1983/04/09,FEMALE,2871235111,M1H9T6,416-359-6669,2026-05-28 09:56:27
SCH70062066,Mike,Walker,1950/11/11,MALE,2884593100,,289-221-5825,2026-07-03 06:53:45
SCH65036692,Tomas,Thomas,1955/03/21,MALE,2377485517,M2R4W0,,2026-08-22 10:50:12
SCH97651502,Mandy,Hasan,1958/06/06,FEMALE,8076767717,M2J8Z0,(365) 519-8696,2026-08-24 13:46:44
SCH20514530,Jim,O'Brien,1962/05/06,MALE,5650688210,M5K3N5,3656155793,2026-08-21 19:16:30
SCH59047524,Melissa,Thomas,1952/10/13,FEMALE,3273665988,M1H9Y2,437-807-8685,2026-08-27 18:32:08
SCH10012195,Mark,Km,2011/12/19,MALE,1058587930,m1j8t8,(647) 285-9289,2026-07-10 12:44:43
SCH79897741,David,Miller,1947/07/17,MALE,9089170196,M4M 3L4,(437) 417-5184,2026-07-10 08:40:53
SCH54233204,Dan,Young,1974/04/25,MALE,3855532960,M1B9H5,289-783-3636,2026-07-06 16:19:05
SCH46193019,Brian,Baker,2011/08/21,MALE,1230401224,M9A,647-421-8910,2026-07-09 06:36:55
SCH64382728,Brian,Bouchard,1960/01/23,MALE,3711647689,,2899018402,2026-07-21 02:10:04
SCH11920473,Olga,Mitchell,1992/07/28,FEMALE,4627835889,M6K 3V0,4379691781,2026-08-05 01:56:29
SCH29624339,Aisha,Kelly,1982/09/16,FEMALE,0838171643,,(647) 258-8335,2026-08-11 20:02:21
SCH55314045,Mark,Wang,1980/08/13,MALE,4525443703,M5K8N0,9054574701,2026-08-12 04:51:53
SCH71422739,Marie,Kim,1967/11/18,FEMALE,4603577455,L4B7B0,3659499437,2026-08-23 15:39:30
SCH57336655,Hiroshi,Martin,1989/03/19,MALE,9879590116,M8V 2H5,4163810190,2026-07-17 19:29:17
SCH23734004,Emily,Scott,1953/11/12,FEMALE,0449315241,M9N1T2,4167624850,2026-08-15 09:54:16
SCH41830167,Claire,Ferreira,2004/06/25,FEMALE,6519030834,l6c1p1,2897098422,2026-08-11 22:43:23
SCH23548420,Tomas,Green,1957/10/25,MALE,0445134927,M4G3M2,(647) 338-1070,2026-08-02 00:49:38
SCH82689865,Fatima,Walker,1992/03/14,FEMALE,9980786611,L5B2H7,(905) 245-6989,2026-08-22 11:35:28
SCH11760203,Mohamed,Lopez,2025/01/12,MALE,4290504853,M5N 0N1,(416) 975-0214,2026-08-06 03:55:36
SCH16213195,Marie,Rcci,1953/09/11,FEMALE,8890438602,L5N 2W6,4372757026,2026-07-09 06:19:26
SCH27154021,Hassan,Clark,1972/03/18,MALE,5366888278,M2M7J6,365-491-3432,2026-07-07 17:51:32
SCH20986979,Linda,Santos,2011/03/23,FEMALE,1213266644,L4K 7W8,(437) 830-0690,2025-09-20 05:05:13
SCH50512372,Sarah,Adams,1974/02/01,FEMALE,1958534057,L4C 7J2,9053696191,2026-07-21 22:09:32
SCH71573551,Sue,Lee,1984/07/27,FEMALE,5084365070,00000,(905) 659-9957,2026-07-31 05:23:32
SCH77858922,Fatima,Park,1961/11/29,FEMALE,3885088132,M4E 4L2,(905) 764-0453,2026-07-20 17:33:22
SCH25604089,Maggie,Kim,1966/04/21,FEMALE,5794060235,M2H 4N5,647-226-6289,2026-08-07 20:49:58
SCH14125700,Betyt,Kowalski,1962/05/25,FEMALE,0079499059,00000,(416) 935-7480,2026-08-02 07:16:43
SCH91904005,Jim,Anderson,1976/05/21,MALE,6783645614,m9l0v7,365-729-1503,2026-07-16 23:37:04
SCH19552047,Ivan,Thomas,1964/06/02,MALE,3939384172,M3B 4K6,(289) 254-0463,2026-07-23 12:51:13
SCH58762371,Shelly,Nowak,2001/12/27,FEMALE,7740282855,M6B 5T9,437-869-5965,2026-08-31 03:37:47
SCH28674888,Fatima,Mensah,1988/04/17,FEMALE,6842495936,M1L5E2,(416) 788-0890,2026-08-11 07:33:16
SCH37674736,Matt,Khan,1960/05/25,MALE,8054842698,M2J 8E0,4374275584,2026-08-22 18:50:34
SCH37299487,Barb,Johnson,1938/08/03,FEMALE,2725466847,M6J 8N6,,2026-07-10 13:16:15
SCH93748916,Mary,Kmi,1943/08/15,FEMALE,5765733034,m6a0h6,9053602220,2026-08-26 23:29:18
SCH70119657,Jin,Williams,1991/03/19,MALE,3899555597,00000,6479570054,2026-07-24 13:55:44
SCH88021857,Hiroshi,Anderson,1970/06/20,MALE,2087943334,,4169288667,2026-08-27 08:47:20
SCH14036850,Sandy,Ali,2000/05/28,FEMALE,1649367198,m5p2l9,4165152042,2026-07-23 01:29:24
SCH15411890,Karen,MacDonald,1975/12/12,FEMALE,4218726364,m9n6b6,(289) 688-4215,2026-07-09 19:07:51
SCH23850636,Niolai,Taylir,1978/03/06,MALE,2231608528,L5C4J1,289-348-2397,2026-08-30 23:16:47
SCH36461497,Kevin,O'Brien,1998/11/09,MALE,0437596810,m1h4p9,(905) 502-2878,2026-07-10 00:17:45
SCH61652142,Dan,Patel,1974/03/18,MALE,2828761714,M5R 7P8,6476392858,2026-07-28 12:49:17
SCH87444004,Sarah,Gagnon,1993/01/25,FEMALE,8482676379,M4J 3V6,2896500694,2026-07-08 11:58:18
SCH42735609,Melissa,MacDonald,1967/12/30,FEMALE,0838607554,M9A 2B6,647-814-3161,2026-08-01 18:24:59
SCH76112143,Sarah,Harris,1956/11/21,FEMALE,3742658788,M2M7E2,289-773-7315,2026-07-08 01:51:42
SCH45709531,Barb,Fraser,2000/05/02,FEMALE,7393797746,M5B0W4,4372988108,2026-07-07 07:00:16
SCH16957982,Lisa,Ferreira,1978/06/11,FEMALE,9996441151,M6C4J0,4372761596,2026-08-09 18:27:48
SCH60881049,Pat,Ali,1977/01/30,FEMALE,3149176640,00000,,2026-08-02 18:43:21
SCH23915833,Kennerh,Okafor,1978/09/30,MALE,6554364023,M2K 5E1,(905) 542-4166,2026-07-28 10:38:52
SCH70969887,Dan,Willson,1958/10/06,MALE,9384186434,l6b4p5,4169704555,2026-08-28 09:25:22
SCH67036421,Jin,Kim,1981/01/17,MALE,6151383079,M2N1Z3,647-822-7166,2026-08-26 23:04:37
SCH35522128,Mandy,Oaei,1971/10/25,FEMALE,1584673683,M6M1Z6,647-885-3347,2026-07-10 06:43:39
SCH15355611,Diego,Nelson,1976/06/25,MALE,0829914357,M5N6T8,(647) 580-0385,2025-09-06 10:33:38
SCH91637586,Jin,Park,1981/12/01,MALE,5842189374,M8X5K8,437-738-2144,2026-10-06 11:38:03
SCH73677070,Steve,Carter,1960/11/03,MALE,5653526771,M2J2W1,(289) 951-9902,2026-08-05 12:18:32
SCH42842276,Mei,Nguyen,1972/07/24,FEMALE,4629270895,M8W4M3,(365) 711-5120,2026-07-08 15:53:25
SCH75608643,Priya,Lewis,1978/07/18,FEMALE,7297875341,M4K8R11,(647) 532-0231,2026-08-22 01:41:20
SCH39650347,Hassan,Wang,2001/10/04,MALE,6919930633,M4G,,2026-08-22 18:47:25
SCH46722567,Liz,Silva,1960/05/31,FEMALE,3973250891,,365-860-8873,2026-08-25 17:20:52
SCH95356794,Raj,Tran,1934/09/13,MALE,8824696358,L6G8M0,(365) 757-2987,2026-08-04 04:27:32
SCH85932752,Pedro,Roy,1979/01/31,MALE,0922144308,L4K1S0,647-377-2588,2026-07-15 08:17:32
SCH26687026,Andy,Nguyen,1993/01/18,FEMALE,0011538246,M5R0R0,6472213142,2026-07-30 00:00:36
SCH10839228,Mei,Cote,1926/10/09,FEMALE,9141442195,L5N0Z1,2897307621,2026-07-28 20:55:11
SCH84799191,Mark,MacDonald,2011/03/24,MALE,2866439462,M4C9S4,,2026-08-10 23:23:18
SCH16559414,Steve,Kim,1940/02/10,MALE,4549684670,M4G 3S3,437-899-6183,2026-07-19 22:34:52
SCH36137205,Tony,Gonzalez,1992/11/15,MALE,4651195390,L6H9X4,,2026-08-01 10:54:52
SCH14768365,Josh,Garcia,1969/04/04,MALE,6202225329,M6E5H8,(365) 416-5693,2026-07-07 06:30:50
SCH23431560,Pat,Youg,1988/05/26,FEMALE,4005273927,M5B8N4,(647) 998-4890,2025-10-15 13:18:58
SCH48955170,Zara,Gagnon,1983/02/24,FEMALE,3161171834,M8W 0W2,365-444-4885,2026-08-28 12:36:06
SCH30472776,Ingrid,Mensah,1995/03/14,FEMALE,9981626535,l6p4j0,647-984-5642,2026-08-01 15:42:43
SCH93521044,Yusfu,Baker,1962/08/13,MALE,0443255740,M6J 4Z7,437-333-0634,2026-08-13 20:36:56
SCH75110100,Yuki,Fraser,1994/06/29,FEMALE,9019542647,M2M 3M7,4162216715,2026-07-08 01:34:59
SCH93394155,Diego,Bouchard,1970/12/31,MALE,1462983691,m2k7h3,,2026-08-14 05:20:37
SCH15143111,Yuki,Taylor,1955/10/11,FEMALE,8929085069,M4H 4X8,647-776-3334,2026-08-26 19:36:29
SCH60509012,Melissa,Jones,1998/11/30,FEMALE,4881382248,m5r5c5,(365) 499-2605,2026-07-29 00:41:32
SCH55132306,Sandy,Gonzalez,1997/11/09,FEMALE,1392639173,M2J 0H9,365-417-9291,2026-07-25 20:14:02
SCH20451021,Betty,Ricci,,FEMALE,7585487213,M4M 3S0,365-489-4126,2026-08-03 19:54:29
SCH29338385,Jesn,Nelson,1945/05/16,MALE,3882732419,L5N0J6,(905) 626-6246,2026-07-12 19:52:14
SCH41666855,Lisa,Clark,1980/12/25,FEMALE,3207090246,M5A 4N1,365-678-8426,2026-08-20 04:20:29
SCH40530830,Shelly,Brown,1967/09/28,FEMALE,3414046437,L6J 8B6,4374702366,2026-08-16 06:31:47
SCH34097749,Brian,Mitchell,2005/03/11,MALE,3721437329,M4M 5T0,(289) 914-0930,2026-08-12 17:10:14
SCH40463132,Jean,Williiams,1991/11/29,MALE,2365231626,M1G 0V3,(289) 498-5096,2026-08-13 02:51:21
SCH63939897,Tom,O'Brien,1933/07/28,MALE,0756768479,M4G 3B7,(289) 360-3575,2026-08-21 20:09:11
SCH69457518,Raaj,Moore,2022/07/29,MALE,2962528119,M4G 1T7,2895858920,2026-07-11 02:43:30
SCH66658488,Tom,Tremblay,1984/04/26,MALE,6636569144,L6J7K5,3652407322,2026-03-01 15:53:43
SCH60651155,Amara,Kelly,1963/11/13,FEMALE,7895353857,M4J7G7,2897203442,2026-08-28 10:23:49
SCH38435743,Olga,Osei,2011/07/02,FEMALE,2760460481,16H3T1,,2026-07-04 10:32:54
SCH26868888,Chiara,Chen,1980/04/07,FEMALE,2843138500,M2N6G5,4373445482,2026-08-17 11:15:44
SCH55965466,Marrie,O'Brien,1989/06/24,FEMALE,1969786530,m5b5l7,416-766-5660,2026-07-29 22:35:01
SCH69690588,Ashley,Cote,,FEMALE,7392454067,M4E 0S1,(437) 703-3679,2026-08-12 15:26:46
SCH70821829,Aisha,Okafor,1963/02/10,FEMALE,2454431160,,(647) 890-1426,2026-07-09 01:24:20
SCH86279490,Joe,Anderson,2004/12/31,MALE,1532681135,L6H7B4,4168586004,2026-08-14 20:16:27
SCH89542537,Aisha,Wilson,1970/04/20,FEMALE,7922544668,M9B 2S1,9057837958,2026-07-11 04:03:36
SCH23235991,Sandy,Singh,1996/08/20,FEMALE,4210608305,M1J2W6,,2026-07-27 15:54:59
SCH72479059,Steve,Rooy,1975/05/29,MALE,2860448592,M2R 4H4,(289) 946-2536,2026-08-22 06:39:07
SCH29662397,Ling,Osei,1996/07/31,FEMALE,6127610653,m5n7s6,,2026-07-05 10:49:31
SCH41912232,Nan,Walker,1983/01/31,FEMALE,6838163092,M9C7X1,905-483-3731,2026-07-06 15:43:29
SCH77845424,Ahmed,Clark,1977/11/29,MALE,1430241420,M5G 6W7,365-384-8295,2026-07-30 02:22:51
SCH44469292,Marie,Osei,1975/11/09,FEMALE,6494339903,M2H 2W7,905-506-5014,2026-08-07 23:04:25
SCH38812586,Zara,Nguyen,1956/09/01,FEMALE,2548666490,,(365) 351-6456,2026-07-11 14:17:46
SCH94442984,Mike,Kumar,1964/08/20,MALE,8982871413,M3A 1Y2,(905) 662-0654,2026-07-20 19:48:35
SCH88028881,Mei,Robinson,1959/09/24,FEMALE,5878953511,l6h8p7,365-211-9622,2026-07-07 10:05:02
SCH46735940,Josh,Moore,1972/04/16,MALE,0946669074,M3A 9E7,(289) 539-2204,2026-08-13 08:54:11
SCH17095892,Thimas,Davis,1946/08/29,MALE,3741559813,L6G1N5,416-757-8556,2026-08-12 15:50:44
SCH94812037,Marie,Tran,1982/02/11,FEMALE,2015109214,M3H 1K1,4166085763,2026-07-03 00:52:35
SCH78849159,Dan,Williams,1966/09/09,MALE,1476499593,M2J9Y8,289-244-1115,2026-07-04 16:14:52
SCH21689743,Yki,Williams,1959/09/21,FEMALE,9601554091,L5A 9P2,3659456346,2026-07-14 13:30:56
SCH85136224,Amara,Allen,1991/07/27,FEMALE,3293643833,,(647) 667-6774,2026-07-26 20:16:43
SCH57837782,Jess,Khan,1945/07/10,FEMALE,2932843648,m6g9n9,(365) 316-4813,2026-03-20 03:30:56
SCH49319962,Priya,Kim,,FEMALE,2681852659,L5A2X4,6479806136,2026-07-10 20:16:45
SCH18120695,Mei,Campbell,1979/06/01,FEMALE,5813508354,M1E,,2026-07-15 05:12:43
SCH39331283,Mark,Thompson,1989/02/12,FEMALE,5102353736,L6A 7E3,3659871777,2026-07-14 07:32:34
SCH92430489,Melissa,Green,1981/03/01,FEMALE,8077584681,M4B1S0,,2026-08-28 07:12:42
SCH25655540,Anthhony,Kowalaki,1945/12/01,MALE,8452643490,L5C 9X4,365-254-0397,2026-07-07 04:49:48
SCH58475298,David,Tremblay,1959/01/23,MALE,2382961551,M4E9M3,4163322764,2026-08-14 02:42:18
SCH96144014,Ashley,Adams,1946/02/04,FEMALE,0348022765,,(416) 250-3656,2025-09-01 23:51:44
SCH16611902,Olga,Miller,1930/05/05,FEMALE,2763631385,l6p9y4,,2026-07-05 06:34:11
SCH14292084,Luc,Green,2025/10/03,MALE,8292015479,M9B7Z1,365-961-9832,2026-07-05 20:38:07
SCH53978226,Mary,Park,1977/01/07,FEMALE,0272583014,l6s6k6,,2026-07-31 12:02:20
SCH74412839,Ingrid,Tremblay,1935/07/26,FEMALE,8807061877,M1H7B2,416-880-8695,2026-08-24 05:36:09
SCH82238215,Yuki,Kim,1954/11/01,FEMALE,9634284161,M3B 4G5,4373786527,2026-08-04 19:14:39
SCH67753567,Sarah,Brown,1973/02/08,FEMALE,6026003928,m9c6s8,(647) 829-7101,2026-07-13 15:07:11
SCH53085396,Ingriid,Roy,1964/08/10,FEMALE,7554418090,L4B 1P5,905-658-6998,2026-07-17 23:37:52
SCH71379589,Tomas,Harris,1980/05/29,MALE,7994439763,M9C 0E8,(647) 354-8972,2026-08-29 07:03:18
SCH90395158,Dan,Chen,1972/03/03,MALE,8997484285,M5E9V8,4373433013,2026-07-30 09:04:00
SCH56704713,Aimr,Cote,1966/02/01,MALE,2871841108,M4H9M2,9054775409,2026-07-29 10:59:29
SCH73484687,Aisha,Silva,2000/04/08,FEMALE,9795894527,M4H 0W7,,2026-07-20 14:23:04
SCH44372120,Diego,Fraser,1981/04/26,MALE,6062526014,L5A3S8,6478580887,2026-07-24 12:29:00
SCH64851648,David,Sutherland,1964/08/19,MALE,2408067342,M9C3W2,416-286-6759,2026-08-03 04:20:20
SCH93959837,Nadia,Hiill,1995/05/19,FEMALE,4881520664,M1J0Z8,,2026-07-03 17:03:16
SCH33524042,Omar,Li,1956/06/22,MALE,4518397999,L5B0T1,437-929-4746,2026-07-16 02:50:46
SCH34638593,Mei,Hassan,1973/10/31,FEMALE,2210171092,L5B 7E6,6475148345,2026-07-29 20:06:49
SCH40837025,Olga,Johnson,1961/12/22,FEMALE,6988953274,M6E9M3,6476930536,2026-08-23 02:20:15
SCH54426609,Ana,Ricci,1977/02/12,FEMALE,7465141344,L6J 9P6,(365) 716-3458,2026-08-05 19:17:52
SCH53769325,Karen,Cllark,2001/10/31,FEMALE,9354201940,m4j6t1,(647) 658-0268,2026-08-11 09:40:10
SCH53599481,Karen,Khan,2025/10/25,FEMALE,8711756067,M2J8L0,,2026-07-04 21:40:40
SCH67659898,Josh,Miller,1978/08/12,MALE,5327156393,M5B7A3,4376693218,2026-07-30 08:56:37
SCH77233680,Nadia,Nowak,1989/09/07,FEMALE,4836108631,M8Y5P7,4165986541,2026-07-06 18:06:02
SCH87897612,Liz,Zhang,,FEMALE,6192036132,M4G 6N5,2895490338,2026-07-15 00:45:55
SCH23298158,Ingrid,Roy,1980/07/10,FEMALE,0922766712,l4k0r4,(905) 484-5344,2026-08-18 09:38:46
SCH67137237,Amara,Smith,1954/10/22,FEMALE,5221690257,M3A2H0,6475950227,2026-08-05 02:30:35
SCH74938259,Joe,Murphy,1926/05/18,MALE,0699094520,L4C4C7,(365) 477-8364,2026-08-07 02:08:38
SCH51807831,Bob,Davis,2001/07/11,MALE,7118211304,M3C4X3,(289) 917-8490,2026-07-05 23:20:30
SCH90125387,Enily,Parrk,1993/01/21,FEMALE,5432807690,M5H1K8,905-439-9593,2026-08-30 17:19:11
SCH11711366,Liz,Wright,2015/02/07,FEMALE,3869468037,M9N,6479749205,2026-07-14 06:33:47
SCH32148867,Jess,Ferreira,1995/02/16,FEMALE,2244934838,M6M 7T7,9055394372,2026-07-22 01:44:34
SCH77827500,Kevin,Nguyen,1996/05/19,MALE,8855295534,M4G 4H4,4164254515,2026-07-29 08:08:23
SCH16902108,Linda,Martin,1996/09/17,FEMALE,8360161833,M5H 7X2,647-288-9307,2026-08-23 01:10:54
SCH43707874,Amdy,Thomas,1946/01/16,MALE,0195540026,M8W5E5,(289) 956-7893,2026-07-08 17:52:32
SCH22645109,Pat,Johnson,2004/11/05,FEMALE,1308969029,M4K6V8,416-552-2128,2026-07-29 13:01:42
SCH93456753,Mei,Martin,1976/02/07,FEMALE,5207777490,M4J0M1,4379248156,2026-08-02 16:50:05
SCH55482951,Fatima,Mensah,1991/07/05,FEMALE,4551846126,M3A 2T0,(437) 937-1619,2026-07-09 09:59:43
SCH48088439,Babara,Wright,1991/06/25,FEMALE,7901457908,M5J1L6,3652155848,2026-08-31 21:16:47
SCH39088643,Bob,Li,1995/07/08,MALE,7448622907,m3a7r4,647-524-1800,2026-08-06 06:16:06
SCH42840838,Jin,Ross,1972/09/25,MALE,2542706860,M6B8N9,3654817818,2026-08-26 06:38:37
SCH33512910,Matt,Martin,2004/03/01,MALE,0966543654,M6B 3K3,,2026-08-01 16:50:06
SCH34757355,Tom,Young,1992/04/07,MALE,2236601221,M5K8N3,437-255-1392,2026-07-10 17:34:55
SCH77260330,Ivan,Ferreira,1973/03/07,MALE,0320995038,M8X 7S7,9054789448,2026-07-21 19:29:23
SCH54772619,Mivhelle,Carter,,FEMALE,5533409164,M4J 0B4,(905) 451-0854,2026-07-09 10:07:01
SCH45419296,David,Nelson,1950/08/17,MALE,2591836362,,(289) 707-7658,2026-08-15 22:00:48
SCH84589866,Emily,Wilkiams,1942/12/27,FEMALE,3037422270,M6B9A0,6475086443,2026-08-25 03:55:02
SCH19389181,Raj,Stewart,1971/07/07,MALE,8236224187,M6E2T6,437-366-0481,2026-07-13 03:55:04
SCH30641115,Tony,Rossi,1971/05/18,MALE,9206751753,M9B 2G0,416-294-6020,2026-07-22 17:31:08
SCH38220066,Olga,Green,1994/12/02,FEMALE,9310452355,M1G 5W6,(365) 407-4091,2026-08-24 09:09:53
SCH57972145,Chen,Murphy,2001/11/15,MALE,3148416997,M1G 8R0,,2026-07-24 00:43:28
SCH15648468,Raj,Williams,1982/04/27,MALE,1897555783,M8Y 2Z6,6477407654,2026-07-28 10:58:14
SCH63941332,Mohammed,Brown,1980/04/20,MALE,8986062597,L5N6S7,(647) 520-8895,2026-07-12 16:08:17
SCH59958453,Jin,Wilson,2014/10/23,MALE,1337321820,M9L0R0,2897681593,2026-07-16 13:10:14
SCH95897569,Linda,Kowalski,1996/08/12,FEMALE,5109105196,L4C 1E2,,2026-07-27 03:40:03
SCH97140160,Rick,Hernandez,,MALE,2877646881,L6R 1Y4,6479158749,2026-03-28 15:46:00
SCH29701175,Sofia,Wright,1985/03/20,FEMALE,7303462878,M5G7W4,437-608-4334,2026-08-12 23:43:57
SCH51754240,Matt,Lweis,2002/01/14,MALE,2575842725,,4372800562,2026-08-04 10:04:50
SCH82848034,Jen,Kumar,1990/05/21,FEMALE,9227048965,M1J 8C2,289-883-5884,2026-08-13 10:18:45
SCH69757263,Yuki,Hernandez,2010/09/29,FEMALE,2214360055,M4B 0V9,6474509019,2026-07-07 16:01:50
SCH85375185,Nan,Moore,1951/07/21,FEMALE,4081599666,M2K 6S4,437-433-6401,2026-08-11 06:35:53
SCH73219243,Ykui,Cote,1967/12/18,FEMALE,3586397543,,416-490-7725,2026-08-24 11:31:49
SCH47626489,Hassan,Nekson,1978/11/05,MALE,9818567357,,4376592445,2026-07-13 22:01:40
SCH61677741,Andy,Wite,1974/05/13,MALE,2203319922,M2K 9K6,4377032918,2026-08-30 13:14:18
SCH87448056,Lisa,Mensah,1968/07/11,FEMALE,1816502429,M6B6A4,905-934-2463,2026-08-05 01:32:49
SCH35874478,Nikolai,Singh,1938/04/12,MALE,3868278999,M6M1L0,,2026-07-06 12:50:23
SCH32294527,Fatima,Nguyen,1993/06/06,FEMALE,6728947273,M4B 2A5,9054261753,2026-07-06 04:51:03
SCH74662155,Yuki,Young,1996/03/28,FEMALE,9648098334,M6H,,2026-07-20 14:45:40
SCH33955724,Jess,Green,2002/06/06,FEMALE,9801319956,M5R4G4,(289) 529-1345,2026-08-14 18:49:41
SCH71932718,David,Kowalski,1967/10/29,MALE,5423360658,L5A 0A4,(905) 643-5478,2026-08-17 17:24:35
SCH68864390,Chris,Oei,1960/08/28,MALE,5457974060,M4E2W3,2892242646,2026-08-23 12:58:07
SCH51938402,Yuki,Garcia,1960/12/09,FEMALE,2316287743,M5A 0V8,6476349622,2026-08-19 01:47:46
SCH29947590,Priya,Wilson,1953/07/31,FEMALE,1475187330,,(289) 801-6767,2026-08-21 15:43:05
SCH25204069,Nadia,Hill,1938/10/27,FEMALE,9863651890,L4K 5X9,(365) 410-9903,2026-08-22 04:41:37
SCH85928134,Luc,Cote,1967/11/14,MALE,9471285719,M5P 8K7,647-393-9977,2026-07-09 08:26:38
SCH74679950,Melissa,Hassan,1975/11/09,FEMALE,6509085327,M1E3N3,(437) 755-5730,2026-08-21 17:19:44
SCH65470221,Pat,Ferreira,,FEMALE,7602707874,18V4W8,(365) 315-9666,2026-08-15 20:43:12
SCH51630168,Ivan,Hassan,2016/11/28,MALE,6323589397,,,2026-08-15 09:54:55
SCH89328170,Marie,Fraser,1977/11/05,FEMALE,0063961577,l5c9s2,4168209172,2026-08-09 05:42:39
SCH33734359,Jen,Ferreira,1973/11/21,FEMALE,1469773012,l5a6x8,(905) 520-7571,2026-07-23 08:11:19
SCH21136861,Ken,Ridriguez,1982/04/14,MALE,9770989888,,(905) 895-7255,2026-07-24 20:30:09
SCH85657286,Jooseph,MacDonald,1953/08/25,MALE,1673223390,L6S 4R9,905-505-9185,2026-07-12 14:42:43
SCH36743723,Iavn,Brown,1958/02/24,MALE,4545347041,M4E8T6,416-391-0525,2026-01-04 01:03:22
SCH31746848,Claire,Hill,1966/10/21,FEMALE,2936841978,M4C 5X2,(365) 787-5727,2026-07-13 02:05:15
SCH72821468,Nanncy,Ferreira,1946/05/22,FEMALE,9716221867,M1G0J3,6472607475,2026-08-30 11:52:15
SCH18349754,Aisha,Patel,1967/11/13,FEMALE,4860786963,M6J1B3,647-831-8529,2026-07-31 14:07:42
SCH29186793,Hassan,Li,1963/01/15,MALE,2435072711,M1C 2P7,(289) 500-7805,2026-08-19 19:59:13
SCH81996858,Brisn,Kowalski,1967/08/22,FEMALE,4774994042,M1B3P0,4162016846,2026-07-04 02:34:54
SCH61903024,Chen,Taylor,1988/12/02,MALE,9703249459,M6H 1H0,4162153120,2026-07-14 22:12:35
SCH65801437,Chen,Hernandez,1971/02/28,MALE,9350506383,M2M0Z2,(416) 711-7769,2026-07-22 02:16:07
SCH51583054,Jim,Fraser,,MALE,8695819212,L5A 8S4,416-401-0702,2026-07-25 19:42:38
SCH53635765,Amara,Kelly,1926/08/13,FEMALE,4362371199,L6C 4R6,2897847615,2026-08-30 13:13:05
SCH22258654,Bob,Kumar,2014/07/04,MALE,8567409399,M1G8J5,(647) 372-4555,2026-07-06 18:54:41
SCH70806626,Zara,Adams,1952/01/20,FEMALE,6797749048,M4L 4L6,(365) 514-9467,2026-07-11 01:19:53
SCH44062274,David,More,2006/07/14,MALE,3717869832,l4j8t6,(365) 412-6602,2025-11-07 11:20:31
SCH91505288,Josh,Clark,1967/08/16,MALE,8631517631,L4L,(416) 575-3722,2026-08-15 12:14:52
SCH97226012,Pedro,Green,1971/07/15,MALE,8351946739,l6b6m5,2893172732,2026-08-15 11:17:15
SCH14287747,Luc,Bouchard,1986/04/27,MALE,2629145042,M9L9E5,647-406-1848,2026-08-26 11:55:06
SCH58452060,Mohammed,Thompson,2006/11/05,MALE,4325749374,M5A6W6,(289) 534-9873,2026-08-30 15:31:41
SCH84915845,Zara,Tran,1989/08/30,FEMALE,2955232646,L6P 9N1,4376350593,2026-07-03 04:01:27
SCH29085246,Riichard,Khan,1983/05/12,MALE,3704826779,M2H 5V2,365-921-1002,2026-08-10 05:10:43
SCH78390975,Asiha,Osei,1966/08/05,FEMALE,9023884340,L6B0C6,(365) 654-4435,2026-08-15 23:06:13
SCH22865647,Jim,Nguyen,1966/01/11,MALE,7261818525,M5G9E9,4168286170,2026-08-14 01:35:26
SCH56128240,Ahmed,Harris,1995/04/27,MALE,6326593289,M8Y2T2,(647) 774-7524,2026-08-13 05:00:19
SCH27087569,Jess,Williams,,FEMALE,0146318852,L5C3P0,416-487-1052,2026-08-18 20:27:33
SCH80128153,Suue,Parrk,1962/06/01,FEMALE,2003930092,M1B 5M6,(905) 252-0178,2026-07-16 23:20:44
SCH77337728,Aisha,Cartter,1940/10/10,FEMALE,5258009892,M4E 0Y8,289-597-2427,2026-03-15 05:54:02
SCH58017142,Omar,Lee,1988/07/29,MALE,1273505188,M4A 9B1,(365) 488-4051,2026-07-07 03:52:20
SCH34963503,Melissa,Davis,1993/01/19,FEMALE,9868019044,M5E 2C6,6478445796,2026-08-07 12:12:57
SCH85236183,Ahmed,Singh,1973/08/27,MALE,4501400446,M6M8Z91,905-242-4691,2026-08-10 12:07:18
SCH11610880,Bill,Park,1959/10/14,MALE,8016252341,M6G1J4,2896521487,2025-12-29 23:27:55
SCH75681433,Pedro,Nelaon,1926/08/19,MALE,2094593544,M3C9J4,289-980-1828,2026-08-23 17:39:33
SCH29266706,Barbaara,Baker,1964/10/16,FEMALE,8862061614,L4J 0C6,(647) 227-8439,2026-07-06 07:18:42
SCH93491428,Jennnifer,Clark,1937/03/06,FEMALE,4726849286,M5A3G4,416-238-6944,2026-08-25 12:09:24
SCH37202440,Hiroshi,Rodriguez,1969/02/04,MALE,3944686561,M5K 4G8,4373115388,2026-08-07 13:04:30
SCH31109495,Mark,Adams,1987/06/11,MALE,6634846809,M9M4A4,416-903-3833,2026-07-13 19:58:22
SCH81674905,Olga,Smith,2001/08/19,FEMALE,1358220901,L4J 8J4,(905) 963-5507,2026-07-23 16:04:41
SCH26389653,Ingrid,Cote,1953/11/26,FEMALE,8684411401,M8Y9A3,416-958-8933,2026-08-29 12:57:18
SCH70282133,Adnrew,Anderson,1977/06/07,MALE,6963413536,L4J6T9,365-879-5826,2026-07-20 01:28:29
SCH62386301,Digeo,Lee,1980/07/03,MALE,1084341849,M4B 2S9,9054179739,2026-08-09 17:20:49
SCH52333245,Namcy,Miller,1959/02/16,FEMALE,4172060578,M1J 0A4,(905) 988-3695,2026-08-12 19:45:21
SCH78308147,Nan,King,1966/05/29,FEMALE,2392292617,M4K2K5,3652054625,2026-08-19 14:24:24
SCH60979134,Sarah,Clark,1970/08/20,FEMALE,2003676760,M6K6K3,365-499-4931,2026-07-22 09:03:07
SCH90334504,Ken,Clark,2019/06/17,MALE,9313379340,M6M 1K3,289-767-3383,2026-08-15 00:36:22
SCH48868289,Jess,Miller,2003/09/12,FEMALE,8062278687,L6G 3J1,4374833466,2026-08-20 14:56:57
SCH28246224,Tony,Walker,1977/12/24,MALE,8037829119,m4g4b8,2893011005,2026-08-18 10:59:43
SCH97068128,Nan,Martin,1943/05/27,FEMALE,5202418827,M3H 4T7,(416) 898-0227,2026-07-09 21:20:38
SCH38458640,Bob,Chen,1945/02/12,MALE,0561282062,M9C 1H2,4372282487,2026-07-07 11:55:43
SCH74693928,Karen,Nowak,1983/05/05,FEMALE,8245495778,M5H8H6,289-564-3567,2026-07-14 07:33:26
SCH79324830,Karen,Khan,1945/04/19,FEMALE,0743144305,M1H 4K5,4372465942,2026-07-29 18:03:47
SCH29249964,Kennteh,Nelson,1963/01/02,MALE,5938869525,L5C2B0,2898776382,2026-08-06 23:14:54
SCH46065411,Sue,Kumar,1956/04/19,FEMALE,9800768484,M8V 4C1,(289) 958-8980,2026-08-23 04:38:22
SCH28362377,Jesn,Garcia,1987/09/04,MALE,2300542285,L6A5C3,9058524171,2026-08-14 22:01:48
SCH38251664,Lisa,Rossi,1998/01/19,FEMALE,6536892372,M1C5B0,(437) 201-5781,2026-08-03 22:42:20
SCH68338253,Ivan,Robinson,1978/11/21,MALE,9402547963,L6J9S0,6478470307,2026-07-12 22:57:36
SCH25260246,Mandy,Allen,1994/02/25,FEMALE,1915723025,m4g6y6,(416) 459-2075,2026-07-09 16:05:57
SCH79802535,Wiilliam,Hiill,1958/08/25,MALE,8080135265,L4L7L7,365-485-6110,2026-07-30 18:49:22
SCH88327028,Jen,Allen,1965/07/22,FEMALE,2867374072,L6J0K5,(437) 518-5646,2026-07-05 09:24:38
SCH26840306,Andy,Lopez,1992/02/23,MALE,6923820655,l6m5j3,(289) 422-3699,2026-07-09 15:09:32
SCH68048901,Betty,Singh,1956/07/17,FEMALE,1370583104,M1B 4R4,2894091346,2026-08-07 18:26:47
SCH94097052,Aisha,Williams,2017/09/04,FEMALE,9185367274,L6S7R1,416-518-5295,2026-08-09 05:05:34
SCH73801007,Saarah,Kimg,1997/12/29,FEMALE,8736783278,M8W 1X8,2892273494,2026-07-09 09:54:36
SCH76462974,Shelly,Martinez,1999/12/07,FEMALE,5855023718,l5c1s5,(905) 828-3179,2026-08-23 08:47:10
SCH25229275,Melissa,Wang,1966/05/11,FEMALE,6140266369,M3C2K6,2896238183,2026-08-06 17:52:37
SCH13895612,Aisha,Lee,1986/06/13,FEMALE,3280493721,M4E 2S4,2894016619,2026-08-02 12:32:31
SCH73062456,Chris,Rodriguez,1964/03/21,MALE,9347916778,M5H7W5,416-344-2824,2026-08-13 09:51:12
SCH22551319,Ken,Tremblay,1977/07/14,MALE,6749887334,M5G 0T1,3658395943,2026-07-20 03:01:38
SCH25417103,Ken,Walker,1973/03/15,MALE,4529651939,M5P3X8,(289) 767-6764,2026-07-11 10:17:29
SCH73553406,Mohammed,Lewis,1988/02/20,MALE,8067541683,L6R 4G2,647-888-6804,2026-07-10 19:19:21
SCH21663507,Zara,Williams,1946/05/08,FEMALE,3434093492,14J6P9,6478187648,2026-07-29 18:23:15
SCH11802614,Aisha,Scott,1949/06/22,FEMALE,7679977889,m1m7l5,647-355-3233,2026-08-24 08:40:13
SCH10704613,Ken,Chen,1950/10/06,MALE,0369180443,M8X 3W4,4372316780,2026-07-30 03:08:12
SCH52441344,Liz,Taylor,1934/02/19,FEMALE,4572076372,M9M 3X7,4162573354,2026-07-22 19:35:15
SCH99922080,Chen,Miller,1999/06/22,MALE,2963190083,M9M 8W6,(437) 254-5022,2026-08-21 03:41:09
SCH67159988,Tomas,Ali,1999/07/29,MALE,2752297255,M4K 1P7,,2026-08-29 13:10:27
SCH27838154,Chris,Ahmed,1953/11/22,MALE,0926659160,M1G 6A9,,2026-07-31 20:31:00
SCH45953284,Andy,White,1975/03/14,MALE,7397217089,M9N 4C2,(905) 814-7802,2026-07-09 05:24:26
SCH17274277,Yusuf,Anderson,1961/08/20,MALE,3222186425,00000,365-286-5487,2026-08-21 09:14:42
SCH63553073,Amir,Osei,1946/04/21,MALE,8603387716,l5a3m8,(647) 445-3232,2026-08-12 01:13:28
SCH46349035,Ivan,Ali,1954/10/12,MALE,7928977482,M2J 3C8,4377136324,2026-07-10 11:24:36
SCH81336620,Tony,Stewart,1984/09/06,MALE,9379646764,m4m3w8,4378494950,2026-07-18 06:43:27
SCH39699203,Nadia,White,1979/07/15,FEMALE,6627241521,M6M 1A9,9055856850,2026-08-25 03:49:40
SCH76306800,Betty,Osei,2013/05/26,FEMALE,4720407230,M6J 5G0,365-902-4753,2026-08-10 00:38:36
SCH29792440,Fatima,Taylor,1994/05/28,FEMALE,7001278014,L4C 0S4,3655976617,2025-12-01 18:28:02
SCH93922856,Ahmmed,Carter,1999/01/11,MALE,7210090036,M2R 8V2,,2026-08-21 18:18:40
SCH53837856,Lisa,Cote,1984/11/15,FEMALE,5525971056,M1E1R1,2899376549,2026-07-21 01:26:09
SCH87990229,Emily,Moore,1987/03/15,FEMALE,8753864571,L5C0T5,3659916442,2026-07-12 03:04:18
SCH28327599,Jon,Harris,2006/12/22,MALE,0766602791,M9C7H7,9055973794,2026-08-10 03:27:40
SCH48364484,Nikolai,Lee,1984/08/07,MALE,2426154486,L4K 5E4,(416) 613-7265,2026-08-21 08:09:34
SCH60003652,Chen,Carter,1980/06/03,MALE,8874657367,M1K 7R6,(647) 248-9956,2026-07-31 04:26:48
SCH51513507,Pedro,Kowalski,1949/03/30,MALE,2051887061,M6L 0N4,,2026-08-22 08:31:21
SCH34818921,Chris,Kelly,1998/03/15,MALE,5745317973,M1L 2A3,3658590485,2026-07-08 11:50:01
SCH75982709,Anna,Ferreira,1949/05/27,FEMALE,1621955739,M2H 1G3,(647) 316-5673,2026-08-15 03:10:30
SCH84935044,Jess,Bouchard,1988/10/22,FEMALE,7196910504,L6J0Y3,(905) 439-9052,2026-07-15 19:23:06
SCH35901585,Jin,MacDonald,1938/08/20,MALE,6035785713,L6L2Y0,,2026-07-06 07:11:35
SCH35867186,Riichard,Santos,1998/06/20,MALE,4765525821,M5G5X5,(365) 666-1874,2026-07-03 09:57:33
SCH93920800,Karen,Wright,1962/04/24,FEMALE,9173224867,M9N 7H5,(905) 252-7384,2026-08-13 05:55:07
SCH52414987,Sue,Tran,1993/06/21,FEMALE,7809331346,M5B 6R6,289-654-3844,2026-08-04 17:56:29
SCH30752259,George,Martin,1967/04/06,MALE,9702782112,M4J8J5,4373039471,2026-07-27 21:38:53
SCH37879349,Nikolai,Hassan,1960/12/10,MALE,6309884598,L6L 4E0,437-632-7715,2026-08-05 13:11:47
SCH90347393,Shelly,Nelson,1976/10/29,FEMALE,8612668072,,(289) 881-1214,2026-08-06 20:59:39
SCH90014834,Sandy,Mitchell,2025/11/09,FEMALE,2642473439,M5J8R5,(437) 932-2358,2026-07-10 14:03:23
SCH48324394,Dan,Taylor,1937/12/22,MALE,5834105941,L4J 7A6,4375403007,2026-07-30 04:46:23
SCH28617310,Barb,Ferreira,1954/12/09,FEMALE,9680048726,M4J0T2,3653090614,2026-08-23 16:10:06
SCH14507999,Davod,Thompson,1987/04/16,MALE,4505204216,M6B2B7,2897698370,2026-07-26 10:50:03
SCH48270163,Dan,Wang,1951/11/25,MALE,6577044093,M4L 4X3,365-267-0059,2026-07-20 08:43:21
SCH63217314,Betty,Khan,1990/05/18,FEMALE,0525033866,L6G 2L5,,2026-08-06 23:41:07
SCH79073605,Lisa,Jones,1959/07/20,FEMALE,2516285836,L6G3K4,(365) 468-9639,2026-07-14 07:23:39
SCH20257820,Joe,Jackson,1970/06/20,MALE,1493942203,M6L2P6,(416) 515-6499,2026-07-27 23:28:01
SCH46447093,Dan,Strwart,1973/06/25,MALE,6117127438,M6G 1R5,9057310030,2026-08-05 23:08:51
SCH56696431,Fatima,Gonzalez,1980/01/23,FEMALE,6293839004,M9L 7M5,4377673819,2026-07-24 01:51:44
SCH42771568,Sarha,Wang,1970/10/10,FEMALE,8217955791,M6A9W5,3654760423,2026-07-24 14:31:17
SCH51158309,Sarah,Nguyen,1983/10/07,FEMALE,5846170818,M5A5B0,(437) 615-1899,2026-07-11 16:58:02
SCH86888387,Andy,Gonzalez,2031/04/12,MALE,4957350319,,4165423993,2026-07-29 03:53:17
SCH73642498,Joe,Johnson,1970/07/26,MALE,6590603210,M5E 1R8,(905) 295-5618,2026-07-20 04:14:02
SCH52368126,Mike,Nguyen,2000/04/07,MALE,8687191026,M9L3L0,,2026-08-31 23:15:08
SCH95286216,Omar,Adams,1949/01/02,MALE,0176856052,M5E3N0,3657934425,2026-07-27 00:12:45
SCH64304100,Ken,Clark,1958/09/26,MALE,4684037353,m8v1l3,(289) 712-4530,2026-08-18 17:12:52
SCH32121625,Raj,Hernandez,1973/07/29,MALE,6990522929,,437-801-2467,2026-07-29 04:30:38
SCH93930338,Olga,Smith,2001/01/15,FEMALE,9696842385,M9L2H3,(416) 595-7272,2026-07-13 17:42:12
SCH32863294,Hiroshi,Thompson,2000/09/08,MALE,9326042885,M4A 9B6,(289) 240-6592,2026-08-17 03:20:02
SCH93662078,Pat,MacDonald,1958/01/18,FEMALE,4595717838,M1H 6Y2,6475083063,2026-08-06 10:26:56
SCH59231625,Chris,Santoos,1966/12/11,MALE,7601046209,M4L 1V7,,2026-08-17 18:02:08
SCH56661912,Priya,Ahmed,1985/05/02,FEMALE,9594552888,l6c4y7,4167269800,2026-07-20 14:04:31
SCH18067347,Nadia,Ross,1973/06/24,FEMALE,1457832382,M4A 5G1,(647) 404-3219,2026-07-26 23:13:08
SCH92226649,Pat,Kim,1955/01/19,FEMALE,2101370449,M5B 4A3,(416) 296-8499,2026-07-08 21:16:46
SCH65047240,Ivan,Kowalski,1961/09/03,MALE,3579759253,M3A6T9,2896565645,2026-07-13 11:41:50
SCH36315343,Pedro,O'Brien,1937/04/03,MALE,2170657114,L6J 1V0,(437) 590-2121,2026-08-30 14:04:48
SCH93801489,Brian,MacDonald,1970/11/08,MALE,2741287482,l6a8v5,6474516817,2026-08-05 02:09:22
SCH89226882,Wei,Santos,1992/06/30,MALE,5500441109,M2M 7M0,,2026-07-06 05:22:30
SCH18529169,Sofia,Treemblay,1960/05/20,FEMALE,3931676344,,,2026-08-22 11:31:54
SCH26617235,Pedro,Roy,1939/11/07,MALE,1331628113,M6J 3L5,4376870960,2026-08-10 08:31:53
SCH50071265,Brian,King,1959/10/24,MALE,0876240573,L4L 3A9,3655274782,2026-07-22 11:49:31
SCH86300227,Jim,Campbell,1970/10/03,MALE,1741853442,M6E 4B3,(437) 630-0859,2026-08-02 12:38:04
SCH26151271,Dan,Lee,2000/11/13,MALE,5100036598,,(365) 998-3379,2026-10-06 05:31:07
SCH30606074,Omar,O'Brien,1995/09/02,MALE,8683688256,M2K0T7,(289) 397-6969,2026-08-28 12:19:19
SCH62305536,Betty,Patel,1976/11/14,FEMALE,3776671343,,2894622749,2026-08-10 14:08:50
SCH69319463,Andy,Hill,1940/07/06,MALE,5571073625,M9M 7J8,3652052268,2026-08-15 03:35:32
SCH23409885,Betty,Marrinez,1926/09/10,FEMALE,4580682070,M1M 2W3,,2026-08-03 02:03:45
SCH88013153,Brian,Garcia,1997/05/09,MALE,8328438786,L5B4A2,(416) 745-6175,2026-08-01 22:28:01
SCH87651786,Wei,Young,1953/02/12,MALE,9894784223,M9L3K0,6479434524,2026-05-23 14:26:12
SCH11780522,Joe,Bouchard,2005/04/29,MALE,6090455244,M2N9P5,4376472793,2026-07-12 07:45:33
SCH26105375,Chris,Kelly,1989/02/06,MALE,2131007235,M5R 8K9,905-996-8878,2026-07-11 09:41:59
SCH86464252,Zara,Hill,1966/11/19,FEMALE,3939896159,L6G4K0,(437) 814-3969,2026-08-05 08:00:48
SCH35326013,Ken,Patel,1990/09/05,MALE,7885014113,M2H 3Z7,(437) 455-0650,2026-08-18 11:50:04
SCH26177985,Andy,Davis,1961/09/12,MALE,4787296773,16J6J2,416-206-9824,2026-07-23 02:43:58
SCH74734222,Nadia,Green,1932/06/11,FEMALE,7650316024,M1C6R8,,2026-07-16 19:56:23
SCH41915131,Omar,Ali,1962/04/12,MALE,2552630499,L4K8X8,,2026-07-11 09:06:39
SCH90879775,Rick,Chen,1982/08/28,MALE,2588887014,L4C 6V4,365-381-8262,2026-08-26 00:11:46
SCH76582760,Jean,Scott,1958/05/10,MALE,1415439668,M6H 9T0,9054986612,2026-07-23 06:24:44
SCH76594689,Maggie,Kumar,1958/08/26,FEMALE,7570428172,M6B 7H5,9053220462,2026-07-20 18:12:28
SCH76089930,Pat,Ross,1991/03/01,FEMALE,7239613008,M1B 5R6,905-343-2139,2026-08-28 11:33:06
SCH67618464,Hiroshi,Smith,1942/08/24,MALE,5724113963,M1J9J5,365-694-2231,2026-08-21 17:31:46
SCH50978354,Steve,Haris,1960/09/27,MALE,3643546801,M9B4Y5,647-957-5683,2026-07-16 21:39:49
SCH22355376,Claire,Jones,1952/04/20,FEMALE,5856694657,M6K 0N0,6473488931,2026-07-10 23:35:24
SCH79980349,Ahmed,Anderson,1939/05/03,MALE,0318134210,l4b3t9,4166016872,2026-08-14 15:43:08
SCH71183410,Yusuf,MacDonald,2019/05/11,FEMALE,0335532537,L6R8K2,9054738448,2026-08-23 17:59:40
SCH86460522,Jess,Mensah,1964/07/17,FEMALE,0634081285,L4L9G4,(416) 592-8513,2026-08-06 05:51:55
SCH60672694,Mark,Kuamr,1976/03/29,MALE,2042973079,M4A0N1,365-780-4852,2026-08-10 10:43:38
SCH17472088,Linda,Sutherland,1973/05/23,FEMALE,2988130335,M4C0C5,3655891771,2026-07-15 17:48:30
SCH64572621,Bob,Clark,1926/07/16,MALE,7791647576,M9B6M7,416-593-9092,2026-07-15 09:42:04
SCH32661458,Raj,Green,1989/05/20,MALE,5074057828,M6J 4X3,(365) 702-4889,2026-07-22 04:56:08
SCH46358252,Melissa,Thompson,1962/10/19,FEMALE,0686296577,M3A0J4,4377922710,2026-07-22 01:11:36
SCH39886095,Amir,Cote,1970/11/25,MALE,8991586937,L4L 0E6,289-504-7805,2026-07-22 18:45:33
SCH11021452,Ana,Hassan,1960/08/31,FEMALE,8693846621,M9L7Y7,(289) 857-6317,2026-07-25 21:16:33
SCH87612930,Maggie,Jackson,1934/07/24,FEMALE,1159792876,L6J 7J6,416-846-0883,2026-08-19 22:01:50
SCH23210639,Pedro,Campbell,1953/02/04,MALE,8000769797,m2r4z1,(416) 842-3663,2026-07-27 11:58:00
SCH81316201,Mike,Lewis,1957/07/11,MALE,7178185380,M3A1Z2,(905) 615-6754,2026-08-23 01:03:58
SCH84273087,Jim,Youung,1979/05/01,MALE,2851631032,M4A 7X6,4169783831,2026-07-31 06:13:27
SCH19585014,Ivaan,Nowak,1958/08/30,MALE,9490256865,L6P 3Z3,647-857-4126,2026-08-27 03:03:15
SCH62185240,Jon,Allen,1997/12/09,MALE,4447454259,m1h0s0,,2026-08-20 18:25:13
SCH74026204,Jim,Khan,1972/07/11,MALE,2272141744,M2R1Z3,(647) 863-8264,2026-08-12 02:16:22
SCH24276278,Nadia,Carter,1931/04/17,FEMALE,1880987514,M6C7H1,2895529160,2026-07-27 01:32:32
SCH54162255,Amsnda,Wang,1950/05/23,FEMALE,6452974071,l6c0y2,,2026-07-19 15:51:56
SCH92164195,Sandy,White,1983/12/26,FEMALE,0884190075,M1M 0A1,365-315-4908,2026-08-04 21:06:49
SCH22590010,Omar,Santos,2017/01/05,MALE,6776844034,M5A 0W9,2898608684,2026-07-08 01:56:48
SCH55543297,Ana,Martinez,1976/11/13,FEMALE,3571241458,M4B 4V3,(905) 278-5572,2026-07-11 01:53:56
SCH43708239,Jess,Gonzalez,1955/11/12,FEMALE,7080855245,M3B 6M9,(365) 881-7557,2026-07-24 01:58:12
SCH24486646,Hiroshi,Roy,1930/04/10,MALE,5628083288,M2N9Y1,,2026-07-28 12:44:09
SCH16543739,Tony,Sutherland,1954/10/29,MALE,5735180845,M5A 0T9,(289) 547-5369,2026-07-08 06:16:01
SCH10919484,Dan,Stewart,1954/12/05,FEMALE,2754978563,L6M3A9,289-725-5244,2026-07-14 22:15:20
SCH56006931,Aisa,Carter,1972/12/25,FEMALE,3761659170,M6G5V21,416-772-3356,2026-07-05 08:21:05
SCH66739746,George,Robinson,2022/01/03,MALE,9513255522,L6R 5K4,9053680008,2026-08-08 01:31:21
SCH41613064,David,Scott,1964/11/28,MALE,5962402037,M6A 9X8,(905) 534-3775,2026-08-10 08:22:36
SCH50650835,Nan,Wang,1966/11/12,FEMALE,8886047417,M8X9V6,2899874412,2026-08-16 13:54:06
SCH41230321,Maarie,Park,1983/02/20,FEMALE,7839725855,M4E8V8,289-571-3127,2026-08-19 09:07:38
SCH94442005,Ana,Baker,2011/05/06,FEMALE,0177404951,M4J2N0,289-213-9448,2026-07-22 05:45:33
SCH97466063,Sandy,Young,1989/03/27,FEMALE,7504985644,m2m6n9,(365) 894-5875,2026-07-19 09:37:30
SCH91323024,Ashley,Adams,1932/04/08,FEMALE,8597665218,M1N4T8,,2026-08-17 07:10:48
SCH43792081,Linda,Hill,1955/10/29,FEMALE,2832792804,M3C4J5,(437) 834-8909,2026-07-31 15:45:40
SCH23387227,Andy,Brown,1978/11/29,MALE,0906935713,m2m3a1,4168796218,2026-07-22 13:33:17
SCH29089479,Jess,Park,2005/02/12,FEMALE,6698048631,L6P 3S2,(416) 587-0584,2026-07-31 12:34:22
SCH21534194,Sofia,White,1959/08/13,FEMALE,4813392208,L6P 5X7,2899932409,2026-08-19 14:21:46
SCH47849652,Hassan,Nelson,1931/06/27,MALE,7990031820,M9N 5S9,9058433127,2026-08-17 00:08:55
SCH78835161,Lzi,Silva,1950/05/17,FEMALE,6235153076,M9B 8S4,9059734625,2026-08-25 20:31:55
SCH72639595,Tom,Khan,1954/07/06,MALE,8833692000,L6M 5H0,9056800790,2026-07-05 11:41:32
SCH48694247,Olga,Young,1992/07/18,FEMALE,1578436691,M2J 9V7,(437) 515-7024,2026-07-30 20:59:05
SCH28316101,Kevin,Martin,1974/11/01,MALE,4316805367,L6B 7A9,4164613010,2026-07-23 20:33:24
SCH15390416,Omar,Ferreira,2023/05/22,MALE,2715216160,M4E9B6,,2026-07-09 03:08:12
SCH26696668,Pat,Carter,1949/04/09,FEMALE,4921159523,,,2026-07-29 09:23:02
SCH57068891,Zara,Kumar,1965/07/14,FEMALE,7963100503,L6R 5S1,(647) 231-1938,2026-07-27 02:49:57
SCH16609911,Lisa,Mitchell,1975/07/07,FEMALE,9707532348,L6H8S9,(647) 664-5932,2026-07-20 02:06:31
SCH98431175,Mandy,Campbell,1953/05/07,FEMALE,8091402258,,6472423334,2026-08-24 18:18:17
SCH73942263,Hassan,Zhamg,1957/02/02,MALE,2621427042,m6h8a2,(289) 904-0248,2026-07-10 20:17:31
SCH91174845,Bill,Kowalski,1980/01/26,MALE,2510982586,M6L 4T2,9052986995,2026-08-16 07:32:11
SCH23762398,Brian,Clark,1973/08/31,MALE,3677171815,m6c1w2,2897794755,2026-07-20 04:51:11
SCH40836273,Yuki,Fraser,1926/05/05,FEMALE,1578756320,M8Y4G6,,2026-07-28 04:35:48
SCH30669621,Zara,Smith,1979/06/26,FEMALE,2450926908,M2M 9Z0,9059352765,2026-07-10 22:31:44
SCH45902541,Joe,Thomas,1973/10/16,MALE,7702025961,M5G 5G1,(416) 543-6305,2026-07-24 09:06:35
SCH51886479,Ahmed,Young,1975/12/12,MALE,8343571124,M6B6H6,(416) 368-6292,2026-07-25 16:49:54
SCH69382330,Sue,Ahmed,1966/05/13,FEMALE,7382308596,M4J6C4,2899287703,2026-07-27 08:09:46
SCH57318835,Jen,Park,1988/12/27,FEMALE,7975630976,M6G 5Z3,9056828138,2026-08-16 05:47:24
SCH42363899,Betty,Bouchard,1947/02/06,FEMALE,1700388844,L4J1N2,(905) 548-6304,2026-07-18 19:32:58
SCH70398141,Tommas,Lee,1982/05/18,MALE,7351214155,m5k9h2,4374870363,2026-07-03 09:21:00
SCH35734589,Anderw,Ali,1926/10/14,MALE,0682474101,M6C7Z2,(416) 372-9702,2026-08-21 04:21:10
SCH69091739,Zara,Hilll,1972/11/30,FEMALE,1353792086,M4M7K4,(647) 612-3559,2026-08-06 22:17:31
SCH78511398,Melissa,Nelson,1939/03/09,FEMALE,6473858071,L5A2Y31,9055164982,2026-07-15 15:31:57
SCH49232494,Amir,Green,1993/01/11,MALE,3253325900,m6h4e8,(289) 309-9372,2026-07-18 00:24:51
SCH65747235,Tomas,Kowalski,1995/12/22,MALE,2447536414,m6a2z3,,2026-07-30 16:31:07
SCH76151486,Hassan,Fraser,1948/12/08,MALE,4750074884,M4L1R4,289-259-6782,2026-08-13 05:40:54
SCH52148946,Bill,Adams,2004/10/09,MALE,6841064444,M8V7J3,9054962400,2026-07-17 18:29:19
SCH52993158,Luc,Adams,1953/11/30,MALE,5778463983,M1G 1G0,9055420226,2026-08-09 18:00:36
SCH94398426,Mark,Bouchard,1938/09/04,MALE,2707318420,M6K 6A5,(416) 990-8739,2026-07-26 05:43:33
SCH98212792,Mstthew,Wright,1987/10/26,MALE,7654862585,M2R 7P7,3652939592,2026-08-22 01:35:02
SCH85347527,Steve,Chen,1957/06/04,MALE,5817574816,M4G 5Z1,(365) 552-5557,2026-08-26 20:53:58
SCH64859644,Linda,Ferreira,1956/06/23,FEMALE,9646741992,M5J8S8,2899277212,2026-08-21 08:24:08
SCH49653490,Yusuf,Robinson,,MALE,6451404567,,,2025-12-01 08:40:50
SCH33078790,Nadia,Stewart,1999/04/10,FEMALE,7756867482,M4K 4K0,9057941183,2026-08-14 11:20:30
SCH29361337,Omar,Mitchell,1954/10/25,MALE,5794022029,M8X 3S1,(289) 577-2260,2026-08-03 08:57:20
SCH93036566,Karen,Baker,1980/01/06,FEMALE,4900691264,M6K 4H0,4379841080,2026-07-24 18:22:07
SCH13335536,Hiroshi,Campbell,1976/07/15,MALE,8964480100,M5N7X7,,2026-07-19 06:53:50
SCH82517581,Pat,Hernandez,1981/07/21,FEMALE,4940874607,M6H3M3,647-884-0925,2026-08-06 07:32:56
SCH90524175,Ling,Nguyen,1984/07/18,FEMALE,7163108436,L6M 1V3,(437) 320-6416,2026-07-23 21:23:51
SCH31174614,George,Mensah,1969/03/24,MALE,8343465285,M4K1X2,,2026-07-31 09:02:13
SCH90630047,Jess,Young,2000/07/12,FEMALE,3830630558,00000,6478428089,2026-08-27 03:16:37
SCH59286592,Yusuf,Thompson,1955/09/25,FEMALE,8704643488,M9L 4R1,647-859-6322,2026-08-16 23:23:50
SCH36605301,Nikolai,Thompson,2016/12/03,MALE,3623477969,L6C 6Z7,2898598098,2026-08-21 05:03:41
SCH36558764,Betty,MacDonald,1983/03/27,FEMALE,9610894165,L4C 7K4,4377705860,2026-07-17 08:17:14
SCH58506158,Emily,Mensah,1993/08/26,FEMALE,5547706688,M1B4K5,(647) 746-0135,2026-08-04 17:49:53
SCH70150039,Maggie,Li,1964/01/09,FEMALE,8550139912,,365-617-3517,2026-07-07 01:26:45
SCH16400553,Pat,Jones,2006/05/17,FEMALE,2104517103,M5P7S3,4166163027,2026-07-30 16:14:41
SCH32342116,May,Mensah,1990/04/18,FEMALE,7594039252,M5P1C1,416-919-6167,2026-08-27 02:45:46
SCH46662063,Dan,Lopez,1954/10/08,MALE,2758688820,M4M 6T1,4162468391,2026-08-21 00:52:13
SCH44843997,Shelly,Chen,1979/05/11,FEMALE,3662452519,M9M2G6,(437) 809-5094,2026-07-31 06:53:31
SCH38808093,Marie,Geren,1977/08/23,FEMALE,3297851788,L6A2W6,,2026-07-10 00:03:37
SCH16500986,George,Lopez,2013/03/11,MALE,9034005620,M1L 4Z5,9059789734,2026-08-22 21:21:56
SCH59799170,David,Green,1952/09/09,MALE,9958485848,M5K 6H9,365-680-9933,2026-08-11 20:30:42
SCH12907278,Nikolai,Martinez,2025/11/27,MALE,1734582040,L5C 8M0,9058066481,2026-07-20 19:57:42
SCH71374005,Chris,Bker,1937/12/27,MALE,9317465590,L6B9B4,,2026-07-08 19:14:38
SCH94414159,Luc,Mitvhell,1947/10/31,MALE,2323842803,m4c3t8,(437) 280-1909,2026-07-26 23:59:11
SCH62778476,Sue,Kmar,1963/08/31,FEMALE,4479147045,M6J 0A9,4377035458,2026-07-31 19:42:44
SCH63592386,Hiroshi,Bouchard,1926/08/03,MALE,3054461029,L5B7T6,(416) 845-0035,2026-07-12 05:02:38
SCH64437664,Ling,MacDonald,1940/05/15,FEMALE,2142608450,M9N6Y0,,2026-08-06 08:02:15
SCH57610611,Yuki,Taylir,1986/06/04,FEMALE,5953753828,L6G 3S3,3655649150,2026-08-23 19:18:05
SCH56878834,Yussuf,White,1954/02/09,MALE,4891004295,M2H 6Z0,4379996030,2026-07-13 10:38:30
SCH31981773,Mary,Garcia,1926/06/23,FEMALE,3609136274,L6P 8M9,3656014372,2026-08-29 22:47:06
SCH68730634,Olga,Singh,1956/12/24,FEMALE,7942440988,m4j7j5,416-564-3799,2026-08-13 07:39:41
SCH68543210,Emily,Scott,2025/12/06,FEMALE,2629390978,M9L 2C3,9055535207,2026-08-30 08:02:02
SCH64596716,Fatimma,Harris,,FEMALE,4865910501,M6C6L6,,2026-08-13 18:59:13
SCH14228257,Lisa,Davis,2006/06/25,FEMALE,2625096124,l6g3t2,647-334-8255,2026-07-15 02:36:54
SCH63072678,Willam,Martin,1950/02/15,MALE,5476486120,L4L 1P2,2893157792,2026-08-14 21:13:09
SCH26723937,Barb,Tran,1949/11/02,FEMALE,0331186965,M3H1N1,6472883221,2026-07-17 08:33:28
SCH90727996,Steve,Clark,1959/11/11,MALE,9981213607,M5B8N1,,2026-07-11 09:18:45
SCH59519993,Liz,Thompson,1977/10/16,FEMALE,5525556360,M1J 2J1,4162643811,2026-08-01 15:08:46
SCH64293327,Mary,Kowalski,1962/11/15,FEMALE,0974131351,m6k1l0,647-266-5747,2026-07-13 04:50:28
SCH91803295,Mie,Clark,2010/04/11,FEMALE,7036886724,m9a0g7,2895455622,2026-08-03 21:51:19
SCH53011382,Jeas,White,1951/01/08,FEMALE,3778875439,M3B 7H3,(437) 866-0518,2026-07-04 22:14:00
SCH95852119,Amir,Mitchell,1980/03/03,MALE,5559517098,M4K6Y6,,2026-07-18 16:55:51
SCH89062686,Yusuf,Wilson,1988/11/25,MALE,3745623128,M2R1C2,6478203765,2026-08-24 09:40:50
SCH13127663,Ana,Sutherland,1960/02/06,FEMALE,3291240467,L6P 2A2,(437) 459-6267,2026-07-18 02:23:10
SCH88583465,Ingrid,Young,1949/09/01,FEMALE,6762741608,12M4R5,9052499659,2026-08-19 06:51:21
SCH33142014,Ana,Sutherland,2022/10/27,FEMALE,6305667021,L6S 7L3,(905) 556-9320,2026-08-29 00:46:19
SCH24614194,Nada,Hassan,2012/05/05,FEMALE,1088579766,M4M 3R2,647-927-8281,2026-07-09 01:48:40
SCH69975975,Priya,Johnson,2009/06/23,FEMALE,0141372391,M6K0V3,4373279735,2026-02-16 07:28:17
SCH67633809,Ashley,Wilson,1994/05/18,FEMALE,3916972551,m1m5c5,,2026-07-22 05:35:14
SCH89736958,Dan,Baker,2012/02/28,MALE,5746888923,L6H 1C2,,2026-07-08 21:41:42
SCH54251826,Wei,Ferreira,1962/09/25,MALE,8179418390,M9N 1S8,289-969-4912,2026-07-04 23:20:41
SCH19619390,Melissa,Kowalski,1950/02/16,FEMALE,7383116121,M9A7G0,(647) 670-6846,2026-07-29 11:46:13
SCH79107963,Mandy,Wilson,,FEMALE,5328550149,M4B 2W4,6477938911,2026-08-12 05:39:12
SCH55774374,Betty,Ferreita,2004/09/28,FEMALE,3140922067,M1N3J5,(289) 719-1472,2026-08-08 12:38:27
SCH41871623,Mary,Carter,1984/08/23,FEMALE,0298055369,M5K7C1,905-543-1954,2026-08-17 09:45:10
SCH97538975,Pat,Wilson,1936/09/10,FEMALE,9177021640,L4J5C1,(289) 337-3896,2026-07-15 14:18:18
SCH60376649,Zara,Gonzalez,1962/02/28,FEMALE,3642568798,M3A5M7,(416) 615-5117,2026-08-22 08:12:41
SCH23943730,Claire,Miller,1965/01/14,FEMALE,0147468839,L6L 4Y8,6476798749,2026-08-29 11:07:53
SCH80380137,Sarah,Miller,1940/02/04,FEMALE,1116915891,M5K7L4,4167826466,2026-08-11 02:45:06
SCH56854917,Sue,Jones,1988/09/10,FEMALE,4166526469,L6B 4A4,3659450243,2026-07-05 07:39:49
SCH96013776,Ling,Kmar,1991/08/23,FEMALE,6849862021,M9L 5M1,3658381773,2026-07-15 00:39:05
SCH18002206,Chen,Gagnon,1994/10/10,MALE,5436191935,00000,(416) 804-5063,2026-07-26 06:08:58
SCH63535737,Ommar,Hill,1984/06/12,MALE,6025414464,14B3T8,416-632-4718,2026-07-09 02:07:55
SCH10309850,Shelly,Lee,1970/09/20,FEMALE,1055298432,l4l5l9,(437) 919-1332,2026-07-30 14:40:29
SCH66197774,Pedro,Taylor,1991/12/19,MALE,1613094398,,,2026-07-18 03:02:54
SCH18325806,Marie,Tremblay,2000/02/29,FEMALE,3786958581,M4L4K2,4166835078,2026-08-22 01:01:51
SCH20378437,Rick,Osei,2008/12/09,MALE,5484507149,m6a6r9,(905) 373-1299,2026-07-04 22:06:11
SCH19986195,Diego,Tran,1953/11/01,MALE,9656903938,M6L 5Y4,4378312238,2025-12-21 10:30:34
SCH42360741,Fatima,Fraser,1985/06/19,FEMALE,6734579490,L6S1Z1,,2026-07-07 22:04:26
SCH62596752,Kevin,Scott,2007/10/20,MALE,2721045017,M1E 9K2,4373227828,2026-07-22 01:57:29
SCH11169664,Rick,Rodriguez,2003/11/05,MALE,9441539724,L6A 6R0,(437) 799-6952,2026-08-30 06:53:16
SCH93879617,Mark,Kim,1974/10/05,MALE,0210728184,M8V3T8,365-666-4832,2026-08-10 17:26:53
SCH38751340,Josh,Smmith,2005/04/26,MALE,2983849668,M1C 0N7,289-480-1957,2026-07-09 18:22:09
SCH40631393,Amara,Allen,1975/10/10,FEMALE,3247302478,L5B 5A2,,2026-08-11 04:03:02
SCH99331598,Priya,Rodriguez,1989/05/10,FEMALE,5126708779,M5G 6E9,,2026-08-01 01:20:03
SCH18590222,Raj,Thomas,1968/03/09,MALE,0358290161,M9C 6K3,365-318-1436,2026-07-29 11:48:54
SCH86488970,Jim,Miller,1989/01/09,MALE,1701848192,,416-844-9237,2026-07-26 03:12:50
SCH34697652,Yuki,Hill,1973/10/23,FEMALE,0280747916,M3C3V2,3659868792,2026-07-29 07:43:53
SCH25089878,Amir,Park,1980/03/17,MALE,2968310504,m9l4k6,365-428-9077,2026-07-15 00:38:51
SCH55977421,Brian,Ricci,1984/03/01,MALE,7381301659,M6M 8X6,(416) 775-8899,2026-10-18 09:12:19
SCH94870815,Ingrid,Murphy,1986/10/28,FEMALE,6143381868,M8X 8G9,289-656-9710,2026-07-14 23:40:10
SCH40939195,Nadia,Murphy,2007/02/19,FEMALE,1296842378,M2K 6Y7,416-573-6358,2026-07-17 17:05:50
SCH98329475,Christophrr,Hernandez,1995/10/13,MALE,4088353745,M3B 2C6,365-395-2178,2025-11-12 11:18:54
SCH70432402,Yusuf,Ricci,2018/12/10,MALE,1157860477,M2J4M5,4169941487,2026-07-13 15:18:56
SCH20018138,Amarra,White,1960/06/28,FEMALE,7827761375,M6C 7L2,905-203-9885,2026-08-05 03:48:15
SCH32886714,Mandy,Fraser,1934/11/03,FEMALE,0342562873,,2898012320,2026-07-23 08:17:35
SCH10151113,Tom,Stewart,1926/11/30,MALE,6152894561,M5B 2Z5,4379426550,2026-07-22 16:54:23
SCH16539657,Ana,White,1985/05/25,FEMALE,9736366130,M4K 6W3,365-650-9079,2026-08-28 04:12:50
SCH16873744,Wi,Yuong,2014/01/27,MALE,0220135966,L5A4G4,(437) 525-1499,2026-02-25 17:59:56
SCH90075041,Mark,Singh,1986/04/07,MALE,4754562074,M2R5Y2,(289) 581-1059,2026-04-01 22:35:15
SCH69593011,Ling,Sinngh,2017/04/11,FEMALE,0476931530,M9C7E2,,2026-07-12 18:57:52
SCH58488950,Emoly,Moore,,FEMALE,7711830088,l6c3e7,4169662001,2026-08-21 20:27:05
SCH75797240,Zara,Allen,2010/01/01,FEMALE,9094603348,M4K1L1,289-275-8337,2026-07-26 01:25:41
SCH73231999,Tomas,Brown,1986/11/17,MALE,8715756964,L6S5G0,,2026-07-15 15:29:47
SCH74112363,Nadia,Lopez,1950/05/14,FEMALE,7949647620,M4A4S2,,2026-07-15 22:35:26
SCH78593718,Ana,Baker,1966/09/02,FEMALE,6187337461,,2898350083,2026-07-19 19:49:37
SCH26155866,Barb,Young,1960/04/15,FEMALE,8604395379,m8x2s2,437-972-6267,2026-08-09 19:18:32
SCH43709648,Pat,Roy,1946/09/01,FEMALE,1746416393,M5P 5L4,(365) 361-5354,2026-08-28 02:14:40
SCH93641982,Hassan,Mitchell,1967/07/02,MALE,8791859377,M5R 3J1,9057088750,2026-07-04 10:23:16
SCH66407229,Jim,Adams,1977/05/23,MALE,8523720855,M2J4Z31,437-241-2868,2026-08-07 10:18:53
SCH50335149,Liz,Moore,1963/06/17,FEMALE,4419389723,M2N1X5,(905) 352-8171,2026-07-05 14:41:16
SCH79423695,Wei,Sutherland,1973/06/15,MALE,5966638925,,2899939693,2026-07-23 20:41:15
SCH82605054,Krvin,Khan,2013/09/09,MALE,2117646907,L6A5A8,9057796477,2026-07-04 01:41:31
SCH20610389,Hiroshi,Kim,1990/04/09,MALE,2469780536,M3H 1H6,365-426-5125,2026-08-05 20:40:02
SCH14549284,Mike,Campbell,1944/04/25,MALE,1910741774,m2k4t2,905-807-3221,2026-08-29 02:53:37
SCH75430953,Dan,Nguyen,1958/01/08,MALE,0144829470,M5E2A8,416-884-1836,2026-08-18 09:19:11
SCH80877838,Joe,Allen,1962/01/30,MALE,9556406891,m6h2r0,9053793459,2026-07-12 03:29:19
SCH60151525,Bob,Davis,1976/02/11,MALE,1244484281,M2K 7X3,(416) 486-1832,2026-07-06 12:46:08
SCH13756273,Omar,Davis,1943/01/19,MALE,4631458587,M1H 8C0,3654064543,2026-03-16 19:06:51
SCH98076943,Yuki,White,1941/10/06,FEMALE,9318728871,L4K6R6,9055777328,2026-08-23 19:49:34
SCH75284718,Ling,Baker,1988/05/27,FEMALE,0396416075,m1k8b5,(365) 260-8833,2026-07-10 08:04:01
SCH16200605,Ivan,Davis,1992/10/15,MALE,1651921411,M8V 6G1,6477528563,2026-07-30 18:50:54
SCH36904939,Barb,Wirght,1926/11/15,FEMALE,5982523424,M6L0K5,4162044733,2026-07-16 05:16:09
SCH19569708,Barb,Silva,2004/09/16,FEMALE,2222183879,M1M5X0,(647) 817-5121,2026-07-06 03:16:22
SCH71175553,Mohammed,Kelly,1953/12/13,MALE,5965658056,M4B2P0,(289) 470-7135,2026-07-22 13:40:17
SCH55087626,Hiiroshi,Robinson,1948/09/04,MALE,9590377363,L6C 1Y2,3655999708,2026-07-24 14:47:59
SCH83409322,Aisha,Joes,1991/10/22,FEMALE,0747661494,M3B5E7,905-624-0698,2026-07-12 13:57:17
SCH86932493,Priya,Santos,1980/01/25,FEMALE,4124253255,M1J 0H3,4163225771,2026-08-02 04:08:38
SCH88832391,Diego,Sutherland,1977/12/07,MALE,8265553993,M3B 4B3,4372581225,2026-08-13 10:16:51
SCH57749591,Linda,Thomas,1963/08/26,FEMALE,7828569868,m9a3y9,3656858511,2026-07-07 00:03:10
SCH73477480,Ling,Hassan,1937/09/16,FEMALE,9468423828,M4E3M3,6473108459,2026-07-08 07:11:09
SCH66032386,Tom,Patel,1993/03/06,MALE,5832709256,M5K 1K9,9059192494,2026-02-22 06:35:37
SCH66556830,Bill,Silva,1969/06/15,MALE,2084230800,L6J3V2,(647) 328-8061,2026-08-08 09:36:11
SCH79561106,Sandy,Silva,1964/06/27,FEMALE,7624653247,l5n9t9,9057527690,2026-07-25 19:22:55
SCH44449383,Hassan,Scott,1957/02/13,MALE,7291739626,M8W2E1,416-878-1685,2026-07-05 04:50:24
SCH19257387,Ivan,Silva,1963/03/30,MALE,4256288012,M1H 3C2,289-333-1231,2026-08-26 16:41:53
SCH69412451,Nikolai,Ricci,1980/04/16,MALE,2542755851,M5R7V9,289-799-4677,2026-08-01 14:41:37
SCH52662842,Olga,Osei,2016/09/21,FEMALE,9014681978,L6H1N5,3657556797,2026-08-21 17:10:56
SCH43666532,Jin,Fraser,2017/05/31,MALE,7123546827,M1H5B1,(647) 973-2600,2026-08-21 06:13:56
SCH42858088,Hssan,Nelson,1978/11/05,MALE,9818567357,M4A 1N1,9052014154,2026-08-21 23:29:08
SCH96978787,Maggie,Kim,1935/09/26,FEMALE,3834288684,M5R0A0,4169432619,2025-10-01 17:51:26
SCH14419582,Karen,Fraser,1978/01/15,FEMALE,9738198929,L4K3X3,,2026-08-29 06:48:12
SCH48658959,Ingrid,Patle,1973/12/04,FEMALE,6295719188,M1K 0S8,289-244-3083,2026-07-22 07:11:22
SCH30906398,Jim,Ahmed,1957/03/16,MALE,0717545065,L6P6E21,3659449822,2026-09-07 23:12:17
SCH12063531,Asshley,Ahmed,1975/12/23,FEMALE,0555449081,,(647) 696-9932,2026-07-07 19:37:57
SCH72446611,Wri,Zhang,1946/07/26,MALE,9111423407,L6G 0Y2,(289) 247-9779,2026-07-21 15:40:38
SCH38726007,Matt,Murphy,1936/07/31,MALE,8438208665,M5H 2E9,9054505622,2026-07-24 23:46:58
SCH40369634,Shelly,Ahmed,1972/12/23,FEMALE,4489745309,L6H 3Z6,(437) 522-7660,2026-07-20 03:23:51
SCH26907605,Tony,Rodriguez,1985/01/20,MALE,7810170949,m9n7p5,(437) 713-8454,2026-08-14 10:28:52
SCH39525221,Sandy,Martinez,1973/08/22,FEMALE,3115392254,M2J9C7,2894527644,2026-07-17 21:55:09
SCH89076059,Karen,Moore,1951/12/12,FEMALE,7063401421,M5B 2A6,(905) 935-8243,2025-09-22 22:56:15
SCH64428639,Maggie,Ahmed,1989/03/07,FEMALE,5585922601,L4K 5L9,,2026-07-29 00:09:55
SCH56139560,Barb,O'Brien,1979/10/29,FEMALE,3218249955,M6M7T2,3659389617,2026-07-22 19:51:57
SCH35828199,Shelly,Kim,1976/09/20,FEMALE,5302745665,M6G 3H1,(647) 426-6639,2026-07-31 20:53:57
SCH68188443,Joe,Thomas,1990/12/07,MALE,1717176919,M5P 1J5,6474449987,2026-07-06 02:37:32
SCH29284071,Olga,Park,1933/08/19,FEMALE,0252917661,M9A1G5,(437) 307-1948,2026-08-03 22:25:49
SCH57492900,Ling,Thomas,2010/11/19,FEMALE,4269078806,M6E 9P8,647-788-8327,2026-07-11 02:26:24
SCH54570001,Ndia,Young,1972/10/01,FEMALE,7027445894,M1B 8Z9,,2026-08-06 19:23:09
SCH75132274,Pedro,Green,1950/02/11,MALE,7731521014,M9N2X1,905-369-6414,2026-08-05 21:51:05
SCH80218781,Jen,Sutherland,2010/08/11,FEMALE,6637496297,M1J 5A2,365-292-4619,2026-07-09 14:33:27
SCH90936615,Maggie,Gonzalez,1993/08/27,FEMALE,1256791854,L4C,6472831833,2025-09-05 01:53:41
SCH23684521,Luc,Thomas,1946/04/27,MALE,4076876566,L6J 6H9,(905) 449-0223,2026-07-17 12:01:05
SCH63947191,Chen,Ross,1979/08/17,MALE,3780374520,L5C1S6,6472361719,2026-07-26 04:24:02
SCH48614054,Jess,Chen,1976/07/24,FEMALE,1523825022,M9A 3A5,9054927850,2026-08-15 09:22:32
SCH41725829,Nan,Nowak,1983/06/27,FEMALE,2548695580,m3a4h4,(647) 278-1298,2026-07-17 20:34:18
SCH38640581,Steve,Km,1974/05/26,MALE,9168119940,M5N3S41,(437) 778-5975,2026-08-30 18:01:19
SCH88942050,Yusfu,Sutherland,1992/02/26,MALE,6996035868,,4169724722,2026-08-23 22:01:00
SCH89451525,Pat,King,1986/10/06,FEMALE,5323164011,M2N0T7,6474314105,2026-07-27 21:54:52
SCH90938543,Steve,Green,1981/11/28,MALE,9451786124,M1L 5R1,(289) 839-7960,2026-08-11 19:50:12
SCH54132311,Shelly,King,1956/12/19,FEMALE,7311692060,M8Y7H9,289-313-4566,2026-08-09 16:20:26
SCH23655459,Nadia,Martinez,1953/12/23,FEMALE,9952339944,M2J1G9,6474455365,2026-08-28 03:35:58
SCH75464783,Matt,Allen,2017/05/31,MALE,4327393551,M1H4A3,,2026-08-09 21:53:23
SCH75530401,Andy,Wilson,1956/11/30,MALE,3491805739,,4377844234,2026-07-09 04:48:44
SCH64060195,Ana,Anderson,1951/10/10,FEMALE,2182834792,m4g5a0,416-938-6040,2026-08-26 21:20:34
SCH55171361,Ingid,Scott,1993/01/15,FEMALE,3099379273,M6G 9P7,2893931845,2026-07-23 06:31:39
SCH47746490,Nikolai,Smith,1950/07/28,MALE,8231752760,M8W 5W7,(416) 415-5425,2026-08-10 18:28:11
SCH52690771,Ashley,Nowak,1927/01/11,FEMALE,0908812134,l6g3h2,6472638462,2026-08-01 19:51:30
SCH82095865,Naancy,Kim,1955/04/27,FEMALE,1246269102,00000,289-286-1941,2026-08-22 21:04:07
SCH30667756,Priya,MacDonald,1935/12/06,FEMALE,1476727878,M2J3Y4,9052390216,2026-08-10 05:28:14
SCH42773927,Betty,Young,1968/07/28,FEMALE,7774756816,L6R 3P6,(289) 756-1187,2026-08-13 10:35:46
SCH75721954,Sarah,Jackson,1953/11/28,FEMALE,9128146363,M2K 8H2,289-519-8379,2026-07-11 18:10:02
SCH80879696,Marie,Silva,1976/09/22,FEMALE,2595716834,,416-568-1179,2026-07-22 11:34:56
SCH87435408,Bill,Fraser,1955/06/20,MALE,8648969619,M4J8A5,3656779867,2026-07-17 23:12:29
SCH27778450,Marei,Green,2006/08/11,FEMALE,2966705317,,6477188135,2026-07-18 10:50:26
SCH12158376,Maggie,Walker,1967/03/15,FEMALE,7044179450,M9C 9L6,289-773-2609,2026-07-09 01:16:57
SCH38284287,Ken,White,1976/10/25,MALE,2831646340,L6M 8Z7,365-976-7218,2026-07-05 02:44:08
SCH36241499,Chris,Scott,1933/10/05,MALE,5897203716,M2R 1M4,6474549485,2026-07-06 12:49:03
SCH74672326,Yuki,Gonzalez,1949/08/03,FEMALE,8094048173,M5R4J6,,2026-08-29 07:34:09
SCH86252511,Ken,Taylor,1932/09/27,MALE,9107831480,M6M 7R2,(365) 435-1633,2026-08-06 21:13:34
SCH71764020,Shelly,Nelson,1971/09/17,FEMALE,4918286388,M5G 0V7,4375664304,2026-07-06 20:45:29
SCH59745527,Chiara,Roy,1982/04/10,FEMALE,3398315196,M6K3N9,(365) 624-1681,2026-07-17 19:52:16
SCH15209326,Tony,O'Brien,1937/05/04,MALE,1483948749,M6H 7L2,365-458-7545,2026-07-09 11:40:04
SCH56154111,Jess,Patel,1997/01/01,FEMALE,3824594521,L5N4Z5,(905) 623-2235,2026-08-29 08:37:07
SCH43750564,Lnda,Young,1999/07/11,FEMALE,5094803268,M5G 9N4,(437) 961-1908,2026-08-30 05:44:07
SCH72789952,Mark,Kowalski,1991/11/17,MALE,5207825984,M2M9N8,,2026-07-22 02:21:29
SCH75182615,Tom,Silva,1964/09/18,MALE,8980276375,M5K 9V8,365-681-1764,2026-07-25 19:44:34
SCH38894975,Omar,Moore,1982/10/06,MALE,9061366754,M8X 0E0,(647) 353-9747,2026-07-26 23:16:19
SCH71681221,Sraah,Hassan,1955/05/23,FEMALE,9355768541,M4A4K1,(365) 368-0201,2026-07-18 23:55:39
SCH68319377,Sandy,Gonzalez,,FEMALE,1988271134,,905-404-7937,2026-07-03 20:31:39
SCH92691481,Aihsa,Li,1969/11/21,FEMALE,4301917227,M4M 2Y8,905-325-8927,2026-08-03 11:57:57
SCH63465416,Maggie,Tran,1981/02/05,FEMALE,3633133529,M8X 9X6,6479592253,2026-08-30 22:16:12
SCH38060936,Raj,White,1980/04/28,MALE,9517097763,m1b1g5,4377536876,2026-08-01 00:48:56
SCH84514251,Linda,King,1984/08/14,FEMALE,5942027805,M2J9Y9,4372109608,2026-07-15 00:12:30
SCH60769941,Yuki,Jones,1962/03/24,FEMALE,3170918928,L6M 0N4,(365) 623-4519,2025-06-01 00:44:47
SCH62085093,Bob,Ahmed,1967/07/21,MALE,9209305938,L5B 3N3,416-981-5955,2026-08-10 00:43:58
SCH21760362,Hiroshi,Adams,1957/08/07,MALE,4286438249,M4M,,2026-07-17 18:22:50
SCH38540266,Sreven,Nguyen,1947/11/15,MALE,9618400429,M3A 1C7,416-709-9234,2026-08-10 02:38:21
SCH44234524,Emily,Rossi,1994/03/06,FEMALE,6968519014,M1J4S6,(365) 826-8439,2026-08-03 14:54:11
SCH33612659,Olga,Tran,2014/10/12,FEMALE,4747739276,M2H 5C3,6476829665,2026-07-30 11:13:13
SCH63562901,Danil,Okafor,2006/11/28,MALE,6389564342,M8V1X1,416-878-2049,2026-07-10 07:19:56
SCH88370541,Yusuf,Garcia,2006/10/17,MALE,5182985944,M1B 2C4,3655160984,2026-08-09 21:16:29
SCH10834159,Amhed,Lewis,1959/09/09,MALE,9969551259,M5A7K0,905-326-9415,2026-03-06 02:57:57
SCH93228935,Bran,Clark,1995/07/28,MALE,1362348870,M1L 9C4,(365) 657-5501,2026-07-22 07:18:32
SCH84487978,Nan,Harris,1972/02/04,FEMALE,5389672691,l6a3m2,,2026-07-21 20:07:26
SCH54264229,Chris,Zhamg,1974/05/08,MALE,4457002352,,2895409689,2025-10-15 06:55:14
SCH20866785,Raj,Thompson,1978/07/21,MALE,1745733681,M4J 9M9,9054361763,2026-07-11 03:52:53
SCH82673911,Aisha,Hartis,1953/06/22,FEMALE,0423615475,M2N 0V9,4373998890,2026-08-11 08:23:45
SCH18653400,Lisa,Thomas,1984/03/11,FEMALE,3265129563,M5J4V6,365-370-1617,2026-08-22 20:29:26
SCH60045603,Tony,Chen,1982/04/25,MALE,2609235255,M5K 6B4,(289) 465-9131,2026-07-22 02:41:33
SCH83591411,Nan,Gagnon,1984/06/06,FEMALE,9341750447,l4c0s3,(365) 405-8247,2026-08-06 08:44:39
SCH16123699,Liz,Okafor,1990/07/24,FEMALE,1367018783,L6M 7J0,6475415742,2026-08-18 13:40:06
SCH49579646,Kevin,Chen,1974/10/04,MALE,2559750159,M8Y 3L0,(905) 367-9399,2026-07-21 00:18:07
SCH79726839,Joe,Bouchard,1926/07/11,MALE,0789843299,L6B 5S6,416-497-6544,2026-08-03 03:23:16
SCH78090577,Mei,Kowalski,1999/09/08,FEMALE,2528999499,L5N 7H8,6478803607,2026-07-27 09:17:00
SCH37008845,Mark,Fraser,1999/11/07,MALE,8814174176,M3C2Z6,(416) 419-8685,2026-08-30 17:11:31
SCH69738711,Ling,Clark,1971/12/27,FEMALE,2857481267,M3B 2H8,4378012508,2026-07-06 20:54:37
SCH19235175,Tom,Bouchard,1932/09/02,MALE,1655385761,M5J 1H3,,2026-08-13 18:00:52
SCH36290543,Pat,Lee,2002/02/08,FEMALE,7358481716,m6h5v7,,2026-08-24 14:29:02
SCH19715298,Nadia,Harris,1987/01/22,FEMALE,3274972706,M4H 8H2,6474079122,2026-07-30 15:16:11
SCH54755783,Yuki,Gagnon,1953/09/23,FEMALE,0644348161,M6G2A8,(289) 229-1521,2026-07-11 21:25:42
SCH13420158,Karen,Thomas,1948/10/14,FEMALE,2351851551,l4c9c6,(289) 950-3038,2026-08-25 09:10:36
SCH88054086,Sue,Martin,1993/01/13,FEMALE,1041942614,M9M 4R8,437-633-7731,2026-08-02 10:33:23
SCH40268594,Barb,Thomas,2013/12/29,FEMALE,0210392114,M3H4K8,(647) 532-6385,2026-08-09 10:10:24
SCH33669797,Karen,Ali,1978/01/26,FEMALE,3280256870,M9L5N5,6479199570,2026-07-20 19:33:52
SCH80845641,Aisha,Chen,1994/11/09,FEMALE,6663559372,m9a4c1,3658831071,2026-07-18 18:22:53
SCH26812070,Mark,Murphy,1935/10/29,MALE,4419363900,M2H2K0,(647) 719-0267,2026-08-24 16:40:59
SCH36352898,David,Nowak,1969/02/02,MALE,0693361917,L4J 4X0,(905) 313-1284,2026-07-27 11:54:40
SCH61134072,Ingrid,Santos,2002/07/02,FEMALE,4235214139,L4B9E8,289-248-8375,2026-08-26 15:55:58
SCH67041108,Dan,Ahmed,1947/12/04,MALE,6290062048,M3B 7T9,365-733-2415,2026-08-13 22:49:26
SCH84914391,Joe,Lewis,1977/08/27,MALE,6139283946,M8V 3L7,3652478851,2026-08-02 15:45:46
SCH75862018,Sarah,Rosssi,1936/07/02,FEMALE,7194683673,m9c7k2,2895417007,2026-07-21 07:00:21
SCH23788757,Dan,Patel,1993/01/31,MALE,1938768254,L6H7C9,365-896-1800,2026-08-31 16:43:01
SCH41960145,Hassan,Patel,2011/12/16,MALE,9796138148,L4K1M9,416-772-8373,2026-07-10 07:02:02
SCH39925432,Karen,Hernandez,1927/11/10,FEMALE,2822003675,m3c0r0,(289) 348-2823,2026-08-02 05:11:30
SCH93008703,Sarah,Miller,1990/03/05,FEMALE,5615870838,M5G,3657724294,2026-08-27 08:26:37
SCH24802505,Steve,Kim,1969/12/05,MALE,4862886977,M6K 2W3,(416) 274-8571,2026-08-12 07:41:39
SCH92841346,Omar,Sutherlaand,1952/11/29,MALE,4490286798,,(647) 660-7528,2026-07-12 10:02:41
SCH43833355,Josh,Ferreira,1985/01/13,MALE,2068894076,M1G7T3,3656019544,2026-08-31 15:12:09
SCH64736284,Brian,Campbell,1974/05/28,MALE,0126867381,M6G 8J1,4169036459,2026-07-07 08:01:04
SCH50430060,Linda,Ahmed,1980/06/28,FEMALE,1148853748,M3C5P9,4168960993,2026-07-30 12:37:59
SCH21224689,Ahmed,Chen,1995/10/12,MALE,9884755373,L5A 6G2,(289) 709-8193,2026-07-21 12:16:08
SCH70937454,Olga,Rodriguez,1977/09/04,FEMALE,3095474858,M4A2R0,(905) 553-0199,2026-07-30 12:28:11
SCH61273984,Jess,Hassan,1970/09/09,FEMALE,6770610613,M2H 7L9,9059412086,2026-08-02 09:03:58
SCH66136805,Omar,Li,1971/06/30,MALE,9003314946,M6H5V81,(647) 666-3440,2026-08-18 11:10:07
SCH23151119,Ling,Thompson,1978/12/23,FEMALE,0945839209,M5N 3R2,647-275-4710,2026-07-23 02:17:03
SCH83809040,Matt,Kelly,1993/10/11,MALE,3258377625,M6G0B8,,2026-08-05 00:02:48
SCH16622605,Ivan,Hernandez,1933/07/03,MALE,9581953362,M6A 3G9,4169500018,2026-07-08 18:54:43
SCH27056754,Rick,Kim,1994/08/17,MALE,2176908016,M9B 7Y9,3657028801,2026-08-30 02:46:07
SCH83255862,Ingrid,Hernandez,1987/02/20,FEMALE,5067505064,m3c2j0,6477454059,2026-08-09 10:59:30
SCH22950325,Jean,Fraser,1994/09/12,MALE,6157302701,L6C 2X8,4372930835,2026-08-19 16:06:18
SCH39485556,Hiroshi,Roy,1953/11/02,MALE,5872525174,M9N 0K5,(437) 219-5287,2026-08-30 01:21:35
SCH92508596,David,Rodriguez,1992/07/17,MALE,5510685778,M1H 4X7,905-438-6685,2026-07-11 17:08:54
SCH52400896,Ivan,Silva,1981/08/09,MALE,3478602562,M1K 4P4,6474508474,2026-07-24 22:36:37
SCH68093300,Tom,Allen,1959/03/22,MALE,7959769725,,2898964359,2026-08-26 19:03:33
SCH57972704,Mandy,Rodriguez,1967/05/30,FEMALE,2807427972,l6p3h9,2893934038,2026-07-17 03:30:16
SCH39869488,Sue,Gagnon,2004/02/25,FEMALE,0743711566,L4B 9Y4,4372054967,2026-08-28 09:06:36
SCH68151063,Aisha,Brown,1975/09/01,FEMALE,4038999795,M2R0L2,3659363896,2026-07-24 12:29:52
SCH85970914,Tony,Osi,1997/02/26,MALE,0840059596,M4E0M7,416-942-5600,2026-07-16 09:15:57
SCH71163682,Mark,Nelson,2003/11/07,MALE,7999396091,M5H3L8,(416) 427-1729,2026-08-17 23:15:28
SCH14521856,Sue,Campbell,1945/02/03,FEMALE,0340628833,L4K6K6,(905) 539-9500,2026-08-07 21:29:42
SCH45897059,Sandy,Admas,2011/09/17,FEMALE,4547749822,L6R 0Y1,416-348-4130,2026-08-05 05:16:31
SCH18724780,Susaan,Adams,1982/01/17,FEMALE,0225449743,M5R 2R9,(437) 235-3738,2026-08-18 03:36:55
SCH52664918,Zara,Tran,1966/11/12,FEMALE,3558913061,L4K 4A3,(647) 984-7349,2026-07-30 11:54:55
SCH92173852,Mohammed,Rossi,1946/10/08,MALE,3801034723,M3B2Y4,289-328-8131,2026-08-09 14:09:26
SCH78281238,Luc,King,1997/05/23,MALE,7200694821,L6H 1Z1,437-381-5942,2026-07-27 02:13:45
SCH13401551,Betty,Nelson,1967/08/17,FEMALE,6961691695,M5K0P7,3659274655,2026-07-12 11:12:32
SCH43118486,Jess,Nguyen,1990/07/17,FEMALE,8217316036,M3A1P5,(647) 213-0862,2026-08-01 11:04:13
SCH72812269,Omar,Tremblay,1980/04/30,MALE,4805630045,L5B 6J6,(289) 704-0525,2026-08-29 21:04:48
SCH79716639,Betty,Murphy,1985/11/03,FEMALE,5556974300,L6S 1E2,2892802913,2026-08-31 11:38:00
SCH97847984,Mark,Sutherland,1989/04/27,MALE,6797273734,,647-861-8095,2026-07-14 14:13:40
SCH77929933,Amara,Wang,2005/12/07,FEMALE,7470341723,M1M5B3,(647) 702-4918,2026-07-14 15:48:16
SCH54928257,Zara,Ricci,1974/12/02,FEMALE,2231908902,M6E 9S0,(905) 868-3602,2026-08-07 17:55:25
SCH21655866,Pat,Anderson,1970/10/23,FEMALE,7781262865,M6J 3W3,437-437-3220,2026-08-08 00:46:15
SCH70631042,Emily,Ricci,2012/08/10,FEMALE,6108243608,L6M 4L8,,2026-07-23 05:51:11
SCH30373194,Tony,Jones,,MALE,8449935520,L6G7P5,365-823-5356,2026-08-22 21:55:42
SCH40412584,Ivan,Sutherland,1964/04/18,MALE,2331114989,M5N 7C8,,2026-08-03 08:43:22
SCH19211089,Pat,Walker,,FEMALE,5570850155,m1n7r8,4168674943,2026-08-12 04:19:23
SCH62781332,Zara,Tremblay,1957/10/03,FEMALE,9555989657,M8V9L6,(437) 578-5440,2026-07-10 23:02:15
SCH53840309,Betty,Rodriguez,1988/10/19,FEMALE,3184972523,M5J7S8,(905) 606-3859,2026-08-20 21:15:44
SCH89535177,Chen,Stewart,1939/02/21,MALE,1304939844,,(365) 821-9150,2026-04-09 03:44:39
SCH29169219,Priya,White,1967/04/29,FEMALE,5825973075,M3C 2P1,4372067397,2026-08-20 07:05:05
SCH79065861,Olga,Khan,1964/11/10,FEMALE,3221401924,M9M0W11,(416) 650-7299,2026-08-11 13:21:09
SCH86814033,Pat,Li,1978/04/14,FEMALE,3363319769,m6j7r9,437-796-0038,2026-07-23 20:02:47
SCH26300909,Priya,Wolliams,1975/03/19,FEMALE,6046850456,,4165055608,2026-07-07 01:15:32
SCH48873173,Maggie,Robinson,1983/07/21,FEMALE,1526134331,M9M3T9,(905) 805-8151,2026-07-14 00:10:03
SCH20222785,Liz,Gonzalez,1926/10/27,FEMALE,5421810606,M1K,6473500183,2026-02-10 05:41:45
SCH46774208,Betty,Kim,1940/07/23,FEMALE,9234659564,M4A 3A0,437-623-9754,2026-08-13 11:05:50
SCH22878613,Sarah,Fraaer,1973/11/27,FEMALE,7532374225,M2R9M0,4163109275,2026-07-21 20:29:29
SCH86096396,Sandy,Davis,1944/09/03,FEMALE,3746110364,M5B8E7,(416) 389-9924,2026-08-21 07:14:29
SCH28749459,Andy,Davis,1944/03/01,MALE,5326860524,M4H6L9,(437) 340-1141,2026-08-21 06:41:58
SCH92903058,Steve,Singh,1951/06/05,MALE,5735065632,,(365) 925-3273,2026-07-28 22:14:15
SCH78001119,Amara,Ferreira,1985/12/24,FEMALE,0372134445,M5R1H0,905-378-7471,2026-07-26 10:04:06
SCH90919534,Liz,Santos,1981/02/12,FEMALE,2576141689,L6L 7N0,2899347154,2026-07-16 13:04:55
SCH66655477,Shelly,Tremblay,1977/12/18,FEMALE,6848425739,m8w6g3,4372440387,2026-08-25 22:01:25
SCH72326990,Sarah,Anderson,2000/06/20,FEMALE,7752957857,M1L 8Z9,647-829-4397,2026-07-03 07:46:23
SCH91538449,Pedro,Nelson,2017/04/06,MALE,3314672217,m6g8g0,437-977-8759,2026-07-06 09:17:32
SCH41361935,Mike,Rossi,1963/10/22,MALE,4242754309,M4H 5Z7,(416) 531-6015,2026-07-29 06:39:28
SCH67752660,Yuki,Hassan,1977/07/20,FEMALE,9150170372,M5E3J3,(647) 375-1882,2026-07-15 12:21:09
SCH25929858,Hiroshi,Khan,1959/06/11,MALE,8790430337,M3A 0G6,(416) 556-4708,2026-08-09 02:24:22
SCH38118740,Omar,Young,1986/04/05,MALE,7859567070,M4E0C0,(289) 465-7377,2026-07-24 17:32:00
SCH34005329,Kein,Gonzalez,1952/01/29,MALE,3879860553,M1N 3H3,(289) 339-2017,2026-07-24 13:59:26
SCH37735986,Jen,White,1967/10/13,FEMALE,5045942745,M6L5S5,4168429077,2026-07-26 01:03:36
SCH19793876,Bob,Thomas,1947/07/26,MALE,5621766756,M4E1N2,,2026-08-16 20:32:06
SCH11577755,George,Scott,2003/06/17,MALE,5003743852,L5A,(365) 323-3953,2026-08-13 03:52:34
SCH95277854,Hassan,Kumar,1950/09/16,MALE,6303772278,M5G3M0,647-811-5558,2026-07-12 13:43:17
SCH91586727,Dan,Scott,1995/01/31,MALE,5598196862,M5G0T1,9055495389,2026-08-19 04:11:34
SCH77451961,Raj,Lee,1932/04/20,MALE,6840355553,M5R2M1,(416) 673-1567,2026-08-03 06:22:38
SCH28505559,Mray,Scott,1993/09/18,FEMALE,6027579868,M1L 7A6,289-293-2649,2026-08-30 20:11:12
SCH83566151,Liz,Clark,1985/05/09,FEMALE,8237195519,M4J 4J4,4379784454,2026-07-13 17:42:25
SCH85609432,Ahmed,Anderson,1998/12/04,MALE,4392903219,M5B 3A2,(365) 593-5216,2026-07-12 18:30:40
SCH58047671,Claire,Davis,1955/05/31,FEMALE,4316140930,M6B 1E0,6476326922,2025-06-03 16:52:16
SCH51607962,Ahmed,Hernandez,1961/10/09,MALE,6517694565,M1H 7V7,437-761-1871,2026-07-06 12:41:08
SCH13558014,Wei,Fraser,1994/01/12,MALE,4076863887,M8W6H8,(437) 677-5771,2026-07-17 06:57:01
SCH58601484,Sofia,Campbell,1977/06/14,FEMALE,1750286526,,4163646880,2026-08-24 12:29:54
SCH83899000,Josh,Jackson,1958/12/03,MALE,5711312388,M5J4Y71,4379471588,2026-07-23 01:58:17
SCH96262826,Ahmed,Okafor,1983/04/13,MALE,7728251070,M1G5N8,3657395215,2026-07-17 07:25:06
SCH64792557,Priya,Kumar,1948/04/11,FEMALE,8335256007,M9A5N8,365-477-8830,2026-08-18 04:46:36
SCH74650104,Barb,Lewis,1978/03/14,FEMALE,6354135232,M5A7A5,4374687739,2026-08-27 17:54:59
SCH64737622,Yuki,Hassan,1999/10/09,FEMALE,7803273098,L5B1G5,,2026-07-27 08:24:23
SCH16676688,Dan,Tran,1960/11/01,MALE,8623242032,M1B6J9,(416) 578-7512,2026-08-07 22:21:12
SCH84387396,Mandy,Cote,1993/07/01,FEMALE,5222416132,L6H8Z1,3653952788,2026-08-15 07:29:41
SCH51204576,David,O'Brien,1971/11/25,MALE,7868031308,M1E8J1,(437) 693-0147,2026-07-28 23:06:58
SCH37660205,Mark,Tremblay,1982/10/31,MALE,3233004112,M1M 1K2,9059097975,2026-07-17 04:32:39
SCH54496777,Ahley,Taylor,1964/06/14,FEMALE,4781665544,L5N3G6,4372220098,2026-07-24 07:27:27
SCH91093494,Mariie,Young,1943/08/08,FEMALE,2512369790,M5G4S1,2894813617,2026-08-26 17:21:24
SCH44865688,Chris,Garica,2025/06/18,MALE,0718534670,m1k2x5,(289) 597-8459,2026-07-29 12:21:07
SCH52510502,Ingrid,Gagnon,1959/10/20,FEMALE,6145287048,M5N4Z3,(416) 790-1874,2026-07-27 19:38:52
SCH69422605,Tony,Mensah,1996/07/30,MALE,7488850228,M4H 7L2,(647) 337-4718,2026-07-19 10:07:12
SCH30280457,Ingrod,Davis,1970/03/27,FEMALE,9402728944,M3A4K61,3655262495,2026-05-25 02:09:45
SCH15783191,Brian,Carter,1949/01/04,MALE,3228897512,m6j6x9,289-839-5596,2026-08-25 10:56:59
SCH14945487,Dan,Bouchard,1981/03/30,MALE,0165274655,M1H8T41,9056507941,2026-07-04 10:54:49
SCH21376795,Fatima,Sutherland,1956/04/26,FEMALE,8206185376,m5b7j5,(647) 648-2045,2026-07-19 05:23:18
SCH17203302,Proya,Rodriguez,2025/07/25,FEMALE,0164286718,L6B0T8,2896414063,2026-07-15 11:51:21
SCH17063164,Yusuf,Jackson,1962/02/14,MALE,0705267490,M6L 3Y5,(416) 680-3395,2026-08-22 02:33:21
SCH90071368,Linda,Williams,1990/10/02,FEMALE,2364654828,L5N 5N6,437-956-8835,2026-08-14 07:44:22
SCH73227090,Chiara,Roy,1952/11/30,FEMALE,9398966458,L6R4N0,4373201924,2026-07-09 22:40:24
SCH93749103,Chiara,Chen,1936/03/24,FEMALE,6738849873,L5C 0J0,(647) 961-4470,2026-08-31 19:41:24
SCH45512204,Emily,King,2008/06/04,FEMALE,7437547859,L6G 1M5,4169553731,2026-07-22 02:39:48
SCH69883157,Fatima,Zhang,1990/04/18,FEMALE,3655830135,M2M 5W3,(365) 650-8967,2026-08-12 20:18:27
SCH41611452,Ken,Sutherland,1943/07/19,MALE,9220447974,M4A1V9,(437) 955-1908,2026-08-11 21:18:04
SCH28833597,Maggie,Fraaer,1985/06/03,FEMALE,7261472869,M9C5T3,365-689-7272,2026-07-21 10:32:08
SCH21170677,Naida,Brown,1984/03/09,FEMALE,4288751433,M6C8M8,(289) 558-5591,2026-07-08 15:52:20
SCH32527671,Amir,Sutherland,1973/05/19,MALE,8764802636,m1b2a7,(416) 594-6771,2026-08-08 01:53:25
SCH96496639,Ckaire,Okafor,1965/10/25,FEMALE,4351323292,,(647) 788-9573,2026-07-08 05:16:32
SCH60683717,Ingrod,Campbell,1971/05/24,FEMALE,3078307604,L5N1L0,(905) 402-3527,2026-08-19 16:22:22
SCH95646623,Ana,Kumar,1980/04/16,FEMALE,4191198722,M5J4T6,(437) 721-2342,2026-07-20 23:39:37
SCH58359357,Sofia,Knig,1960/04/25,FEMALE,9703040510,M5B 0M0,2894604716,2026-08-22 08:43:34
SCH49658743,Betty,Clark,1953/12/29,FEMALE,5913685417,M1M9C5,6478474974,2026-07-27 18:41:10
SCH42638537,Tom,Moore,1984/02/14,MALE,2462688967,M4K 0V9,416-300-8708,2026-08-09 21:02:16
SCH73984128,Ingrid,Murphy,1986/10/28,FEMALE,6143381868,M8X8G9,365-866-7049,2026-08-25 09:27:54
SCH14694361,Ashley,Zhang,1932/11/24,FEMALE,6769886554,m1h1y9,4169816696,2026-07-25 19:59:40
SCH81278544,Pdero,Roy,1968/01/03,MALE,6709103367,L6H 2W8,3653444913,2026-08-24 17:18:02
SCH94422654,Andy,Nguyen,1990/08/29,MALE,5855635628,M3B 3C9,,2026-08-16 09:25:26
SCH83535887,Shelly,Moore,1956/03/29,FEMALE,5660034066,,4378523723,2026-07-10 06:37:26
SCH20938339,Chen,Smith,1973/09/14,MALE,9962475209,m3a3h6,(365) 275-2760,2026-08-12 04:02:00
SCH43946286,Linda,Thomas,1969/06/06,FEMALE,1313381095,M4L 8H5,(365) 818-1538,2026-08-27 21:22:02
SCH39988019,Mohammed,Patel,1944/10/16,MALE,3570850754,M4M0M4,905-386-8934,2026-08-16 18:35:52
SCH40140803,Josh,Thomas,1962/12/29,MALE,0193407038,,(416) 405-6122,2026-07-04 03:24:17
SCH31367475,Mike,Harris,2011/07/22,MALE,4609330958,m6h6n0,905-944-9951,2026-08-24 21:53:09
SCH38833246,Ashley,Patel,1969/10/18,FEMALE,8758972239,L6L 6Z2,9058977465,2026-07-14 22:44:32
SCH29250086,Chiara,Scott,1988/11/17,FEMALE,9390840966,M6J 4N2,2894653414,2026-07-18 21:24:01
SCH29888038,Jin,Park,1946/05/09,MALE,0367086659,M8X 8E8,,2026-08-23 10:07:00
SCH32668863,Amara,Scott,1994/12/13,FEMALE,3656586900,L4C 9C4,(365) 258-4866,2026-08-22 09:29:43
SCH28746056,Kevin,Martin,1942/10/01,MALE,2076514237,L4L 2C4,9059724783,2026-08-11 13:30:26
SCH32974917,Pedo,Chen,1979/10/25,MALE,3843435524,M9B8X2,416-616-1311,2026-07-05 07:58:03
SCH89002228,Pat,Thompson,1960/01/17,FEMALE,6627490441,M2N8J8,437-718-7122,2026-07-25 11:07:50
SCH98101328,Mohammed,Kelly,1971/02/19,MALE,2331715330,m5a2y9,,2026-08-12 22:42:18
SCH71643920,Aosha,Nelson,1975/05/16,FEMALE,3041757569,M4C6Y1,4379515387,2026-07-08 09:37:13
