patient_id,first_name,last_name,date_of_birth,gender,health_card_number,postal_code,primary_phone,preferred_language,deceased_indicator,last_modified_ts
MRN88006150,Patricia,Nowak,1979-04-17,F,5265415546,L6M6Z3,4169018669,English,N,2026-07-31 22:54:00
MRN71023631,Amir,Okafor,2001-03-15,M,4634142162,M5H1A6,6476664492,English,N,2026-08-13 06:18:32
MRN88428499,Matthew,Mitchell,2004-10-19,M,6848683030,L4B5V1,9056181797,English,N,2026-08-29 07:10:28
MRN90478798,Aisha,Lopez,1947-05-29,F,2386366443,M4L0T1,4167759438,English,N,2026-07-08 08:56:54
MRN38165606,Zara,White,1974-08-15,F,2633294562,M3H4P6,6472146955,English,N,2026-07-30 10:14:04
MRN61641605,Margaret,Tremblay,2000-05-11,F,1608334924,M4C1V5,2893882236,English,N,2026-08-23 19:29:22
MRN77694138,Jin,Sutherland,2006-07-18,M,5732887194,M4G9C6,2897173005,English,N,2026-07-31 02:13:36
MRN70156001,Hiroshi,Silva,1948-02-04,M,7733833367,M4J0N6,9053697443,English,N,2026-08-01 12:43:07
MRN78944572,Ahmed,Rodriguez,1981-09-06,M,4529077408,M4G2Y7,4375006565,English,N,2026-07-26 06:46:08
MRN11750088,Ivan,Sutherland,1957-05-01,M,0014289235,M6M3X6,9052830464,English,N,2026-08-01 06:30:56
MRN22117977,Jennifer,Tremblay,1982-09-25,F,8806088095,L4C8T1,4163777031,English,N,2026-08-28 03:17:02
MRN21387834,Chen,Martin,1989-03-13,M,0533596599,L6J4V6,4373957556,English,N,2026-08-28 07:51:37
MRN25435122,Marie,Singh,1927-09-12,F,0432456366,M4L3Z9,6474744021,English,N,2026-07-21 02:35:05
MRN86537079,Jean,Kelly,1990-02-18,M,0368951026,M3B9M4,2899534640,English,N,2026-08-03 01:18:52
MRN89602219,Yuki,Tremblay,1981-03-14,F,3410994184,L6G1H5,4166012002,English,N,2026-08-09 17:54:42
MRN53859469,Marie,Martin,1991-01-21,F,6914127011,L6M0H9,9052680982,English,N,2026-07-26 06:22:59
MRN50443611,Robert,Lee,1967-03-05,M,1753816535,M8Y7G1,6472577877,English,N,2026-07-20 20:07:51
MRN14853906,Yusuf,Zhang,1995-06-19,M,3326322348,L5C3C1,6474540198,English,N,2026-08-04 19:20:24
MRN30775179,Sandra,Ali,1981-08-10,F,8329027711,M8X7M1,4374562366,English,N,2026-07-15 00:02:39
MRN31414185,Ahmed,Anderson,1980-07-11,M,4839860113,M5P8R4,2892274544,English,N,2026-07-21 21:45:43
MRN53369308,Aisha,Tran,2000-05-27,F,8606718370,M4C4K5,4166165309,English,N,2026-08-08 03:57:24
MRN60895742,Ashley,O'Brien,1964-03-25,F,0845662071,M2J7X7,2898647870,English,N,2026-08-27 00:03:08
MRN17184557,Emily,Wilson,1974-04-03,F,7651899317,M4B8R5,2899852363,English,N,2026-08-08 23:32:05
MRN22238484,Jessica,Lopez,1968-05-09,F,7382624919,M3B0S7,4372592583,English,N,2026-08-21 10:13:33
MRN18953451,Yusuf,Ricci,2002-07-02,M,1472572286,M6L0T5,4162691696,English,N,2026-08-01 15:37:40
MRN94000259,Andrew,Wilson,1974-11-07,M,8589327009,M6B5Y5,9055222135,English,N,2026-08-25 12:09:56
MRN56345594,Andrew,O'Brien,1975-09-26,M,3510274123,M4A2J2,9052491101,English,N,2026-07-09 17:34:21
MRN78434149,James,Jackson,1947-02-25,M,1807868029,L5B2Z1,4372325080,English,N,2026-07-08 01:01:10
MRN61189922,Elizabeth,Lewis,1988-09-05,F,7675084227,M4H3Z4,4165592674,English,N,2026-08-06 08:20:23
MRN16419977,James,Baker,1959-01-28,M,2595235496,M5H0S2,9052015430,English,N,2026-07-13 05:44:31
MRN15180063,Barbara,Nelson,2004-12-28,F,0141255901,M6B1V1,4379089796,English,N,2026-07-09 16:20:37
MRN43904477,Jin,Smith,2001-09-24,M,8449725848,L5N8L3,6474008505,English,N,2026-08-07 04:20:00
MRN34769260,Nadia,Lewis,1952-10-03,F,1886034865,M9N9C5,4377877813,English,N,2026-08-11 22:06:12
MRN51530577,Lisa,Zhang,1980-04-07,F,3639079932,M6C9X9,3655443217,English,N,2025-09-30 13:28:29
MRN49098460,Mary,Zhang,1988-09-04,F,0166104877,L4L8X0,4375305971,English,N,2026-08-20 13:45:08
MRN71646785,Wei,Wright,1977-09-22,M,9047592119,L4J4S7,3657643472,English,N,2026-08-23 08:17:47
MRN36865921,Aisha,Cote,1954-06-09,F,1757687296,M6M4X9,4163801850,English,N,2026-08-10 01:26:09
MRN73023021,Omar,Osei,1994-04-05,M,5860956605,M4H1S9,9055559471,English,N,2026-08-26 00:49:21
MRN51550968,Andrew,Okafor,2001-09-01,M,0183367358,L4K9Y1,4168218517,English,N,2025-06-18 10:38:52
MRN22195787,Melissa,Park,1960-10-22,F,9256959884,M4G6S6,9052587895,English,N,2026-07-26 22:27:19
MRN38981722,Ling,Lopez,1979-10-10,F,6829383576,L6A1A5,3655328872,English,N,2026-08-02 20:51:45
MRN62722894,Ahmed,Stewart,1964-10-11,M,7217784755,L5C5E9,4163262688,English,N,2026-07-14 19:52:21
MRN99371049,Sofia,Chen,1969-07-12,F,5102290870,M6H8V2,9054107601,English,N,2026-08-27 06:08:32
MRN38771742,Sofia,Kowalski,1983-01-28,F,2564667778,M5B0Z0,4168160760,English,N,2026-07-30 15:13:25
MRN76698034,Yusuf,Wang,1965-12-16,M,5944597961,L6R4H8,2896570362,English,N,2026-08-02 11:25:53
MRN39968780,Yuki,Jackson,1977-01-15,F,5959213041,M1N7E8,2893976980,English,N,2026-07-25 11:08:04
MRN40194250,Wei,O'Brien,1967-06-18,M,5710443911,M2K8C2,4378424953,English,N,2025-09-02 02:40:58
MRN91387982,Michael,Singh,1977-06-22,M,1253044927,L6M0T3,6479586885,English,N,2026-08-29 01:08:29
MRN53051031,Olga,Nguyen,1969-12-18,F,4721888412,L6J5K9,9057918788,English,N,2026-07-07 14:32:39
MRN90616529,Olga,Harris,1967-06-25,F,7882761757,M4H8Y9,3659693696,English,N,2026-08-28 02:18:43
MRN99306997,Kevin,Silva,1984-04-17,M,4649365485,M5H7P1,6474515016,English,N,2026-07-08 14:57:45
MRN61256438,Linda,Ricci,1955-05-08,F,8155131686,L4K4L5,3655396431,English,N,2026-08-21 00:23:44
MRN88568123,Kevin,Hassan,1979-04-28,M,4664506047,M6B5Y0,9059260900,English,N,2026-08-10 09:18:51
MRN66092961,Hiroshi,Sutherland,1957-01-10,M,3032682043,M5P6N8,3652441294,English,N,2026-08-04 09:24:42
MRN22078328,Ashley,Nguyen,1975-11-26,F,1491479901,M1L5B3,2896832739,English,N,2026-08-30 19:30:06
MRN21939631,Brian,Nowak,1956-10-25,M,0865942833,M4J8S9,4376204025,English,N,2026-08-22 04:08:36
MRN39866780,Pedro,Garcia,1961-10-09,M,7139651355,M4M3E6,4374590221,English,N,2026-07-23 04:04:14
MRN53070006,Kenneth,Taylor,1960-11-20,M,7518658534,L5B7M8,6476256727,English,N,2026-08-24 16:44:41
MRN54931600,James,Rodriguez,2004-06-29,M,5256289330,M2K8S3,3652268738,English,N,2026-08-12 19:22:54
MRN60938897,Brian,King,1940-01-06,M,1379293168,M5K1W3,4372165426,English,N,2026-07-19 14:44:51
MRN11927066,Lisa,Ahmed,1966-06-09,F,2271164085,L5N5K6,2898252466,English,N,2026-08-18 04:27:33
MRN35830511,Amanda,Park,1966-11-17,F,3712343791,M3B6X1,4373441525,English,N,2026-02-26 22:27:27
MRN98792516,Mei,Jackson,1983-09-27,F,3919314991,M6L7C9,4167627773,English,N,2026-08-17 07:46:20
MRN45937518,Kevin,Osei,1974-08-26,M,9434905403,M1L5B9,3654685430,English,N,2026-08-19 21:43:49
MRN10073090,Aisha,Taylor,1948-02-27,F,5870525325,L6H1P7,4168984983,English,N,2026-07-03 01:00:18
MRN46221320,Betty,Tran,1957-05-30,F,6955447492,M2M1W7,3652054729,English,N,2026-07-25 04:31:34
MRN34620396,Michael,Kim,1981-07-04,M,7229603761,M1C7C8,2894068701,English,N,2026-08-21 04:04:12
MRN62012002,Ingrid,Okafor,1965-02-28,F,4813697754,L5A2Y6,6478520335,English,N,2026-08-23 23:40:39
MRN73678969,Wei,Johnson,1953-07-29,M,2115021483,M8Y0X8,3652825244,English,N,2026-08-21 12:26:43
MRN24180084,Zara,Garcia,1958-10-25,F,2260129297,M6E2Y8,4374920668,English,N,2026-08-30 01:04:42
MRN85795577,Betty,Li,1932-05-25,F,3828522908,L6B3A1,9056031864,English,N,2026-07-30 11:07:20
MRN13242641,Joseph,Walker,1948-03-10,M,1281418606,M1L5A2,4376551281,English,N,2026-08-30 17:27:57
MRN85983264,Amara,Rossi,1959-08-05,F,6052405880,M4J8C5,6475157067,English,N,2026-08-13 17:55:50
MRN25269273,Sofia,Patel,1944-10-01,F,1863214381,M1L9Y3,2899687928,English,N,2026-08-04 12:24:58
MRN20420002,Steven,Ross,1955-12-12,M,5307169077,L5C4R6,4377586903,English,N,2026-08-01 15:29:11
MRN11853179,Sarah,Walker,1963-06-29,F,4037472554,M5H7W1,9055139907,English,N,2026-07-12 02:15:07
MRN56844406,Robert,Lee,1967-03-06,M,5093102076,M5G8T0,4167713121,English,N,2026-08-10 21:25:51
MRN19164731,Sarah,Gagnon,1964-11-12,O,3585598000,M1K8S1,4379473115,English,N,2026-07-23 14:03:56
MRN53802494,Jennifer,Okafor,1937-08-30,F,3568709806,M5H6L7,9052177726,English,N,2026-07-11 02:37:26
MRN78169829,Margaret,Miller,1973-03-25,F,1323602423,M1J1X6,6475881267,English,N,2026-07-04 05:23:46
MRN83545335,Jessica,O'Brien,1970-06-22,F,0726855596,M1G3Z6,3658436168,English,N,2026-07-08 12:47:40
MRN99712381,Margaret,Lee,1955-12-13,F,6566917479,M2H5P6,4169606434,English,N,2026-08-31 20:12:33
MRN61675086,Diego,Smith,2018-06-24,M,1640183115,M4E0C8,3652738805,English,N,2026-07-15 04:31:54
MRN34242000,Sofia,Clark,1959-05-15,F,6862874580,M1H1H0,2899975843,English,N,2026-08-02 09:10:34
MRN46521682,Claire,Ahmed,1986-07-31,F,3918723390,M5E9W8,4375171926,English,N,2026-08-09 13:52:26
MRN48886008,Jean,Stewart,1972-06-06,M,7252673335,L6R6C7,2899138093,English,N,2026-08-31 06:01:19
MRN93348279,Melissa,Mensah,1988-02-27,F,8325201666,L5A8S9,6472752833,English,N,2026-07-29 10:45:13
MRN44139872,Nikolai,Kelly,1999-01-15,M,8856789584,M4C4J1,4373431257,English,N,2025-10-09 05:10:41
MRN62851597,Chiara,Harris,2025-12-13,F,3362952305,L5B0L3,4377392022,English,N,2026-07-22 08:11:20
MRN79940308,Andrew,Mensah,1981-08-20,M,2119706139,M9L1G5,2892916705,English,N,2026-08-02 02:04:16
MRN89833492,Sofia,Stewart,1967-02-25,F,0387411804,M1M2G4,2899859012,English,N,2026-07-15 08:33:16
MRN18794785,Christopher,Mitchell,1975-09-29,M,7448006788,M4G5C0,6475574114,English,N,2026-08-10 17:35:05
MRN62337170,Chiara,Ricci,1988-01-05,O,1124920685,L6R5M5,4169050705,English,N,2026-08-25 08:40:29
MRN84350621,Michael,Rodriguez,1967-01-08,M,2248716314,M1M6V2,2898924167,English,N,2026-07-06 12:39:42
MRN94204773,Mark,Ferreira,1944-07-12,M,2449061718,M1N3P2,6479979952,English,N,2026-08-01 01:10:35
MRN23168905,Jin,Cote,1987-03-19,M,6818947522,M1C1V5,4374886737,English,N,2026-07-14 18:09:52
MRN84205221,Barbara,Mitchell,1989-04-21,F,4819704349,M2K4S2,3659404240,English,N,2026-07-12 18:59:06
MRN82834476,Michael,Santos,2014-05-05,M,9868405300,M4J5C9,9054817330,English,N,2026-08-30 05:42:07
MRN84896206,Kenneth,Park,1972-03-23,M,7209846356,M6A9L4,6472067347,English,N,2026-07-14 00:42:54
MRN55228843,Amanda,Ali,1966-12-16,F,4906832268,M8X8P8,3657330241,English,N,2026-07-10 08:02:54
MRN29120322,Betty,Hassan,1932-05-30,F,2101801963,M8Y3L3,3654722177,English,N,2026-07-10 23:19:37
MRN29538159,William,Garcia,1951-10-12,M,8472912131,M6J6N0,9058462506,English,N,2026-08-08 18:09:26
MRN23433417,Diego,Martinez,1969-04-18,M,2644554970,M5G6R4,2897874248,English,N,2026-08-14 14:51:08
MRN79934370,Sandra,Ali,1980-01-02,F,1187044407,M5B8Y0,4168129128,English,N,2026-03-27 22:00:04
MRN18406133,Sarah,Brown,1966-06-10,F,1325247201,M5R2B6,9054742184,English,N,2026-07-13 04:02:09
MRN44313554,Ling,Gonzalez,1976-11-23,F,3550876670,M1K8L6,9054693518,English,N,2026-07-05 22:05:58
MRN84729690,Lisa,Ferreira,1947-01-07,F,9820031046,M8V8R0,4165548190,English,N,2026-08-06 13:38:40
MRN91239524,Patricia,Jones,1956-02-06,F,7768162062,M6B5E6,4374267333,English,N,2026-08-11 02:53:08
MRN15122664,Aisha,Lopez,1978-01-26,F,8601499109,M4B2Z9,6472073391,English,N,2026-07-14 04:48:19
MRN55323389,Amanda,Carter,1936-12-15,F,1904982889,M5G9M9,6474986333,English,N,2026-08-22 04:25:33
MRN95457634,Diego,Walker,2004-04-19,M,0945018778,M6E5E8,4378281498,English,N,2026-08-03 09:42:46
MRN91185688,Amanda,Chen,1971-11-30,F,5419327001,M9A9M4,4375338883,English,N,2025-10-24 11:13:28
MRN30436777,Kevin,Johnson,1974-07-06,M,8574375898,L6H0G0,2896271252,English,N,2025-07-02 09:12:55
MRN60430688,Susan,Hill,2017-05-07,F,6429064329,M1J7K6,3658726930,English,N,2026-08-06 04:02:59
MRN75234793,Amara,Nelson,1967-02-22,F,1802541209,M5R8S5,4374343820,English,N,2026-08-21 10:45:56
MRN68088971,Zara,Silva,1980-03-17,F,1881483067,M4G7A0,2899048272,English,N,2026-07-10 08:21:55
MRN97325121,Steven,King,2015-04-28,M,6708074031,M6J0P9,2896502015,English,N,2026-07-17 14:10:13
MRN48045759,Susan,Hassan,1982-09-01,F,0522216100,M5N7W3,4375453426,English,N,2026-08-28 05:53:06
MRN60115515,David,Hassan,1957-12-24,M,4758056875,L6H5E5,3655625562,English,N,2026-08-30 22:58:53
MRN65612144,Sandra,Anderson,1957-07-26,F,4917215198,M6H2C1,9058304594,English,N,2026-08-03 12:40:19
MRN57792172,Nikolai,Lewis,1995-10-22,M,3539819502,L5B7E0,4376587805,English,N,2025-12-27 14:20:24
MRN32909086,Priya,Stewart,2021-10-24,F,2923301101,M4G4J5,9059739984,English,N,2026-08-05 16:56:57
MRN49737013,Emily,Martinez,1970-01-09,F,8285521129,L6G4N8,4169945662,English,N,2026-07-08 20:53:26
MRN62019466,Ivan,Clark,2017-09-30,M,3153739952,L4C7S2,4377031340,English,N,2026-05-02 01:31:43
MRN73218168,Zara,Johnson,1995-04-10,F,6558832207,M6L4V4,6479313509,English,N,2026-07-10 21:08:47
MRN29135918,Luc,Fraser,1995-06-12,M,8378001401,M9C4Y1,4372214141,English,N,2026-08-12 21:23:16
MRN44124264,Mark,Wang,1978-08-11,M,0242168425,M6J2L5,3653293339,English,N,2026-07-23 09:19:17
MRN91871348,Ling,Garcia,1943-11-17,F,3813905340,M3B1Z4,4377063074,English,N,2026-08-26 08:19:26
MRN43754096,Thomas,Mitchell,1961-12-06,M,0333437754,M1C7P8,2898034990,English,N,2026-07-21 18:33:46
MRN11651829,Chiara,Lee,1986-09-12,F,8353497947,M2N7Z6,6476523384,English,N,2026-07-24 23:32:28
MRN61417896,Wei,Khan,1958-09-28,M,1588476430,M6M5E4,2894495676,English,N,2026-08-28 10:01:33
MRN80838500,Nikolai,Santos,1938-09-05,M,1964975062,M5J5E0,6473851906,English,N,2025-08-11 07:21:28
MRN52030965,Joseph,Roy,1953-08-02,M,5509740709,L4J8K8,9054553311,English,N,2026-07-15 07:45:56
MRN74461808,Jennifer,Kowalski,1974-09-04,F,5475732326,M5P4T6,9057577416,English,N,2025-08-14 13:56:34
MRN15553663,Michelle,Mensah,1970-09-29,F,8875609433,M6K2V1,4163459012,English,N,2026-08-26 04:15:10
MRN17107771,Linda,Nguyen,1997-01-16,F,2969065586,M4G6T5,6479142392,English,N,2026-08-21 21:46:50
MRN13617538,Ahmed,Allen,2001-04-04,M,1049650680,M6E4W8,2892213520,English,N,2026-08-14 15:28:00
MRN18673176,Nancy,Hassan,1972-01-30,F,8848723543,M6A2S6,4164269151,English,N,2026-07-23 16:51:51
MRN55995116,William,Jackson,1961-06-04,M,2532972938,M2N4C6,9052938238,English,N,2026-08-01 16:20:20
MRN33653517,Ashley,Rossi,2019-03-28,F,0533268553,M6H6Y7,4374557464,English,N,2026-07-04 03:11:11
MRN59903623,Mohammed,Li,1956-09-28,M,6980435140,M4H7G6,4374826768,English,N,2026-07-08 04:30:42
MRN96023932,Pedro,Davis,2003-02-03,M,1371473016,M5J0G1,6472931220,English,N,2026-08-26 06:34:34
MRN82776804,Sofia,O'Brien,1977-06-07,F,4974500995,M2N2H9,2898091234,English,N,2026-07-18 03:22:10
MRN60653363,Michelle,Taylor,1927-05-21,F,1594795393,M6L3K8,9056472097,English,N,2026-07-18 22:31:40
MRN77856045,Karen,King,1956-03-08,F,8727528443,M4B9J7,4168231220,English,N,2026-08-16 02:53:48
MRN12552067,Amir,Kim,1961-11-10,M,5422000231,M1C5Z4,2893440666,English,N,2026-08-24 08:03:50
MRN12793248,Melissa,Khan,1967-05-25,F,7884832333,M5H0C9,4164402020,English,N,2026-08-29 21:33:33
MRN19577081,Karen,Lewis,1953-03-21,F,5291514288,M3H1Z5,4166592098,English,N,2026-07-15 03:29:55
MRN33623026,Robert,Roy,1969-05-31,M,6344226193,M5K2P2,9058507028,English,N,2026-07-06 22:01:30
MRN83375143,Zara,Singh,1988-07-13,F,8501103561,M6C6K0,4373544158,English,N,2026-07-20 21:39:54
MRN95975175,Sarah,Williams,1969-12-17,F,4640365500,M1E1M6,4166143820,English,N,2026-07-18 06:46:05
MRN83261680,Margaret,Mensah,2012-07-05,F,1491632434,M5B0J1,3656343562,English,N,2026-07-22 15:40:46
MRN66986058,Michael,Jackson,2007-11-18,M,8325166059,M4K5N8,6472945446,English,N,2026-08-28 21:22:28
MRN71583504,Chiara,Murphy,1992-05-04,F,8861917790,M6E8V3,3655854475,English,N,2026-07-24 09:08:11
MRN43060479,Olga,Garcia,1999-12-30,F,5889354444,M5J7Z9,4168806913,English,N,2026-08-09 03:39:13
MRN21168185,Tomas,Ricci,1948-03-01,M,2404862662,M9M3E1,4372175575,English,N,2026-07-15 00:34:22
MRN97487665,Fatima,Wilson,1975-01-15,F,3093349847,M6J1S6,3656851741,English,N,2026-08-02 20:19:02
MRN58015080,Fatima,Campbell,1959-05-01,F,3263649885,M1L5G8,4375430247,English,N,2026-07-08 18:02:18
MRN81729130,Amanda,Jackson,1947-11-21,F,4405822521,M6C5P5,9055399827,English,N,2026-08-05 23:18:08
MRN62585267,Amanda,Santos,1947-05-03,F,6846437355,L4C4N7,2892162335,English,N,2026-07-31 06:26:49
MRN33861063,James,Zhang,2006-06-12,M,2825349455,M9N0K5,3658357595,English,N,2026-07-25 10:26:19
MRN40032262,Aisha,Young,1986-03-28,F,9695573163,M4A8C1,2895152409,English,N,2026-07-05 21:53:45
MRN49555699,Nancy,Wilson,1951-04-26,F,2543923011,M5P9R5,4375530258,English,N,2026-08-13 23:25:33
MRN73934196,Daniel,Singh,1991-10-01,M,4344179793,M6M8S9,4166178921,English,N,2026-08-24 03:40:36
MRN37844044,Nadia,Kelly,1940-02-09,F,9139350467,L6R2K2,2899800550,English,N,2026-08-23 11:17:52
MRN37466819,Emily,O'Brien,1976-05-11,F,1368756159,M1B4W8,3656684919,English,N,2026-07-21 07:37:54
MRN18237384,Emily,Sutherland,1975-05-31,F,6676671388,M8W4L5,4167248169,English,N,2026-07-10 15:07:40
MRN29201093,Lisa,King,1955-07-14,F,3935771042,L4C9V2,9053098790,English,N,2026-07-08 13:55:17
MRN28913133,Amara,MacDonald,1980-09-13,F,4681983328,M2H3G3,6472820154,English,N,2026-08-15 07:00:50
MRN12961989,Ingrid,Roy,2010-01-31,F,5068430825,M3C9C9,4374604886,English,N,2026-07-24 22:50:02
MRN69413997,Amir,Ferreira,1994-02-19,M,0511341166,M4G4Z9,3653671121,English,N,2026-07-03 10:26:14
MRN68191439,Marie,Adams,2026-07-09,F,4141219891,M5E3A9,6479354114,English,N,2026-07-15 18:10:53
MRN21798906,Pedro,Green,1970-12-01,M,5310273106,M9M2Z6,3657109512,English,N,2026-08-10 07:01:15
MRN56319814,Nadia,Chen,1983-09-27,F,3922395268,M4J6A1,4379486851,English,N,2026-07-04 04:56:28
MRN82529351,Elizabeth,Rossi,1983-12-23,F,9847937654,M1K8E4,3655753522,English,N,2026-08-11 23:42:21
MRN64732067,Marie,Nelson,1976-07-08,F,9906840054,M9C8X0,4165196584,English,N,2026-07-14 09:48:33
MRN89700931,Luc,Wang,1971-09-05,M,5610883521,M8Y4X0,9058390942,English,N,2026-07-23 17:41:18
MRN98380613,Jennifer,Silva,1972-08-24,F,4590048643,M3H6G8,2893205001,English,N,2026-07-03 22:39:55
MRN72518033,Priya,Mensah,2002-09-18,F,5091867878,M2M9Y7,4379569751,English,N,2026-08-29 08:10:14
MRN40813439,Matthew,Harris,1939-11-18,M,5202518089,M2J0B9,2899412767,English,N,2026-08-11 02:50:23
MRN32214363,Steven,Adams,1995-02-06,M,6503916394,M6L0V5,6474874260,English,N,2026-07-09 05:42:39
MRN64334095,Christopher,Rodriguez,1985-11-26,M,8562183833,M1J1R7,3657280939,English,N,2026-08-27 22:54:46
MRN89663500,Aisha,Harris,1966-05-11,F,4600180923,M6E0R2,3657756501,English,N,2026-08-15 06:10:13
MRN61826771,Jessica,Gonzalez,1935-03-27,F,1931153173,M3H3E2,4169754415,English,N,2026-08-11 17:04:19
MRN71291572,David,Clark,1985-09-20,M,3924001500,L5B4C4,9053455557,English,N,2026-07-12 11:09:37
MRN99769230,Luc,Ross,2023-02-27,M,2528156314,M8V5R3,6477588528,English,N,2026-08-05 09:52:49
MRN74086491,Zara,Kelly,1973-06-19,F,6596975471,M2K8X4,9054733319,English,N,2026-07-07 23:06:00
MRN92781965,Lisa,Young,1955-08-02,F,9091236373,L4L2P4,4166252699,English,N,2026-07-15 23:02:26
MRN51072136,Sarah,Li,1973-05-24,F,9326974491,M1J9L1,4164638409,English,N,2026-07-10 08:11:24
MRN19329093,Margaret,Johnson,1983-10-10,F,1547939080,L6B2J6,4169655891,English,N,2026-07-09 13:48:34
MRN17097011,Ingrid,Gonzalez,2017-03-20,F,3268944901,M5P3R1,6473330785,English,N,2026-07-03 16:19:55
MRN83845196,Ahmed,Rodriguez,1986-12-15,M,0745314641,L4C9A9,3657905779,English,N,2026-08-03 14:21:59
MRN57899534,Richard,Green,1988-07-14,M,0719363277,L4L9J6,3653038871,English,N,2026-07-06 21:17:26
MRN93387002,William,Okafor,1927-05-02,M,8959759773,M9A9R8,4379219563,English,N,2026-08-05 22:14:11
MRN54803014,Nancy,Rossi,1972-09-06,F,4548285719,M6G0M9,2892375553,English,N,2026-08-15 04:36:27
MRN48277769,Sandra,Lee,1956-10-11,F,6887250113,M6E9G8,3658588379,English,N,2026-08-28 09:20:22
MRN17980100,Raj,Kowalski,1944-08-12,M,5517820386,M1E9A8,3652964472,English,N,2026-08-07 01:58:02
MRN21769243,Sandra,Jackson,1994-05-26,F,8356584469,M8V6S3,4168321401,English,N,2025-12-27 21:02:41
MRN21438794,Jin,Robinson,1978-05-16,M,7814473802,L5C1P4,2899942447,English,N,2026-08-31 17:56:15
MRN39514226,Ahmed,Baker,1983-03-29,M,0058953860,L6A1P4,9054753446,English,N,2026-07-27 19:30:52
MRN49554713,Aisha,Anderson,1938-05-09,F,7486806941,L4K4H6,2898351543,English,N,2026-07-21 00:16:43
MRN89984656,Mei,Brown,1966-03-15,F,3271322871,L6A5G9,3654053395,English,N,2026-09-12 19:59:47
MRN71792754,Matthew,Moore,1977-10-15,M,8109418049,M1H8G5,9054333810,English,N,2026-08-21 07:42:52
MRN30258101,Mohammed,Kelly,1964-04-14,M,8399508574,M4M9T2,3656859935,English,N,2026-07-09 11:26:11
MRN69291709,Joseph,Rodriguez,1967-05-09,M,2446560894,M4H9X0,3653111259,English,N,2026-08-31 17:26:47
MRN78636534,Ling,Green,1951-10-16,F,7478611473,M4G8W0,6472552196,English,N,2026-07-29 10:24:20
MRN47348660,Mohammed,Stewart,1992-06-25,M,3774275923,L6A5S3,9054660358,English,N,2026-08-30 01:17:18
MRN88443577,Amanda,Murphy,2000-05-01,F,0549660231,M9B3J5,6475457542,English,N,2026-08-06 13:02:44
MRN75530987,Nikolai,Kowalski,1978-06-17,M,5276317533,M9L9V2,2896241529,English,N,2026-07-30 19:02:48
MRN12078148,Nancy,Li,1946-03-01,F,4508652429,M8W3L7,9054833753,English,N,2026-07-14 00:15:57
MRN39977806,Jean,Young,1978-06-14,M,1677294595,M8V9K1,9053361152,English,N,2026-08-28 03:16:11
MRN35312690,Tomas,Nguyen,1984-06-25,M,6146718991,M8Y9W0,9054554676,English,N,2026-07-08 06:21:52
MRN78350959,Brian,Ali,2009-01-23,M,0232821355,M3H0B7,3656678948,English,N,2026-08-12 02:34:56
MRN87517790,Ashley,Wright,1968-08-03,F,9314214850,L6M7B2,3658580378,English,N,2026-07-11 06:24:55
MRN66626477,Thomas,Fraser,1965-08-28,M,6750056845,M6A0S3,9058169462,English,N,2026-08-24 21:20:23
MRN40520718,Hiroshi,White,1971-09-24,M,6228022627,M4M3V0,2895816818,English,N,2026-08-07 10:55:48
MRN17781355,Jennifer,Garcia,1954-02-22,F,3261897296,M6M1K3,4374678317,English,N,2026-07-10 22:49:10
MRN90399382,Ahmed,Robinson,2026-03-23,M,4419988987,M6A2P0,6476813226,English,N,2026-07-26 21:48:39
MRN58799982,Kevin,Gonzalez,1994-12-25,M,9046590262,M8V0B7,2897831319,English,N,2026-08-04 08:16:50
MRN99762680,Tomas,Adams,1965-02-14,M,9733766555,M9B6L5,3659308548,English,N,2026-08-05 04:02:02
MRN26405252,Ana,Patel,1992-06-01,F,3616867911,M2M3B3,4374731519,English,N,2026-07-24 03:34:38
MRN39001226,Pedro,Clark,1952-03-05,M,3973766359,M2N1T4,2894454128,English,N,2026-07-09 18:25:36
MRN19230103,Mohammed,Carter,1926-09-28,M,8765995959,M3C2S3,4164208331,English,N,2026-08-15 18:34:04
MRN13480398,Robert,Wilson,1962-06-04,M,0926563560,L6L7M7,3657589849,English,N,2026-08-30 02:28:40
MRN77586710,Raj,Hill,1993-05-23,M,3519261790,M2R4M3,3652713025,English,N,2026-08-28 05:16:40
MRN52245477,Brian,Garcia,1996-02-04,M,6674385817,M3C1R8,6473281678,English,N,2026-08-13 18:25:30
MRN29452244,Hiroshi,Fraser,2005-03-10,M,8734989638,M4E8B1,3653333577,English,N,2026-07-18 07:47:16
MRN69432096,William,Kim,1951-07-13,M,5711706332,L5B7J9,3659370401,English,N,2026-07-18 19:50:26
MRN56067619,Nadia,Brown,1971-06-05,F,3891331112,M4E5J4,4375256941,English,N,2026-07-08 18:04:54
MRN88069707,Barbara,Khan,1993-05-04,F,3192421539,M5B3N7,9059802318,English,N,2026-07-18 03:22:30
MRN74156408,Elizabeth,Ahmed,1968-06-25,F,0304533797,M1L2X0,9052837384,English,N,2026-07-04 04:51:09
MRN62078508,Patricia,Li,1982-04-10,F,6486407551,L4C7E2,9059225812,English,N,2026-08-16 06:17:54
MRN62774290,Olga,Tremblay,2004-03-18,F,5897669601,M8W5W9,9054639575,English,N,2026-08-23 11:17:43
MRN94006983,Steven,Sutherland,1973-03-03,M,7357595441,M5R9S1,2896479936,English,N,2026-07-09 19:02:54
MRN33963829,Anthony,Gonzalez,2009-12-05,M,1851997146,M2R3Y8,2894973784,English,N,2026-08-03 21:03:45
MRN56503008,Richard,Santos,1982-10-30,M,0128911450,M2N7A2,4163438723,English,N,2026-07-30 13:08:01
MRN78134629,Amir,Thomas,1977-10-08,M,6059764909,L6L2X5,4169422490,English,N,2026-08-16 16:45:42
MRN47626020,James,Wang,1971-06-14,M,1990498535,L4C3G6,2893691186,English,N,2026-08-18 20:06:15
MRN50521911,Michelle,Sutherland,2006-03-31,F,8866392023,M9M9V0,3652093186,English,N,2026-07-23 04:04:45
MRN31499263,Anthony,Clark,1974-03-07,M,0045283447,M1E7B9,2897814287,English,N,2026-07-18 03:43:25
MRN76877710,Jin,Hill,1956-12-27,M,1273996189,M9B4R8,9059743008,English,N,2026-08-30 22:46:10
MRN23240472,Joseph,Lewis,1996-05-26,M,9841788442,M5E0K6,3654118875,English,N,2026-10-06 13:56:39
MRN47783875,George,Murphy,1977-01-07,M,8777994891,M2M0M6,9057649750,English,N,2026-07-29 02:36:48
MRN19489054,Ivan,Ricci,1930-08-09,M,0980792386,M5J7S8,6472154488,English,N,2026-07-30 12:12:07
MRN23962695,Amir,White,1974-02-27,M,0489316059,M4G3P2,4165234417,English,N,2026-08-12 21:25:53
MRN63291840,Mary,Lopez,1945-11-25,F,4446115034,M6G8T7,4165821966,English,N,2025-12-18 12:16:49
MRN32412822,Michael,MacDonald,1959-03-06,M,0994618841,M6H8E6,4373664505,English,N,2026-08-16 11:21:54
MRN82656430,Sofia,Ali,1968-05-19,F,0908365505,M6G2G4,4164178702,English,N,2026-07-18 17:03:44
MRN14226084,Ingrid,Green,1982-10-25,F,8018831290,M5B1L0,6474213724,English,N,2026-08-29 11:48:41
MRN42023320,Kevin,Garcia,1955-11-21,M,8778587876,M5K3P4,4168012778,English,N,2026-07-25 08:34:28
MRN12006630,Karen,Martin,1985-10-24,F,6321882810,M4C7W0,6472738579,English,N,2026-03-20 23:17:25
MRN12668934,James,Santos,2014-02-13,M,4905048569,M3A3Y0,4166330448,English,N,2026-08-01 16:50:51
MRN37424671,Tomas,Hill,2019-08-20,M,3848533505,M9N8E3,3654744569,English,N,2026-07-11 17:47:23
MRN17907953,Patricia,Murphy,2002-10-01,F,3154928877,M4M8A3,9052899715,English,N,2026-08-23 08:05:41
MRN84801309,Joshua,White,1978-12-26,M,6213225367,M2N0P8,6472610570,English,N,2026-08-24 23:03:53
MRN27857609,Ana,Nelson,1960-06-05,F,1850063577,L6R3V4,6477640094,English,N,2026-08-22 21:19:41
MRN88589825,Olga,Johnson,1975-05-30,F,8575926004,M6A5J0,4162593646,English,N,2026-08-20 22:31:45
MRN91521385,Thomas,Ross,1965-02-19,M,3110967274,L6G2K6,4378264332,English,N,2026-07-31 16:26:36
MRN23621731,Jennifer,Johnson,1993-12-10,F,2945872436,L6L8V3,9053682712,English,N,2026-07-22 06:33:53
MRN24380179,Thomas,Tran,1966-02-27,M,1929680732,L6M0T2,6475972475,English,N,2026-07-25 16:26:19
MRN78807843,Mark,Silva,1952-11-04,M,6128878599,L6A1L4,4165498951,English,N,2026-08-22 21:54:56
MRN18609220,Ana,Lopez,1967-09-29,F,5367488698,M5K9R7,9053149723,English,N,2026-08-13 21:48:11
MRN39935145,Betty,Thomas,1939-11-22,F,5990909912,M2N8Z5,9053020917,English,N,2026-07-29 14:47:59
MRN54077608,Margaret,Baker,1927-08-28,F,8658179513,M9N0W8,3657168092,English,N,2026-07-05 00:15:46
MRN23117298,David,Singh,1995-04-05,M,8756914852,M6M8A5,2893820965,English,N,2026-08-15 01:05:23
MRN66509300,Yusuf,Allen,1968-01-25,M,7589457956,M3B2C7,9053579361,English,N,2026-07-08 03:56:39
MRN71817013,Chen,Zhang,1988-05-07,M,4020327138,M4M4M7,4166453300,English,N,2026-07-15 20:51:14
MRN50239575,Hiroshi,Kowalski,1980-03-19,M,5754260429,M5B7K5,4373454157,English,N,2026-08-20 04:02:10
MRN58944570,Matthew,Kowalski,1967-06-12,M,0355919549,M6H3S9,6473534444,English,N,2026-07-22 10:42:29
MRN22112352,William,Young,1975-12-22,M,3718263522,M4L8K5,4164589013,English,N,2025-12-22 19:40:57
MRN60199016,Robert,Gonzalez,2020-09-02,M,4517371508,M1M5H3,4169484078,English,N,2026-07-05 21:20:35
MRN24995166,William,Johnson,2007-06-12,M,1547179646,M8W8J7,4374474682,English,N,2026-08-07 19:13:43
MRN50099833,Nadia,Mitchell,1984-05-22,F,6910570016,M9B8E8,9057777878,English,N,2026-08-13 01:09:31
MRN22621539,Hiroshi,Mitchell,1997-09-07,M,3114575206,M6C6T4,4163713923,English,N,2026-07-20 16:33:41
MRN11421113,Lisa,Wang,1992-08-19,F,4815386851,M4A0M0,4375891779,English,N,2026-08-30 13:14:21
MRN90362389,Sofia,Khan,1963-06-16,F,4076561705,M8W5T7,9052611501,English,N,2026-08-26 21:12:29
MRN51373879,Robert,Mensah,1952-07-08,M,5574745161,L6H9G4,2898944395,English,N,2026-08-10 00:53:24
MRN89136407,Ivan,Anderson,1989-03-09,M,4862976281,M1M2J8,6474637239,English,N,2026-07-20 19:43:40
MRN53250979,Melissa,Zhang,1981-12-23,F,5614431467,L6G4N1,4169685376,English,N,2026-07-28 13:30:37
MRN45618861,Nancy,Tremblay,1979-12-03,F,8533378975,L6A3W0,6474666387,English,N,2026-07-19 23:35:42
MRN28801587,Jessica,Khan,1967-06-07,F,7709901230,L6J8T6,9057350392,English,N,2025-08-20 21:30:40
MRN27899528,Mohammed,Chen,1960-05-10,M,5603680835,L6J7K7,4167130945,English,N,2026-08-10 11:06:59
MRN62991184,Hiroshi,Anderson,1993-03-03,M,5186984000,M8X3M0,2897328046,English,N,2026-08-27 16:03:17
MRN43632923,Claire,Zhang,1934-12-22,F,0175971712,M1M7V6,3658853203,English,N,2026-07-13 15:07:16
MRN23884115,Fatima,Murphy,1974-10-01,F,7793734026,M6E9A7,4372316091,English,N,2026-07-22 22:08:55
MRN87154631,Daniel,Park,2005-09-12,M,9664426781,M1N1M1,2899565193,English,N,2026-07-18 14:00:43
MRN32962626,Raj,Carter,1974-02-04,M,3222712170,L6B7S4,4162779474,English,N,2026-07-06 05:45:33
MRN30366640,Amir,Wright,1980-06-04,M,1485398083,M5P2E2,2897924144,English,N,2026-08-27 02:08:55
MRN16392230,Margaret,Mensah,2024-08-04,F,9256997421,M1M7J4,4166345722,English,N,2026-07-05 06:01:54
MRN21263815,William,Murphy,1974-06-13,M,4847771187,M1K7J2,9055191492,English,N,2026-02-06 17:13:44
MRN31471997,Chen,Anderson,1977-12-17,M,8464644817,M4G3G5,6476263751,English,N,2026-07-03 18:41:12
MRN67510828,Jean,Martinez,1969-03-16,M,2364347282,M1G0J4,4374281416,English,N,2026-07-08 12:45:07
MRN95050984,Mary,Silva,1946-01-03,F,8529930029,M1K4L2,4168109503,English,N,2026-08-16 13:15:32
MRN67177265,Elizabeth,Walker,1975-09-13,F,7737529979,L6S0Z3,4376372656,English,N,2025-08-01 10:12:13
MRN87192912,Barbara,Johnson,1980-01-31,F,2700116961,M4E8E2,6474197486,English,N,2026-07-15 19:12:13
MRN73612310,Joshua,Osei,1965-01-31,M,6788463773,L6B3C6,2899231064,English,N,2026-08-12 12:22:53
MRN14749457,Luc,Smith,1969-03-10,M,8769084768,M1L7B2,6475835568,English,N,2026-07-14 10:20:57
MRN52764714,Joseph,Ali,1989-12-21,M,0633249818,M5E9E7,3652266846,English,N,2026-08-12 20:03:18
MRN24442062,Andrew,Robinson,1964-10-02,M,4748886019,M6A2J0,2896578719,English,N,2026-07-30 20:45:57
MRN27810832,Ahmed,Zhang,1952-08-15,M,0093677516,M1C1S3,4165920178,English,N,2026-07-17 20:36:35
MRN92729891,Aisha,Hassan,2001-12-23,F,8726921722,M2H2N4,4378149760,English,N,2026-08-28 13:49:11
MRN25628473,Chiara,Anderson,1931-05-18,F,3284664756,M5G8E9,9059399862,English,N,2026-07-15 14:30:23
MRN31091357,Daniel,Lewis,1990-04-21,M,2567764283,M6G4K9,6475548594,English,N,2026-07-12 02:34:30
MRN10786262,Aisha,Hassan,1958-08-11,F,7580946320,M5P7A7,6475777272,English,N,2026-08-26 05:52:25
MRN73814934,George,Scott,1947-12-04,M,2475330672,M9C9A6,4379234202,English,N,2026-08-31 05:10:45
MRN81377126,Kenneth,Lewis,1951-12-18,M,1151937057,M1E2B2,9052407947,English,N,2026-07-26 12:12:02
MRN68643964,Jessica,Green,1966-09-18,F,2357704960,M1H9W6,4169421020,English,N,2026-07-16 17:50:15
MRN59659361,Ahmed,Lee,1996-12-20,M,0220069389,M4H3G5,3656092548,English,N,2026-08-15 06:56:44
MRN74860555,Mei,Zhang,1983-09-03,F,4229524485,M4L2N9,3659835001,English,N,2026-08-27 11:48:20
MRN63316458,Diego,Nowak,2004-07-18,M,2107208908,M1N5C6,4169536091,English,N,2026-08-08 03:55:04
MRN81581805,David,Roy,1973-05-25,M,1668143231,L6S9V5,6472367140,English,N,2026-08-22 12:31:48
MRN62565424,Diego,Sutherland,1988-07-21,M,8078943670,M5K9T4,4377524396,English,N,2026-07-04 21:29:14
MRN75940561,Chen,Hassan,1946-03-30,M,4904035658,M6M2E4,9056112334,English,N,2026-07-12 12:45:21
MRN85328408,Fatima,Williams,1979-12-19,F,5406889823,M4G3R0,4373862293,English,N,2026-08-05 20:51:44
MRN77803171,Pedro,Hernandez,1937-08-07,M,6072448761,L6B7A2,4379465791,English,N,2026-07-19 08:12:54
MRN16741411,Richard,Martinez,1948-04-01,M,0470812777,M2K2N8,4375019412,English,N,2026-07-22 07:05:06
MRN61286475,Chiara,Wilson,1996-11-20,F,7800846458,M6J8L7,4372466382,English,N,2026-07-10 06:54:12
MRN96764102,Aisha,King,1983-04-13,U,1985089687,M4M6M9,6477329985,English,N,2026-07-15 12:23:04
MRN44358711,Lisa,Brown,1999-01-01,F,9220918131,M1E1H2,4169456256,English,N,2026-07-25 17:01:43
MRN92046058,Yusuf,Mensah,2024-07-01,M,1916311770,L6H4Y5,9057692846,English,N,2026-08-21 10:46:53
MRN38259864,Barbara,Martin,2006-04-05,F,5078726634,M9M2L9,2893149588,English,N,2026-07-24 09:39:25
MRN11088641,Brian,Khan,1975-10-14,M,7945921489,L6C4A0,3657775991,English,N,2026-07-24 17:24:26
MRN33755658,Amanda,Martinez,1977-09-07,F,1442431571,M1L7V2,4376834157,English,N,2026-02-14 19:02:29
MRN51635437,Michael,Hernandez,1969-08-02,M,6441846919,M5G8M0,4166214206,English,N,2026-07-20 11:15:07
MRN88099447,Anthony,Kumar,1932-02-10,M,8702642938,L6C8M6,4377608480,English,N,2026-08-07 22:52:11
MRN47740272,Michelle,Gagnon,1930-08-06,F,1972206872,M2J2G7,9055556590,English,N,2026-08-31 17:19:43
MRN29070593,Luc,Fraser,1999-11-06,M,9315273137,M5P9T1,4376031992,English,N,2026-08-25 13:12:06
MRN88700919,Claire,Green,1962-03-29,F,5618031230,M1L7R7,9054160188,English,N,2026-08-07 23:06:37
MRN62864825,Sarah,Lee,1951-08-05,F,9550216957,L6J1G1,4379960597,English,N,2026-07-29 02:52:21
MRN77424472,Barbara,Ricci,1949-06-30,F,4150784082,M2J8E3,9055421839,English,N,2026-08-19 04:20:49
MRN14530669,Ahmed,Hassan,1991-03-12,M,2354102721,L5C8P5,2899052298,English,N,2026-08-14 16:17:03
MRN97881680,Matthew,Khan,2008-02-18,M,7822896879,L6C2M7,4162467371,English,N,2026-07-31 05:41:17
MRN87346576,Sandra,Ali,1927-06-27,F,6508282800,M9N7R3,9057397231,English,N,2026-08-26 09:19:09
MRN39958846,Sarah,Wilson,1970-07-30,F,7359377996,M1J9Y2,3655496359,English,N,2026-08-13 06:49:31
MRN31945893,Luc,Williams,1979-10-19,M,3703642821,M6L1L2,4376197423,English,N,2026-07-17 00:44:29
MRN59326075,Betty,Hill,2026-01-17,F,4397023815,M4B5V7,4169908550,English,N,2026-08-24 09:11:39
MRN86417882,Zara,Hernandez,1995-02-02,F,9782440326,M5P8X9,9059671162,English,N,2026-07-29 23:53:19
MRN60368247,Margaret,Carter,1979-08-02,F,2637401742,M1L6H5,4376318807,English,N,2026-08-29 11:40:14
MRN41188440,Tomas,Brown,1965-10-16,M,3777267414,L5N3A1,2894348385,English,N,2026-01-22 04:10:55
MRN17975838,Jean,MacDonald,2004-03-15,M,2933635084,M8X1Y8,9056205614,English,N,2026-08-08 07:13:05
MRN28044210,Chen,Jones,2001-02-26,O,4239861273,M3H7J4,4162809603,English,N,2026-08-06 01:19:30
MRN11056904,Jean,Gonzalez,1989-06-21,M,4535474755,L6J1T3,3653923221,English,N,2026-08-11 18:06:41
MRN32337295,Ingrid,Singh,1942-07-28,F,4734780390,M4L1K4,2892470845,English,N,2026-07-10 23:10:38
MRN51050493,Richard,King,1988-06-17,M,4083505133,M6G7H4,6476906731,English,N,2026-08-29 13:02:36
MRN22393874,Wei,Kumar,1975-11-11,M,5676938920,M2N7T3,2892677678,English,N,2026-08-09 03:44:19
MRN28807725,Raj,Wilson,1988-05-10,M,8820293911,M1B9R2,9059194460,English,N,2026-08-29 04:34:56
MRN25116691,Jennifer,Nowak,1963-07-25,F,0260723010,L6H8Y6,6472514371,English,N,2026-07-23 08:43:34
MRN22575417,George,Martinez,1975-03-09,M,4611675705,L4L8Z7,4373103261,English,N,2026-07-23 11:42:45
MRN37080157,Amanda,Stewart,1956-01-27,F,4163740360,M6B8K7,4164295192,English,N,2026-08-15 22:08:04
MRN63616693,Betty,Gagnon,1937-11-01,F,1804776357,M4E7Z6,4374914457,English,N,2026-07-29 01:48:35
MRN72986487,Ivan,Santos,1988-08-05,M,1155446915,M4L3J4,3652985806,English,N,2026-08-24 15:59:34
MRN83464558,Anthony,Hernandez,1981-03-30,M,0638855940,M2N9B0,4164686462,English,N,2026-08-12 06:52:20
MRN68045118,Yuki,Wright,2012-04-14,F,3231421904,M2K7Y1,6475668634,English,N,2026-08-06 14:52:18
MRN23734671,Pedro,Kowalski,1954-12-31,M,6901414000,M3A6R9,2896761685,English,N,2026-08-16 07:36:24
MRN57982892,Ashley,Osei,1948-03-28,F,7893540638,M3A9V8,6472079697,English,N,2025-12-02 17:43:54
MRN32812479,Linda,Green,1945-03-03,F,5433664959,M6E3Z6,9059340467,English,N,2026-08-21 10:46:42
MRN78188889,Priya,Clark,2006-08-04,F,2185969827,M1C8G1,9057818132,English,N,2026-07-07 03:32:47
MRN33711976,Claire,Lopez,1957-08-27,F,4770775494,M8V9L1,6475169517,English,N,2026-08-14 06:30:55
MRN87005478,Yusuf,Nowak,1945-10-19,M,6739005335,M6G5N4,3654597995,English,N,2026-08-19 00:26:00
MRN88213942,Jin,Johnson,1955-09-07,M,4458628908,M5K4C9,2894316498,English,N,2026-05-04 20:40:59
MRN47923065,Daniel,Zhang,1971-05-06,M,7655267636,M5P6V1,3652454564,English,N,2026-08-04 20:53:28
MRN83059779,Aisha,Smith,1958-11-07,F,6038799083,M8V5W5,4377280244,English,N,2026-07-16 18:49:26
MRN74371275,Nikolai,Kowalski,1954-04-25,M,0921065421,M1C6S1,9058653369,English,N,2026-08-12 20:34:58
MRN70111983,Olga,Osei,1996-06-13,F,8273435233,M4B2L4,4163486306,English,N,2026-08-02 10:21:08
MRN47434795,William,Baker,1982-10-13,M,1680164777,M5R9H3,4169041408,English,N,2026-08-04 12:58:19
MRN68167806,Nikolai,Li,1956-08-20,M,2985532239,L4B3J1,6476278212,English,N,2026-07-31 21:40:43
MRN20436469,Betty,Nguyen,1974-06-07,F,5018281922,M1K4N6,9052891861,English,N,2026-07-19 17:18:33
MRN68446047,Lisa,Jones,1948-04-15,F,3509141937,M5R6Y0,9052164864,English,N,2026-08-25 23:11:46
MRN45300790,Robert,Singh,1961-11-27,M,3293010827,M1C9M3,2899999659,English,N,2026-08-11 11:10:17
MRN19452633,Ashley,Garcia,2000-11-23,F,3961270612,M4K7X5,2898747232,English,N,2026-07-15 07:04:32
MRN55046831,Jin,Okafor,1969-05-26,M,8603733240,M1N0B8,6478166032,English,N,2026-07-03 06:25:19
MRN60094432,Elizabeth,Baker,1983-05-05,F,1591667603,M3B0K8,6477750128,English,N,2026-08-01 17:42:28
MRN81465250,Jin,Brown,1960-03-27,M,0123399370,L6G5E8,6479646929,English,N,2026-07-09 10:30:10
MRN72992165,Sofia,Miller,1990-12-19,F,8821828335,M4B2K7,4377428805,English,N,2026-07-08 06:19:40
MRN70991915,Karen,Nowak,1998-09-17,F,6523985080,L6A5N9,9054631439,English,N,2026-07-14 18:11:27
MRN23542317,Christopher,Park,2018-12-01,M,9670841254,M9M1J6,2896364990,English,N,2026-07-09 19:37:55
MRN52724327,Chen,Jones,1956-10-24,M,3660481551,M2M0R5,4167090604,English,N,2026-08-11 01:59:42
MRN68209999,Emily,Tremblay,1987-02-21,F,8028790700,M4G3R1,4377217935,English,N,2026-07-16 18:22:05
MRN92489466,Nadia,Park,1980-08-10,F,8154547098,M9M7K3,2897228261,English,N,2026-08-08 00:32:13
MRN78260232,Mei,Wilson,2023-05-27,F,7709271071,M4C0Y8,2892987718,English,N,2026-07-15 20:05:37
MRN71882078,Kenneth,Miller,1967-02-01,M,4791761507,M6H8J9,2892858391,English,N,2026-07-22 04:48:07
MRN45626047,George,Baker,1970-10-31,M,5476048847,M5P1T9,2897519251,English,N,2026-07-12 07:58:29
MRN47738111,Barbara,Okafor,1964-10-03,F,3710862511,M8V1S3,6474254410,English,N,2026-08-15 05:37:09
MRN12179549,Aisha,Hernandez,1985-09-10,F,5796366960,L5N8P9,4167865284,English,N,2026-08-19 03:35:09
MRN73937712,Andrew,Fraser,1969-03-06,M,1666292048,M2H6N5,3652557120,English,N,2026-08-04 10:25:14
MRN44809342,Nikolai,Cote,1982-03-18,M,2170035519,M1G4C2,4168297711,English,N,2025-09-27 07:11:24
MRN48174969,Richard,Roy,1959-05-04,M,5273922178,L4B8L1,4162299594,English,N,2026-07-25 22:09:54
MRN31375043,Andrew,Johnson,1969-08-17,M,6216693413,M4J9N4,4167627433,English,N,2025-11-18 11:01:37
MRN15512802,James,Okafor,1968-12-24,O,2359933559,L6S2Y5,4169016060,English,N,2026-07-05 11:40:02
MRN45502253,Melissa,Baker,2009-09-10,F,9723045176,M4H5C0,3659974294,English,N,2026-07-22 19:14:43
MRN12778431,Nadia,Jackson,1994-06-10,F,0856272828,M4G4V6,3655452217,English,N,2026-07-13 18:26:09
MRN60727074,Jessica,Khan,1971-01-06,F,1662508918,M6H9J8,4372214732,English,N,2026-08-01 22:46:01
MRN38510115,Anthony,Carter,1956-12-31,M,6687250818,M2K1K3,6474975668,English,N,2026-07-18 13:51:14
MRN10542068,Ashley,Hassan,1985-02-15,F,4217733411,M9N0G8,4373462386,English,N,2026-08-03 11:26:02
MRN65192376,Melissa,Tran,1972-07-17,F,1448009165,L4L9T1,2892561827,English,N,2026-07-22 07:46:27
MRN76432165,Claire,Martinez,1956-03-18,F,4369990249,M8W3W1,6477164738,English,N,2026-07-18 05:30:17
MRN85816156,Nadia,Lee,1943-04-01,F,4372098907,M1K0H4,9055750640,English,N,2026-10-14 08:52:55
MRN58567000,Kenneth,Silva,2023-01-09,M,7500644245,M2M0X6,9053371455,English,N,2026-07-06 00:30:55
MRN62512286,Omar,Jackson,1990-10-23,M,5693660507,M4M1K8,2898634740,English,N,2026-07-14 15:40:48
MRN53681187,Omar,Moore,1974-05-15,M,7339943313,L6S4B3,4372992044,English,N,2026-08-26 12:02:30
MRN82531613,Mei,Ahmed,1975-10-14,U,9513539750,M2J6C4,3658203016,English,N,2026-07-13 15:17:15
MRN52474714,Andrew,Osei,1962-09-06,M,6225226569,M4M0B3,2898737730,English,N,2026-07-08 09:53:26
MRN95850197,James,Miller,1950-10-17,M,0772881918,M4E9H8,2893212608,English,N,2026-08-26 01:07:46
MRN93312485,Elizabeth,Tran,1967-02-09,F,8250413401,M8V6R5,9053875482,English,N,2026-08-29 06:11:45
MRN49348203,Andrew,Campbell,1945-03-17,M,3289938478,L6L5C7,6478584732,English,N,2026-07-20 09:35:20
MRN40883667,Brian,Allen,1997-02-11,M,5046075965,M3A1Y6,6473864185,English,N,2026-08-04 12:07:35
MRN62890677,Kevin,Martinez,1973-01-29,M,4011785385,M1N7R9,6475611541,English,N,2026-08-20 19:05:48
MRN30365080,Ingrid,Moore,1985-11-08,F,4229379120,M6K9K8,3654410307,English,N,2026-07-06 21:07:18
MRN20230533,Andrew,Rossi,1997-01-12,M,4466986934,M5H9H1,9056304332,English,N,2026-08-27 03:30:20
MRN99260724,Chen,Zhang,1973-11-05,M,0826171720,M4L1J9,2899359185,English,N,2026-08-10 15:26:30
MRN15029344,Wei,Martin,1990-06-14,M,1201520168,M6H5N7,6474760131,English,N,2025-12-15 03:44:53
MRN88804663,Luc,Osei,1989-12-08,M,9420908270,L4B3N6,4163045978,English,N,2026-08-10 16:33:52
MRN59820511,Marie,Clark,1945-12-31,F,5793423566,M4L6V0,3654116245,English,N,2026-08-24 11:13:10
MRN30363724,Joseph,Ferreira,1982-09-13,M,6629871184,L6G4H7,2896004321,English,N,2026-08-22 10:42:53
MRN49497665,Anthony,Osei,1980-09-04,M,7120852327,M5R7C3,9057254713,English,N,2026-08-20 08:19:38
MRN23226852,Anthony,Wang,1990-07-12,M,9541391844,M5K0T8,4379331059,English,N,2026-08-15 01:32:32
MRN59456940,Patricia,Young,1953-03-16,F,2297750545,M8V9S8,6473946528,English,N,2026-08-03 13:42:14
MRN59412877,Chiara,Rossi,1972-11-15,F,8862415406,M6H9N9,2895337232,English,N,2025-06-07 06:23:00
MRN70534657,Sofia,Kumar,1943-03-14,F,9564898600,M4H5J6,4379107689,English,N,2026-08-17 09:41:12
MRN32918106,George,Cote,1977-05-07,M,8663850041,M6E5S5,4375337203,English,N,2026-08-09 09:40:30
MRN65407992,Jean,Thompson,1976-07-06,M,3451466902,L6B0C3,6472587999,English,N,2026-08-25 04:08:03
MRN27566367,Margaret,Santos,1951-07-12,F,9147381512,M2J4G3,6477033819,English,N,2026-07-08 00:21:32
MRN85634628,Richard,Roy,1935-07-03,M,9154604244,M5B3M5,6476403128,English,N,2026-08-13 16:00:32
MRN33610571,Lisa,Okafor,1978-07-19,F,7190646864,L6M8M0,3656356906,English,N,2026-07-20 12:34:39
MRN98133375,Robert,Khan,1984-06-03,M,2207430618,M6E0W8,2893950522,English,N,2026-07-11 04:09:54
MRN99141072,Steven,Gagnon,1937-06-10,M,2669847424,M3C4H7,3659403589,English,N,2026-08-07 16:48:53
MRN86316443,Aisha,Osei,1973-01-07,F,4371145220,M9C2R2,4166967970,English,N,2026-08-10 21:26:43
MRN90001739,Jean,Rossi,1978-12-13,M,8967237598,M9N1B7,4167821818,English,N,2026-08-10 00:20:23
MRN19302654,Lisa,Jones,2015-09-12,F,6830238892,M5J3Z1,2894365351,English,N,2025-08-08 13:36:18
MRN49960924,Joshua,Rossi,1959-11-24,M,4265434649,M1E8H8,2897781262,English,N,2026-07-13 10:16:46
MRN24299417,Amara,Lewis,2009-11-09,F,6475393598,M5P5B7,6477370369,English,N,2026-08-30 00:55:44
MRN74869326,Nikolai,Walker,1948-11-28,M,7261117472,M1N7B8,6474913604,English,N,2026-07-09 01:11:14
MRN51782314,Omar,Thompson,2000-02-02,M,2696342878,M1M5C7,6477816969,English,N,2026-08-14 09:57:30
MRN57429053,Omar,Martinez,1982-09-05,M,5961207759,L5B4C8,3655126955,English,N,2025-07-27 10:42:33
MRN58073491,Diego,Osei,1958-06-03,M,1495850230,M8X7R2,2892820935,English,N,2026-08-17 12:47:52
MRN12282109,Amir,Osei,1980-10-15,M,7969636732,M3B7Z0,3658614381,English,N,2026-07-07 20:08:15
MRN39370852,Aisha,Campbell,1961-02-01,F,5304540759,L6P1X5,9058854692,English,N,2026-08-27 14:23:20
MRN97426630,Margaret,Lee,1990-10-18,F,0557670577,M9C3M5,9059020327,English,N,2026-07-05 08:16:53
MRN75290704,Jessica,Ricci,1962-05-23,F,8536555728,M8Y5T3,4375260043,English,N,2026-08-28 14:30:33
MRN48112168,Mark,Khan,1977-03-28,M,5139317852,M4M2Y9,4168836815,English,N,2026-08-02 13:04:31
MRN42172449,Melissa,Cote,1944-01-24,F,8392501162,L5A1Y7,3659127200,English,N,2026-07-06 21:29:08
MRN58868853,Patricia,White,1959-08-06,F,2142399050,M5P0T3,3653781695,English,N,2026-07-23 03:32:35
MRN76968957,Betty,White,1962-07-29,F,9291825082,M3H3G2,6477042597,English,N,2026-08-22 09:43:38
MRN20119775,Jin,Kumar,1964-07-30,M,6379627521,M1H4M8,6472225905,English,N,2025-08-05 09:04:21
MRN62950553,Christopher,Robinson,1979-03-07,M,8937503822,M3C5N9,4376873369,English,N,2026-07-21 07:29:14
MRN85772995,Elizabeth,Khan,2006-12-20,F,0799254255,L5A0L9,2892917282,English,N,2025-12-24 16:01:55
MRN20390941,Karen,Harris,1969-02-11,F,9560270598,M3A4J9,4167546212,English,N,2026-08-13 13:32:10
MRN94534412,Yusuf,Jackson,1988-05-17,M,8590229038,M6G0E3,6473116228,English,N,2026-07-04 10:26:57
MRN87419264,Betty,Davis,1987-05-13,F,9743711633,M2J0R6,4373915976,English,N,2026-07-17 06:43:29
MRN70915697,Amara,Rodriguez,1991-05-05,F,1998454704,M4B1L4,3655937365,English,N,2026-05-13 01:08:05
MRN34694911,Pedro,Jackson,1949-04-17,M,3970020495,L6L2R6,3657425195,English,N,2026-07-17 04:57:54
MRN28088396,Wei,O'Brien,1950-06-21,M,3233154917,M6J0W5,2896543676,English,N,2026-07-19 17:45:05
MRN97965472,Robert,Carter,1998-08-03,M,0045745353,L5B9T3,3655213894,English,N,2026-08-06 06:52:31
MRN90365213,Yusuf,Gagnon,1965-01-01,M,3274653785,L5A8P4,3655595266,English,N,2026-07-05 03:27:33
MRN97941754,Richard,Tran,1946-01-21,M,3205847720,L6H0J2,3652111752,English,N,2026-07-19 11:23:32
MRN91108939,Tomas,Campbell,1964-09-05,M,0451610844,L6S3S7,2893254563,English,N,2026-08-09 12:01:07
MRN83524861,Karen,Ahmed,1981-01-29,F,5146405799,M6E6N4,9058372202,English,N,2026-08-10 16:06:49
MRN79783926,Yuki,Roy,1977-12-21,F,5449929503,L6H5M5,4375853312,English,N,2026-07-16 14:06:03
MRN90291266,Robert,Mensah,1983-12-14,M,2070913559,M3A6M2,2898920831,English,N,2026-08-02 12:53:44
MRN47504698,William,Anderson,2016-05-14,M,3700592912,M6J2H6,4162610520,English,N,2026-10-17 22:49:08
MRN55375525,Claire,Wilson,1989-01-22,F,0217417286,M5K7T6,9057883078,English,N,2026-07-19 09:59:34
MRN89157897,Ling,Adams,1957-07-11,F,2299730834,M2H2G9,2897338447,English,N,2026-08-12 01:29:25
MRN21013716,Wei,Garcia,2000-09-24,M,8603257943,M8Y6G0,3652141240,English,N,2025-07-10 04:11:07
MRN74320453,Jean,Patel,1967-10-10,M,8447456511,L6R4X4,3657100432,English,N,2026-08-21 23:39:07
MRN89454984,William,O'Brien,1984-12-04,M,5917367251,M5H6L2,2899622160,English,N,2026-08-15 12:19:01
MRN33071794,James,Silva,1975-11-11,M,6890397596,L6A0H7,9055424570,English,N,2026-08-11 05:18:42
MRN23650165,Amara,Smith,1960-09-12,F,1052698634,M1J4S6,3659808269,English,N,2026-08-15 08:45:25
MRN90633250,Jessica,Anderson,1950-10-08,F,4748263599,L5B5E0,4165506282,English,N,2026-08-30 16:36:45
MRN55897159,Fatima,Zhang,1963-11-24,F,2304829670,L4J9L0,9055197930,English,N,2026-07-17 22:07:18
MRN91941851,Priya,Roy,1997-07-24,F,6001257648,M3H7J9,6477024161,English,N,2026-07-12 10:29:25
MRN47062059,Daniel,Scott,2007-05-07,M,5692334237,M4E1G4,4376774733,English,N,2026-07-20 21:26:52
MRN83859179,Chen,Roy,1995-08-03,NB,6190729845,L4K5Z7,6475714740,English,N,2026-08-02 17:00:04
MRN58236317,Karen,Anderson,1956-08-04,F,3296359072,L6A0C7,3654269524,English,N,2026-07-28 15:20:32
MRN31919448,Betty,Brown,2003-02-14,F,9581762003,L6B4P9,3655922542,English,N,2026-08-15 00:54:32
MRN97593850,Jessica,Robinson,1957-05-26,F,0657842811,M1L1S4,4372552069,English,N,2025-11-07 10:53:09
MRN56581770,Chiara,Hassan,1982-04-27,F,7608583899,L6P3M4,4375095272,English,N,2026-08-01 15:28:27
MRN58618536,Joshua,Ross,1987-10-02,M,3992712681,M4L1R4,4165437611,English,N,2026-08-15 16:03:21
MRN69901983,David,Silva,1982-04-05,M,3345420180,L4B8N7,9055872584,English,N,2026-07-14 23:05:45
MRN24561050,James,Roy,1959-12-26,M,0717595748,M2N7W7,4374495574,English,N,2026-08-14 09:00:41
MRN74581078,Thomas,Murphy,1971-05-06,M,5133981927,M6M6C8,3656109576,English,N,2026-07-06 17:34:53
MRN53493115,Raj,Wilson,1945-02-03,M,7972710003,M5G4H7,3657023263,English,N,2026-08-26 07:11:24
MRN72691811,Amir,Tran,2001-08-24,M,5979242574,L6A7P8,2899989550,English,N,2026-07-07 17:11:59
MRN80431969,Andrew,Okafor,1994-08-23,M,0973011851,L4K8Z5,4374346474,English,N,2026-07-03 16:38:58
MRN97389389,Karen,Lopez,1977-07-30,F,0984228882,L4K7P9,4379302518,English,N,2026-08-11 07:37:21
MRN43766580,Thomas,Robinson,1947-03-22,M,6782551979,M9C1M3,4169755071,English,N,2026-08-06 17:08:48
MRN80406683,Amanda,Miller,1975-04-16,F,5079018981,M9B8C2,2899200041,English,N,2026-08-29 09:25:45
MRN49689708,Thomas,Gonzalez,1959-01-13,M,5536701849,M6A1A9,4162866623,English,N,2026-08-30 07:03:14
MRN40322171,Patricia,Walker,1943-12-10,F,5460372781,M6B1Y1,3658423357,English,N,2026-08-14 03:56:43
MRN54212535,Marie,Williams,1992-07-14,F,5126065845,L6R3Z0,9059175048,English,N,2026-08-14 14:23:37
MRN93516100,Amir,Martin,1957-02-02,M,5262221392,M6G4H3,2894809166,English,N,2026-08-27 23:49:51
MRN46948572,William,Murphy,1970-08-04,M,2394790816,M5A2X0,2893574118,English,N,2026-08-10 18:26:42
MRN79500550,Sofia,Martin,1963-09-03,F,4743324594,M9A4X2,4165555062,English,N,2026-07-21 11:28:27
MRN31493726,Andrew,Tremblay,1974-04-26,M,4240266033,M4A7X7,6474637478,English,N,2026-08-09 04:45:00
MRN18153971,Diego,Ross,1954-09-30,M,2926198017,M2R7Z8,2896515206,English,N,2026-07-05 20:52:16
MRN35738656,Jessica,Mitchell,1968-05-03,F,4834334312,M5B2M4,4166772281,English,N,2026-08-18 01:20:17
MRN32348220,Michael,Mensah,1961-11-02,M,9307103250,L6G5X8,4378143818,English,N,2026-07-06 23:32:00
MRN25031738,Ivan,Thomas,2001-04-28,M,1892413434,M6M4C0,9058499235,English,N,2026-08-22 04:33:19
MRN33894580,Mei,Scott,1973-08-07,F,8404979638,M4C8W6,2897071622,English,N,2026-08-17 10:37:14
MRN27249159,William,Gonzalez,1971-05-04,M,5203225890,M9N0X6,6474632702,English,N,2026-07-31 11:53:35
MRN70763261,Hiroshi,Roy,1937-01-17,M,9178376001,M6L8P6,3655832733,English,N,2026-08-25 02:54:27
MRN72015336,Ingrid,Lee,1968-12-10,O,3483767558,M5K0P2,2897662902,English,N,2026-07-10 14:51:53
MRN68738624,Ashley,Martin,1958-09-09,F,8784537923,L4L6L5,2893749239,English,N,2026-08-04 01:07:28
MRN82430313,Richard,Rodriguez,1975-01-21,M,3545624524,M5H4B7,4166046333,English,N,2026-08-04 13:44:36
MRN24507672,George,Wright,1991-09-24,M,6282745683,M5G3L7,4373547329,English,N,2026-08-30 17:02:04
MRN17358812,Ivan,Thomas,1976-07-18,M,2039461443,M3C5M3,2896252522,English,N,2026-08-05 21:24:59
MRN51863196,Zara,Moore,2002-08-18,F,2178117780,L5N8X4,9058224353,English,N,2026-08-24 01:23:34
MRN43896386,Aisha,Sutherland,1954-10-04,F,9861840628,L4J4R4,9057933295,English,N,2026-07-06 15:32:11
MRN27896628,Melissa,Roy,1939-05-04,U,2992097614,L4K9L6,9056495488,English,N,2026-08-12 03:40:26
MRN53350764,Claire,Ahmed,1961-03-23,F,5992323674,M9N3L6,9055731921,English,N,2026-07-30 12:21:19
MRN53512791,Margaret,Thompson,1956-07-25,F,6191735064,M1B9T8,4166747447,English,N,2026-08-06 01:17:55
MRN96060838,Kevin,Santos,1995-11-27,M,6178070741,M5H0Z3,3654521722,English,N,2026-08-13 13:16:11
MRN88137471,Marie,Ferreira,1927-08-27,F,0746479666,M5H2C9,4166780985,English,N,2026-08-31 16:20:03
MRN40690385,Claire,Ross,1962-10-03,F,0572998755,M1H3B8,4168875832,English,N,2026-08-21 10:08:10
MRN92407707,Ashley,Nelson,1945-12-18,F,8749901131,M9C9Y8,9055495529,English,N,2026-08-01 06:54:49
MRN53969704,Nadia,Kim,2025-09-25,F,6850894095,M9M3M5,9054297331,English,N,2026-08-07 06:21:11
MRN56750650,Robert,Kumar,1952-09-21,M,8724894442,M4E6C9,4379586281,English,N,2026-07-16 06:22:43
MRN16598465,Barbara,Ross,1942-05-24,F,5339390733,M1L3T5,6472254880,English,N,2026-07-27 08:11:32
MRN98986052,Kevin,Sutherland,1960-03-20,M,2706280811,M2K4E7,9055195116,English,N,2025-10-17 08:13:59
MRN60883042,Mary,Jones,1950-02-28,F,8189003539,M9L8W4,4375173183,English,N,2026-08-22 12:36:28
MRN55688030,Ahmed,Nelson,1979-10-12,M,4613767310,M8V7N2,2892170061,English,N,2026-07-26 00:56:00
MRN90167493,Ana,Gagnon,1966-09-22,F,6082654887,M2M1N9,9054681758,English,N,2026-08-13 01:02:49
MRN40460914,James,Wright,1964-12-03,M,4157194574,M1H2C4,2898948465,English,N,2026-08-09 11:03:33
MRN69465583,Joshua,Brown,1992-01-11,M,0298360629,M2K5H7,9055842507,English,N,2026-07-08 00:50:01
MRN56423038,Michelle,Williams,1927-05-13,F,9493228515,L6L2H9,3654347710,English,N,2026-08-19 13:53:22
MRN26370575,Steven,Nowak,1960-05-01,M,7988827528,L6A5V0,2897334186,English,N,2026-08-21 23:16:58
MRN97258309,Daniel,Patel,1977-03-22,M,6841043562,M9A3P9,4167038048,English,N,2026-07-13 02:03:32
MRN48735249,Fatima,Gonzalez,1956-02-11,F,7023923597,M8W2Z2,4163144587,English,N,2026-08-07 06:22:52
MRN27281653,Pedro,Baker,1955-11-25,M,7987839805,L4C0G6,4168293210,English,N,2026-08-17 17:37:18
MRN45914788,Raj,Stewart,1957-12-27,M,9056368518,M1G8N7,9053525437,English,N,2026-07-25 04:10:07
MRN90315712,Ingrid,Jackson,1968-09-27,F,3368337550,M3B5R3,2899647993,English,N,2026-08-30 13:21:42
MRN11460753,Joshua,King,1987-10-03,M,8805836668,M4G6W8,2895099207,English,N,2026-07-03 21:29:11
MRN66287453,Robert,Allen,1957-05-01,M,2842385508,M3A9S5,3658914228,English,N,2026-07-06 05:46:40
MRN10312002,Ivan,Martinez,1953-08-13,M,8562534852,M6H7V8,4377617490,English,N,2026-07-31 11:57:54
MRN41671817,Nadia,Thomas,1969-06-18,F,7943882907,M6G3G3,4377580656,English,N,2026-08-13 15:36:08
MRN54911409,Barbara,Wang,1950-10-12,F,6514278842,M9A3A8,9053414305,English,N,2026-07-16 03:52:44
MRN72715484,Aisha,Smith,1983-09-02,F,1881104499,M2H9A5,3657557952,English,N,2026-08-25 19:19:50
MRN82598762,Omar,Thomas,1970-11-03,M,6979400394,M2M5Y2,4168744159,English,N,2026-07-28 04:55:36
MRN24295622,Melissa,Adams,1992-04-02,F,2768358836,M1G0R5,9058586860,English,N,2026-07-31 22:00:12
MRN45165061,Christopher,Walker,1952-09-04,M,1286158850,M1H7Y0,3656778958,English,N,2026-08-05 17:12:20
MRN24883639,Mary,Nguyen,1979-05-15,F,6706494116,L6B0J5,4379332718,English,N,2026-08-10 15:34:41
MRN35390812,Raj,Garcia,1942-09-17,M,8641041291,M6A7N4,6479175664,English,N,2026-07-08 18:40:41
MRN96705831,Omar,Jones,1999-11-18,M,3652816137,L5N8K5,2899271543,English,N,2026-08-28 00:41:49
MRN48347673,Elizabeth,Anderson,1959-10-12,F,6440134283,L4B8C9,9054566081,English,N,2026-08-23 02:05:29
MRN30472786,Elizabeth,Hernandez,1968-08-31,F,3003563669,L6P0L2,6477509072,English,N,2026-08-15 00:11:29
MRN42237271,Christopher,Patel,1980-03-25,M,9993300509,M5H7S0,6476171308,English,N,2026-07-05 13:36:38
MRN63359568,Wei,Adams,1987-12-27,M,1280628627,L4C9J0,4163281016,English,N,2026-07-04 09:22:15
MRN65050768,Thomas,King,1962-01-22,M,6156189463,M9M8X1,4372248936,English,N,2026-07-05 12:19:33
MRN87619913,Zara,Moore,1997-08-29,F,7345396068,M1J5T0,6477543106,English,N,2026-07-30 03:53:00
MRN24137917,Matthew,King,1959-03-12,M,0387370588,M8W6E8,3655404427,English,N,2026-07-08 13:57:11
MRN61266145,Nikolai,Thomas,1953-01-10,M,3148676285,M6G2N3,4162984248,English,N,2026-08-06 20:45:08
MRN73350197,Ling,Ross,1975-12-17,F,2227826779,M1B2J2,9057508091,English,N,2026-08-01 22:49:24
MRN78677767,Emily,Santos,1963-03-30,F,5063488802,L4J3L1,2895986944,English,N,2026-07-30 01:41:23
MRN49842362,Sofia,Ferreira,2002-07-05,F,4303588349,M6K0L7,4164876548,English,N,2026-08-16 04:22:16
MRN19118273,Nadia,Clark,1943-01-28,F,0449831882,M2N1P2,4169544237,English,N,2026-08-19 23:13:47
MRN97514926,Hassan,Hassan,1996-06-27,M,2753232277,M5G1W4,4164517469,English,N,2026-08-06 05:48:46
MRN42723735,Amir,Hassan,1961-10-20,M,7801309019,M4H2A4,4168085712,English,N,2026-07-25 20:07:15
MRN97456943,Claire,Stewart,1998-12-02,F,4861340752,L6C1W6,4378230020,English,N,2026-08-19 00:55:33
MRN85916603,Susan,Scott,2007-05-15,F,5469168529,M4J4T4,4166314175,English,N,2026-07-21 03:47:43
MRN81751096,Sarah,Roy,1978-06-13,F,2209896865,L6G8L6,6473433543,English,N,2026-07-26 22:45:15
MRN17990114,Marie,Wilson,1971-09-30,F,0573494150,L4J6P2,4166864398,English,N,2026-07-26 01:06:21
MRN76280016,Ingrid,Thompson,1926-10-24,F,4486052576,L6G3Z0,9055010340,English,N,2026-08-02 14:27:08
MRN73795422,Michael,Nguyen,1970-07-08,M,2699467797,M6G6L4,4378266789,English,N,2025-06-05 19:06:54
MRN38321707,Michelle,Hill,1956-02-04,F,1648705505,M4G9A3,6475625530,English,N,2026-07-08 21:21:48
MRN34795307,James,Stewart,1984-04-17,M,3071358638,M8W3J0,4164560852,English,N,2026-08-20 03:27:16
MRN59385646,Patricia,Ferreira,2025-11-09,F,3364212187,M6E7E5,2894032827,English,N,2026-08-10 04:59:12
MRN64140679,Sandra,Harris,1952-06-15,F,3055229813,M6K2A6,3653453338,English,N,2026-08-13 00:55:40
MRN60646466,Ivan,Ali,1990-10-02,M,9943491358,M4M2Y4,4373698649,English,N,2026-08-04 11:06:29
MRN99550787,Margaret,Nowak,1990-09-11,U,0096687082,L5A1X6,4379567101,English,N,2026-07-16 04:33:12
MRN61036360,Christopher,Kowalski,1968-12-28,M,9485459722,L5N9M7,4164230007,English,N,2026-08-07 09:40:26
MRN10768175,Patricia,Taylor,2002-03-29,F,9977868885,M6L9K3,9054600767,English,N,2026-08-20 13:01:56
MRN21164681,Tomas,Martinez,1986-12-23,M,3102716408,L6P0H2,9057239106,English,N,2026-07-08 10:18:44
MRN83901724,Linda,Kumar,1974-11-18,F,1567902794,M4E9H5,4374360554,English,N,2026-07-07 06:44:59
MRN15703183,Jin,Patel,1932-10-30,M,3343728329,M3H4J5,2897387761,English,N,2026-07-14 15:18:58
MRN97462232,Pedro,Ahmed,1963-01-07,M,7302848663,M1N5W8,4165469604,English,N,2026-08-27 14:46:02
MRN16944772,Mohammed,Lopez,2000-03-21,M,7621916894,M6A6C7,2897417728,English,N,2026-08-10 23:43:41
MRN89003003,Nancy,Brown,1968-08-08,F,5779074730,M5N5J5,2896668624,English,N,2026-08-18 04:43:41
MRN63102562,Pedro,Harris,2018-09-18,M,2116778875,M4H7R1,9054367044,English,N,2026-08-09 12:52:51
MRN58628488,Hiroshi,Clark,1954-12-21,M,7130320703,M8W3P8,3659700724,English,N,2026-07-29 18:33:29
MRN17251453,Ingrid,Adams,1982-11-29,F,8620829500,M9L3A7,9057519902,English,N,2026-07-16 00:59:32
MRN11698859,Thomas,Martinez,1995-08-01,M,4490062041,M5K7R3,9059265251,English,N,2026-08-13 16:48:50
MRN26775940,Tomas,MacDonald,1971-07-29,M,4834169213,M2N1Y4,9053036736,English,N,2026-08-13 06:13:54
MRN41813291,James,Fraser,1958-10-25,M,9582304276,M1K8V4,6473477814,English,N,2026-08-22 00:41:17
MRN26167660,Betty,Taylor,1988-06-08,F,9030645486,M9C0J3,9054012354,English,N,2026-07-15 03:04:31
MRN64499290,James,Ferreira,1983-04-03,M,9625833174,M6M5T8,6478826680,English,N,2026-07-15 06:36:16
MRN86320001,James,Hassan,1983-08-28,M,4924948039,M1N6W3,9055223897,English,N,2026-07-23 08:43:28
MRN12665954,Daniel,King,1984-11-21,M,0113375265,L4L7Y6,9058009068,English,N,2026-07-17 17:03:31
MRN42319531,Tomas,Nowak,1952-04-08,M,0592186480,M5A5C3,4378033209,English,N,2026-08-31 14:47:40
MRN18653484,Hassan,Tremblay,1961-09-30,M,8231136535,M6M3S2,4372814539,English,N,2026-07-22 06:58:55
MRN95927977,Omar,Ricci,1937-04-20,M,9507057991,M4M5S5,2892361221,English,N,2026-07-18 19:34:34
MRN85381431,Mark,Lee,1983-02-22,M,1209121019,L4B3K9,6473553470,English,N,2026-08-21 05:25:16
MRN49581896,Emily,Kumar,1979-08-26,F,9915981188,M1G3R7,2896092142,English,N,2026-08-29 09:09:09
MRN18634959,Priya,Tremblay,1991-06-25,F,8852593550,M1B2A1,6479120742,English,N,2026-07-03 15:53:25
MRN41088791,Marie,O'Brien,1957-02-16,F,9224209529,M5K9N2,9057712194,English,N,2026-07-09 12:29:06
MRN13379685,Marie,O'Brien,1962-04-13,U,2963996042,L6H8J6,9052036662,English,N,2026-08-15 15:07:53
MRN55662909,Claire,Li,1968-04-21,F,3732908359,M3C2B8,2899081947,English,N,2026-07-28 22:13:34
MRN55724916,Ashley,Gagnon,1977-05-02,F,4549739805,M5A3V3,3657482656,English,N,2026-08-06 18:54:16
MRN56419192,Marie,Jones,1975-10-07,F,2857093070,M2K6B1,4165509219,English,N,2026-08-13 06:57:51
MRN59195871,Michelle,King,1975-03-12,F,0378608251,M4C2K0,6476362065,English,N,2026-07-30 08:11:28
MRN95577313,Tomas,Park,1966-08-30,M,8900809198,L5N4C8,3659843932,English,N,2026-07-11 09:33:33
MRN86206777,Hiroshi,Patel,2022-04-09,M,0017481821,M5P0W6,2895233159,English,N,2026-07-10 16:59:31
MRN43623018,Luc,Scott,1978-09-21,M,7927079686,M5J3C3,4164659471,English,N,2026-07-16 03:16:39
MRN74856185,Ana,Fraser,1971-09-16,F,3816956720,M4H6S5,4376419304,English,N,2026-08-01 19:57:04
MRN80055354,Linda,Lopez,1959-12-26,F,0319898292,M8Y1S4,4374984598,English,N,2026-08-30 05:01:57
MRN82263624,Betty,Martinez,1952-12-11,F,1642065898,M2N5S1,6475796630,English,N,2026-07-04 20:37:15
MRN75221257,Jin,Martinez,1989-10-18,M,4697125229,L6R8Z9,4372420091,English,N,2026-08-01 07:21:11
MRN94435983,Melissa,Mensah,1955-05-13,F,5136864849,M5G3C3,4378130109,English,N,2026-07-14 21:54:25
MRN77043227,Christopher,Harris,1976-11-18,M,0736631219,M9B0N3,6476331301,English,N,2026-08-07 22:56:11
MRN69210055,Raj,Mitchell,1990-02-15,M,3856086230,M4A6Y8,6477470729,English,N,2026-08-01 00:24:52
MRN24160739,Mei,Gonzalez,1990-12-14,F,4581705151,M5A7P7,4374478390,English,N,2026-08-26 10:06:15
MRN37613424,Marie,White,1956-01-03,F,1722172275,M4M6M6,4379179099,English,N,2026-07-15 06:00:25
MRN85505985,Betty,Johnson,2024-05-08,F,3875500377,M1M1G3,4378996393,English,N,2026-07-12 22:29:09
MRN82803896,Marie,Roy,2007-05-13,F,9497853680,M8V5M0,2894040419,English,N,2026-07-05 01:56:47
MRN94347017,William,Lopez,1990-03-15,M,3193076092,M6J5R5,4372624174,English,N,2026-07-06 01:47:34
MRN41790900,William,Kim,1968-05-29,M,8008700448,M4K4E6,6473123990,English,N,2025-09-16 01:36:02
MRN71194454,Kenneth,Sutherland,1979-04-09,M,7501645209,M3C7R6,4377060627,English,N,2026-07-30 07:42:06
MRN21330256,Mohammed,Ricci,1967-08-27,M,4812236919,M2M3M4,3653998579,English,N,2026-07-16 19:00:34
MRN87878100,Ingrid,Harris,1960-04-22,F,4756113926,M9B9J2,4166016272,English,N,2026-08-01 07:04:05
MRN14195251,Richard,Allen,1974-12-18,M,7265477229,M2J3C8,9057607356,English,N,2026-08-20 07:36:17
MRN63320400,Susan,Clark,1953-07-23,F,6357842167,L5B5P0,9055582987,English,N,2026-07-15 21:11:52
MRN78093794,Marie,Thomas,1970-12-12,F,3837737679,M5J6N0,4377759354,English,N,2026-08-29 17:02:10
MRN35957996,Daniel,Cote,2025-10-10,M,9347349491,L4K5H0,6477263316,English,N,2026-08-18 10:45:29
MRN39724699,Chiara,Wilson,2014-08-20,F,3766969780,L5A9M1,4373390668,English,N,2026-08-04 08:49:36
MRN75431276,James,Hassan,2024-11-28,M,2286206830,L6C5Y3,2893160934,English,N,2026-07-29 01:48:14
MRN19870883,Lisa,Johnson,1955-02-05,F,0472860089,M2N4G4,9059150378,English,N,2026-07-11 22:00:18
MRN26749439,Andrew,King,1952-03-04,M,2443351610,M5E4R4,6474509023,English,N,2026-07-26 15:21:33
MRN97502872,Kevin,Cote,2004-11-30,M,3817517380,M4B1B1,3655437439,English,N,2026-07-24 02:00:11
MRN12484520,Betty,Walker,1944-03-27,O,7801789046,M1L9H9,3656699999,English,N,2026-08-05 02:16:17
MRN24973104,Chen,Kelly,1974-07-01,M,5471806132,M6G2B3,4167152445,English,N,2026-08-26 14:28:19
MRN62576717,Elizabeth,Lopez,1985-02-11,F,5346301319,M1M9M3,4167117148,English,N,2026-07-27 15:26:32
MRN22260476,Sofia,Nguyen,2000-06-03,F,0311660377,M8Y3A5,6474728120,English,N,2026-08-05 13:06:55
MRN26007397,Linda,Lewis,1960-05-01,F,7757384438,L5A0V1,3654696238,English,N,2026-08-13 20:08:33
MRN67021388,Luc,O'Brien,2007-10-14,M,9009608135,L6M4C8,9059593280,English,N,2026-07-05 21:47:47
MRN18976163,Yusuf,MacDonald,1990-02-06,M,4737402539,L6A1Y2,3652233218,English,N,2026-07-17 01:51:09
MRN21892109,Sandra,Rossi,1982-05-05,F,4072882048,M5A8Y1,4164316830,English,N,2026-08-02 23:32:32
MRN78684471,Sofia,King,1986-06-24,F,1500174808,L6J4V3,6477401760,English,N,2026-07-31 02:30:59
MRN39839107,Ingrid,Hill,1993-05-14,F,1780252936,L6H4K6,9053418747,English,N,2026-07-21 05:24:27
MRN26911579,Thomas,Patel,1952-10-30,M,3052214461,M6M1W8,2898192583,English,N,2026-07-17 21:25:30
MRN53782517,Daniel,Lopez,2018-01-24,M,8424401456,M3B8H6,2897422696,English,N,2026-08-09 09:57:43
MRN43654273,George,Chen,1975-02-26,M,0607341468,M1M6B9,4167426957,English,N,2026-07-21 00:33:20
MRN95539343,Zara,Sutherland,1956-09-19,F,2319386138,M6A2E7,3657106762,English,N,2026-07-26 13:27:44
MRN22241941,Hassan,Mensah,1964-07-15,M,8511407291,M1M8C1,3658851755,English,N,2026-08-26 14:09:24
MRN76956623,Ashley,Santos,2007-12-06,F,3667335370,M6K4G2,9054943615,English,N,2026-08-10 06:24:58
MRN92015823,Ana,O'Brien,1976-07-18,F,5385210744,M4C1E7,4372735837,English,N,2026-08-16 14:47:08
MRN35887509,Sandra,White,1974-05-29,F,0471436584,M6A6K9,3656404941,English,N,2026-08-07 15:16:59
MRN95846551,Jennifer,Zhang,1994-07-16,O,8148258869,M1N9K7,3652817466,English,N,2026-07-31 01:40:23
MRN67250913,Luc,Jackson,1960-04-15,M,8086806877,M2R2K2,9056433298,English,N,2026-08-31 12:51:07
MRN65325510,Chen,Campbell,1979-08-31,M,7605685507,M4H1X1,2893306991,English,N,2026-08-17 04:36:20
MRN30222386,Hassan,Martin,1978-01-05,M,3410046522,M4M5T2,6479892639,English,N,2026-08-19 02:00:46
MRN46587236,Raj,Stewart,1956-05-28,M,5509014857,M8W3B6,3659418416,English,N,2026-08-28 03:21:14
MRN33853991,Joseph,O'Brien,1979-05-28,M,8282554487,L6S8N0,9057866502,English,N,2026-07-12 22:13:27
MRN93648650,Steven,Silva,1959-10-03,M,0677251795,M5A8V5,3658815021,English,N,2026-08-18 05:03:09
MRN27448188,Fatima,Jackson,1935-10-20,F,0765451711,M1M1N2,3653093261,English,N,2026-08-20 01:09:35
MRN46663448,Raj,Fraser,1941-11-06,M,4757260841,M5A2A3,2894336079,English,N,2026-07-03 00:17:22
MRN98136211,Elizabeth,Chen,1969-06-30,F,3578771176,M4A7T2,6472652923,English,N,2026-07-09 05:48:58
MRN53921647,James,Ricci,1973-03-29,M,6086230866,M6J0J5,4163636662,English,N,2026-07-05 09:35:37
MRN31256545,Zara,Santos,1961-09-13,F,7000769765,M5N7B1,9058073041,English,N,2026-07-03 07:01:36
MRN47997229,George,Jackson,1992-08-06,M,5124577957,M5R5B5,6479159626,English,N,2025-07-24 20:01:34
MRN80140339,Luc,Adams,1973-08-20,M,6263227313,L4C0W5,2894464335,English,N,2026-07-22 13:06:13
MRN47821537,Matthew,Mensah,1960-07-18,M,0708786868,M5H6P8,3656984183,English,N,2026-07-03 14:12:46
MRN88813928,Susan,Chen,1996-09-19,F,0007569742,M8Y4G8,6479540214,English,N,2026-08-08 13:52:29
MRN33931726,Tomas,Tremblay,1954-12-24,M,5870459814,L5N5P2,3657443322,English,N,2026-07-11 05:02:04
MRN83717362,Jin,Martin,1970-01-13,M,0197065428,M5P0Z0,3658546143,English,N,2026-08-31 13:23:52
MRN79767153,Andrew,Gagnon,1990-03-23,M,4817340369,L4C6W9,2896587080,English,N,2026-08-21 20:16:56
MRN59765941,Thomas,Gagnon,1956-05-06,M,4981393269,L6A6W1,6476241674,English,N,2026-07-04 06:13:43
MRN62105370,Chen,Tremblay,2011-01-21,M,1537139188,M6L4W9,4378277406,English,N,2026-07-16 17:07:20
MRN71047225,Ivan,Young,1959-11-05,M,2392497687,L6S4P8,6476328836,English,N,2026-08-23 17:48:06
MRN94231924,Ling,O'Brien,1977-07-01,F,6973831081,L6H6C4,4379318248,English,N,2026-08-20 15:45:24
MRN55035675,Jessica,Wang,1984-12-15,F,5017208595,M3C2B3,3657551571,English,N,2026-08-13 08:20:25
MRN42478928,Joshua,Green,2003-12-20,M,7154858281,M5K1W7,4163147976,English,N,2026-08-23 07:38:59
MRN68664313,Karen,Singh,1990-03-03,F,6456474961,M5R8C9,2893565253,English,N,2026-07-21 04:10:06
MRN61305076,Chiara,O'Brien,1966-07-12,F,2945610315,M4J8W4,3653261946,English,N,2026-08-30 21:06:09
MRN91036778,Ashley,Sutherland,1974-06-22,F,8933039680,M4H1R0,6477115655,English,N,2026-07-30 01:11:07
MRN45203507,Priya,Ricci,1964-04-10,F,8554787138,M8W8P5,9057381404,English,N,2026-07-24 01:49:46
MRN82432175,Ana,Davis,1977-01-09,F,0993053552,M2M1J7,2893906210,English,N,2026-08-09 20:31:45
MRN21024964,Raj,Ross,1981-03-29,M,2579598240,L6R3T5,2895787297,English,N,2026-07-16 02:36:44
MRN13647501,Olga,Kumar,1966-07-01,F,0658135322,M5E0G1,9059165659,English,N,2026-07-23 10:29:21
MRN91310873,Karen,Carter,1974-07-29,F,8996364058,M1M9N6,3655395765,English,N,2026-08-04 11:08:08
MRN10032891,Robert,Ahmed,1956-07-23,M,8984752355,M4J4H2,2896109383,English,N,2026-07-30 10:06:17
MRN76125887,Ling,Garcia,1935-06-23,F,7254935575,M2J7M1,2894633936,English,N,2026-07-31 07:59:25
MRN84305991,Nadia,Moore,2002-06-23,F,6796029269,M3A1T3,4167106966,English,N,2026-07-16 00:48:49
MRN79579071,Lisa,Silva,1989-02-11,F,3836276703,M6M2G7,4375931111,English,N,2026-07-30 00:52:03
MRN90885507,Jennifer,Nelson,1979-01-17,F,2395132877,M6B0V5,3658450990,English,N,2026-08-01 19:32:37
MRN87707832,Amir,Moore,1996-04-27,M,5836355312,L4L8Z1,2897571736,English,N,2026-07-07 22:08:34
MRN89969310,Olga,Wright,1961-08-16,F,9041436750,M2J4T3,6478165775,English,N,2026-07-25 05:25:44
MRN40699212,Amanda,Ross,1968-03-29,F,6472598256,M9N9J0,4163407770,English,N,2026-07-12 20:58:40
MRN95197710,Sofia,Cote,1963-11-26,F,2727353738,M4C3E1,3659226118,English,N,2026-08-16 04:09:42
MRN41312865,Yusuf,Stewart,2026-05-18,M,8997194488,M9A2S5,4377271699,English,N,2026-07-09 07:58:45
MRN86126790,Chen,Patel,1934-01-27,M,6031289959,L6L2E0,6473901459,English,N,2026-08-07 04:36:42
MRN32455933,Olga,Tran,1982-03-03,F,2614017347,M9C2S8,6477787114,English,N,2026-08-03 14:12:07
MRN19242509,Jin,Osei,1989-05-06,M,4958050793,M3B0E0,6474921955,English,N,2025-07-18 02:05:48
MRN40450615,George,Jackson,1993-10-03,M,2438701530,M9L3T4,4378764595,English,N,2026-08-09 22:12:57
MRN32337926,Kevin,Williams,1932-02-13,M,8871420785,M5H3R8,4373245800,English,N,2026-08-19 13:21:49
MRN13464116,Amara,Allen,1946-03-05,F,5881838956,M1N9A1,3653129765,English,N,2026-07-05 05:30:11
MRN13832689,Daniel,Jones,1989-06-27,M,6260327066,M6K9Z8,9052063640,English,N,2026-07-30 05:38:10
MRN32884785,Ivan,Hernandez,1961-09-10,M,4240693327,M4J4W1,2893608924,English,N,2026-07-08 20:11:41
MRN25476500,Patricia,Osei,1986-03-21,F,0725388474,M5P6L7,4379511683,English,N,2026-07-13 23:26:31
MRN28350920,Kenneth,Allen,1982-05-20,M,8617715290,L6B9L5,2898366401,English,N,2026-07-21 10:09:27
MRN29833861,Andrew,Lopez,2000-03-20,M,7285942590,M4M6C0,4167335973,English,N,2026-08-09 00:46:49
MRN64184757,Melissa,Nguyen,1990-05-28,F,0533309530,M9L7C9,4373332794,English,N,2026-07-23 00:35:50
MRN12107964,Joseph,Wang,2004-06-05,M,2830218042,M1G1X2,9052537280,English,N,2026-07-05 05:31:36
MRN32923146,Tomas,Nowak,1969-06-17,M,8792249552,L6M9V2,4374408614,English,N,2026-07-29 21:18:51
MRN68265850,Ashley,Moore,1959-08-25,F,9883864986,M5K0N7,9055916715,English,N,2026-08-03 03:29:21
MRN98600401,Margaret,MacDonald,1961-03-14,F,1074460740,M1G6K3,6477050102,English,N,2026-08-31 19:26:55
MRN70208875,Linda,Robinson,1983-11-20,F,6454133296,M6L2Y6,4379749080,English,N,2026-08-24 14:52:07
MRN76659290,Nancy,Campbell,1966-04-12,F,0208319590,L5N7X3,2892532023,English,N,2026-08-08 11:58:52
MRN27624984,Elizabeth,Hassan,1980-12-16,F,4574089357,M5R2S2,9055690199,English,N,2026-08-22 12:29:05
MRN46789467,David,Wright,1987-10-06,M,8157404628,M1J9J3,6475988675,English,N,2026-07-23 03:53:39
MRN32500913,Sofia,Fraser,1961-09-23,F,2980641829,M8Y4G5,2898975982,English,N,2026-07-08 05:59:21
MRN91079663,Jessica,Cote,1977-03-18,F,3869651863,M6H3A8,9054771162,English,N,2026-07-07 09:39:17
MRN76490024,Claire,Young,1979-05-03,F,1489938868,M4E4M1,4374537734,English,N,2026-07-27 08:05:58
MRN41154020,Raj,Rodriguez,1972-01-02,M,2441034093,M2N3X6,4374858747,English,N,2026-07-30 06:02:27
MRN30565687,Sarah,Fraser,1986-07-17,F,3279390045,L6R1X0,4373774754,English,N,2026-07-12 06:36:02
MRN47588132,George,Garcia,1950-07-24,M,8483647767,M2K7G0,9059735757,English,N,2026-08-31 20:45:05
MRN46208703,Mohammed,Nguyen,1967-06-16,M,6283051198,L6C9C9,6473751716,English,N,2026-07-30 21:07:50
MRN19414917,Betty,Wilson,1967-08-27,F,6774604216,M6E8V9,4377230068,English,N,2026-08-22 00:00:28
MRN43699882,Daniel,Zhang,2006-03-10,M,9648971720,L6H7W4,9053245860,English,N,2026-07-16 18:08:27
MRN94987877,Mary,Sutherland,1989-07-10,F,4670323379,M1H7Y6,4375540581,English,N,2026-07-17 09:35:26
MRN15188530,Ingrid,Kelly,1951-02-03,F,3025634670,M8X3C3,4169468737,English,N,2026-08-16 20:40:08
MRN33541237,George,Osei,1950-03-04,M,0424754554,L5N5B8,4168179497,English,N,2026-07-07 20:16:12
MRN41359064,William,Williams,1926-11-15,M,5126396109,M2K4W6,3654956229,English,N,2026-08-17 09:38:10
MRN51141229,Michael,Sutherland,1994-02-17,M,6974580034,L6S2T5,9057752410,English,N,2026-07-24 07:06:05
MRN63174267,Marie,Green,1952-12-09,U,7759403673,L6A2Y9,3659178101,English,N,2026-08-03 11:26:05
MRN95887715,Ahmed,Hernandez,1966-02-02,M,0735100877,M1J3W6,9052295442,English,N,2026-07-25 05:15:03
MRN81138234,Mohammed,Wang,1935-12-23,M,6091263621,M6A8Y1,9053076805,English,N,2026-07-27 01:13:18
MRN32814995,Michelle,Hassan,1962-07-08,F,8790809985,M6C1H4,4169461721,English,N,2026-07-18 22:25:39
MRN64224517,Luc,White,1990-02-10,M,8906753812,M6E1V6,4165015722,English,N,2026-08-01 06:12:43
MRN14590860,Daniel,Mitchell,1967-02-26,M,9697526508,L6M8Y5,6474445077,English,N,2026-01-22 23:52:08
MRN63118598,Nancy,MacDonald,1970-04-18,F,3019563679,L6M2M2,4164051061,English,N,2026-08-17 21:22:18
MRN73734509,George,Martin,1982-06-09,M,6121250986,L4L5L8,9054852003,English,N,2026-08-05 05:10:17
MRN36291418,Michael,Allen,1965-01-13,M,9736573883,L6M9W3,6479658357,English,N,2026-07-08 15:34:34
MRN37468130,Diego,Hill,1944-09-20,M,8891602479,M6H0J6,4373909085,English,N,2026-08-14 11:58:23
MRN65964286,Sandra,Jackson,1959-08-05,F,1225485786,M6H5Z8,3653639237,English,N,2026-07-05 23:07:36
MRN41584533,Hassan,Murphy,1990-12-02,M,1498307212,M9L9M2,4163875736,English,N,2026-05-12 08:37:17
MRN46798796,Kevin,Nowak,1935-03-20,M,4048687877,M5G9N6,6478756823,English,N,2026-08-26 21:48:01
MRN12043802,Mary,Kim,2021-02-23,F,5519026842,M1M7P8,4164738097,English,N,2026-08-07 00:21:29
MRN13495211,Yusuf,Allen,2021-11-23,M,3403660610,M6C5X7,6478089704,English,N,2026-08-12 14:03:32
MRN24565001,Steven,Hassan,1984-01-21,M,3446766416,M5J7Y2,6476667282,English,N,2026-08-07 21:17:20
MRN74368242,Susan,Anderson,1992-10-22,F,2792070290,M9L4X1,9053384670,English,N,2026-08-17 01:13:12
MRN68381138,Emily,Roy,1987-09-28,F,6208426707,M1E1T6,4379228252,English,N,2026-07-22 13:34:44
MRN77466627,Mary,Kelly,1954-01-06,F,0015456213,M9L1C3,9052195586,English,N,2026-07-15 17:08:09
MRN11016841,David,Anderson,1961-11-12,M,1924803099,M1G8Z8,6478991408,English,N,2026-08-03 11:55:49
MRN34372590,Mei,Taylor,2000-02-11,F,8708439842,M5N5Z6,3657634930,English,N,2025-06-24 23:31:42
MRN46344732,Kenneth,Tremblay,1958-03-10,M,9569985352,M6G5K5,6472853055,English,N,2026-08-20 06:12:34
MRN98160040,Susan,Patel,1969-07-13,F,3611988878,M2M7R1,4165158888,English,N,2026-08-21 03:31:29
MRN85307596,Amanda,Rossi,1972-05-18,F,5926395079,M4C8C5,4167069824,English,N,2026-07-06 10:37:52
MRN29182485,Sofia,Nguyen,1985-08-20,F,9132001703,M2K1Z0,2894806545,English,N,2026-07-14 11:58:02
MRN44493842,Sofia,Harris,1940-07-19,F,9290238378,M5E8W4,4163907871,English,N,2026-08-02 03:27:19
MRN76800983,Matthew,Miller,1983-01-02,M,1811132834,L6J0C5,6472782218,English,N,2026-07-18 01:46:27
MRN87888652,Betty,Hernandez,1986-10-12,F,4575806551,L4J7Y6,9058814785,English,N,2026-08-15 21:32:40
MRN69048177,Hassan,Kowalski,1944-09-09,M,5521609908,M5R1H4,6476325368,English,N,2026-08-10 10:13:38
MRN52775162,Marie,Smith,1985-01-12,F,1942041805,M1J4L1,4168728321,English,N,2026-07-28 14:01:35
MRN49024972,Melissa,Zhang,1979-01-06,F,2196909259,L5N6Y6,9052717904,English,N,2026-08-06 04:41:20
MRN90944625,Joshua,Ali,1967-10-12,M,8272317838,M6H0P4,9056800687,English,N,2026-07-23 13:46:26
MRN37178773,Ling,Mensah,1928-08-05,F,5273569516,M8Y8M4,3657539494,English,N,2026-08-22 18:43:22
MRN36767481,James,Hill,1963-09-18,M,0918892696,M1H4J6,2895934448,English,N,2026-07-18 03:36:47
MRN27392636,Raj,White,1997-12-16,M,3171863628,M1M2X5,9059666616,English,N,2026-08-09 12:00:53
MRN90356743,Daniel,Ali,1991-01-14,M,5246126154,M5A6Y7,3657391793,English,N,2026-07-21 07:11:14
MRN70508598,Wei,Williams,1943-10-03,M,9242408616,L5A7T5,3656611432,English,N,2026-07-15 02:23:01
MRN35874233,Sofia,Walker,1975-12-22,F,7033648804,M1M6X9,3659289429,English,N,2026-07-20 02:33:00
MRN35025736,Ling,Anderson,2004-06-24,F,7540644924,L4C9Y3,4374866751,English,N,2026-08-05 17:58:49
MRN48711696,Mark,Harris,1998-06-22,M,5115076894,M4H9P6,4167466848,English,N,2026-07-17 18:39:53
MRN90786369,Jean,Lewis,1983-06-21,M,2160346025,L6L6G6,6475118337,English,N,2025-08-03 23:56:42
MRN72105281,Zara,Thomas,1975-12-04,F,0910263029,M6J5A6,3659284236,English,N,2026-07-24 09:22:44
MRN15998649,Matthew,Patel,1961-06-08,M,2738640537,M4C1Y7,2898914813,English,N,2026-07-08 03:22:40
MRN68796015,Jennifer,Mitchell,1959-05-25,F,9562121732,M3B1W3,9059069558,English,N,2026-07-07 03:24:33
MRN17521054,Betty,Nowak,1971-05-31,F,7086831141,M2R3H6,9053161937,English,N,2026-08-27 08:16:41
MRN83281970,Karen,Kumar,1960-12-09,F,2355405859,L6R6Z0,4378306511,English,N,2026-07-15 16:09:11
MRN50348859,Michelle,Osei,1934-12-28,F,6624808397,M3C3P6,9054284846,English,N,2026-08-06 00:51:47
MRN69634857,Mohammed,Martin,2017-01-03,M,1855987846,M3C5B8,6476712985,English,N,2026-07-31 05:34:31
MRN98557449,Steven,Santos,2018-09-08,M,5499208139,M8Y6T3,4376194452,English,N,2026-07-28 16:58:50
MRN45736747,Nikolai,Carter,1963-12-29,M,5272263434,M9C7W9,9056163038,English,N,2026-07-10 20:57:46
MRN38933547,Nadia,Garcia,1965-01-11,O,6684588855,M8X9Y5,9057866015,English,N,2026-07-26 18:48:25
MRN97017252,Jin,Scott,1961-06-21,M,3329053718,M9L1N9,2898661210,English,N,2026-08-27 13:17:07
MRN60938871,Jessica,Sutherland,1991-05-18,F,5453334806,M5J6V0,6477827477,English,N,2026-07-11 19:56:23
MRN98791510,Ahmed,Smith,1963-08-14,M,9705694926,M1L7P7,4164744644,English,N,2026-08-23 08:15:41
MRN47813658,Brian,Jones,1977-10-22,M,2581294937,M5J0M6,3657127338,English,N,2026-07-30 17:51:17
MRN73322337,Joshua,Young,1971-03-23,M,3816030708,L6B5T8,6473286070,English,N,2025-08-13 23:54:14
MRN34340342,Michael,Wright,1955-02-25,M,3940825767,M6G8P8,6479180482,English,N,2026-07-21 14:32:31
MRN76769248,Zara,Lee,1951-08-06,F,3582351775,M1E8X1,2893337085,English,N,2026-07-19 11:15:22
MRN99627796,Jean,Roy,1996-10-26,M,8645780704,M4C5N5,6479902404,English,N,2026-07-24 03:05:25
MRN10685093,Ivan,Tremblay,1996-03-25,M,9008564693,L6B2T4,2893186778,English,N,2026-08-07 09:19:58
MRN20956942,Ashley,Patel,1947-10-23,F,7550788876,M8W7A1,4168234300,English,N,2026-08-16 01:50:48
MRN34604112,Hiroshi,Campbell,1988-03-18,M,4282370727,M6A3A1,4164507785,English,N,2026-08-25 00:50:38
MRN85732357,Ivan,Ferreira,1992-05-03,M,4319141851,L4B7S5,4377500803,English,N,2026-08-15 14:12:24
MRN92991883,Karen,Bouchard,2019-12-17,F,0029355609,M5P2A9,2894213581,English,N,2026-08-23 22:27:07
MRN19663771,Karen,Wilson,2001-07-27,F,1224290104,M6G8Y7,4376156568,English,N,2026-07-20 16:39:05
MRN64068509,Daniel,Silva,1948-08-05,M,4670702994,M2H3T3,4164460029,English,N,2026-07-06 20:12:41
MRN59496464,Amanda,Hill,1985-02-13,F,5633085468,M9C3V4,9057787582,English,N,2026-07-22 07:59:01
MRN28114135,Elizabeth,Nowak,1927-03-24,F,6495100999,M6A4X7,9059284451,English,N,2025-12-09 01:05:13
MRN38983302,Aisha,Jones,1975-06-05,F,3706412321,M5H6Z5,3652268015,English,N,2026-07-04 06:22:36
MRN11572736,Sarah,Ross,1995-09-13,F,2536808880,M3A4G9,9053597140,English,N,2026-07-04 11:40:26
MRN87761777,Sofia,Ross,1927-09-07,F,4035821711,M2N1Z1,3659093094,English,N,2026-07-18 16:46:10
MRN86245650,Brian,Garcia,1926-11-19,M,7669279924,M1L0J7,4165266714,English,N,2026-07-13 02:52:13
MRN50081451,Daniel,Ricci,1972-11-13,M,9754802222,L4K0C7,4162364100,English,N,2026-07-30 03:40:20
MRN83976244,Ahmed,Adams,1982-02-02,M,4720554940,L6L7K0,3654065417,English,N,2026-07-28 08:19:38
MRN33532350,Priya,Carter,1965-09-17,F,6991078384,M5R1W4,4167103369,English,N,2026-08-27 13:11:41
MRN98096065,Jean,Gagnon,1985-12-22,M,7997474692,M5K2T3,4377964089,English,N,2026-07-26 14:44:25
MRN84279196,Kenneth,Osei,1976-12-16,M,4550348710,M6G5P2,4379508620,English,N,2026-08-26 18:29:04
MRN78344924,Steven,Nelson,1988-12-06,M,9731299914,M6M5L1,9058411905,English,N,2026-08-24 10:46:11
MRN61022569,Jessica,Zhang,1966-09-27,F,1056602186,M2M9B0,9059167872,English,N,2026-08-10 17:48:10
MRN67479196,Yuki,Hernandez,1984-02-29,F,9067499922,L4K9S5,9053528271,English,N,2026-08-31 12:54:05
MRN54326092,Jennifer,Anderson,1972-10-31,F,6589263372,M6G1E2,9057599279,English,N,2026-07-07 03:37:39
MRN64984968,Daniel,Bouchard,1960-01-19,M,3803088537,M1J2H0,4164298068,English,N,2026-07-06 07:19:20
MRN18427137,Thomas,Clark,1954-07-28,M,5584889488,M5J2V4,9053369059,English,N,2026-07-05 06:33:29
MRN83429617,Daniel,Patel,1963-02-15,M,4075099681,M1K9N4,9054771475,English,N,2026-07-04 16:52:41
MRN81495985,George,Miller,1952-09-15,M,5415323616,M6A5W4,3657354783,English,N,2026-07-26 00:22:12
MRN30841256,Richard,Taylor,2003-03-30,M,8679367907,M4B5A0,4372940749,English,N,2026-08-14 17:17:39
MRN54106359,Amir,Sutherland,1960-01-17,M,9538867442,L4J9X1,4163156321,English,N,2026-08-03 15:45:08
MRN99310058,Barbara,Mensah,1969-11-08,F,2759952696,M1H7R3,6478722875,English,N,2026-07-24 13:17:32
MRN58936298,Melissa,Kim,1962-08-25,F,6347124361,M1J3V1,9054687274,English,N,2026-08-30 19:01:24
MRN67688197,Raj,Wang,1987-11-19,M,5859439324,M3H7A0,2896038693,English,N,2026-04-03 19:32:38
MRN46434068,Patricia,Mitchell,1964-09-23,F,0157620642,M4C1S7,4375550554,English,N,2026-07-14 23:50:38
MRN64806871,Lisa,Murphy,2006-09-07,F,2005099599,M1J9S7,2896098951,English,N,2026-07-14 10:16:12
MRN60062936,Christopher,Martin,1993-05-09,M,5760832120,L4B0J6,4373777584,English,N,2026-07-29 13:23:30
MRN52524646,Mark,Santos,1962-01-02,M,9101175934,M5N6W7,9059848018,English,N,2026-08-21 21:10:30
MRN20646265,Emily,Harris,1969-07-21,F,4738465048,L4L9Z7,2894898372,English,N,2026-08-24 14:34:16
MRN74720879,Aisha,Gagnon,1968-07-12,F,5583298285,M8Y0E4,2898859746,English,N,2026-08-08 17:29:36
MRN99996890,Brian,Hill,1977-11-10,M,8779072969,L4C0C0,6474654240,English,N,2026-08-03 13:06:51
MRN25922063,Luc,Tremblay,1991-06-02,M,3473497000,M4G4W5,9056046246,English,N,2026-08-01 08:17:06
MRN29366969,Melissa,Lewis,1994-04-10,F,3957277589,L5A7K6,3656504525,English,N,2026-08-26 17:28:14
MRN91067530,Michael,Adams,1984-05-24,M,1039370190,M1B6X0,4167430037,English,N,2026-08-15 06:00:16
MRN53845410,Thomas,Campbell,1982-11-03,M,4069460444,M4J8H7,9056357834,English,N,2026-08-16 05:02:46
MRN67084519,Ivan,Tran,1938-09-24,M,1526787070,L4B4M7,3653638691,English,N,2026-07-07 20:36:05
MRN36591132,Ahmed,Nowak,2007-07-10,M,3869477509,M2M0V2,9059898436,English,N,2026-08-28 14:14:29
MRN58780388,Ahmed,Mitchell,2016-05-18,M,5698740940,M8W1A2,9052191078,English,N,2026-07-16 12:09:25
MRN56270487,Anthony,Thompson,1963-12-11,M,9332974121,M5K3G2,4164480000,English,N,2026-08-14 00:15:31
MRN66639296,Linda,King,1988-01-08,F,3938623711,M4K5G3,4166939453,English,N,2026-07-14 02:19:42
MRN81216559,Diego,Rossi,1970-04-10,M,5333507605,M3B5K0,4378121735,English,N,2026-08-20 02:09:18
MRN43884257,Betty,Wilson,1927-07-24,F,3974903019,M9M3W6,6474827024,English,N,2026-08-24 16:00:06
MRN13599399,Nikolai,Osei,1977-11-10,M,4530709668,L5N0W6,9052367082,English,N,2026-08-05 21:10:22
MRN93631078,Joshua,Adams,1981-09-18,M,8403413670,M4B1P7,2893968547,English,N,2026-07-10 05:57:22
MRN89790426,Chiara,O'Brien,1955-01-22,F,4135644492,L6L0A2,9052709887,English,N,2026-08-13 01:06:52
MRN64344934,Amara,Ricci,2010-11-05,F,8605961997,M8W6T2,6478941039,English,N,2026-07-30 04:00:57
MRN51076586,Ahmed,Roy,1941-06-17,M,9500612701,M4H6L6,2893531175,English,N,2026-08-17 16:56:58
MRN54565173,Melissa,Jackson,1972-10-24,F,0458114725,M9B7T2,3659857775,English,N,2026-07-18 00:38:30
MRN45736569,Tomas,Lewis,1945-02-08,M,9510455679,M2N7Z4,9054834368,English,N,2026-08-08 22:51:58
MRN64388539,Anthony,Hernandez,2004-10-13,M,8126290934,M6H2R6,6478140841,English,N,2026-07-10 23:27:33
MRN86003422,Chiara,Moore,1978-07-13,F,0768308520,M8W5E2,2899573350,English,N,2026-08-19 01:10:16
MRN82429790,Ivan,Mitchell,1952-09-10,M,2932788645,M4E6Z0,3653631774,English,N,2026-08-16 21:49:22
MRN67351316,Nancy,Ahmed,2000-10-17,F,9158777632,L6J2M0,4169354928,English,N,2026-08-17 23:43:39
MRN98128873,Yusuf,Adams,1975-01-27,M,7411648467,M6J4W9,2897455332,English,N,2026-08-06 23:27:44
MRN41663733,Tomas,Moore,1974-07-08,M,5809857401,M4B2L6,4162504731,English,N,2026-08-25 11:08:54
MRN49118013,Christopher,Garcia,1951-05-13,M,7010385875,M2J5A9,4168248246,English,N,2026-08-14 18:05:59
MRN19952809,Sarah,Green,2023-11-16,F,8521805658,L5B5Y9,4372296592,English,N,2026-07-06 09:36:29
MRN21583115,Fatima,Nguyen,1973-06-09,F,1105971897,L4B8H0,4167682495,English,N,2026-08-29 08:35:51
MRN64987764,Diego,Kumar,1987-10-02,M,4151610914,M4J1P0,4164404056,English,N,2026-08-10 05:57:27
MRN80509996,Chiara,Young,1981-12-07,F,4644460539,M5J6L7,3654130873,English,N,2026-08-24 03:50:48
MRN26957964,Mei,Khan,2005-03-16,F,2371003563,M1H0R2,9052992558,English,N,2026-07-07 04:19:22
MRN93281350,George,Wang,1996-08-10,M,0639505122,M9M5Z0,2895779451,English,N,2026-08-18 22:04:47
MRN34414466,Joshua,Williams,1963-03-29,M,5230058181,M6A9W9,3655624926,English,N,2026-07-08 04:40:06
MRN54409488,Nancy,Patel,1969-01-01,F,3291052631,M4A7C5,2896823453,English,N,2026-08-30 08:55:52
MRN65011477,Kevin,Garcia,1950-09-23,M,4342641042,M5H8L6,9059662990,English,N,2026-08-05 05:12:27
MRN33053100,Jin,Campbell,1979-10-01,M,5785922070,M6G1G9,9057028238,English,N,2026-08-23 05:34:11
MRN94524748,Jessica,Davis,1988-11-25,F,6498800546,M6M7N0,9053414799,English,N,2026-08-02 04:45:46
MRN76326608,Nancy,Davis,1970-08-02,F,3713592057,M1L4P9,6475381875,English,N,2026-07-31 19:19:56
MRN64598717,Ivan,Carter,1974-02-14,M,6651045434,M5A1N2,6478314474,English,N,2026-07-10 09:46:42
MRN67567628,Jessica,Hill,1990-09-10,PNTS,1019681194,L4B7P8,4377244432,English,N,2026-08-31 21:50:34
MRN18530360,Claire,Martin,1993-09-28,F,6398061421,M9L5H8,9057733518,English,N,2026-08-19 11:11:36
MRN24591090,Mark,Wang,1976-06-06,M,0270448632,M5G4N9,3658168862,English,N,2026-08-24 17:02:13
MRN43502757,Kevin,Gonzalez,1966-01-18,M,7043261051,M2J5W0,2898603853,English,N,2026-07-28 11:19:33
MRN36625323,Melissa,Hill,1945-12-02,F,8537298955,L6C8V0,4379029955,English,N,2026-07-07 12:10:50
MRN61232089,Nancy,Mensah,2000-09-30,F,7986488984,L4J4V3,4168994549,English,N,2026-08-14 11:34:55
MRN69605043,Emily,Miller,1965-05-20,F,4276522150,M2R6J5,2892895102,English,N,2026-08-19 07:42:11
MRN63333585,Ashley,Sutherland,2005-10-08,F,5125224484,M6A0N5,3652516681,English,N,2026-03-05 00:00:56
MRN15385900,Kevin,Kelly,1961-11-15,M,5034534684,M9L7L8,3656909431,English,N,2026-08-12 13:09:07
MRN59639722,Ling,Khan,1986-06-10,F,2231728904,M2M7Z6,2893961252,English,N,2026-07-13 23:10:04
MRN19199232,Chiara,Moore,1995-02-08,F,0291467066,M1L7K5,4164532543,English,N,2026-03-02 20:06:11
MRN81230117,Anthony,Singh,1977-09-30,M,2457744718,L6H1L5,6475325730,English,N,2026-10-13 19:57:43
MRN65860947,Michael,Walker,1988-08-16,M,2003164742,L5C2B4,6475470742,English,N,2026-07-13 16:49:03
MRN89035288,Jin,Kowalski,1927-02-20,M,2355422540,M2H0W2,4166486744,English,N,2025-10-12 21:20:56
MRN73166497,Robert,Ricci,1971-10-11,M,8728812556,M6K4E4,6476061049,English,N,2026-08-17 07:20:00
MRN23505078,Kevin,Murphy,1980-06-05,M,7669928934,M1N2R2,6476127458,English,N,2026-08-18 18:24:37
MRN25776410,Claire,Carter,1998-03-26,F,5481067220,M1L1P2,6473073336,English,N,2026-08-11 18:13:15
MRN63590018,Tomas,Wilson,1992-09-17,M,1623762372,M6M2E5,9052235573,English,N,2026-07-18 00:55:19
MRN76508431,Amir,Sutherland,1983-11-24,M,8500804359,M9A6H5,9055101467,English,N,2026-08-15 10:03:39
MRN16233308,Margaret,Miller,1978-03-12,F,3047687268,M5B8P2,3655835396,English,N,2026-08-28 18:24:59
MRN69300907,Betty,Allen,1934-12-05,F,6928989562,M9N1C0,4166714123,English,N,2026-07-20 08:12:30
MRN52606818,Sofia,Silva,2001-10-12,F,3181912456,M4H6J2,2896714387,English,N,2026-08-05 14:19:33
MRN87753311,Elizabeth,Gagnon,1977-10-19,F,9791264543,M9L2H8,3657696071,English,N,2026-08-16 04:22:24
MRN32244132,William,Wright,1978-08-17,M,3919903991,M4M2C8,4163409558,English,N,2026-08-19 19:52:36
MRN89721151,Yuki,Lewis,1953-10-18,F,9721929264,L6L5C2,9054957151,English,N,2026-08-31 15:57:03
MRN11092876,Sarah,Tran,1973-02-27,F,4006212437,L5C8L8,4162282113,English,N,2026-08-05 11:37:50
MRN12768998,Mei,Ferreira,1934-04-19,F,6252591323,M6G0H6,3653344183,English,N,2026-07-24 10:39:02
MRN15121125,Ahmed,Miller,1949-07-17,M,0327535654,M3A9N3,4375256199,English,N,2026-08-28 10:20:49
MRN66874451,Yusuf,Adams,1974-12-13,M,5535665813,L5A0G2,6479160317,English,N,2026-07-23 09:35:00
MRN18472224,Chen,Robinson,1967-08-27,M,6547861119,M4J3E2,4376399857,English,N,2026-08-02 15:01:58
MRN54741618,Nadia,Ricci,2004-03-08,F,5342921086,M4B7T2,9057562525,English,N,2026-07-20 06:42:27
MRN73911688,Thomas,Li,2013-08-02,M,7789166860,M2R6K5,4168215211,English,N,2026-08-04 19:13:33
MRN26816632,Kenneth,Wright,1952-02-22,NB,1647122520,M3B2X0,6476353566,English,N,2026-08-17 10:52:25
MRN12746487,Thomas,Silva,1955-01-27,M,5536144784,M4C2X0,3652436882,English,N,2026-07-04 01:23:38
MRN60101643,Kevin,Okafor,1972-10-12,M,1103716039,L6S0E9,2897248320,English,N,2026-08-22 01:31:46
MRN88728114,Steven,Singh,1943-05-24,M,7309239163,M2J7A6,4372611792,English,N,2026-07-24 09:24:48
MRN60251970,Sarah,Ferreira,1987-06-02,F,4068490236,M6M9C8,4165013393,English,N,2026-08-17 02:25:17
MRN96373273,Ahmed,Park,1943-02-04,M,8585776613,L6S3V4,6475160056,English,N,2026-03-23 07:42:43
MRN25846044,Hassan,Gonzalez,2026-08-01,M,0458309960,M8Y7W6,9059629938,English,N,2026-07-04 05:52:40
MRN85938514,Chen,Ricci,1983-06-19,M,8991188106,M4K2V0,4374394319,English,N,2026-08-20 17:49:45
MRN60522158,Richard,Carter,1943-07-15,M,1523112876,M1G7T5,4166665894,English,N,2026-07-28 02:57:56
MRN21694411,Linda,Osei,1941-06-19,F,0310441324,M9B2W7,2892400463,English,N,2026-08-16 02:52:29
MRN40885642,Emily,Khan,1991-12-08,F,2216879698,M6M4Z1,2896051821,English,N,2026-08-03 07:04:35
MRN31895114,Matthew,Rossi,1999-09-04,M,2990545259,L4B4M3,9059291472,English,N,2026-08-18 15:48:21
MRN80654824,Lisa,Wilson,1984-05-17,F,7331084660,L5C3S0,3654443920,English,N,2026-08-10 07:31:54
MRN37413342,Mohammed,Li,1964-10-15,M,9862148161,M3A3E6,4162458850,English,N,2026-07-22 03:09:18
MRN53404486,Joseph,Park,2012-12-24,M,9699844719,M4G2H6,9056380634,English,N,2026-07-13 06:41:35
MRN91446231,Susan,Hill,1984-09-30,F,4930807344,L6H5J1,4376353179,English,N,2026-07-03 15:36:48
MRN86212851,Hassan,Garcia,1980-06-18,M,6483936974,L5B4H4,6475679653,English,N,2026-07-09 14:17:00
MRN56474548,Ashley,Zhang,1991-10-29,F,6961806327,M4G6H6,9053880516,English,N,2026-07-21 03:05:03
MRN31548489,Ana,Park,1973-07-30,F,6684561431,M2R9B2,3657876709,English,N,2026-07-20 08:45:55
MRN35277495,Steven,Kim,1991-04-09,M,7524207094,L6P8A9,4164353732,English,N,2026-08-22 09:26:08
MRN42237003,Diego,Williams,1965-08-27,M,0734076375,M1E7N7,4379994415,English,N,2026-08-26 17:43:20
MRN38921283,Ana,Wilson,1991-01-19,F,2532479777,M9M8Y1,3652707491,English,N,2026-07-15 03:48:34
MRN14461376,Diego,Young,1986-10-14,M,3279108231,M3H2P8,2898022949,English,N,2026-07-04 07:11:48
MRN64044939,Chiara,Adams,1958-07-13,F,8126449522,M1B7T5,3659093913,English,N,2026-08-31 23:57:45
MRN79249210,Chiara,Allen,1975-02-23,F,9911935253,M6G5B8,4375633056,English,N,2026-07-13 07:59:12
MRN35777711,Robert,Martin,1986-03-19,M,9842323223,L5B7Y7,6474058766,English,N,2026-07-07 01:00:30
MRN11103182,Margaret,Li,1952-11-17,F,1080804964,M1B9K1,3656533973,English,N,2025-06-07 09:07:41
MRN36601702,Ahmed,Silva,1959-10-20,M,1831056880,M8W7G1,4164437614,English,N,2026-08-17 01:28:31
MRN27422568,Hiroshi,Sutherland,2005-08-19,M,9259745702,M2J5R9,2893747642,English,N,2026-08-18 06:32:10
MRN53870753,Nadia,Young,2000-03-27,F,6034989480,M9M2B7,6472971150,English,N,2025-11-04 07:55:02
MRN48659060,George,Gagnon,1952-12-03,M,8295674355,M1B4W6,6476804569,English,N,2026-08-16 23:11:12
MRN85255111,Steven,Rodriguez,2021-03-06,M,2946739949,M4J7M2,2893765401,English,N,2026-07-23 08:04:41
MRN76960520,Amara,Young,1964-02-14,O,0284553088,M2K2K2,2896895357,English,N,2026-08-02 20:25:46
MRN48628161,Priya,Chen,1950-06-01,F,6393473175,M6G3M0,3653133444,English,N,2026-07-15 21:14:30
MRN11571146,Nikolai,Ricci,1983-04-09,M,0836856799,M4G7R0,4162656541,English,N,2026-08-09 02:01:57
MRN14836928,Olga,Anderson,1993-10-08,F,6965157529,L6J5M3,4377337317,English,N,2026-08-13 04:46:19
MRN73558183,Ingrid,Harris,1984-06-24,F,4935742348,M3C1K2,4373826198,English,N,2026-07-22 05:14:51
MRN17473500,Wei,Wilson,2003-06-09,M,2885649000,M2M3X7,4166427956,English,N,2026-08-19 08:56:26
MRN56024467,Barbara,Robinson,1988-09-16,F,2635497213,M6L0C4,2897001780,English,N,2026-07-30 03:50:09
MRN61191842,Margaret,White,1964-12-12,F,5274303196,M4C7R3,6478690123,English,N,2026-07-11 08:30:28
MRN86491444,Kevin,Thomas,1932-05-12,M,5026190180,M1L4K9,6472511206,English,N,2026-08-31 00:30:37
MRN93355476,Thomas,O'Brien,1966-11-03,M,6350489172,M4L2T8,2899786581,English,N,2026-08-30 06:37:08
MRN20719548,Elizabeth,Roy,1982-09-08,NB,4230513519,M1M3J0,4164967922,English,N,2026-08-26 21:39:13
MRN10582700,Marie,Lewis,1977-08-29,F,2545685428,M5G7C7,6476424335,English,N,2026-08-24 20:18:41
MRN54314055,Kenneth,Jackson,1956-01-27,M,3280636139,M4G6R9,4167678202,English,N,2026-08-23 18:49:42
MRN12340502,Barbara,Taylor,1978-10-09,F,4210492502,L6J3Z0,3657722124,English,N,2026-08-31 21:13:13
MRN61218246,Michelle,Kim,2026-02-04,F,8998848587,L5B3B2,4378636866,English,N,2026-07-28 12:47:57
MRN82141021,Aisha,Clark,1957-06-23,F,8471377633,M6K8L5,3659181954,English,N,2026-07-17 13:45:16
MRN56959171,Hiroshi,MacDonald,2017-12-01,M,6202797178,L6S1V1,9056371029,English,N,2026-07-30 00:13:25
MRN15775144,Fatima,Nelson,1933-01-11,F,4873607552,M6H1B0,3656114196,English,N,2026-07-23 23:50:53
MRN27662561,Marie,Carter,1985-05-25,F,9595789588,L4C8E6,6479871478,English,N,2026-07-12 14:49:51
MRN46640170,Raj,Green,1998-05-30,M,7431239396,M6L0J3,2898170530,English,N,2026-07-19 18:05:05
MRN84785132,Hassan,Ali,1973-03-27,M,9162580915,M2M3K6,9055109495,English,N,2026-08-25 11:48:44
MRN19661608,Amanda,Lee,1960-06-23,F,2796689657,M1K5Y7,2899408035,English,N,2026-08-10 21:03:36
MRN60136392,Jin,Roy,1986-08-03,M,9786490178,M3B7V2,6478627344,English,N,2026-08-21 20:41:46
MRN15872875,Hassan,Bouchard,1954-03-30,M,2206144038,M2H2G4,4372065739,English,N,2026-08-06 18:05:44
MRN53868482,William,Scott,2007-07-05,M,7943698410,M5A6E6,4379016303,English,N,2026-08-09 22:31:10
MRN36862326,Nadia,Moore,1982-12-07,F,9428021993,M5B2W5,2898546097,English,N,2026-07-24 07:54:28
MRN41028376,Michelle,Martinez,1995-03-13,F,8619996740,M8W0S5,4166440530,English,N,2026-07-10 13:32:45
MRN69432905,Margaret,Mensah,1929-08-02,F,2745434635,M2J1P4,2893365615,English,N,2026-07-25 02:12:11
MRN33059804,Richard,Scott,1979-02-28,M,0859921223,M5B9V6,9053964985,English,N,2026-08-10 03:22:54
MRN95026120,Fatima,Okafor,1947-12-15,F,3763917220,L6J0S6,4167319547,English,N,2026-08-14 17:37:33
MRN26671016,Joshua,Mensah,1940-07-07,M,4273888737,M4A6N1,6473060750,English,N,2026-07-09 01:43:12
MRN29952659,Michael,Kelly,1931-04-24,M,3731567230,M6K9X5,3652464011,English,N,2026-07-06 00:47:12
MRN80686543,Robert,Mitchell,1927-06-27,M,7467546524,M6C8N4,2892685464,English,N,2026-08-05 17:14:28
MRN73651678,Barbara,Allen,1982-09-16,F,2058088788,L6C6H0,4168518103,English,N,2026-08-29 18:36:29
MRN67820113,Michelle,Kelly,2008-08-31,F,6892987626,M4C3P1,9059584087,English,N,2026-08-06 19:24:52
MRN77623609,Nancy,Kumar,1978-07-31,F,0383494978,L5N6W5,3654125064,English,N,2026-07-18 05:26:12
MRN23057001,Olga,Smith,1974-12-28,F,1938962196,M4L7R3,9055102140,English,N,2026-07-10 19:55:03
MRN91995412,Christopher,Singh,1975-11-11,M,6459233158,M4A5J0,4376520737,English,N,2026-08-04 18:02:48
MRN80353928,Ivan,Anderson,1968-11-22,M,2353884246,L5B5V3,4377883051,English,N,2026-08-25 01:27:53
MRN67418313,Marie,King,1994-05-08,F,4922522109,M1J5P5,3653673797,English,N,2026-07-24 16:58:42
MRN98685061,Jean,Wang,1957-01-04,M,3273171060,M5R7Y5,4166083998,English,N,2026-08-27 20:19:11
MRN87828459,Susan,Kumar,1978-09-20,F,4720731480,M1J1L3,4373208113,English,N,2026-08-20 19:13:25
MRN47441086,Robert,Gagnon,1958-12-30,M,3996920140,M6A8X8,2899828812,English,N,2026-08-07 22:45:35
MRN95898799,Amir,Zhang,1967-07-05,M,3574166355,M8W2Y5,6476316189,English,N,2026-08-28 16:27:46
MRN71429072,Nancy,Lewis,1955-05-03,F,8102973461,L6R9R9,6479924471,English,N,2026-07-30 09:46:34
MRN60540644,Sandra,Kumar,1970-04-25,F,7569222743,M5P7E4,2895748216,English,N,2026-08-06 19:52:46
MRN46499548,Fatima,Nowak,2002-05-16,F,5235245387,M2M5R6,2898645261,English,N,2026-07-28 00:52:44
MRN89663500,Nadia,Taylor,1961-04-03,U,7292948481,M9A9T8,6478304660,English,N,2026-08-29 00:26:08
MRN75056349,Raj,Wang,2011-10-22,M,0711727438,M8X8L7,3653115019,English,N,2026-07-28 15:12:52
MRN85969421,Brian,Jackson,1984-08-18,M,8719525266,M5R1H7,4166950860,English,N,2026-08-23 10:49:40
MRN58057985,Anthony,Lewis,1983-04-21,M,8806290121,M5G3M8,6476967268,English,N,2026-07-12 07:40:48
MRN41124451,Emily,Ahmed,1950-08-06,F,0965391873,M5H7E5,9056285546,English,N,2026-08-03 15:41:00
MRN51536802,Nikolai,Mitchell,1958-10-16,M,2017076262,L4B3Z0,9059429004,English,N,2026-08-02 11:04:38
MRN40468463,Omar,Thompson,1957-06-07,M,6281374634,L6R3S3,9056642202,English,N,2026-08-11 23:28:40
MRN41596110,Tomas,Zhang,1963-07-14,M,5645537563,M4C3G6,3657515346,English,N,2026-08-07 10:56:15
MRN97808805,Amir,Lee,1958-10-04,M,5050020550,M9N3H0,9054662566,English,N,2026-08-01 00:30:27
MRN70312461,Sandra,Li,2011-10-10,F,5532467221,M4A4L4,2899908469,English,N,2026-07-13 18:17:05
MRN16898323,Ana,Lewis,1972-03-02,F,4087244697,L5C1K8,9058062368,English,N,2025-08-09 15:56:40
MRN60151210,Olga,Garcia,1983-02-01,F,4294960812,M9A8Z5,9055018359,English,N,2026-07-03 12:55:48
MRN18533885,David,Ricci,1983-08-15,M,6646205143,M6L0R3,3654758032,English,N,2026-07-06 10:16:10
MRN18361457,Luc,Osei,1966-07-20,M,7305719531,M5N7Z2,2899228669,English,N,2026-08-16 15:47:52
MRN29789190,Kenneth,Patel,2013-01-01,M,9605570911,L4C0N7,9058584451,English,N,2026-07-26 00:49:37
MRN45904762,Ivan,Harris,1967-12-10,M,9920783785,M1J3H8,4168807952,English,N,2026-07-26 15:29:27
MRN66091400,Priya,Miller,1977-06-03,F,4320198700,M6G8B1,9057402978,English,N,2026-07-15 15:04:42
MRN17897763,Patricia,Thompson,1969-12-16,F,2843443314,L5B2J5,2899877398,English,N,2026-08-28 01:21:52
MRN99674774,Sofia,Garcia,1983-02-15,F,5836016765,L6L0W1,4378483117,English,N,2026-07-06 06:10:29
MRN99014401,Ivan,Smith,1950-01-08,M,9639989277,M2K7T0,6477641355,English,N,2026-08-19 07:54:29
MRN22975273,George,Lee,1983-06-11,M,4460100102,L6S6G1,3659991673,English,N,2026-08-08 13:15:27
MRN58308039,James,Khan,1963-07-19,M,9897876901,M1E1X5,4163086266,English,N,2026-07-22 23:55:02
MRN33575137,Tomas,Nelson,1984-09-13,M,7354460243,M6B8R0,6474797224,English,N,2026-07-19 06:19:17
MRN40923263,Tomas,Gagnon,1992-03-06,M,8172898010,M1B3X2,3659962220,English,N,2026-08-04 04:36:35
MRN31846465,Zara,Baker,1949-01-08,F,0024625824,M1K7P0,6474706205,English,N,2026-08-07 00:19:19
MRN39037609,William,Campbell,2019-06-09,M,6709525262,M3C6X5,6479958256,English,N,2026-07-07 15:12:13
MRN26614470,Mohammed,Carter,1944-11-17,M,5866586612,M4M2W9,3652239063,English,N,2026-08-09 12:13:48
MRN43453986,Marie,Okafor,1954-05-16,F,3735017216,M9M5Y5,2893679716,English,N,2026-08-20 06:27:10
MRN50325239,David,Garcia,1950-03-25,M,4068521337,L6P7A3,3656165397,English,N,2026-08-09 02:31:46
MRN23158832,Pedro,Johnson,2006-05-20,M,2284927213,M3A2L7,2896683533,English,N,2026-08-13 06:44:41
MRN50648265,Priya,Singh,1961-11-21,F,1914660327,M4A5T7,4379185774,English,N,2026-07-22 02:51:55
MRN89949050,Emily,Silva,1958-11-03,F,0570257147,M5B5N7,3657226286,English,N,2026-08-22 16:22:12
MRN85218936,Steven,Williams,1985-01-16,M,0408055218,M4H9R2,6477590755,English,N,2026-08-25 07:53:24
MRN70067009,Anthony,Stewart,1961-10-14,M,6975368611,M4B6L6,3654082566,English,N,2026-08-07 18:02:37
MRN52428958,Christopher,Cote,1962-01-27,M,5358825718,M1M4G5,4168584020,English,N,2026-08-22 04:56:44
MRN12534155,Elizabeth,Mensah,1980-03-14,F,3007655560,M8W1A8,4379847643,English,N,2026-08-01 08:51:13
MRN67813848,Ling,Gagnon,1991-07-16,F,2744755535,M4M8B1,6477164948,English,N,2026-08-17 21:19:07
MRN95990376,Elizabeth,Kelly,1995-01-19,F,9805693372,M5A8Z6,6475569918,English,N,2026-07-28 23:28:21
MRN62150414,Robert,Ali,1986-03-29,M,6521331667,L6S2H2,4375758836,English,N,2026-08-03 06:58:30
MRN81572676,Sandra,Hernandez,1956-11-03,F,7237145813,M6H5G8,4165046347,English,N,2026-07-16 21:17:20
MRN65344689,Michael,Hassan,1927-06-18,M,8933703004,M1B5K3,2892649635,English,N,2026-08-20 21:54:31
MRN17527232,Andrew,Scott,1979-11-06,M,4247811096,L4K4Y3,6472876642,English,N,2026-08-14 00:52:07
MRN14709433,Joshua,Lopez,1978-11-02,M,8808509114,L4B4V0,4378421714,English,N,2026-08-25 04:49:47
MRN15291730,Sofia,Baker,1967-10-11,F,8470765473,L5B2L8,9055323146,English,N,2026-07-24 06:22:53
MRN67762145,Ashley,Ross,1975-06-08,F,3604455414,M6B3H4,9052488723,English,N,2026-08-24 22:09:38
MRN88194997,Michael,Mensah,1952-08-06,M,9590928629,M1E4Z6,3659040376,English,N,2026-08-22 15:12:21
MRN27024965,Claire,Moore,1983-01-23,F,9614506658,M2J3G2,3657389642,English,N,2026-07-15 03:54:05
MRN98595537,Sofia,Thompson,1959-02-20,F,2130445907,M1C5J8,3654380372,English,N,2026-08-08 21:38:44
MRN56583169,Ashley,Campbell,1987-07-14,F,3433721655,M2R2B3,6475766251,English,N,2026-08-01 15:58:24
MRN88024865,Brian,Murphy,1977-08-23,M,9360009782,M9M5Y3,2893538473,English,N,2026-08-13 17:18:53
MRN89647898,Claire,Anderson,1949-11-05,F,0379296171,L6G3X3,3657838584,English,N,2026-08-19 13:48:23
MRN46414113,Zara,Young,1993-07-24,F,7852599120,M4M0S6,2896661373,English,N,2026-08-11 17:30:23
MRN48584220,Ashley,Carter,1939-08-15,F,9573516524,L6S0A4,4168635478,English,N,2026-07-29 02:14:02
MRN93665275,Kevin,Martin,1969-08-14,M,4812229179,M5G1Y6,2896551754,English,N,2026-03-10 22:50:10
MRN59016967,Susan,Martinez,1967-06-05,F,9775836977,M5G7R4,3657078431,English,N,2026-08-09 17:37:23
MRN92049010,Jin,Walker,1961-01-13,M,0370404055,M5R5K1,6473035115,English,N,2026-08-05 02:03:44
MRN53747381,Susan,King,2011-04-19,F,4869720906,M6K2C7,4378574507,English,N,2026-08-21 16:23:16
MRN31950866,Chen,Singh,1973-11-07,M,6241957833,L4J7K3,4378202952,English,N,2026-04-13 15:28:37
MRN35092507,Kenneth,Ross,1980-01-17,M,5641146898,L6G5M8,4164846940,English,N,2026-07-07 06:45:12
MRN76422410,Mary,Hill,1980-06-17,F,1893859312,M5A2E4,4166409465,English,N,2025-06-12 20:50:28
MRN46981502,Amanda,Murphy,1979-05-21,F,7894604383,L5B1A0,6472827652,English,N,2026-07-03 14:07:30
MRN96914102,Omar,Li,1978-01-24,M,2350555021,M9L1V6,6479282546,English,N,2026-07-06 00:49:54
MRN98574854,Sarah,Hernandez,2008-07-13,F,9535886874,M3A5P8,2898173970,English,N,2026-07-25 19:53:23
MRN61327168,Omar,Campbell,1999-02-06,M,4562627051,M1G4L2,3657255304,English,N,2026-08-07 13:33:53
MRN61894208,Ingrid,Santos,2009-06-21,F,7192813835,L5C5Y7,3656766463,English,N,2026-07-29 20:17:11
MRN60978205,Tomas,Ferreira,1998-08-06,M,0286261466,M4C8L6,4374675215,English,N,2026-03-29 01:57:05
MRN58534729,Pedro,Adams,1981-12-13,M,6695141124,L4L8J8,4162366918,English,N,2026-04-06 16:21:27
MRN87804124,Lisa,Garcia,1997-11-01,F,4413830748,L6B0R2,2898432279,English,N,2026-07-20 22:17:00
MRN70990560,Tomas,Williams,1975-05-17,M,7843516910,M4K8M2,6476878660,English,N,2026-07-29 10:56:15
MRN40147643,Olga,Wilson,1990-04-09,F,1115606541,L4J3A1,3655386123,English,N,2026-07-28 23:09:55
MRN17285722,Nadia,Sutherland,1960-02-26,F,2155955533,L6P2T0,9059718480,English,N,2026-08-04 20:53:13
MRN35222819,Christopher,Allen,1954-11-29,M,0318475720,M4L5R4,4162641632,English,N,2026-07-18 01:44:27
MRN63717894,Ana,Tran,1997-03-07,2,6789381859,m5n5e9,416-840-2161,English,N,2026-07-05 19:36:37
MRN95038429,Priya,Lee,1981-07-10,2,3518397744,M9N7E9,647-893-2200,Spanish,N,2026-08-23 00:52:41
MRN83832174,Tomas,Ricci,2001-01-13,1,4156467799,M3C2T8,3657746381,English,N,2026-08-03 16:02:24
MRN58150684,Jin,  Brown  ,1979-07-17,1,8254722047,M4A1G4,905-930-7587,English,N,2026-08-06 09:19:45
MRN49330463,Sandra,Stewart,1991-06-08,2,3696838287,M2N0G0,3656530925,English,N,2026-08-12 14:55:15
MRN72252090,Raj,Ricci,,1,,M4E0X7,2894255964,English,N,2026-08-22 00:45:26
MRN97436979,Ana,  Mensah  ,1991-06-22,2,0151458353,M6E6L7,3656617355,English,N,2026-08-28 00:39:58
MRN72118136,Priya,Santos,1956-07-05,2,3566436048,L6S4G5,(905) 675-1707,English,N,2025-08-16 12:52:02
MRN59573095,Steven,Bouchard,1955-01-13,1,8854214940,M5R2H7,(365) 727-3080,English,N,2026-08-11 05:03:56
MRN60858233,Matthew,Hill,1963-05-01,1,4205743877,L6J 3R7,4379123348,English,N,2026-08-05 08:15:25
MRN42006493,Nancy,Martinez,1964-03-09,2,7310359869,L4B,(905) 922-3131,Spanish,N,2026-07-06 16:06:06
MRN35507768,Anthony,Fraser,1980-04-22,1,6421519239,M4G4C61,4378908278,English,N,2026-07-17 07:47:16
MRN77472253,Amara,King,1975-10-10,2,3247302478,L5B 5A2,,English,N,2026-07-18 23:37:02
MRN57290372,Aisha,Stewart,2005-12-22,2,4742754676,M5B1E6,(365) 463-7698,Punjabi,N,2026-07-23 08:29:24
MRN47488350,Betty,Allen,1976-01-06,2,3165945977,L6J1N8,9053692158,French,N,2026-08-14 06:47:31
MRN55483248,Joseph,Jones,1958-04-27,1,5421714808,L5A 5Z6,(416) 794-6542,Spanish,N,2026-05-07 19:40:31
MRN42075596,William,king,1973-02-21,1,4465513622,M6M3P7,(365) 208-5898,Spanish,N,2026-08-15 10:35:58
MRN68616682,Jena,Jackson,1989-03-08,1,1488469956,M8X0T3,(647) 348-2041,English,N,2025-06-13 20:14:28
MRN83955438,Margaret,MacDonald,1984-07-16,2,4612188500,M6M5X2,647-961-8282,English,N,2026-07-23 12:01:01
MRN34409358,Daniel,Kelly,1965-09-12,1,8554952773,M5N3C3,(416) 973-4085,English,N,2026-07-31 03:19:07
MRN54262746,Richard,Ahmed,2002-07-14,1,2018092490,M1B8S1,,English,N,2026-07-29 09:36:41
MRN19539231,Aanda,Martin,1987-08-05,2,5407445690,M1G6M8,(289) 877-6649,English,N,2026-08-21 18:54:28
MRN45193366,Linda,O'Brien,1992-06-04,2,9033711400,M4G 5X1,905-562-8097,English,N,2026-07-06 01:51:53
MRN12381316,David,Rodriguez,1932-04-21,1,4294556990,L6J9S6,,Arabic,N,2026-08-26 07:48:42
MRN52871696,Anthoyn,Anderson,1979-07-24,1,1564110748,M8V 0M9,,French,N,2026-07-05 16:42:38
MRN77821436,Asiha,Wang,1950-06-19,2,6967718138,L6A0J2,6473739952,English,N,2026-08-10 20:10:53
MRN15250909,Luuc,Sutherland,1953-08-15,1,3277371278,M6J6V5,365-509-4970,English,Y,2026-08-21 00:02:58
MRN25482862,Melsisa,Nguyen,1944-10-28,2,6480085544,M4J6P3,416-389-9061,English,N,2026-07-03 09:06:48
MRN48297934,Nikolai,Campbell,1976-10-01,1,5214298464,M9A1M1,3655936254,Cantonese,N,2026-08-22 23:31:52
MRN56850416,Tim,Roy,1961-04-12,1,7758850494,M1B5K5,(905) 349-4536,English,N,2026-08-13 16:20:08
MRN94195192,Hiroshi,Fraser,1959-06-06,1,9305489941,M4E0J7,9053153476,Arabic,N,2026-07-15 18:14:40
MRN13859743,Luc,King,1980-03-02,1,2655856744,M1H 4Y1,437-631-7522,Urdu,N,2026-07-29 05:22:22
MRN79358888,Daniel,Taylor,1970-03-21,1,3052740440,M2M 1W7,9053938657,Mandarin,N,2026-08-07 00:45:45
MRN49718065,Liz,Gonzalez,2025-06-17,2,,M2M3Y9,437-623-6780,Mandarin,N,2026-08-02 00:08:11
MRN97823563,Lsia,Ahmed,1981-03-16,2,2567280058,M5A0R2,3657642632,English,N,2026-08-04 00:10:27
MRN32068839,Omar,Mensah,1957-06-08,1,3183433733,M9C0R0,(437) 546-3444,Punjabi,N,2026-07-20 04:01:02
MRN80223962,Mike,Kelly,1964-03-02,1,1187577612,M6B 4T9,(905) 672-6979,English,N,2026-07-29 10:59:34
MRN37213290,Ingrid,  Lopez  ,1929-04-15,2,0767868425,M5R7R1,2899024014,English,N,2026-08-02 07:50:05
MRN57941215,Ahmed,White,1994-08-14,1,0283827046,M5G4B3,6473619483,Arabic,N,2025-12-25 19:38:59
MRN75074127,Anthony,Tremblay,1965-03-07,1,0807190301,L6A 2Y2,416-685-1818,Mandarin,N,2026-08-28 07:02:58
MRN51045832,Mary,Rossi,1978-06-18,2,6156128479,L6J 7E9,9054639783,Mandarin,N,2026-08-18 13:30:30
MRN81986988,Amir,Carter,1979-07-03,1,5610347485,M1N3E9,,English,N,2026-08-01 22:00:49
MRN84385334,Naida,Campbell,2016-03-28,2,2521237939,M2N7B4,,English,N,2025-11-28 05:08:06
MRN49609141,Jessica,King,1946-06-24,2,,M6J7W3,(647) 804-6221,English,N,2026-08-10 06:57:22
MRN40821586,Olga,Rodriguez,1948-08-13,2,1637877547,M1G 3T0,(437) 580-1098,Mandarin,N,2026-08-03 04:51:59
MRN80247970,Olga,Noawk,1967-06-27,U,4947931673,L6C6K1,,English,N,2026-08-17 16:33:00
MRN34224028,Losa,Roy,1947-02-01,2,9238796108,M2H2A3,9058863479,Cantonese,N,2026-08-25 14:24:13
MRN66519224,Mark,Wsng,1946-04-16,1,7088610923,M2J5E1,416-488-0554,English,N,2026-07-15 05:00:28
MRN95246609,Hiroshi,Campbell,1995-05-07,1,6357399697,M9C3T7,2893900196,English,N,2026-07-11 13:25:18
MRN57996615,Omar,Wilson,1972-08-09,N,9859172786,M1H7S9,(289) 747-8855,English,N,2026-07-09 03:50:25
MRN21805186,Amir,Clark,1945-05-16,1,8482454256,M6J4Z3,(905) 370-7729,French,N,2026-08-15 00:53:23
MRN66078298,Christopher,Singh,1979-06-21,1,4861418913,M1E 2G5,3655959279,English,N,2026-08-30 10:30:00
MRN17268581,Ivan,Kelly,1993-02-15,1,5056226755,M6B0W2,(437) 211-1245,Italian,N,2026-07-12 14:50:49
MRN97669474,Daniel,Kumar,1975-01-20,1,1137673461,M9B2P0,(289) 546-5725,English,N,2026-08-26 14:46:24
MRN24343362,Sofia,Ricci,1996-10-19,2,9820361549,M1G5G8,(905) 256-3891,English,N,2026-07-12 17:45:45
MRN79849588,Luc,Haasan,2003-05-23,1,4945623715,M6E5N9,(905) 651-8000,English,N,2026-08-15 11:31:24
MRN59877191,Tomas,Smith,1986-12-21,1,9781736401,M4G2E5,365-751-1265,English,N,2026-07-26 17:03:27
MRN25887331,Jennifer,Allen,1967-07-17,2,3997383181,M6A3W6,,English,N,2026-08-04 21:21:13
MRN45498025,Luc,Taylor,1992-10-04,1,6907910936,l5n8y7,(437) 938-8665,English,N,2026-07-05 17:51:59
MRN64956518,Ingrid,King,1999-03-14,2,1351062284,M4C3B4,(437) 217-7997,Mandarin,N,2026-08-25 22:20:14
MRN56154647,Davod,Cote,1984-07-04,1,9534807632,L6B9B1,4167188433,English,N,2026-08-09 16:42:30
MRN60323998,Ingird,Anderson,2009-06-13,2,,M6M0L0,416-514-9217,English,N,2026-07-11 08:12:36
MRN74531133,Elizabeth,Cote,1964-10-28,2,7871763046,M6G6H1,(905) 290-7077,English,N,2025-12-15 03:19:49
MRN64748131,Kenneth,Adams,1970-08-14,1,4832022554,M9A 4S2,3657979777,Punjabi,N,2026-08-29 15:09:08
MRN43834363,Kevin,Zhang,2004-12-12,1,5494205361,l6r0r5,(905) 464-4073,Mandarin,N,2026-08-24 04:35:04
MRN31992190,Barbara,Williams,1968-07-10,2,2048371856,M8W5V5,365-534-0181,English,N,2026-07-25 07:54:14
MRN70482481,Daniel,Martinez,1971-05-10,1,8567044105,M5R5L0,905-865-5462,English,N,2026-08-01 08:16:20
MRN35393563,Ana,Ahmed,1971-09-25,2,7977030241,L6C 2W8,4374865576,Mandarin,N,2026-08-30 13:41:37
MRN15445512,Fatima,King,1996-06-04,2,1400974893,M4C1A5,(437) 703-0514,English,N,2026-07-23 15:34:12
MRN25025232,Nadia,  Nelson  ,1958-02-15,2,8735298872,M3H8E5,4375328497,French,N,2026-08-19 11:41:49
MRN37746456,Daiel,Wright,2004-04-23,1,1528761016,M9B 0N5,(365) 397-5522,English,N,2026-07-17 05:42:18
MRN47445730,Amanda,Chen,2016-01-14,2,1307227015,M1M 5C2,(905) 527-8354,Punjabi,N,2026-07-13 10:11:48
MRN85457582,Amanda,Thomas,2016-01-14,2,1307227015,L4B2G8,(647) 263-4450,Punjabi,N,2026-07-27 16:34:17
MRN16958012,Ana,Lee,1978-07-06,2,2586643344,M4G 9N8,289-841-7283,English,N,2026-07-04 00:46:18
MRN10573626,Marie,Cote,1976-01-02,2,4332820358,L5B3G4,,English,N,2026-07-26 09:10:25
MRN72092208,Anthony,Gagnon,1982-01-30,1,8066409841,,(437) 529-8228,French,N,2026-08-26 14:23:33
MRN94046478,Mei,Rodriguez,1971-08-07,2,8628387717,M6J1N1,905-507-8600,Italian,N,2026-07-07 20:35:27
MRN63141906,Ashley,Silva,1990-08-28,2,8163348777,M2M9C4,(416) 935-5958,English,N,2026-07-04 18:32:52
MRN94398653,Pedro,Hernandez,1979-01-31,1,0922144308,L4K1S0,647-377-2588,English,N,2026-07-28 04:31:44
MRN74957051,Jessica,Smith,1961-09-06,2,5430365337,,(905) 244-8688,French,N,2026-08-26 22:51:52
MRN94238729,Jessica,Gagnon,1963-12-29,2,9155827174,M4A2S8,9052555538,English,N,2026-07-03 00:33:12
MRN25225314,Matt,Wang,1991-06-09,1,8720057630,M2N 9V3,(365) 519-3456,English,N,2026-08-27 06:48:52
MRN44155152,Ahmed,Wilson,1989-09-08,1,8063989340,L6J 3K0,(647) 755-2693,French,N,2026-08-05 19:16:11
MRN91853989,Brian,Singh,1981-01-13,1,4233541897,M4L1W7,9054947245,English,N,2026-07-11 09:50:57
MRN52280062,Thommas,Park,1970-01-26,1,6128466700,M4M0V6,647-675-2198,English,N,2026-07-14 20:45:36
MRN99740649,Nadia,Rossi,1996-08-20,2,4019089772,L6R5S4,(365) 849-7488,English,N,2026-07-12 01:16:05
MRN94960926,Amara,Li,1970-10-14,2,,L5B 8K3,9053600333,English,N,2025-08-02 18:27:56
MRN60200154,Emily,Lee,1986-10-14,2,5722776282,M5P4M1,(416) 255-1993,English,N,2026-07-14 12:25:24
MRN55699404,Priya,Sutherland,1958-01-09,2,9950641218,M4A 4K1,(437) 569-1044,English,N,2026-07-07 08:50:07
MRN52482162,Ivaan,Nowak,1958-08-30,1,9490256865,M8W8B7,647-857-4126,French,N,2026-08-05 03:58:12
MRN47515466,Chen,Anderson,1941-07-18,1,6037935258,M5B8B7,4166205711,English,N,2026-08-15 15:12:05
MRN39809380,Raj,Ross,1978-08-13,1,9779959049,M5P8T5,(647) 659-2863,Mandarin,N,2026-08-25 17:08:29
MRN70804213,Priya,Khan,1962-04-08,2,7701881224,M9A9N6,416-777-3411,English,N,2026-08-29 09:41:00
MRN84162933,Patricia,Young,1960-11-22,2,2014986125,L6J4Z9,9056888713,English,N,2026-07-12 13:38:31
MRN45040595,Maggie,Chen,1976-12-15,2,4753552449,L6M3X3,,French,N,2026-07-29 18:36:30
MRN24509883,Barb,White,1965-10-09,2,7065821428,M5B4K7,(416) 609-9139,English,N,2026-08-01 00:56:13
MRN99575952,Kenneth,Kelly,1978-06-07,1,0483486197,M9C8S6,4373037199,English,N,2026-08-25 01:51:21
MRN57964896,Priya,Martin,1934-12-01,2,0304787401,M4B9V8,(365) 282-2760,Italian,N,2026-08-08 21:45:11
MRN66473502,Mei,Wilson,1992-04-08,2,9018607128,M6J2L0,289-772-6804,Mandarin,N,2026-08-08 14:46:32
MRN99329419,Anthony,Chen,1982-04-25,1,2609235255,M2N3V8,(289) 465-9131,Urdu,N,2026-08-12 04:38:52
MRN72208291,Thomas,Gonzaalez,2018-12-05,1,5554346006,M3H1A1,(647) 255-1351,Cantonese,N,2026-07-17 22:48:16
MRN95886752,Zara,Nguyen,1970-01-19,2,1962755334,M1L8Z9,,English,N,2026-07-14 07:14:34
MRN25597863,Mei,Nelson,1945-10-31,2,,M2K5L8,437-230-2813,French,N,2026-07-14 23:23:36
MRN42438234,Maggie,Nguyen,1994-05-26,2,2356402376,M9M1M9,,English,N,2025-10-24 15:32:59
MRN63778458,Kevni,Davis,2011-09-23,1,9078030500,M3C 5J3,289-894-6166,Spanish,N,2026-07-20 02:22:20
MRN89411324,Amanda,Miller,1955-07-21,2,8770460544,M5R3W7,2898071766,English,N,2026-07-15 16:50:57
MRN48269724,Liz,Martinez,1993-02-11,2,0618935936,M2R9H6,(365) 704-5490,Italian,N,2026-08-06 10:23:15
MRN40518023,Fatima,Harris,1999-10-06,2,0537832768,M9N3Z5,(289) 281-5816,Italian,N,2026-08-26 08:02:48
MRN72373193,George,Patel,1987-06-28,1,6904888598,M9C7E8,(437) 858-1520,English,N,2026-08-11 20:08:28
MRN59295445,Ling,Taylor,2013-03-01,2,9713782846,M1G0A1,905-276-4091,English,N,2026-07-03 05:58:48
MRN11015908,Yukki,Garcia,1985-08-24,2,0339240871,L6R9X3,4376635372,English,N,2026-07-18 05:09:52
MRN77362156,Priya,Kumar,1959-02-23,2,8325499732,M5N0Y5,365-964-1796,Arabic,N,2026-08-01 20:17:46
MRN60398698,Pedro,Wang,1976-03-12,1,3815845619,L6C0L1,9052174730,French,N,2026-08-20 08:16:15
MRN39755578,Daniel,Murphy,1993-04-26,1,3113101095,M8W1P4,2892892032,English,N,2026-07-22 18:02:34
MRN95519815,Matthew,Thomas,1978-11-29,1,3029395211,M1H9W9,416-270-8077,English,N,2026-08-06 22:02:46
MRN65815647,Hassan,Patel,1960-06-12,1,,M1J7E4,(289) 280-7442,English,N,2026-08-23 16:06:03
MRN46296173,Nancy,Nelson,1975-11-08,2,,M5N2B1,416-819-7762,Farsi,N,2026-07-20 04:37:56
MRN75948172,Amara,Ricci,1981-05-11,2,8739853268,M1L0L5,(437) 826-0678,French,N,2026-07-24 19:00:35
MRN68993468,Hassan,Ali,2008-10-31,1,2377765173,m1h3v7,(416) 773-1116,English,N,2026-07-07 01:56:42
MRN70904133,Michelle,Nowak,1969-05-30,2,9418513108,L4J5X2,(437) 479-4235,English,N,2026-08-15 05:51:10
MRN27010600,Claire,Nowak,1964-07-23,2,,L5A0N0,(647) 374-2241,English,N,2026-08-21 18:31:05
MRN14704675,Pedro,Mitchell,1979-12-11,1,6729982360,M1N8M4,2892509537,English,N,2026-08-29 06:09:33
MRN29203410,Marie,Anderson,1986-08-20,2,8613248692,M3B5Y2,4169947916,English,N,2026-08-07 21:15:59
MRN14013712,Mike,Adams,1994-06-20,1,1008051417,M6E1M0,9058272681,French,N,2026-08-29 14:40:54
MRN90207750,Bob,Martin,1969-03-03,1,8499423930,M3C0W0,(365) 498-5962,French,N,2026-07-14 22:32:06
MRN43437021,William,Miller,1981-09-12,1,0073407660,M8X0C9,(365) 544-5701,Spanish,N,2026-08-20 09:08:05
MRN33399676,Michael,Rossi,1997-10-18,1,3097699791,M2R0A7,4167336067,English,N,2026-07-15 08:47:25
MRN94352414,Thomas,Osei,1950-08-10,1,5969201440,M6H0G4,647-726-9228,English,N,2026-08-08 01:03:31
MRN98122573,Tomas,Baker,1967-09-17,1,4168570143,M6L4B4,9055453641,Farsi,N,2026-08-02 17:17:03
MRN80883486,Olga,Garcia,1977-10-08,2,2113385856,L4J3G5,289-654-0004,English,N,2026-07-13 06:52:51
MRN68602908,Tomas,Ali,1974-10-14,1,6872873010,L5B3W9,416-755-6998,Arabic,N,2026-07-12 13:32:09
MRN88287345,Hassan,  Kelly  ,2009-06-19,1,3838880841,M2K9J1,(437) 970-4428,French,N,2026-08-17 22:08:08
MRN68836024,Susan,Wilson,1978-12-10,2,4193590553,L6H 4S5,,Spanish,N,2026-08-02 03:21:47
MRN77282499,Chiara,Amed,2009-08-18,2,4313041347,L6J2N7,(905) 906-5267,Spanish,N,2026-08-11 12:08:22
MRN38212932,Thomas,Scott,2016-09-06,1,0470482175,L6S0B1,(365) 504-1422,Spanish,N,2026-08-05 05:06:49
MRN49337073,Mark,Thompson,2004-06-12,1,,M3H2S4,(437) 603-7425,English,N,2026-07-14 02:07:02
MRN22656285,Aisha,Lewis,1984-06-16,2,5364049535,M1L8L3,(905) 857-2377,English,N,2026-07-26 03:26:56
MRN68832995,Jean,Scott,1964-12-03,1,6685923705,M8Y1S7,,French,N,2026-07-28 06:35:50
MRN53946311,Sofia,Carter,1962-04-14,2,5380126606,M4A6N3,3652832083,English,N,2026-07-16 18:21:57
MRN21998174,Ashley,Jackson,1964-10-11,2,2646367009,M3A5J51,416-826-5373,Spanish,N,2026-08-21 09:06:29
MRN42571987,Ahmed,Williams,1951-12-07,1,4426073419,L6A3J9,365-410-9787,English,N,2026-04-13 08:28:51
MRN80297843,Barbara,Young,1955-11-24,2,1894567401,M6L7C2,905-719-7461,English,N,2026-07-07 02:15:42
MRN39804710,Chen,Harris,1971-04-22,1,,L4B 0A9,(905) 816-8606,English,N,2026-07-23 04:46:16
MRN39948915,Omar,Tremblay,2017-01-05,1,6776844034,M5A 0W9,2898608684,English,N,2026-08-27 21:29:38
MRN43971194,Nancy,Wright,1974-03-04,2,7152827460,M8V3G2,,English,N,2026-07-09 22:20:37
MRN31869735,Melissa,Kim,1946-09-30,2,4390112862,M5G3T4,6478302762,Punjabi,N,2026-08-17 02:43:07
MRN48517957,Sofia,Green,1991-10-09,2,,M6E1L8,4377945049,English,N,2026-07-18 18:38:11
MRN48799528,Mohammed,MacDonald,1971-09-22,1,7523600521,L6A2B9,647-439-5209,English,N,2026-07-19 09:04:53
MRN27643732,Wei,Ferreira,1961-01-04,1,5327799945,L4L2X7,647-472-1858,French,N,2026-08-18 21:19:54
MRN11830178,Ingrid,Zhang,1992-01-27,2,,L5N8Y8,(365) 442-6612,English,N,2026-07-29 05:24:19
MRN75817336,Sandra,Kumar,1997-07-04,2,2192914352,L6S1W3,416-258-5989,English,N,2026-07-07 11:25:29
MRN13742558,Sofia,  Osei  ,1954-04-23,2,2488095932,M6M 6S3,4167067251,English,N,2026-07-16 07:46:52
MRN17603112,Amir,Wlson,1993-05-15,1,8250072199,L4C1C1,9054542902,Spanish,N,2026-08-08 13:36:06
MRN50961608,Patricia,Anderson,1962-05-17,2,1941559856,L6M9G0,(416) 649-4736,Punjabi,N,2026-08-13 14:14:30
MRN61396393,Daniel,Chen,1964-10-14,1,4174116238,00000,3655902991,Punjabi,N,2026-08-20 23:40:01
MRN77613818,Aisha,Thompson,1970-04-11,2,3313491965,L6R4M9,(416) 494-6703,English,N,2026-08-02 18:29:07
MRN47089150,Jean,Gonzalez,1976-03-25,1,6504651362,M2H 1P9,289-801-0549,French,N,2026-08-25 23:15:51
MRN79873787,Margaret,Nguyen,1977-03-27,2,4369010733,m9a2x8,416-755-3286,Mandarin,N,2026-08-02 22:02:46
MRN54855385,Nadia,Mitchell,1975-03-27,2,7698733693,M4E5H1,2895666385,English,N,2026-08-21 00:15:58
MRN14711019,Pedro,Martinez,1965-03-20,1,3814464958,M6A4G5,(365) 589-6006,Tagalog,N,2026-08-06 17:43:43
MRN26216584,Jin,brown,1978-09-06,1,9263103609,L4B7L0,905-372-0281,English,N,2026-07-24 13:16:49
MRN13614437,Christopher,Lewis,1975-02-23,1,4620956997,M1M5N7,6477197293,English,N,2026-08-23 13:42:19
MRN14831199,Joshua,Campbell,1967-10-10,1,3501707818,M8X5K7,6478238064,French,N,2026-08-30 13:36:16
MRN95103827,Michelle,Rossi,1961-09-26,2,7343993809,M1J1Y8,4379128209,English,N,2026-07-12 16:41:00
MRN17853944,Sofia,Scott,1969-10-02,2,1308772514,M3A4W5,,English,N,2026-08-16 01:34:17
MRN46596081,Mstthew,Wright,1987-10-26,1,7654862585,M2N2C1,3652939592,French,N,2026-07-04 00:20:10
MRN75703062,Sarah,Zhang,1948-08-20,2,6484903007,M5P9A6,2897709884,English,N,2026-07-14 03:43:31
MRN91857523,Msry,Murphy,1997-01-16,2,3956083061,M8X3S9,416-727-6093,Arabic,N,2026-07-27 07:44:17
MRN68349584,Yusuf,Stewart,2025-11-20,1,4560501498,M1L4J8,289-793-6416,English,N,2026-08-15 07:19:21
MRN61692479,Sofia,Okafor,1977-04-06,2,1850655745,M8Y1S7,647-807-2490,English,N,2026-08-05 17:09:26
MRN80065869,Mary,Miller,1987-12-12,2,2540130107,M2N5T4,3656601543,English,N,2026-07-07 13:55:30
MRN17430329,Wei,Gagnon,1962-09-25,1,8179418390,M9N 1S8,289-969-4912,English,N,2026-08-13 05:37:35
MRN47647383,Omar,Carter,1961-08-20,1,,M6A6Y6,3658939847,English,N,2026-08-05 04:06:56
MRN99362381,David,Ricci,1984-09-05,1,5426948625,M9L7J1,289-772-3527,English,N,2026-08-03 21:55:07
MRN81108200,Matt,Patel,1952-03-12,1,1167810280,M5P3C3,(905) 744-4233,Spanish,N,2026-07-27 16:42:46
MRN22187626,Omar,Wilson,1960-08-03,1,3228423012,M2H4A2,6474848595,Mandarin,N,2026-08-16 11:49:47
MRN19011080,Jean,Miller,1984-06-01,1,4163911235,M5N3E0,(437) 506-5390,English,N,2026-08-02 20:02:50
MRN73307073,Priya,Ross,1957-05-17,2,8279079324,M3B9X2,3653927723,Spanish,N,2026-07-29 08:44:05
MRN25705855,Dan,Park,1926-10-27,1,0478253776,M9M9B0,(365) 756-7663,Punjabi,N,2026-07-04 01:10:26
MRN11647136,Marie,Gonzalez,1984-12-26,2,4839686682,,(416) 557-1536,English,N,2026-08-27 17:55:43
MRN69102655,Jean,Ali,1936-10-19,1,6961526081,M4C4X0,437-267-0860,Cantonese,N,2026-07-11 13:42:22
MRN72024900,Joseph,Lewis,,1,,M1K0S5,(437) 426-7398,Mandarin,N,2026-08-25 23:13:08
MRN89753806,David,Jackson,1981-02-08,1,5330853507,M4E1J3,4379584606,English,N,2026-08-13 17:30:59
MRN74362745,Jean,Green,1996-02-16,1,3975091012,M8V4M6,289-205-7674,Cantonese,N,2026-08-24 01:03:54
MRN86955176,Brian,Roy,1973-08-05,1,4573301373,M2M1B0,(289) 993-8091,Italian,N,2026-08-31 02:41:31
MRN31776121,Michael,Jackson,1978-04-02,1,6110765416,M6H7W5,(365) 879-6164,English,N,2026-08-24 23:48:28
MRN29892149,Lissa,O'Brien,1949-06-28,2,9653555210,M1M0H6,2894620517,English,N,2026-08-28 14:14:23
MRN52241499,Nancy,Nelson,2010-09-12,2,1445286825,,437-932-1940,English,N,2026-08-25 13:35:09
MRN27580582,Mohammed,Jones,1980-01-21,1,9468484754,M2H0H4,437-414-6090,English,N,2026-08-30 11:03:11
MRN86524008,Amanda,Okafor,1970-01-14,2,8375939843,M8V1Y0,4377749493,Spanish,N,2026-08-10 21:05:39
MRN61664531,Ana,Patel,1929-05-19,2,3505871313,M9N7J7,2897889024,English,N,2026-08-06 15:37:23
MRN21222578,Mary,Lee,1939-02-20,2,2867156644,M2H3G8,(365) 325-8254,English,N,2026-08-01 21:30:01
MRN65858500,Ling,White,1986-08-26,2,,L5B6S4,6478319569,English,N,2026-07-18 14:06:44
MRN22742763,Emily,Robinson,1970-05-21,2,2183004924,L6H1J6,(905) 707-3692,English,N,2026-08-05 13:41:52
MRN55463401,Jin,Hill,1962-04-14,1,,M6J8R4,4376546381,French,N,2026-07-28 12:33:40
MRN43638818,Ana,Allen,2005-12-28,2,7071958099,M8X1M7,4379562187,Tagalog,N,2026-07-10 17:17:19
MRN65133384,Lisa,Moore,1978-11-30,2,4914048816,M6C9V9,3652821296,English,N,2026-07-31 00:27:13
MRN79573475,Jennifer,Gonzalez,2011-04-02,2,5930119077,00000,365-742-1050,Spanish,N,2026-07-09 23:14:22
MRN97541056,Jennifer,Thompson,1975-05-04,2,5193939195,M2K4E6,437-995-7728,English,N,2026-07-03 05:03:34
MRN83159203,Amara,Lewis,1957-03-31,2,2962506032,M2J1N9,437-701-6256,Mandarin,N,2026-08-21 17:49:26
MRN23329524,Patricia,Thompson,1953-02-03,2,2376790123,M5J3K9,(437) 794-2904,English,N,2026-08-02 05:27:53
MRN20464073,Nikolai,Gonzalez,2011-03-11,1,7193832099,M1K4E5,4168186414,English,N,2026-08-16 15:04:21
MRN89052297,Omar,Williams,1963-09-17,1,6760851730,L4L0H6,(416) 666-6297,English,N,2026-08-25 17:03:50
MRN70142558,Matthew,Roy,1947-09-01,1,7736849162,M6J4R1,(905) 682-4752,English,Y,2026-08-21 11:15:16
MRN65043480,Yussuf,Lee,1986-08-12,1,4714610930,L6A 7Z3,(905) 326-8596,English,N,2026-08-10 12:11:40
MRN88436227,Emily,Lee,1926-04-21,2,0193342821,M9B7S2,289-303-5302,English,N,2026-07-27 05:18:31
MRN48303727,Nikolai,Wilson,1974-09-16,1,,L6R0K5,289-468-4098,Mandarin,N,2025-06-27 18:18:03
MRN69329607,Chiara,Stewart,1984-05-10,2,6888531545,L4L4N6,437-212-9908,English,N,2026-08-24 02:44:06
MRN25720655,Pedro,Ali,1991-03-13,1,4164628531,M4L7X01,6475738080,Tamil,N,2026-07-15 16:52:54
MRN44348895,Dan,Rossi,1965-11-01,1,,M1N 4A2,4169031260,English,N,2025-06-23 14:12:44
MRN80420938,Lnig,Roy,1926-03-31,2,2346145697,M4C5L7,365-514-3302,English,N,2026-07-29 18:15:40
MRN98218558,Ammir,Young,1958-01-17,1,6980844879,M5H1N5,(437) 235-1195,English,N,2026-07-28 22:31:24
MRN85093539,Hiroshi,Martinez,1977-02-14,1,4492840451,M4C3W5,9057892137,English,N,2026-03-01 14:44:39
MRN14153624,Linda,Rodriguez,1942-12-08,2,0089153324,L4B6L7,365-631-5884,French,N,2026-08-28 02:41:11
MRN23865249,Barb,Clark,1965-07-12,2,8433500967,M9A6Y0,289-261-9508,English,N,2026-07-09 05:36:56
MRN73882835,Nikolai,Scott,1953-07-08,1,9825746853,M3A9T4,(416) 244-4522,Mandarin,N,2026-08-22 19:48:28
MRN28134731,Sofia,Zhang,1947-09-16,2,4977257395,M4M2A3,9056251687,English,N,2026-08-07 22:35:44
MRN78367033,Sarah,Brown,1973-02-08,2,6026003928,M9B0L0,(647) 829-7101,English,N,2026-08-09 12:56:04
MRN95626971,Jean,Cote,1966-10-03,1,7902585848,M4G7K0,6478552662,Mandarin,N,2026-07-19 13:52:49
MRN95188426,Hassan,Johnson,1932-10-01,1,6726389379,M4C7C0,437-437-3958,English,N,2026-07-14 04:26:48
MRN92393051,Claire,Zhang,1955-08-24,2,8262471249,M6E6P2,4376008897,Farsi,N,2026-04-08 12:52:27
MRN79256049,Michelle,Anderson,1970-12-08,2,7510086759,M9C 5H1,289-507-9622,English,N,2026-08-01 04:39:55
MRN18770328,Daniel,Rodriguez,1983-01-25,1,8183658637,M2R1B8,3659586361,Urdu,N,2026-07-30 04:49:49
MRN80573244,Fatima,Jones,1984-07-15,2,4582900231,M2K2M8,,English,N,2026-08-04 11:17:32
MRN76266354,Linda,Miller,1996-07-17,2,3375110990,M4B7B0,2892448396,Urdu,N,2026-07-19 13:50:13
MRN45323144,David,Ribinson,1973-12-18,1,4736439367,L5A9H3,6475349407,English,N,2026-02-05 18:26:38
MRN44615066,Olga,Ricci,2014-12-22,2,0839351194,M9C6C9,,Tagalog,N,2026-08-17 03:05:21
MRN42668541,Nancy,Ali,1968-08-02,2,4336246923,L6C5E3,(365) 481-0129,French,N,2026-01-21 08:26:53
MRN82105779,Michael,Nelson,1998-08-30,1,8193567446,M1M5X8,647-730-0062,English,N,2026-07-25 11:19:07
MRN38000249,Richard,Kelly,1975-10-14,1,0414007476,M8Y7W0,365-348-9142,English,N,2026-07-17 19:50:07
MRN32245489,Jessica,Roy,1952-09-20,2,9567337671,M3A7T8,437-813-1620,English,N,2026-08-12 22:46:37
MRN18338420,Ling,Scott,1973-11-18,2,3350229179,M6K 8J3,,English,N,2026-07-17 18:51:00
MRN52810174,Diego,Hassan,1987-07-23,1,7298461802,M8W3X3,437-383-1605,English,N,2026-08-26 11:52:11
MRN57135232,Elzabeth,King,1932-02-05,2,7010367667,M6G9Z0,647-936-9202,English,N,2026-07-07 12:38:19
MRN35568866,Danniel,Davis,1981-02-18,1,8640649029,L6S7K7,4377174334,English,N,2026-08-27 22:31:17
MRN34925631,Sarah,Nguyen,1992-08-10,2,5747046885,M1G2K5,(289) 282-8842,English,N,2026-08-31 01:44:09
MRN70944985,Chen,Martinez,1978-12-16,1,0938327053,M5H 3P4,289-617-1264,Spanish,N,2026-08-31 22:37:36
MRN27364401,Margaret,Green,1964-06-12,2,3012355305,L5N5A9,,English,N,2026-08-11 23:17:19
MRN40658908,Mary,Baker,1981-08-11,2,,M8X4J0,(647) 366-1945,English,N,2026-07-09 06:20:10
MRN32688111,Jin,Fraser,1985-02-04,1,1093856100,M4A4G2,,French,N,2026-07-10 15:10:41
MRN65700238,Luc,Ricci,2007-06-23,1,8975114292,L6S6S6,4376519180,French,N,2026-08-03 11:37:53
MRN91640424,Betty,Wright,2025-02-11,2,2319600314,M1H 4H0,(437) 234-1037,French,N,2026-08-29 23:55:10
MRN59965908,Chen,Trna,1957-06-27,1,8100008872,M5N4J4,905-941-2917,English,N,2025-07-23 12:00:21
MRN27085112,Marie,Khan,1963-02-15,2,1428456097,L6M8P8,(905) 299-7494,Punjabi,N,2026-08-13 15:12:21
MRN41312125,Margatet,Li,1958-08-23,2,0735471625,M5H4A9,2892072052,English,N,2026-07-19 05:50:07
MRN72841157,Jessica,Harris,1987-08-01,2,6209291902,L6R0K7,(647) 787-4551,English,N,2026-07-24 05:27:41
MRN12147294,Sandra,Santos,2021-04-19,2,,M5H5J7,416-268-3788,English,N,2026-08-04 17:35:58
MRN14186727,Barrbara,Rosi,1933-07-12,2,6033608255,L6J3K7,9057556839,English,N,2026-08-07 08:28:24
MRN80550112,Andrrw,Garcia,1970-07-16,1,0051462778,M6B7M4,6472828430,English,N,2026-07-16 11:43:58
MRN44658534,Kevin,Walker,1958-06-24,1,,L4C7V5,6476524639,English,N,2026-07-13 23:12:08
MRN95910540,Robert,Williams,2025-06-05,1,0554962845,M2J5P7,,English,N,2026-07-10 11:23:59
MRN23575071,Daniel,Hernandez,1981-05-18,1,1022968885,M3C 6Z4,365-642-4445,English,N,2026-07-09 11:50:40
MRN95687703,Jessica,Kumar,1932-02-22,2,7026709860,M3C1R4,905-402-4346,Portuguese,N,2025-07-30 07:18:50
MRN74400072,Melissa,Johnson,1959-01-22,2,8484672681,L6L7G8,4377597390,English,N,2026-08-15 22:31:35
MRN65826239,Elizabeth,Ross,1988-10-08,2,9443574067,M6G0S3,905-842-8180,English,N,2026-08-05 05:35:16
MRN15666619,Joseph,Moore,1990-03-14,1,,M9B 4J6,(437) 814-9882,Cantonese,N,2026-07-31 10:26:14
MRN19001274,Kevin,Mensah,1976-11-13,1,5785476952,L4B0K0,4376809749,Punjabi,N,2026-07-30 14:32:36
MRN85501490,Olga,Tremblay,1995-06-13,2,0903712644,L4J5H4,(437) 619-6308,English,N,2026-07-31 20:24:36
MRN38039145,George,Nelson,1995-06-22,1,,M4K8G7,6473335691,English,N,2026-08-03 13:54:09
MRN99708655,Lisa,MacDnoald,1943-04-22,2,2977394333,L6P9S3,(416) 343-8569,English,N,2026-08-11 19:15:38
MRN45087113,Mei,Anderson,1965-05-15,2,4819045586,M5B7R9,,French,N,2026-07-12 17:11:12
MRN99274625,Nancy,Jackson,1970-11-19,?,4481483560,M9N4W8,289-238-8724,Mandarin,N,2025-07-17 16:17:48
MRN63892018,Priya,Li,1956-08-28,2,2454658168,M4L5J5,905-877-2938,English,N,2026-08-17 13:21:32
MRN36371751,Jessica,Wang,1992-03-03,2,8110932442,M2H 2S7,(289) 757-4595,English,N,2026-10-24 19:06:49
MRN28928705,Hasasn,Hill,2014-02-19,1,4323361685,M6C2P9,(416) 450-3576,English,N,2026-02-23 18:07:24
MRN63783771,Barbara,Mitchell,1975-11-09,2,3889927640,L4C9X3,,English,N,2026-07-12 16:22:39
MRN33744898,Emily,Walker,1965-08-07,2,7198644119,L6S,6472736826,English,N,2026-07-25 12:11:08
MRN18749380,Chen,Lee,1965-06-07,1,4470338494,L5C0S3,(416) 999-2540,English,N,2026-08-24 18:09:42
MRN39305469,Patricia,Ctoe,1971-06-21,2,8183978462,M5H3J6,(905) 426-0302,Punjabi,N,2026-08-18 18:35:18
MRN27751670,Patricia,Silva,2001-01-31,2,9851397464,M8V7K2,(437) 491-8752,English,N,2026-07-16 04:24:07
MRN59008382,Keviin,Taylor,1926-03-21,1,9147934120,L6A6L1,647-679-9921,Mandarin,N,2026-07-08 11:04:28
MRN23103104,Michelle,Lewis,1968-07-28,2,6001442364,M6L3G4,(365) 209-7292,English,N,2026-07-14 04:06:38
MRN90505189,Luc,Kelly,1971-02-21,1,5348441055,L6S6K4,(647) 674-3447,French,N,2026-08-06 00:04:22
MRN74560753,Thomas,Johnson,1964-12-25,1,2955303678,L5C1A0,289-388-6841,English,N,2026-07-29 08:15:43
MRN64615583,Mary,Lewis,1988-12-02,2,,L6C5R0,365-892-5778,English,N,2026-03-26 09:46:11
MRN59593884,Fatima,Tremblay,1966-04-23,2,8766514007,L6H3Z8,(365) 920-5887,English,N,2026-07-25 22:23:40
MRN32143045,Bob,Mitchell,1986-05-23,1,9832844162,M1J7K2,289-925-9288,English,N,2026-07-07 01:53:50
MRN87016947,Amir,Lopez,1945-08-20,1,7296265882,L6J 1H2,(365) 824-3496,English,Y,2026-07-23 14:03:48
MRN40097162,Daniel,Park,1935-05-02,1,0689680809,M6E4A3,(905) 538-2975,English,N,2026-08-20 08:18:21
MRN52896282,Shellly,White,1948-07-11,2,0778616722,M1H3S8,905-464-3469,English,N,2026-08-29 20:37:55
MRN18627703,Elizabeth,Adams,1984-12-20,2,4102410935,M4C5M4,416-539-0006,French,N,2026-07-14 02:17:58
MRN46397701,Nikolai,Lopez,1974-03-31,1,,M3B0V2,(365) 337-5356,English,N,2026-07-11 08:04:45
MRN19841371,Aisha,Brown,1957-08-31,2,1282586443,M1G3L1,6472224107,French,N,2026-08-14 14:40:19
MRN76782146,Ingrid,Cen,1934-04-11,2,3894374820,M1E8M3,905-860-9840,French,N,2026-07-11 14:39:32
MRN71192249,Ana,Ross,1989-03-20,2,,,416-377-1375,English,N,2026-08-19 02:02:23
MRN64267148,Nan,Park,1986-07-21,2,4351180437,M8V0A3,289-349-9518,English,N,2026-07-10 21:01:52
MRN29067260,Chen,Tran,1978-11-29,1,,L4L7B8,4374647855,Mandarin,N,2026-07-16 00:36:24
MRN80097757,Betty,Tran,1943-09-14,2,0533067450,M5G0B9,4378214730,English,N,2026-07-21 01:48:51
MRN36518487,Ingrid,Ahmed,1989-05-23,2,3770703316,M6L2K4,365-623-3387,English,N,2026-08-06 06:05:06
MRN56603376,Olga,Kowalski,1956-05-23,2,7669933744,M3B 9S3,365-903-6551,French,N,2025-10-10 22:11:07
MRN32314238,Lisa,O'Brien,1987-05-29,2,2137848103,L6M1X4,,English,N,2026-07-04 02:43:38
MRN99868278,Susan,Nguyen,1976-03-11,2,2690042201,M9L9H5,(437) 382-1945,English,N,2026-08-08 18:28:58
MRN45238228,Nancy,Kim,1994-08-21,2,1328927007,L4B7H5,,English,N,2026-07-08 20:54:32
MRN49127958,Mohmmed,Hill,1957-08-03,1,5631759015,M8W4T6,(437) 671-6283,English,N,2026-07-18 22:55:02
MRN67806404,David,Hill,1970-02-09,1,4086690403,L6H2A7,(289) 528-2162,English,N,2026-08-30 15:46:41
MRN26008761,Mary,Lee,1950-11-14,2,7986941669,M6H 2Y2,4168915558,English,N,2026-07-05 01:23:13
MRN13181697,Sarah,Miller,1940-02-04,2,1116915891,M6J3H5,4167826466,English,N,2026-07-03 07:56:33
MRN32960136,Kevin,Adams,1986-12-05,1,0118703958,L5A2T9,289-255-6311,Cantonese,N,2026-08-11 07:25:31
MRN72317441,Omar,Lewis,1990-03-26,1,5869429778,L4C 1E5,(905) 790-3053,Tagalog,N,2026-07-20 20:00:13
MRN50743867,Betty,Lewis,1997-04-24,2,8228319060,M4K5M0,(289) 771-5556,Urdu,N,2026-07-31 06:10:56
MRN94803710,Chris,Kumar,1958-01-02,1,7826911625,M5N5B4,9057867630,English,N,2026-07-24 22:06:10
MRN62797590,Marie,Cote,1975-02-13,2,5935692326,M4J5S7,(289) 250-8135,English,N,2026-08-07 00:25:55
MRN49828778,Marrie,Williams,1970-10-02,2,2716019340,L6C9J8,(416) 661-2668,English,N,2025-12-10 09:54:11
MRN57641617,Matthew,Kelly,1971-10-24,1,9734431134,L6S 9Y9,437-730-9027,Cantonese,N,2026-08-23 01:30:55
MRN90450030,Sarah,Jones,1972-01-26,2,7358801566,M6C7E0,905-879-7627,Farsi,N,2026-08-15 10:43:25
MRN29459241,Yusuf,Ferreira,1990-11-30,1,5838751252,M6L9Z8,437-584-7594,Tamil,N,2026-07-21 16:13:44
MRN31265092,Kenneth,Walker,1969-05-24,1,7667327097,M9L6J3,(437) 279-9138,English,N,2026-07-31 03:34:58
MRN21618877,Marie,Gonzalez,1975-02-02,2,2702335387,M2H7S0,905-584-9811,Punjabi,N,2026-08-25 01:09:25
MRN70821276,Lcu,Thompson,1961-09-28,1,7445593648,L6M8Y8,3658901654,English,N,2026-07-05 16:23:38
MRN96643352,Mark,Taylor,1983-05-02,1,2922494386,M3B0M1,(416) 481-5944,English,N,2026-08-30 12:42:16
MRN22393499,Aisha,Ali,1952-02-04,2,7608010133,M1G5V4,4169195974,French,N,2026-08-02 23:03:44
MRN89190651,Jessica,Lewis,1957-07-20,2,7304090082,L5A5C4,437-616-5653,English,N,2026-08-20 17:12:56
MRN12624061,Jin,  Anderson  ,2000-08-21,1,7672195430,M6G 3A0,3659349021,English,N,2026-08-09 12:47:06
MRN43146599,Pirya,Walker,2001-03-20,2,1871738884,M6L1P0,(365) 938-4302,English,N,2026-08-08 03:39:36
MRN89472156,Sarsh,Gonzalez,1999-10-20,2,,M1C,(365) 412-0861,English,N,2026-08-24 00:31:54
MRN64261195,Daniel,Jones,1946-01-17,1,3571740350,M4M5X5,289-795-7887,English,N,2026-08-01 13:49:53
MRN41683068,Robert,Young,1975-08-04,1,4201964121,M4L3M1,289-538-8466,English,N,2026-07-12 08:12:43
MRN92645874,Nancy,Williams,1963-02-16,2,0261918270,M2J9E1,,English,N,2025-12-05 05:57:41
MRN42941509,Richard,White,1982-07-29,1,2529399558,M6M2R2,(647) 881-5345,Urdu,N,2026-08-27 03:40:04
MRN34617310,Joshua,Wilson,1994-09-20,?,0687757955,L6H7B4,(437) 537-3849,English,N,2026-07-27 14:35:26
MRN85347887,Andrew,Patel,1995-12-14,UNK,1260040694,M9B4Z5,(647) 457-6545,English,N,2026-08-13 18:35:23
MRN26544768,James,Taylor,1982-12-17,1,9646666207,M4H 9K9,9052961924,English,N,2026-07-16 01:17:08
MRN92182885,Michael,MacDonald,1984-04-11,1,9179134789,M1E3N4,(289) 432-8735,English,N,2026-07-22 07:38:17
MRN31207250,Richard,Davsi,1991-03-15,1,5967456988,L6G 7W3,,Mandarin,N,2026-07-21 01:53:47
MRN40961071,Amanda,Patel,1956-01-22,2,5920323150,M2K4P0,(365) 655-1568,English,N,2026-07-17 11:04:43
MRN94492239,Keviin,O'Brien,1933-09-27,1,6898953580,L6G 1C0,(647) 819-5787,French,N,2026-08-23 19:39:00
MRN77222580,Raj,Bouchard,1936-10-08,1,2682240417,m3b0s5,(289) 540-4299,English,N,2026-07-23 11:15:32
MRN77323538,Chen,Baker,1982-02-27,1,6261556952,M4A 3M4,(416) 689-3088,Mandarin,N,2026-07-12 02:47:56
MRN34761496,Daniel,  Baker  ,1927-04-24,1,9640078334,M4H 0T0,416-279-6398,English,N,2026-08-13 05:20:52
MRN85765748,Wei,Mitchell,2000-05-13,1,3453121778,M3H9G7,(647) 311-8625,Punjabi,N,2026-07-26 12:52:58
MRN90676829,Marie,Nguyen,1985-10-11,2,5074524355,M5P8X0,(437) 989-0121,Tagalog,N,2026-07-26 11:48:00
MRN34092390,Aisha,Nowak,1953-04-01,2,2239794767,l6j2k2,(416) 976-8303,Punjabi,N,2026-08-28 00:51:49
MRN98942566,Yusuf,Khan,,1,6451404567,,,French,N,2026-08-06 10:32:38
MRN90457844,Chiara,Roy,1987-08-01,2,3142519796,L4B0Z8,4166062210,French,N,2026-07-11 02:54:46
MRN98790286,Sandra,Roy,1994-04-07,2,7955079210,M6L2J7,4162377414,English,N,2026-08-12 13:41:54
MRN89642109,Pedro,Chen,1980-01-15,1,0528048846,M4L 0B1,4373228461,English,N,2026-07-14 10:42:38
MRN27783882,Omar,  Allen  ,1965-05-10,1,,M8Y2M7,2893151832,English,N,2026-07-14 05:25:52
MRN51943785,Nancy,Young,1961-02-21,2,,M2M3N3,9058358638,English,N,2026-08-11 23:09:31
MRN56031380,Brian,Ross,1989-01-05,1,0494214620,M5R4Y7,(905) 333-6517,English,N,2026-08-19 13:54:01
MRN46207537,Ana,King,1993-03-25,2,,L6S1V2,9057670648,Cantonese,N,2026-07-05 02:00:20
MRN19910887,Matthew,MacDonald,1972-05-30,1,,16J6N8,(437) 281-3026,French,N,2026-07-04 18:01:37
MRN38918677,Amara,Jones,1991-09-25,2,4830796928,M2M6S6,4379838176,English,N,2026-07-17 14:51:17
MRN22536092,Luc,Okafor,1987-02-03,1,,M1B5W0,(416) 466-4417,Punjabi,N,2026-07-15 07:03:15
MRN19772987,Karen,Cote,1966-02-18,2,5123772468,M5B2E0,6477308403,English,N,2026-08-10 16:39:16
MRN79280221,Brian,Murphy,1950-10-30,1,,M1N3Y4,(416) 690-1120,English,N,2026-08-23 08:35:39
MRN40606810,Fatima,Miller,1999-07-27,2,9985321232,M9A5H5,,English,N,2026-07-09 13:18:00
MRN72605909,Elizabeth,Gagnon,1962-03-21,N,5174480953,L6P 3R0,4378171036,Punjabi,N,2026-08-31 10:22:46
MRN40462716,Zara,Allen,1991-05-17,2,8188550332,,6474553653,English,N,2026-08-01 06:41:09
MRN18160166,Ivvan,Clark,1948-01-12,1,5899859002,M1J0Z5,,English,N,2026-08-19 17:32:34
MRN78912496,Raj,Young,1960-10-13,1,9711844473,M8X1N0,365-972-7767,English,N,2026-07-25 09:46:40
MRN19016405,Amanda,Santos,1947-12-25,2,7653150552,L6M4Z4,365-293-3180,Italian,N,2026-08-31 13:41:14
MRN60616949,Nikolai,Mitchell,1933-05-13,1,1094362389,M1H2V6,4169547870,French,N,2026-07-28 02:06:04
MRN76661479,Tomas,Roy,1973-04-08,1,,M4L6P5,3654178267,English,N,2026-08-03 03:22:17
MRN30552405,Yuki,Santos,2002-09-08,2,,m8y9j1,289-524-4031,English,N,2026-07-10 23:08:55
MRN75949292,Amara,White,1987-07-23,2,6359194302,M1G 2H0,4166344576,English,N,2026-08-06 17:29:17
MRN59391903,Aisha,Ali,1926-09-10,2,2140567575,M5P6M1,(289) 268-9748,English,N,2026-08-15 21:35:47
MRN58240370,Mohammeed,Harris,1947-04-04,1,8942179907,M6M4L0,365-244-7819,Cantonese,N,2026-07-10 15:07:11
MRN90251497,Luc,Wright,1983-05-27,1,3629755459,M6M8X1,(647) 827-2651,English,N,2026-07-22 10:20:28
MRN82081624,Kevin,Anderson,1967-10-27,1,1582110852,M5K1S6,416-776-3962,Mandarin,N,2026-08-24 06:23:16
MRN17492214,Kenneth,Garcia,1989-08-20,1,2142784830,M2J1R1,3658794884,English,N,2026-07-28 19:12:53
MRN36547081,Ahmed,Silva,2019-09-05,1,,M6K6R4,9053102821,English,N,2026-08-10 11:09:51
MRN55559127,Yusuf,Khan,1961-12-14,1,3229855915,M1M0J9,4372356098,Spanish,N,2026-07-07 17:41:50
MRN14252672,Namcy,Young,1973-10-03,2,3446145538,M3C9M1,365-684-1261,Cantonese,N,2026-07-03 01:07:56
MRN27122842,Steve,Clark,1945-07-13,1,6617990194,M1L8E6,(905) 455-9990,English,N,2026-07-05 13:25:31
MRN20540876,Lisa,Sutherland,1966-09-07,2,5159092344,M1J7C3,9056978516,English,N,2026-07-11 00:13:33
MRN88707096,Hassan,Lopez,1978-10-22,1,1522980547,M6J3T5,4168950637,English,N,2026-08-01 18:31:48
MRN98101185,Amanda,Kowalski,1987-10-13,2,,L6P 4H7,(416) 254-1388,Spanish,N,2026-08-02 05:32:26
MRN97392271,Olga,Thomas,1985-08-27,2,3873290062,M1L2N0,3653547191,English,N,2026-07-20 20:07:57
MRN38002253,Yusuf,Thomas,1946-12-08,1,7592580497,M9A4L3,(437) 850-0990,English,N,2026-07-13 23:26:33
MRN73146832,Ling,MacDonald,1972-10-13,2,5658225619,M2N 5E9,(365) 779-6383,English,N,2026-07-13 19:50:20
MRN97115056,Daniel,King,2001-08-17,1,3941738704,L5B0Z1,9052680678,Tagalog,N,2026-03-05 12:54:49
MRN95714528,Pedro,Scott,1997-09-13,1,,M9A4C8,6477179534,English,N,2026-08-28 07:15:49
MRN10370876,Nanvy,Silva,1976-06-29,2,3549386559,M6J7T0,9058278983,English,N,2026-08-21 13:14:46
MRN62400022,Tim,Ahmed,1968-07-03,1,3019755572,M1J2R5,2894654650,English,N,2026-07-07 15:04:55
MRN71318165,Jean,Williams,,1,,M1N1N7,4378312951,English,N,2026-08-19 07:21:02
MRN85243474,Barbara,Walker,1964-03-03,2,4508920214,L4J1N7,2893385014,English,N,2026-07-17 17:03:46
MRN50466323,Mohammed,Hernandez,1975-09-22,1,8372475403,M1H9Z0,416-355-7936,English,N,2026-08-22 02:34:38
MRN79798950,Michael,Nowak,1926-04-25,1,,L6J6M3,437-411-9735,English,N,2026-07-08 23:08:36
MRN32377334,Tomas,Ricci,1954-10-12,1,3461156998,M1K 0G4,9058581364,English,N,2025-09-26 15:51:28
MRN46233458,Tomas,Sutherland,2004-03-12,1,7040724945,M5H7X0,(647) 328-0770,French,N,2026-07-25 08:12:32
MRN27536445,Nadia,Lopez,1967-01-05,2,6006699174,M6A5Y9,647-900-0615,English,N,2026-07-20 04:53:45
MRN77248848,Chistopher,Hassan,1978-04-16,1,,M4L6S8,(437) 424-1459,English,N,2026-07-05 08:47:30
MRN82327338,Yuki,Bouchard,1985-01-03,2,1579895788,M4K4M3,2897867162,Tagalog,N,2026-07-30 09:18:26
MRN92442647,Chhen,Thimas,1939-04-03,1,1612287266,M5N4S1,(437) 492-0514,English,N,2026-08-08 18:52:26
MRN27439246,Joshua,Smith,1951-01-28,1,5416645405,M3C 1E7,9057600014,English,N,2026-07-23 09:27:21
MRN28455034,William,Smith,1975-11-08,1,0550618508,L6M2A8,9054615110,English,N,2026-07-17 05:21:43
MRN83906790,Mohammed,Chen,1985-07-08,1,0231925587,M1H1A2,(437) 228-3430,English,N,2025-11-01 01:40:49
MRN64007373,Nadia,Kumar,1979-02-17,2,6749857550,M2R6P3,2894516722,English,N,2026-08-28 15:10:24
MRN19128079,Jnenifer,Sutherland,1944-07-04,2,2713813489,M9L4V7,2895305916,English,N,2026-08-17 19:03:37
MRN39369862,Claire,Singh,1973-09-19,2,2115580454,M1E0S1,416-526-2498,English,N,2026-08-02 04:05:20
MRN35246402,Amir,Cote,2000-03-03,1,6797384622,M3A5G0,6477689066,English,N,2026-08-02 15:25:10
MRN89969563,Emily,Mensha,1987-03-19,2,6423188488,L4K8C6,3659099236,English,N,2026-07-22 13:44:57
MRN74856495,Wei,Brown,1979-06-28,1,3861460073,L6B5X3,4379104934,Farsi,N,2026-07-15 17:25:00
MRN24256485,Mike,Lopez,1967-03-29,1,5894360030,L5N 7J2,,Mandarin,N,2026-08-27 13:35:25
MRN16358011,Jin,Ali,1952-11-10,1,5603544809,M4B1R7,,English,N,2026-08-21 19:59:00
MRN22685643,Jean,Kowalski,1964-12-17,1,8984897911,M1G1S6,9058053784,English,N,2026-07-16 01:22:45
MRN89701375,Josh,O'Briien,1957-08-29,1,,M8X5C5,,Urdu,N,2026-07-29 15:24:39
MRN98587831,Jin,Santos,1969-04-14,1,9937516947,L6C8S2,,Arabic,N,2026-07-15 08:02:20
MRN15819725,Linda,Brown,1997-01-14,2,6292600126,M4M3Y1,(647) 874-4305,English,N,2026-07-27 19:53:49
MRN97281023,Jean,Zhang,1973-01-06,1,8052776039,M3A7H1,647-698-3417,Urdu,N,2026-07-28 17:40:51
MRN29199426,David,Lewis,1941-02-01,1,4154135678,m4j1z4,,English,N,2026-07-28 05:04:45
MRN42617746,Nkiolai,Taylor,1980-06-04,1,9066090367,M1E8B6,(905) 285-3000,English,N,2026-07-31 00:52:11
MRN37615553,Nancy,Lewis,1977-09-02,2,9368882941,L5N8H7,(365) 642-4029,Punjabi,N,2026-08-30 07:22:25
MRN30098427,Raj,jackson,1965-04-08,1,8328804706,M4B4H7,(365) 643-1329,English,N,2026-07-30 11:41:59
MRN31695513,Yusuf,Park,1971-01-17,1,5475730973,L6J5Z9,365-464-8598,English,N,2026-07-18 03:08:50
MRN14122511,Yusuf,Park,1971-01-17,1,5475730973,M8W9R2,3654648598,English,N,2026-07-11 00:20:52
MRN45224447,Shelly,King,1958-08-18,2,7083938949,M5J5G8,6478758901,English,N,2026-07-24 16:37:43
MRN48293854,Andrew,Patel,1996-01-06,1,7347153376,M5J3Z8,365-496-0031,English,N,2026-08-23 06:10:52
MRN58791973,Betty,O'Brien,1982-11-18,2,2930489527,M1B8C9,(416) 479-1315,English,N,2026-08-04 10:27:48
MRN18733981,Thomas,Silva,1964-09-18,1,8980276375,L5N3H7,365-681-1764,English,N,2026-08-23 11:31:53
MRN99961933,Mary,Clark,2008-05-30,2,5481976263,M2M4L1,,English,N,2026-07-06 07:00:59
MRN14669601,William,Young,1956-07-21,1,3121166155,M2M5E6,(647) 323-2837,English,N,2026-08-13 19:35:04
MRN74873980,Claire,Hill,1980-11-22,2,0808912547,M5B4R5,(647) 490-3821,English,N,2026-07-22 03:06:25
MRN58339812,Mei,MacDonald,1932-06-12,2,5270881559,M3B6Y9,(647) 775-1645,Punjabi,N,2026-07-30 19:20:57
MRN44856914,Nikolai,Cote,2006-02-26,1,7381406425,L5B5S7,3655218284,English,N,2026-08-10 10:12:02
MRN84885784,George,Park,1981-04-21,1,7153295196,M4A7P9,(647) 960-4217,English,N,2026-07-25 08:00:15
MRN32218120,Ashley,Wilsoon,2001-10-19,2,1529040519,M9C1G2,289-824-7935,English,N,2025-09-22 12:06:46
MRN96835461,Liisa,Ahmed,1973-12-20,2,,M5H7E8,(289) 275-4654,English,N,2025-09-14 00:44:28
MRN16119746,Ana,Jones,1952-03-09,2,9399568915,M5K5N3,3656167182,English,N,2026-08-06 03:05:04
MRN98178551,Marie,Ahmed,1967-01-16,2,4695555716,M6A6X4,905-423-8914,Spanish,N,2026-07-30 12:37:28
MRN66720290,Aisha,Moore,1980-01-04,2,8765885234,L5N 9S9,365-798-8564,English,N,2026-08-29 20:30:42
MRN56924638,Jennifer,Jones,1988-03-10,2,8537249883,M4C7E9,,English,N,2026-09-12 09:39:35
MRN44845326,Nadia,Singh,1967-11-10,2,1420404087,,6472335214,English,N,2026-07-19 12:12:50
MRN85982419,Diego,Robinson,1988-12-29,1,4994909838,M4L6N1,437-652-0347,English,N,2026-07-26 11:26:09
MRN55219476,Luc,Taylor,2018-08-20,1,,L6R 4T3,4164473564,Spanish,N,2026-08-29 12:22:15
MRN47653905,Yusuf,Martin,1948-11-06,1,7789334831,M6K4S7,289-893-5435,English,N,2026-08-26 22:01:50
MRN29690685,Margaret,Thompson,1954-06-17,2,4447136328,M8V 1C5,4377661771,Portuguese,N,2026-08-05 07:45:27
MRN84300330,William,Tremblay,1973-07-24,1,,L6B6S8,437-989-5711,Punjabi,N,2026-08-07 22:11:09
MRN99558918,Inrid,Clark,2007-10-17,2,8208639545,M5E9P2,(905) 777-5842,English,N,2026-08-15 10:16:29
MRN40253039,Joshua,King,2004-05-22,1,2513563961,M8Y 4B5,437-896-9483,English,N,2026-08-19 16:24:42
MRN58703411,Matthew,Park,1985-06-12,1,9878807773,L5A9V8,905-475-1213,English,N,2026-08-27 21:00:14
MRN25975250,Mei,Nelson,1976-06-10,2,5255969288,M2J6L1,(437) 492-9363,French,N,2026-07-25 06:10:55
MRN14338709,Ingrid,Fraser,1960-03-05,2,3766932747,M6H3P1,289-247-4423,French,N,2026-07-10 21:37:50
MRN18283038,Karen,Green,1965-09-30,2,7856898841,M8X9V4,(289) 574-5374,English,N,2026-08-23 22:21:59
MRN45197599,Mei,Rodriguez,1965-06-09,2,4520419450,M1K8C2,,English,N,2025-06-21 02:25:34
MRN31493942,Karen,King,1961-12-07,2,3887196461,L5A8R8,,English,N,2026-08-16 12:13:49
MRN49565039,Yuki,Patel,1996-08-16,2,8133888949,M2H2X2,6477412873,Mandarin,N,2026-07-14 11:45:25
MRN72055167,George,Wright,1973-05-09,1,,M6M1E0,4376524418,English,N,2026-07-30 06:00:52
MRN81701868,Ana,Kowalski,1949-10-24,2,0323996462,M2N2E3,6476687567,Mandarin,N,2026-07-03 14:28:30
MRN78610309,Chen,Rodriguez,1960-07-12,1,9135201359,M6M7B3,3656782615,English,N,2026-08-14 15:01:04
MRN42364906,Joshhua,Jackson,1988-12-08,1,9676349534,L5N0K5,416-309-0148,Arabic,N,2026-08-13 18:32:02
MRN71122207,Ling,Silva,1964-06-24,2,9827571515,M5E8E3,647-244-1155,Mandarin,N,2026-08-04 04:39:20
MRN81234021,Wri,Singh,1986-10-25,1,,L6S4J1,(437) 720-7560,English,N,2026-08-06 23:53:25
MRN72704723,Inggrid,Scott,1952-03-19,2,,M4H0W0,3653192617,English,N,2026-08-02 02:42:21
MRN36042184,Ashley,Tran,1935-04-13,2,4220917597,M1N8W7,3655694577,French,N,2026-07-19 13:19:19
MRN62797143,Richard,Scott,1984-09-30,1,2596213567,M8Y4E5,905-832-3695,English,N,2026-08-18 07:30:14
MRN89386700,Yusuf,Wsng,1930-09-11,UNK,7854883332,L6P 6B7,(289) 595-6983,Spanish,N,2026-08-01 11:52:43
MRN45000873,Linda,Okafor,1971-10-18,2,8846236720,M6C7P1,2899533594,English,N,2026-08-17 00:07:04
MRN86581371,Sofia,Thompson,1929-06-09,2,2235783285,M4A4X0,(289) 406-7708,Arabic,N,2026-07-27 09:15:32
MRN52888114,Nancy,Robinson,1951-04-06,2,2457444772,L6L9C7,(416) 932-4206,Mandarin,N,2026-07-25 21:12:35
MRN30725912,Sofia,Nowak,1973-09-25,U,1825761933,M2J5X3,9058969312,English,N,2026-07-29 05:16:53
MRN29449563,Amir,Moore,1973-02-20,1,,M1N9B0,4162137083,English,N,2026-08-10 15:03:36
MRN98004945,Fatima,Jackson,1976-09-18,2,7242917578,M6G2M0,(365) 349-7374,French,N,2026-08-06 16:45:18
MRN28218433,Wei,Johnson,1944-01-31,1,7948571786,M9L8L9,2897831692,Mandarin,N,2026-07-28 14:25:42
MRN45423317,Melissa,Kim,1988-09-22,2,4906585817,M9L9V5,(365) 544-0608,Italian,N,2026-08-19 16:05:15
MRN15018247,Chiara,Garcia,1963-05-05,2,5674532170,M8X4B9,,Punjabi,N,2026-08-08 17:18:17
MRN85426302,Marie,Park,1991-09-05,2,0227585205,,2895588145,English,N,2026-07-29 18:48:11
MRN33270675,Robert,Wright,1974-03-16,1,5795434983,M1B3C7,2892248397,English,N,2026-08-30 08:38:40
MRN70392890,Patriia,Scott,1971-12-03,2,1392446157,M5E6X0,9054667832,Mandarin,N,2026-07-14 12:48:42
MRN11961338,Jessia,Ahmed,1970-10-16,2,,M1H7L9,4375142119,English,N,2026-07-23 01:24:09
MRN97671930,Melissa,Li,1959-06-14,2,2850048618,M5B8T5,(365) 373-0409,English,N,2026-08-14 06:11:22
MRN33573475,Barbara,Ross,2004-06-12,2,1583603970,M1L3J4,647-458-1284,Italian,N,2026-08-17 19:09:05
MRN81988505,Ling,Kelly,2011-01-29,2,4464097304,M1H7K0,416-690-4656,English,N,2026-07-30 22:28:07
MRN20728817,Amara,Silva,1997-01-24,2,,L6G8J7,365-315-9463,Farsi,N,2026-08-08 22:09:04
MRN97032618,Mark,Tran,1949-11-22,1,0888875689,M8W1T6,,English,N,2026-07-24 23:01:46
MRN82284367,Sarah,Young,1961-12-20,2,8656195339,L6C7J0,437-390-3662,English,N,2026-08-01 02:26:57
MRN19018269,Nadia,Tremblay,1979-10-19,2,4043825613,M4B6P1,289-957-9659,Tagalog,N,2026-08-03 02:50:42
MRN89637291,Jennifer,Martinez,1992-04-09,2,8235114017,00000,(647) 356-8093,Mandarin,N,2026-08-18 10:54:38
MRN65887471,Ana,Taylor,1989-02-20,2,6380608825,M9B8K1,437-958-4926,English,N,2026-07-14 23:32:34
MRN96670644,Yusuf,White,2013-03-15,1,0839676269,M6M1G8,(437) 657-8668,English,N,2026-07-07 04:15:40
MRN86756053,Aisha,O'Brien,1959-07-11,2,1358957676,L6S4N5,(416) 444-0066,English,N,2026-08-25 09:24:38
MRN60238191,Sofia,Murphy,1977-07-27,2,5345310527,M6L3T7,2892510685,Arabic,N,2026-07-24 22:27:43
MRN29000100,Sarah,Brown,1950-11-16,2,9329114202,L6J 1X3,365-396-0384,English,N,2026-08-03 00:35:13
MRN29564717,Long,Harris,1951-10-15,2,0192057024,M1B9H4,4373290344,Italian,N,2026-08-07 21:01:37
MRN15781415,Brian,Mensah,1997-05-09,1,8328438786,L5B4A2,(416) 745-6175,Mandarin,N,2026-08-23 11:26:01
MRN74675337,Sofia,Carter,2004-09-21,2,6726241000,L6G5B0,4374344370,French,N,2026-08-02 05:09:42
MRN84486899,Joseph,Campbell,1955-02-20,1,2964938449,M5E1L1,3656669288,English,N,2026-07-16 11:13:04
MRN13715245,Nadia,Frser,1954-12-01,2,0672041068,L6H3S8,(437) 473-0623,English,N,2026-07-21 01:17:37
MRN81354680,Brtty,Wilson,2008-11-16,2,1189240268,M3C0N8,6472353595,English,N,2026-08-01 19:54:45
MRN42104837,Ingrid,Johnson,1926-10-31,2,3003933045,m2r2t7,,French,N,2026-08-29 06:33:01
MRN75266372,David,Okafor,1990-05-27,1,,M3C 5A8,6473288245,Spanish,N,2026-07-12 22:11:35
MRN28389006,Nikolai,Garcia,1970-11-28,1,2608261396,L4C1S9,(416) 631-2564,Urdu,N,2026-07-30 12:26:29
MRN17119753,Josph,Ross,1989-07-02,1,7555368765,M6C 8M7,647-654-9050,English,N,2026-08-14 15:23:04
MRN34943402,Priya,Mitchell,1982-06-29,2,,m3c7v7,(365) 677-3972,English,N,2026-08-09 15:47:02
MRN41582614,Amanda,Nelson,1975-05-23,2,0198710139,M9A5B1,416-705-6473,Urdu,N,2026-07-04 01:44:20
MRN93969132,Aisha,Cartter,1940-10-10,2,5258009892,M4E 0Y8,289-597-2427,Spanish,N,2026-08-10 18:35:09
MRN50214034,Hassan,Moore,1947-04-20,1,6272002327,M6G3V4,4162220558,English,N,2026-08-29 10:39:15
MRN81013902,Amr,Young,1951-08-27,1,4617369451,M6C3J8,(289) 514-2492,English,N,2026-08-16 14:03:11
MRN13702985,Amir,Young,1951-08-27,1,4617369451,L6L0L1,365-813-2361,English,N,2026-08-10 02:39:46
MRN32635592,Yuki,Tremblay,1969-03-23,2,9294489100,L6C6X6,437-285-9103,French,N,2026-08-26 20:31:28
MRN28467479,Mei,Gagnon,1998-12-23,2,9882871305,M6H 0Y4,9057597068,English,N,2026-08-26 20:39:33
MRN63647879,Nancy,Li,1984-09-02,2,9114395453,L5A1X8,9059553468,Cantonese,N,2026-08-09 08:24:23
MRN63855943,Elizabeth,Li,1991-11-02,2,5940272054,M3A4M9,(647) 668-1089,English,N,2026-07-14 13:34:05
MRN93600891,Zara,MacDonald,1987-05-31,2,9810659848,M6B6G7,(416) 754-0766,English,N,2026-08-25 07:03:40
MRN95765766,Daniel,Taylor,2005-12-24,1,8385222446,M9C8P2,(905) 572-0721,English,N,2026-08-08 12:02:33
MRN90930969,Joseph,Scott,1952-10-31,1,0560951824,M2H1Z9,2897182065,English,N,2026-07-27 21:20:06
MRN40290035,Nadia,Nguyen,1976-08-27,2,3615095233,M6E0K0,,English,N,2026-08-31 14:19:26
MRN38357158,George,Aklen,1968-01-25,1,1110950555,L6P0K0,(416) 659-9609,English,N,2026-08-22 06:41:36
MRN17354359,Ivan,Scott,1954-10-11,1,,M1M3M1,416-391-8363,English,N,2026-07-12 23:26:01
MRN15243306,Olga,Smith,2001-08-19,2,1358220901,M3C5T4,(905) 963-5507,English,N,2026-07-27 03:37:58
MRN24237464,Patricia,Davis,1981-04-23,U,3344084938,M5E1W6,647-903-4242,Mandarin,N,2026-08-11 18:36:50
MRN17709086,Patricia,Hernandez,1992-01-20,2,0193250859,M4G6S1,(416) 259-7558,English,N,2026-07-17 16:34:30
MRN26646042,Nancy,Thompson,1999-12-05,2,1811721230,L6P8K4,(365) 785-0803,English,N,2026-07-09 08:51:51
MRN70558469,Karen,Nelson,1978-07-28,2,5649557781,M4E 4W0,6479796774,English,N,2026-07-24 05:52:53
MRN18664316,Daiel,Johnson,,1,3909350088,M2J5X5,2899489485,Tamil,N,2025-10-02 16:15:28
MRN14890273,Lisa,Wang,1997-10-18,2,4498788787,M2K1N2,3656994997,English,N,2026-08-30 16:19:13
MRN22419291,Nikolai,Ry,2025-01-19,1,3414399463,M1C1G1,(905) 512-3378,English,N,2026-08-15 07:20:58
MRN95271682,Barbara,Hernandez,1972-08-30,2,1507757555,M3A 7E6,(905) 894-3518,French,N,2026-08-11 13:58:52
MRN21618447,Sandra,Ricci,1976-11-06,2,6359308811,M2K 5E7,365-392-8661,French,N,2026-04-22 16:14:40
MRN15793552,Nadia,Tran,1969-08-26,2,3237409962,L5C6R6,905-319-0138,English,N,2026-08-20 10:33:30
MRN19404279,Mei,Moroe,1980-04-24,2,,M6H0S5,365-485-4666,French,N,2026-07-20 03:55:13
MRN61671178,Marie,  Mitchell  ,1963-10-14,2,5996811252,00000,(289) 236-0734,English,N,2026-07-31 21:58:46
MRN79637340,David,Walker,1969-02-24,1,3145018655,M4E 3B1,4167779014,Punjabi,N,2026-07-27 03:29:47
MRN38563180,Asiha,Osei,1966-08-05,2,9023884340,M1J6W6,(365) 654-4435,Mandarin,N,2026-08-08 12:20:35
MRN18164042,Anthony,Gonzalez,1943-05-27,1,8156659891,L6A8Z2,4374579410,English,N,2026-08-28 18:37:19
MRN28608050,David,Scott,1971-02-27,1,9922068425,M6K1S7,,English,N,2026-07-19 05:12:32
MRN23804947,Mohammed,Davos,1961-08-13,1,4379524707,M6B3Y5,(647) 786-3744,French,N,2026-08-31 06:35:45
MRN54162409,Amara,Wright,1956-06-22,2,8901037559,M5P7X8,2898078772,English,N,2026-08-29 10:41:32
MRN67610882,Ashley,Thomas,1963-08-01,2,3529949384,M5J2E9,,English,N,2026-08-31 13:11:01
MRN46953822,Lisa,Lee,1928-06-26,2,3377119528,L6A9K1,,Punjabi,N,2026-08-12 02:58:18
MRN80320000,George,Roy,2001-03-04,1,0722085495,M9M3J2,,Urdu,N,2026-08-05 13:30:36
MRN75602427,James,Bouchard,,1,3695376677,M9N9L9,2894721015,English,N,2026-08-30 12:33:59
MRN94079526,Amanda,Greeen,1960-07-13,2,2630920961,m1j5y9,4168388173,Punjabi,N,2026-08-12 22:57:05
MRN42679780,Pedro,Nowak,1957-06-09,1,5555036077,M4H7N4,2893325262,English,N,2026-07-07 15:21:31
MRN70689201,Emily,Patel,1962-04-26,2,7084944649,m5k9h8,3654322905,English,N,2026-08-01 23:47:40
MRN20437342,Joshua,Young,1975-12-19,1,1840185092,M6L4R6,4374720948,Cantonese,N,2026-08-17 06:00:59
MRN60055659,Ling,Miller,1988-03-14,2,7744251880,M4L9W8,905-277-5534,French,N,2026-07-19 08:11:52
MRN10965625,Inrgid,Davis,1962-11-17,2,7978124704,M2J1T7,(365) 223-5281,French,N,2026-07-06 02:02:24
MRN76762375,Chira,Maconald,1983-06-18,2,9165403842,M4B5N5,,English,N,2026-07-30 10:45:33
MRN82300726,Dan,Lee,2000-11-13,1,5100036598,M2M1Z3,(365) 998-3379,English,N,2026-08-17 11:11:02
MRN84427413,Betty,Davis,1948-02-23,2,,M3A1H7,9054203820,English,N,2026-08-17 15:09:54
MRN77549066,Patricia,Hernandez,1963-12-18,2,2577856830,M1L0M3,,Urdu,N,2026-08-06 06:59:40
MRN93174202,Omar,Mattinez,1976-06-27,1,4300172253,,437-618-1940,Spanish,N,2026-07-12 09:15:07
MRN54986457,Nancy,Kelly,1963-05-17,2,9566121365,M3B3T8,9057661567,English,N,2026-07-12 15:21:07
MRN25568013,Ivan,Carter,1941-09-01,1,8551425286,M5J0S6,,English,N,2026-08-26 00:48:17
MRN94846369,Michelle,Anderson,2001-10-12,2,7872358929,M6A8S3,3658512254,English,N,2025-09-09 21:14:30
MRN99493730,Luc,Roy,1967-01-14,1,4816709291,M4H8P3,,English,N,2026-07-20 22:50:16
MRN93342608,Anthony,Martin,1935-05-01,1,9954797099,L4L2Z4,4165451580,English,N,2026-08-30 06:05:29
MRN44511757,Keivn,Sutherland,,1,9026368853,L4L4H5,4163316940,French,N,2026-07-19 03:00:05
MRN26375748,Richard,Harrris,2006-01-16,1,9625552121,L6H4J0,905-486-6365,English,N,2026-08-12 23:16:53
MRN50134897,Lisa,Ahmed,1948-10-20,2,7952357346,,2899448490,English,N,2026-08-09 07:43:36
MRN78700971,Melissa,Chen,1962-12-08,2,4271676480,M3H3K7,(647) 809-4491,French,N,2025-08-16 21:24:40
MRN58605131,Yuki,Williams,1957-02-21,2,0848213393,M9N0R6,905-341-5562,Spanish,N,2026-08-28 20:40:39
MRN28479526,Sandra,Martinez,1978-08-26,2,6708073850,M3B2M4,,French,N,2026-08-20 10:47:29
MRN96695676,Mei,Lewis,1978-06-11,2,0831644661,L5A7P1,365-906-9653,English,N,2026-08-08 16:48:19
MRN65643916,Jessica,Young,1965-05-13,2,8012824341,M6L4E8,3657447785,Punjabi,N,2026-08-02 20:05:09
MRN38859251,Claire,Li,1944-07-06,N,4754617076,l4j7m1,2897457169,Spanish,N,2026-07-23 08:54:06
MRN14038305,Wei,Hernandez,1983-10-09,1,3370766929,L5A 8N0,2899073475,Punjabi,N,2026-08-30 20:50:43
MRN76462707,Zara,Harris,1959-07-16,N,4268782218,M1N4B1,416-316-6722,English,N,2026-07-16 16:49:17
MRN29474917,Hassan,Martin,1935-06-28,1,,M5J0A5,(289) 280-7125,English,N,2026-08-20 05:30:26
MRN57076835,Karen,Ricci,1930-04-22,2,6312258004,M8V5P9,4379830963,English,N,2026-08-03 19:01:25
MRN14595111,Amir,Murphy,2023-06-06,1,5473417334,L6B9K6,3658682974,Punjabi,N,2026-07-23 02:39:35
MRN51356565,Mary,Thompson,1976-05-02,2,2696538236,L5B5G0,2892158963,French,N,2026-08-14 07:14:25
MRN47475210,Pedro,Chen,1979-09-27,1,4696049875,M6M1M5,6472271676,English,N,2026-08-17 10:53:08
MRN75284920,Luc,kign,1962-02-01,1,7719017183,M9B2E8,647-430-1027,French,N,2026-07-10 09:03:55
MRN46006858,Dieog,Moore,1955-10-09,1,3521725063,L6B1H9,(416) 897-8366,English,N,2026-08-25 23:17:06
MRN47294196,Sofia,Patel,1988-01-19,2,9419504262,M4G2R1,(365) 734-7038,French,N,2026-08-09 16:53:32
MRN16589587,Patricia,Park,1932-04-10,2,0548185552,M3B9Y7,9055205422,English,N,2026-08-09 12:06:39
MRN98671327,Lisa,Hill,1963-05-28,2,7654822498,L6S4P2,4162756831,French,N,2026-08-27 17:46:31
MRN55246299,Losa,McaDonald,2003-02-05,2,8188451366,M1B1R4,(437) 423-0921,Tamil,N,2026-08-27 11:40:46
MRN54653297,Yuki,Chen,2017-06-01,2,7125729777,M9M7E6,3658067659,English,N,2026-07-10 19:53:07
MRN71485813,Amir,MacDonald,1970-04-13,1,3512703756,M5B 2M7,9053222712,French,N,2026-07-12 15:55:41
MRN75187324,Emily,Roy,1927-12-10,2,,L6S2C9,416-303-1677,English,N,2026-07-23 10:32:00
MRN76366539,Daniel,Kowalsski,1979-03-21,1,1224988137,L5C1A7,4379912954,English,N,2026-07-31 07:52:10
MRN58036472,Betty,Ricci,,2,7585487213,M4M0T3,365-489-4126,English,N,2026-08-13 12:47:03
MRN33019149,Joshua,Young,1970-03-28,1,7291052129,M1N4K8,,Spanish,N,2026-08-04 22:10:44
MRN48646660,Sofia,Walker,1972-08-25,2,1699829451,M6B2E5,3659120723,Spanish,N,2026-08-25 20:36:38
MRN46030312,Jessica,Hassan,1981-04-18,2,2020947251,M4K7K0,(905) 686-5692,English,N,2026-07-18 05:40:59
MRN83301314,Hassan,Anderson,1963-02-02,1,2280061645,M9A8H5,6476565884,English,N,2026-07-30 21:40:35
MRN36417807,Mohammed,Murphy,1963-01-28,1,9039415618,M6K9C3,(416) 801-5905,Spanish,N,2026-06-03 05:13:12
MRN83989876,Melissa,Stewart,1927-01-20,2,1122475658,L6B6N1,,English,N,2026-07-25 14:20:41
MRN63292206,Tomas,Harris,2007-08-17,1,6538994325,M1B3B6,,English,N,2026-08-25 04:54:10
MRN88862026,Margaret,Nelson,1955-04-21,2,3133309157,L6P7Z5,(437) 701-0624,English,N,2026-07-05 07:10:15
MRN92009696,Richard,Robinson,2006-09-26,1,0476575303,M8Y4Z9,4165572127,English,N,2026-07-05 08:41:10
MRN75738903,Pat,King,1986-10-06,2,5323164011,M5J6R1,6474314105,English,N,2026-07-04 22:55:52
MRN33641397,Amir,Mitchell,1964-05-25,1,4872559747,M5B7H8,(365) 888-1022,English,N,2026-08-21 15:34:43
MRN26324443,Shelly,Ali,1963-11-10,2,8539665714,M6K2V0,(365) 986-3386,French,N,2026-07-08 19:58:55
MRN64455263,Thomas,Martin,1954-09-09,1,3196261691,M2M4S6,(365) 305-1561,English,N,2026-07-15 18:24:46
MRN58610977,Chrisopher,Mitchell,1926-02-17,?,9733909536,L6C5V4,437-972-7501,Mandarin,N,2026-08-12 05:35:29
MRN49023554,Bob,Singh,1957-03-30,1,7871794967,M5B7C3,(416) 345-4583,French,N,2026-07-08 04:52:06
MRN96301658,Brin,Martin,1994-11-12,1,6273290335,M5R3L6,(437) 537-8549,English,N,2026-08-09 22:16:32
MRN57747811,Mohammed,Thompson,1971-02-19,1,2331715330,M4E7R0,,English,N,2026-07-30 07:02:55
MRN44643642,Elizabeth,Jackson,1929-02-21,2,3979225756,M3H3W8,4377286247,English,N,2026-08-08 09:48:31
MRN53055500,Ken,Zhang,1952-01-11,1,7082781183,M4K1M6,6473464829,English,N,2026-07-06 06:25:08
MRN60914523,Ling,Adams,1987-09-06,2,3565912676,00000,(905) 570-6037,English,N,2026-08-12 17:44:57
MRN45052399,Joseph,Taylor,1978-03-02,1,3217291123,L6C5E8,3657183458,English,N,2026-07-22 05:16:48
MRN80175387,Thomas,Nguyen,1999-09-18,1,1261341430,M6L4X01,905-287-9815,Tagalog,N,2026-07-31 08:01:48
MRN90779295,Mary,Sutherland,1995-12-25,2,2284045131,L5B5R5,4377317975,English,N,2026-08-09 11:58:50
MRN43197130,Bob,Martinez,1959-06-17,1,6146506339,M6C6V3,(365) 837-9487,Punjabi,N,2026-07-31 05:28:04
MRN84103135,Zara,Thomas,1930-04-29,2,2389845393,M1B6X6,416-339-4820,French,N,2026-08-16 15:20:00
MRN22498834,Jennifer,Campbell,1961-06-10,2,9126961631,M2J3T3,289-911-8833,English,N,2026-08-18 16:41:56
MRN63740875,Yusuf,Robinson,1970-01-06,1,4592181921,L5B 5M5,647-957-3813,English,N,2026-07-24 12:26:21
MRN60799735,Emily,Lee,2009-04-15,2,8026438096,M4K9N7,905-745-6761,English,N,2026-08-16 19:28:41
MRN30499803,Yuki,Tremblay,1967-01-22,2,5869920214,M8W7P7,(365) 816-8853,English,N,2026-07-11 22:26:55
MRN22407389,Christopher,Rossi,2000-01-01,1,2744022480,L6C 8N0,416-723-6697,English,N,2025-11-27 20:20:43
MRN78178795,Jennifer,Ferreira,1996-03-27,2,5722055059,M5E3C5,289-350-2854,English,N,2026-07-30 17:51:06
MRN82108466,Kenneth,Patel,1947-05-03,1,9636080369,M1L,(437) 387-5364,English,N,2026-08-04 04:45:19
MRN94775015,James,Young,1978-10-25,1,3820258949,L6H 2H8,437-885-8053,English,N,2026-07-13 09:56:34
MRN41469689,Yuki,Anderson,2019-05-10,2,3416584039,M2K6X5,365-818-3069,English,N,2026-07-29 08:42:57
MRN64484423,Nikolai,O'Brien,1973-07-23,1,2272147667,M8V8E1,,French,N,2026-08-05 07:22:57
MRN37898551,Betty,Kelly,1941-02-09,2,5891187306,M1C2V2,(289) 232-0791,English,N,2026-08-16 16:56:39
MRN51733457,Lisa,Ferreira,1978-06-11,2,9996441151,M6L0K2,4372761596,English,N,2026-08-01 17:28:43
MRN40057531,Marie,  Martin  ,2007-06-09,2,7884062584,M4G6K1,9056909738,French,N,2026-08-21 19:31:02
MRN81593545,Ahmed,Anderson,1928-11-23,1,7131246428,M5G2Y2,4169421421,English,N,2026-07-14 20:44:56
MRN96927591,Melissa,O'Brien,1967-09-29,2,,L6P 2V4,437-283-7579,English,N,2026-07-30 19:02:58
MRN96620239,Nikolai,Ross,1998-10-20,1,4359819945,M2K0Z8,6473087801,French,N,2026-08-10 02:32:30
MRN58530622,Daniel,King,1958-05-01,1,4019431370,L6G4Y6,4373281490,English,N,2026-08-18 08:40:49
MRN62022454,Sofia,  Robinson  ,1981-06-24,2,7374727068,M6E1W6,3652312996,English,N,2026-07-29 04:17:16
MRN69482673,Aiaha,Tremblay,2008-04-25,2,3169207713,L5N 0M4,365-840-6586,Punjabi,N,2026-08-25 21:56:59
MRN39770417,Mary,Wright,2023-09-01,2,3680195314,M5A1M4,2892951703,English,N,2026-08-24 13:50:25
MRN51463656,Sandy,King,1926-12-06,2,6610327949,M5P1X5,2897087114,English,N,2026-07-26 13:49:48
MRN50015367,Barbara,Murphy,1953-01-30,2,,M6H5V5,6479539686,Mandarin,N,2026-07-30 15:53:32
MRN30105229,Barbara,Lewis,2003-03-12,2,5635822652,L4B5X5,(647) 486-1730,Arabic,N,2026-08-08 14:00:53
MRN38764517,Joseph,Ricci,1959-06-25,1,3150974313,M4E3N4,4163730215,English,N,2026-07-12 23:39:18
MRN69534701,Betty,Stewart,1985-09-04,2,2204782268,L6M5X5,9056931405,English,N,2026-07-18 16:32:45
MRN55506035,Yusuf,White,1951-12-10,1,8811679599,M4A1X5,3652612829,English,N,2026-07-11 13:58:29
MRN12827404,Steven,Mensah,1976-07-09,1,5351306393,M3H0X7,(416) 369-2159,English,N,2026-07-10 19:28:17
MRN48528288,Marry,Khan,1994-05-23,2,4311377602,M6B7Y8,365-215-4657,French,N,2026-08-25 02:03:27
MRN39508140,Emily,Walker,1991-10-22,2,8477325396,M6B3C2,4376598936,English,N,2026-07-19 02:21:28
MRN63737917,Barbara,Okafor,1990-12-03,2,6967269157,M6M6M0,(905) 631-3056,Punjabi,N,2026-08-06 11:52:35
MRN40031778,Mandy,White,1951-10-11,2,9309065853,M4J9Y0,416-805-4396,French,N,2026-07-27 09:42:40
MRN38882974,Tomas,Smith,1977-08-12,1,4135920496,M1H7Z3,437-392-5722,English,N,2026-08-13 17:30:49
MRN92082421,Mei,O'Brien,1974-07-22,2,9884084964,M8Y4K1,3657305114,English,N,2026-08-03 08:23:04
MRN86919526,Mei,Li,1936-03-01,2,2684774462,M5E9K3,(416) 495-0616,English,N,2026-07-20 15:09:12
MRN32500525,Aisha,King,1978-03-16,2,0716047840,M4L9V8,3659554174,English,N,2026-08-02 11:23:05
MRN46146233,Brian,Gonzalez,1965-11-12,1,7744820643,M4L2C8,647-765-5293,English,N,2026-07-30 10:04:56
MRN73707457,Wei,Nowak,1944-04-13,1,4879193706,M2K9A6,9056135250,English,N,2026-08-29 01:08:09
MRN26471110,Mei,Hassan,1942-02-23,2,9328625281,M6A8T3,4167262630,English,N,2026-08-29 04:51:04
MRN89891600,Lisa,Taylor,1936-07-08,2,9255105828,M2R2W8,289-414-5993,English,N,2026-07-06 23:11:46
MRN16560437,Amanda,Jones,1962-10-19,2,,L5B4M2,(416) 989-0844,English,N,2026-07-30 08:10:27
MRN37746923,Priya,Santos,1982-03-26,2,,M5G5V5,4165457129,French,N,2026-08-11 03:19:09
MRN33051690,Soia,Moore,2014-02-14,2,1553812031,M5H4S7,,English,N,2026-08-14 09:32:38
MRN20073662,Ling,Baker,2013-11-10,2,7384128315,M3A3V7,3658000908,English,N,2026-08-02 05:17:38
MRN39731425,Emily,Zhang,1984-06-11,2,3996097915,M1K 6T4,905-384-9912,Portuguese,N,2026-07-10 23:40:24
MRN13085817,Zara,Ricci,1974-12-02,2,2231908902,M6E 9S0,(905) 868-3602,Mandarin,N,2026-07-22 20:58:06
MRN41424983,Mark,Adams,1990-03-16,1,2506430749,M2K 8Z2,6478278817,Punjabi,N,2026-05-04 18:39:02
MRN25180014,Yuki,Kim,1999-02-19,2,4834535819,M9M8Y8,4372581436,Cantonese,N,2026-08-02 05:49:17
MRN13546896,Nadia,Hernandez,2014-01-08,2,9152744109,M5G7T5,416-820-2433,English,N,2026-08-21 07:14:09
MRN72869881,Pdero,Roy,1968-01-03,1,6709103367,L6C8K4,3653444913,Mandarin,N,2026-08-17 18:19:20
MRN57709429,Olga,Allen,1933-01-07,2,,M6H1J0,(365) 489-0622,English,N,2026-07-15 22:51:42
MRN55277336,George,Lre,1988-05-24,1,7010832967,M4G5G8,9052470525,English,N,2026-07-28 01:46:16
MRN19123177,Mark,Kowalski,1926-05-11,1,1392489090,M9L 7E6,9054733727,English,N,2026-07-27 07:53:09
MRN15883776,Chen,Smith,1971-10-25,1,1526239866,L6J5L6,416-644-5519,English,N,2026-08-18 13:30:14
MRN41790291,Hassan,Rossi,1999-06-17,1,,M1K5X3,365-623-3470,Spanish,N,2026-08-17 01:46:08
MRN85920254,Steve,Jackson,1971-08-21,1,9082253885,M6K3Y8,6478523934,French,N,2026-07-26 07:08:52
MRN14672699,Jessica,Brown,1938-02-02,2,5036797974,M4J 2T0,(416) 873-9674,Punjabi,N,2026-08-06 21:08:04
MRN70983609,Aisha,Smith,1998-09-02,2,3972068484,M2M 8G7,416-347-0188,English,N,2026-08-17 23:49:17
MRN60207545,Chiara,Kowalski,1984-04-24,2,2831615634,M5G9B9,,English,N,2026-07-16 19:27:58
MRN13304089,Betty,Gagnon,1944-10-04,2,1733568578,M1M6K2,3653983662,English,N,2026-07-29 05:17:35
MRN96573982,Patricia,Osei,1987-12-22,2,8480117145,M4C9Y5,(647) 853-5331,French,N,2026-08-23 09:34:11
MRN22141076,Chhiara,Martin,1955-03-12,2,6242323183,M2K6Y0,(905) 541-9492,English,N,2026-07-09 02:49:41
MRN42074443,Joseph,Osei,1988-01-10,1,7108739306,L6R9M6,6476475714,English,N,2026-07-11 04:42:49
MRN34523446,Joshua,Li,1976-07-30,1,5859849555,M1E0K8,(416) 446-9757,English,N,2026-08-14 07:50:19
MRN43830014,Ivan,Robinson,1942-08-30,1,,M4B5X9,(416) 215-1626,English,N,2026-08-24 02:36:45
MRN42329222,Pedro,White,1974-08-07,1,2270895765,M8Y0Z5,9053721352,Mandarin,N,2026-08-04 13:02:51
MRN71172545,Amara,Stewart,1939-12-18,2,7465704166,M4H0N9,,English,N,2026-08-28 22:07:20
MRN40540255,Robert,Nguyen,1979-03-20,1,3953223744,,9053878903,English,N,2026-08-18 11:11:00
MRN53610843,David,Walker,1957-10-03,1,6574090665,M8Y 1G7,2892074189,English,N,2026-07-13 00:40:45
MRN47887701,Yusuuf,Kowalski,1967-02-15,1,0713951994,L6P0Y11,(365) 428-3549,English,N,2026-08-02 01:25:21
MRN83065636,Aisha,Nowak,1978-04-26,2,0293278222,M8W8H1,4165983917,English,N,2026-07-09 15:58:29
MRN15995413,Matthew,Brown,1934-06-06,1,1288792086,L6A3M1,416-553-1984,English,N,2026-08-30 08:31:03
MRN90113956,Shelly,Green,1960-03-14,2,3193212358,L4J3Y2,3657640292,English,N,2026-08-28 13:45:44
MRN95248372,Nan,Martin,1959-05-04,2,0165615402,M4E1S0,437-978-7888,Mandarin,N,2026-08-21 04:49:50
MRN20099279,Sue,Wroght,1968-12-24,2,6326728075,M9M3G7,4169674915,English,N,2026-08-24 23:14:51
MRN44648258,Steven,Kowalski,1969-06-29,1,6549532486,M3B6V5,2899414888,English,N,2026-07-20 01:02:09
MRN41315226,Patricia,Jackson,2010-08-26,2,2366089155,M5A9C5,3656759923,Cantonese,N,2026-07-31 01:44:42
MRN52792528,Hassan,Young,1951-10-31,1,2684879578,M6C6G8,905-499-3823,Punjabi,N,2026-07-06 23:20:48
MRN42377195,Kraen,Robinson,1899-01-01,2,5413335638,M5E1R2,(289) 618-2520,French,N,2026-08-22 01:51:36
MRN20919738,Nancy,Adams,1964-12-28,2,5962309158,M1L8W4,9058050946,Tamil,N,2026-07-22 18:01:24
MRN25295712,Anna,Ferreira,1949-05-27,2,1621955739,M6K5B3,(647) 316-5673,Spanish,N,2026-08-22 20:34:36
MRN50065696,Jean,Jhnson,1985-06-13,1,3550861920,M1L1B6,(416) 684-4924,English,N,2026-08-21 20:10:30
MRN26157339,Daniel,Murphy,1985-01-17,1,2471146205,L6C3B6,289-886-1348,English,N,2026-07-13 12:03:29
MRN57106971,Andrew,Nguyen,1947-07-16,1,7790608074,L5A2X1,905-824-2785,English,N,2026-07-03 19:18:33
MRN39525810,Tommas,Carter,1941-06-06,1,9566654332,l6p0l9,(289) 870-1765,French,N,2026-08-22 05:03:31
MRN95440792,Luc,Mensah,1968-05-28,1,2054843442,M4H4Y9,,English,N,2026-07-05 00:48:39
MRN24116624,Amanda,Kelly,2002-10-05,2,0617722830,M3B3V9,2892144777,Punjabi,N,2026-08-25 05:20:11
MRN35554165,Richard,Bouchard,1940-11-04,1,,M2N 2N6,,English,N,2026-08-07 09:18:45
MRN30793217,David,Smith,1942-05-24,1,9701935067,M5E 9R4,9052033790,English,N,2026-07-17 21:00:01
MRN75231628,Michelle,Anderson,2001-12-27,2,7740282855,M6B 5T9,437-869-5965,English,N,2026-08-12 00:54:27
MRN68739133,Fatima,Zhang,1981-04-19,2,2121754812,M3H3L8,,English,N,2025-06-17 14:00:17
MRN20987370,Danel,Khan,1983-01-20,1,6779738316,M5H 0E9,(647) 301-7011,French,N,2026-07-13 23:33:45
MRN23865539,Olga,Ricci,1992-12-01,2,9294721023,M4L1V5,(905) 960-6715,Tagalog,N,2026-07-07 10:33:08
MRN45275533,Mohammed,Hernandez,1964-02-26,1,1241898053,m6e0z6,(647) 517-0853,Mandarin,N,2026-08-05 19:08:28
MRN87895851,Jses,rossi,1967-12-15,2,3750049672,M5N6B2,6473306963,Spanish,N,2026-07-18 15:33:50
MRN37474574,Nadia,King,1971-08-14,2,8707703693,M6K6W6,365-646-4301,Urdu,N,2026-08-08 16:17:49
MRN80609982,Mary,Kelly,1998-12-03,2,5578328659,M6A4V6,6474618986,French,N,2026-07-21 10:52:28
MRN49394807,Susan,Ahmed,1960-01-02,2,3405805261,M2J1L7,2897969186,English,N,2026-07-18 06:38:52
MRN63279638,Nadia,Khan,1980-04-21,2,7528458941,M4C9A7,(437) 618-0323,Cantonese,N,2026-08-11 07:18:47
MRN46097679,Marie,Thompson,1980-12-17,2,4267830455,L6J0C6,2893284291,English,N,2026-07-09 21:46:23
MRN25814067,Betty,Carter,1973-12-04,2,5621741262,M5E3H3,647-419-0125,Punjabi,N,2026-07-06 18:53:02
MRN71239809,Diego,Carter,1976-02-27,1,6554142080,L6G5R6,,English,N,2026-07-09 17:18:58
MRN85559460,Daniiel,Anderson,1983-06-10,1,,M5A5Y0,2898820305,French,N,2026-07-23 11:12:16
MRN58680003,Brin,Kim,1981-01-08,1,7930519611,M5G1P3,2899642220,English,N,2026-08-18 21:44:49
MRN54220680,Elizabeth,Adams,1967-09-21,2,5119880804,M5K1V2,(289) 800-4048,English,N,2026-07-31 01:05:41
MRN69579211,Sandy,Kim,2007-05-24,2,1205226598,L6P5K0,(905) 290-7649,English,N,2026-07-22 19:43:04
MRN87964633,Sue,Wrighht,1966-04-24,2,4496753481,M9A2N2,647-973-9677,Arabic,N,2026-07-19 14:38:08
MRN43964978,Priya,Khna,1991-07-19,2,2045448434,M9N8W0,437-859-0645,Punjabi,N,2026-08-30 07:20:50
MRN88233963,Aisha,Rossi,1978-02-14,2,5740975619,M4L1M0,416-612-0836,English,N,2026-07-10 04:45:23
MRN39805844,Diego,Zhang,1962-03-24,1,5671759099,L5A1S0,416-906-7903,Punjabi,N,2026-07-21 09:42:29
MRN88104435,Marie,Brown,1971-10-04,2,8238643228,M9M7J1,6477254796,English,N,2026-08-21 11:02:48
MRN16260228,Wei,Tremblay,1996-01-16,1,0536101165,L6B 1Y9,3658765151,Spanish,N,2026-08-27 13:38:34
MRN14266931,Mary,Thomas,1995-01-31,2,7639394639,M1N 0S4,9055296224,Mandarin,N,2026-08-06 07:05:04
MRN16119524,Andrew,Singh,1977-07-09,1,4563318304,M2M8S8,(416) 409-2207,Cantonese,N,2026-07-08 07:31:15
MRN30354233,Andtew,Tremblay,1987-11-17,1,3537744116,L6B8C9,2892484599,English,N,2026-08-27 23:35:40
MRN42718671,Susan,Kelly,1955-11-06,2,0965785819,M5N3S9,,English,N,2026-07-05 20:21:19
MRN56969070,James,Clark,1926-02-27,1,1244958409,L4L1E5,9055419419,English,N,2026-03-07 14:13:49
MRN60379381,Ashley,Rossi,1998-06-11,2,,M8X3T6,(905) 669-9881,Tagalog,N,2025-10-13 08:37:33
MRN19997933,Davod,Thompson,1987-04-16,1,4505204216,M3B5R1,2897698370,English,N,2026-08-13 17:43:29
MRN91492743,Daniel,Clark,1987-05-29,1,1086278528,M4G6W6,(437) 841-5323,English,N,2026-07-20 17:58:47
MRN27995323,Nikolai,Sutherland,1996-05-05,1,1785308261,L6J 1C1,437-929-7844,English,N,2026-08-13 02:00:49
MRN29630569,Pedro,O'Brien,1961-03-02,1,5495603051,M6B4L3,3653749046,English,N,2026-08-31 07:56:53
MRN73791042,Mike,Hassan,1983-06-27,1,6608684343,M5J7T7,416-572-0475,English,N,2026-08-13 09:04:17
MRN36247559,Anthony,Cote,1981-03-04,1,5990679317,L4K0R8,,English,N,2026-07-08 09:22:44
MRN60294165,Elizabeth,Rossi,1978-08-08,2,8499898495,L6H3G9,2896872966,English,N,2026-07-07 19:41:31
MRN85211674,Zara,Walker,1979-05-03,2,1788154860,M6E2W9,(416) 776-6772,French,N,2026-08-05 15:28:57
MRN44075520,Geoge,Walker,1978-07-19,1,6588455102,M2R8P5,(437) 759-9232,English,N,2026-08-18 12:04:20
MRN41675349,Karen,Thomas,1974-10-29,2,1321970665,M2M4G9,9059607712,Spanish,N,2025-09-18 12:12:50
MRN44013056,Jammes,Allen,1989-11-17,1,9516983062,M6M3Y4,9056848874,English,N,2026-07-10 21:02:05
MRN19761369,Michael,Young,1965-11-23,1,6804935994,M4A0Y1,(289) 754-7637,English,N,2026-07-16 07:44:21
MRN48362874,Robert,Anderson,1986-12-27,1,1478875543,M4A9N0,4379424142,French,N,2026-08-15 14:37:39
MRN11571749,Michael,Nguyen,1990-08-27,1,3842890927,L5A9W9,,English,N,2026-08-14 08:56:23
MRN36972519,Jennnifer,Green,1961-11-14,2,,L6C 0B9,2896751470,Spanish,N,2025-08-08 22:31:58
MRN97570788,Mohammed,Li,1947-07-09,1,,L6L5R0,(437) 460-7735,Punjabi,N,2026-08-07 18:15:21
MRN73105855,Joseph,Fraser,1990-12-07,1,1717176919,M5P 1J5,6474449987,English,N,2026-07-12 21:25:40
MRN53156941,Mary,Johnson,1899-01-01,2,5506585966,L6B0P8,4374619692,English,N,2026-08-28 01:04:56
MRN15681969,Chiara,Park,1993-01-19,2,3953763699,L6R0G1,(289) 452-0756,English,N,2026-08-24 19:11:08
MRN28689005,Thomas,Adams,1940-11-22,1,9974495385,18V5X4,(365) 577-7718,English,N,2026-08-30 02:37:29
MRN31235231,Maggie,Walker,1967-03-15,2,7044179450,L6S6P0,289-773-2609,Italian,N,2026-07-17 20:39:21
MRN46370184,Daviid,Gonzalez,1954-10-04,1,2912035751,M5N9B8,416-475-8985,English,Y,2025-09-01 17:59:55
MRN46142470,Olga,Carter,1986-05-25,2,8732661767,M1N4L3,6475610732,English,N,2026-07-22 16:28:44
MRN58751093,Jin,Sutherland,1966-10-17,1,8774954732,M3B3C1,(416) 956-5882,English,N,2026-08-27 13:00:00
MRN39427708,Josha,Ferreira,1964-12-29,1,1009047729,L6G8G7,(647) 663-7606,Punjabi,N,2026-08-28 13:44:03
MRN85311640,Mary,Rodriguez,2011-04-25,2,,M5E9G4,365-607-9587,Mandarin,N,2026-07-24 11:51:25
MRN75253052,Jean,Chen,1982-01-25,1,1651650663,M5K4C2,(289) 824-0321,English,N,2026-04-14 07:46:04
MRN21922341,Zara,Gonzalez,2011-04-20,2,6036811435,M8X9L5,905-736-7982,Cantonese,N,2026-08-29 21:56:08
MRN46802459,Emoly,Campbell,1971-06-25,2,1185093497,M5G5J3,(289) 851-5606,Mandarin,N,2026-08-05 16:46:40
MRN33761594,Stevn,Gonzalez,1951-03-29,1,5917289679,M1G2N4,(647) 701-4170,English,N,2026-07-29 11:04:59
MRN89278271,Mark,Sutherland,1959-07-21,1,9182923053,M9L5Y2,6472919017,English,N,2026-07-18 23:30:59
MRN86990802,Yusuf,MacDonald,1960-04-03,1,3281871503,L6C0R3,(289) 928-7458,English,N,2026-08-22 01:14:04
MRN96525851,Mark,Kowalski,1978-11-28,1,3462065370,M6J2N1,4375335013,English,N,2026-07-09 19:17:47
MRN80599193,Nadia,Davis,1965-08-23,U,3106625605,M5A3C1,,English,N,2026-07-07 03:38:01
MRN96400419,Hirohsi,Singh,1961-06-14,1,3317974396,L6H3K9,2892311712,English,N,2026-07-03 03:30:36
MRN76471028,Kevin,Garcia,1945-02-20,1,3610993622,M1H1V3,647-350-4913,Punjabi,N,2026-07-30 14:44:53
MRN14514175,Wei,Ferreira,1969-01-24,1,8941214283,M5H9L9,2895173968,English,N,2026-08-25 15:32:40
MRN64635566,Yuki,  Martinez  ,1979-02-23,U,0008628497,M5A4C6,(647) 215-7586,Spanish,N,2026-07-04 18:23:59
MRN57538962,Linda,Nguyen,1961-06-24,2,3456711518,M6J8E7,365-996-2003,Mandarin,N,2026-07-05 00:29:09
MRN91735674,Jean,Tran,1958-05-01,1,4389299258,M3A 0V1,,French,N,2026-07-15 08:25:40
MRN68730694,Priya,Li,1979-07-01,2,,M6M9T9,647-789-2609,English,N,2026-08-09 16:51:48
MRN12512168,Chen,Green,1990-08-19,1,2074157021,M4L1A2,,English,N,2026-08-10 20:13:11
MRN89338848,Dniel,Nguyen,1937-05-19,1,,L6A 3G2,(647) 977-9384,English,N,2026-07-27 17:49:47
MRN13104417,Dvaid,Mensah,1965-01-15,1,1680158233,M6G3V5,905-626-4385,French,N,2026-08-03 09:29:58
MRN70394139,Amir,MacDonald,1982-12-13,1,0689162584,M8W8P5,4165659078,English,N,2026-07-03 14:53:46
MRN92563586,Jean,Ahmed,1958-05-18,1,1770527933,M2M8J3,9054792200,English,N,2026-07-17 11:33:13
MRN68369778,Melissa,Okafor,1958-08-17,2,,M6E9H5,437-691-4742,English,N,2026-08-11 19:14:10
MRN37080652,Jean,Kumar,1957-07-29,1,0337545024,L6C1K71,(647) 761-9403,Tamil,N,2026-07-30 23:47:17
MRN46335857,Saarah,Rodriguez,1977-06-22,2,8779097537,M6K3H4,(289) 736-7830,Cantonese,N,2026-07-14 10:40:27
MRN64607817,Susan,Hill,1977-03-17,U,9825058663,M1J 3Z8,647-788-6526,English,N,2026-07-30 12:27:42
MRN58698212,Yuki,Jones,1965-11-05,2,0157573346,M5H2Y9,,Punjabi,N,2026-08-29 12:20:18
MRN72439228,Ana,  Anderson  ,1926-03-16,2,9519894415,L4C0M2,4162925710,English,N,2026-08-03 02:54:14
MRN67222449,Patricia,Kelly,1956-01-14,2,7277309014,M6K1S5,4376130511,Mandarin,N,2026-07-10 16:58:16
MRN90645229,Hassan,Green,1985-11-07,1,,m5g9a7,(416) 851-3924,French,N,2026-08-22 03:16:58
MRN64924193,Kenneth,Park,1987-12-09,1,3207852215,M4A5P4,416-779-8277,Arabic,N,2026-07-31 02:01:55
MRN13788457,George,Carter,1996-03-28,1,3838065070,M6L9C0,647-243-9051,Mandarin,N,2026-07-10 11:37:04
MRN76756100,Betty,Kowalski,1996-11-19,2,5677935727,M6A6J6,289-756-0153,English,N,2026-07-30 19:25:29
MRN24034650,Brian,Murphy,1944-01-02,1,5076079861,M1N6K9,3653125540,English,N,2026-07-21 07:20:45
MRN27674382,Pedro,Johnson,1988-12-10,1,1426513394,18W8C6,,French,N,2025-11-25 16:29:25
MRN26188921,Robert,Ahmed,1967-07-21,1,9209305938,M4E2J1,416-981-5955,English,N,2026-08-29 23:55:48
MRN87298203,Nadia,Hill,1999-03-28,2,3109373229,M6G9K7,2895581009,English,N,2026-08-11 17:22:56
MRN35235226,James,Rodriguez,2010-06-14,1,0406810820,M2J6K2,4372886821,Mandarin,N,2026-07-25 12:24:01
MRN99446019,Kenneth,Silva,2002-03-13,1,5387869836,L4B8R7,6473630829,English,N,2026-07-15 19:08:08
MRN86195994,David,Stewart,1935-03-18,1,4446437644,M2M8E9,(647) 299-3749,English,N,2026-07-15 20:48:09
MRN57201573,Yui,Mensah,1937-02-01,2,8647937484,M8X8K8,2893573709,Farsi,N,2026-08-07 08:02:35
MRN27247841,Kenneth,Brown,1989-08-05,1,6491630155,M6H 4M4,905-332-8778,English,N,2026-08-28 16:35:24
MRN68708037,Kevin,White,1966-03-17,1,2364021663,M4L4W3,905-912-8426,Spanish,N,2026-07-14 07:00:01
MRN52620552,Amir,Zhang,1971-05-21,1,7445497238,14J0X3,647-306-9537,Mandarin,N,2026-08-11 23:18:11
MRN24688431,Yuki,MacDonald,1988-12-30,2,1451851289,m5j2y3,(647) 691-3848,Punjabi,N,2026-07-21 05:13:46
MRN34060684,Ashley,Roy,1937-06-29,2,1930345556,M1J3V0,4164590359,French,N,2026-08-30 23:11:07
MRN40397081,Tomas,Park,1937-01-29,1,3258359730,M4J7K8,3653889211,Mandarin,N,2026-08-13 16:05:30
MRN54540848,Christopher,Rodriguez,1964-03-21,1,9347916778,M2K5S2,2893817477,French,N,2026-07-23 11:07:04
MRN56823655,Priya,Lewis,1978-07-18,2,7297875341,M5N1W0,(647) 532-0231,Cantonese,N,2026-08-15 04:37:49
MRN15202337,Ivan,Harris,1959-06-06,1,5779041549,M5B9H6,,Punjabi,N,2026-08-01 19:43:00
MRN22274683,Ashley,Allen,1962-04-19,2,2268168479,M1E6P3,(365) 961-0538,English,N,2026-07-15 21:57:15
MRN44739839,Thomas,Campbell,1993-12-31,1,4367499284,M9M6K6,365-899-9312,English,N,2026-07-24 20:06:41
MRN64056065,Michael,Gonzalez,2018-01-07,1,6215468767,L6R4V5,4169063800,Spanish,N,2026-08-05 15:59:48
MRN96662892,Ling,Carter,1967-10-12,2,0795624279,M1J0M7,6479095836,English,N,2026-07-26 12:35:28
MRN11578927,Kevin,King,1980-06-09,1,4848243741,L4B1N7,,English,N,2026-08-17 19:55:28
MRN41511151,Kevin,Ricci,1994-10-04,1,5347120165,M6C 9X8,(905) 323-2755,English,N,2026-10-01 11:38:38
MRN42152981,Nadia,Thompson,1964-03-07,2,7151047367,L4K3R2,6478865820,English,N,2026-08-23 11:44:45
MRN74326361,Mohammed,johnson,2005-04-13,1,4523152884,L4L3E5,(647) 873-4632,Spanish,N,2026-05-15 00:53:31
MRN78786737,Mohammed,Taylor,1976-05-01,1,8616560697,M3A2S0,289-522-7018,English,N,2026-08-09 20:53:27
MRN43228385,Christopher,  Gagnon  ,1973-09-25,1,2431166830,M1G8C7,3655653890,Mandarin,N,2026-07-25 05:33:04
MRN35496150,Amara,Martin,1982-11-04,2,0073247439,M2H7H1,437-831-6380,English,N,2026-07-15 13:28:53
MRN62891884,Wei,Fraser,1941-03-02,1,9815911509,M6G9S9,(365) 750-9529,English,N,2026-08-10 12:04:09
MRN52645036,Brian,King,1939-06-01,1,7566979063,00000,(289) 422-3532,Tagalog,N,2026-08-18 03:41:54
MRN61389582,George,Gagnon,1978-12-16,1,4818012439,L4B4C1,9058826884,French,N,2026-08-03 20:40:25
MRN18580624,Chiara,Garcia,1959-10-09,2,9152810330,M6G7E5,(905) 220-3800,Urdu,N,2026-08-13 18:01:44
MRN21940059,Mike,MacDonald,2006-12-18,1,,m6k2n2,,Cantonese,N,2026-07-29 05:51:13
MRN79774833,Choara,Nowak,1940-10-22,2,7007710762,L6P8A3,4374069066,English,N,2026-08-24 22:35:18
MRN26558341,Patricia,Mensah,1964-10-05,2,8718835245,M1K 5G7,(647) 866-5812,Mandarin,N,2025-07-10 10:06:44
MRN26427747,Amir,Martin,1978-11-07,1,8111489467,M2H1S0,(647) 596-6220,Punjabi,N,2026-08-08 10:23:38
MRN42580406,Mike,Green,1961-08-08,1,4756663045,L6M8G7,6475464166,English,N,2026-08-21 05:34:56
MRN25031262,Amanda,O'Brien,2002-11-11,2,3275777740,M2R8M7,(416) 929-7733,English,N,2026-08-21 03:42:58
MRN30333491,Mei,Davis,1968-02-27,2,9926970097,L6S9W3,4162644249,French,N,2026-08-09 14:26:14
MRN26135612,Sofia,Patel,2008-03-25,2,6083514791,M2J9Z0,3652498657,English,N,2026-08-12 11:54:07
MRN68909683,Kevin,Nelson,1950-11-20,1,1615490172,L4L7G5,4374343234,English,N,2026-07-16 15:20:56
MRN38297105,Olga,Singh,1982-11-09,2,1860478161,M6L6T9,2898103130,French,N,2026-08-06 05:43:35
MRN32006643,Aisha,Tran,1966-02-05,2,9181663692,M6M4M1,(647) 254-5583,French,N,2026-07-19 15:33:01
MRN80643717,Yusfu,Baker,1962-08-13,1,0443255740,M5N2S7,437-333-0634,English,N,2025-06-23 01:06:02
MRN15930944,Ling,King,1956-09-27,2,1574687008,M6G7A2,,English,N,2026-08-22 15:18:17
MRN25790980,Chiara,Lee,1979-05-10,2,0388841262,M5A6P0,(647) 630-8232,Urdu,N,2026-07-23 03:11:40
MRN16269417,Kenneth,Green,1981-12-29,1,6893429958,M5G5J4,3653516535,French,N,2026-08-02 10:46:18
MRN90191713,Mary,Thompson,1936-07-10,2,6718539734,M4C4B3,4166660356,English,N,2026-08-19 18:02:32
MRN13801480,Marie,Okafor,1991-08-25,2,1622427258,M1B8T2,2896703493,English,N,2026-08-06 04:54:54
MRN39605008,William,Taylor,1994-11-30,1,3660343215,M6B0G1,(289) 466-1262,English,N,2026-08-10 02:42:47
MRN22265189,Pedro,Cote,1950-02-11,1,7731521014,M9N2X1,9053696414,English,N,2026-08-04 14:23:57
MRN87863696,Pedro,Green,1950-02-11,1,7731521014,M9N2X1,905-369-6414,Spanish,N,2026-07-26 20:48:11
MRN78384201,Lisa,Robinson,1993-04-10,2,0473254563,M8X0K1,3652562211,Mandarin,N,2026-07-27 05:04:27
MRN97349784,Ingrid,Walker,1960-12-05,2,5620847979,M2K9W1,4373552032,English,N,2026-07-25 01:47:18
MRN18881272,Betty,Adams,1931-12-20,2,3551418167,M2M1T6,647-400-0462,English,N,2026-07-22 17:46:46
MRN31419812,Jean,Ahmed,1943-12-23,1,3656121419,M5P4E0,(437) 566-7143,French,N,2026-08-26 15:53:54
MRN57308484,Ashley,Martinez,1967-07-12,2,7070131466,M4H7B8,(365) 660-9398,English,N,2026-08-19 20:02:56
MRN29124554,Pedro,Taylor,1977-01-02,1,8977854689,M1N0X6,2895431523,French,N,2026-08-30 20:54:55
MRN49446307,Janes,Garcia,1959-02-13,1,4241524729,M4C4N7,3657894907,English,N,2026-07-26 13:07:31
MRN34175784,Ingrid,Campbell,1946-07-19,2,9637032369,M6H 5A2,(289) 563-1605,English,N,2026-07-24 18:32:17
MRN19578044,Barbara,Jackson,1983-12-07,U,3322738091,M6K4B9,,Tagalog,N,2026-07-21 22:59:16
MRN83224139,Katen,Thompson,1947-08-02,2,1139978249,L6C5Z9,(437) 378-5866,English,N,2026-07-11 11:24:07
MRN59391995,Ian,Allen,1948-05-31,1,6743515378,M2H0E3,905-452-6018,French,N,2026-08-30 10:12:24
MRN57225382,Sandra,Roy,1995-07-01,2,6788879903,M4A3R8,416-324-4422,English,N,2026-08-22 18:48:12
MRN92210145,Mei,Stewatt,1990-01-23,2,8734087714,L4L5V5,4168903776,English,N,2026-07-31 05:50:15
MRN46257113,Ashley,White,1970-05-14,2,2411842384,M1B5T6,365-973-4103,English,N,2026-07-13 23:02:52
MRN30993266,Joseph,Snigh,1935-03-19,1,1135264073,M2J4X4,(416) 514-9142,English,N,2026-07-10 00:03:09
MRN43153802,Wei,Rossi,1953-04-29,1,3697147134,M6L8Y2,3658617088,Spanish,N,2026-08-04 01:39:01
MRN12638364,Ingrid,Baker,1970-06-11,2,5358026192,M9A 3W6,,Punjabi,N,2026-08-14 09:03:45
MRN12846705,Claire,Hernandez,1950-03-17,2,9931120209,M4G 3A8,(437) 526-3959,Punjabi,N,2026-07-14 16:22:57
MRN61670940,Mark,Hasssan,1959-04-21,1,,M1J2P0,(437) 856-1256,Punjabi,N,2026-07-23 12:38:18
MRN66353243,Mohammed,Gagnon,1945-05-21,1,3833092921,M1J,4167911727,French,N,2026-07-27 06:49:16
MRN34601779,Wei,Ricci,1949-02-23,1,5084660629,L6L1B8,,French,N,2026-08-03 10:22:18
MRN59321639,Mark,Thompson,1957-06-21,1,9259504851,M4B3T6,416-887-8084,English,N,2026-07-31 09:55:19
MRN26373950,Melissa,Jones,2009-07-06,2,0611652678,M1J0T2,365-297-7408,English,N,2026-07-27 19:21:16
MRN50198612,Nikolai,Williams,1950-11-03,1,0991922071,M4C 4T0,9058671876,Mandarin,N,2026-07-04 21:15:42
MRN49353951,Kren,Kumar,1927-01-05,2,9752755091,L4C7K2,,English,N,2026-07-12 17:31:33
MRN10524554,Richard,Wlker,2021-11-19,1,,M1C7L3,437-968-6455,Tamil,N,2026-07-18 14:53:18
MRN60745825,Chen,Tremblay,1949-08-16,1,8975547954,M2M0K0,,English,N,2026-08-27 08:52:56
MRN13978581,Matthew,Davis,1960-05-25,1,8054842698,M2J 8E0,4374275584,English,N,2026-08-24 19:24:04
MRN22497944,Fatima,Davis,1926-03-03,2,8953580084,L5A 6R6,(905) 855-8979,English,N,2026-08-05 01:32:25
MRN90229135,Joshua,Ahmed,1967-08-16,1,8631517631,L4L 0S4,,English,N,2026-07-26 09:24:42
MRN76712424,Mike,Santos,1975-02-28,1,1136333026,M5E4V1,(289) 650-1323,English,N,2026-08-05 12:41:34
MRN65206636,Rick,rodriguez,1990-12-11,1,4082163025,M2N1H8,(365) 619-2107,Tagalog,N,2026-07-30 15:24:13
MRN48860977,Susan,MacDonald,1960-11-28,2,3299983225,M3H2G1,289-508-7520,Arabic,N,2026-08-30 00:13:15
MRN27045439,Joaeph,Lopez,1952-02-05,1,1662337144,M6G2K5,9052318100,English,N,2026-07-30 04:06:15
MRN19762124,Barbara,Walker,1951-02-13,2,8745149255,L5A1G0,647-961-1647,Urdu,N,2026-07-25 11:39:12
MRN79854366,Brian,O'Brien,1940-05-23,1,5039796528,L6L6A5,4374830851,Mandarin,N,2026-08-27 06:54:41
MRN12715245,Amir,Nelson,1966-12-25,1,9102474930,,(289) 823-6937,English,N,2026-08-07 07:20:35
MRN31970852,Ahmed,Kan,1947-10-02,1,3638689178,M2M5V9,3658281305,French,N,2026-08-20 20:28:08
MRN59263215,Ahmeed,Khan,1947-10-02,1,3638689178,M5H9M9,,French,N,2026-07-18 12:42:22
MRN42794028,Mark,Singh,2016-11-11,1,1071486474,M2K2Y4,365-991-5497,English,N,2026-07-22 01:17:07
MRN64670698,Raj,Mitchell,1989-09-08,1,2187732835,L4L0Y7,,French,N,2026-08-04 15:18:50
MRN80634269,Jennifer,Sutherland,2025-12-28,2,3607961657,M1C9G9,(365) 386-2772,Punjabi,N,2026-08-10 01:23:01
MRN18877764,Aisha,Martinez,2007-05-30,2,7432292527,M6E2T6,416-620-8659,Tagalog,N,2026-07-05 16:50:22
MRN50822136,Nanccy,Ahmed,1952-07-18,2,7757829739,M9L8R1,6472637839,English,N,2026-08-06 16:00:08
MRN17983094,Joseph,Miller,1980-10-19,1,6670961157,L6P0E0,905-786-7197,English,N,2026-07-05 07:18:52
MRN67071526,Marie,Martinez,2006-03-19,2,1427752678,M5P 2A0,2897228514,Spanish,N,2026-07-04 22:01:58
MRN78476918,Marie,Scott,1944-12-24,2,,M3H3Z3,3659856809,French,N,2026-08-20 06:43:47
MRN38669389,Priya,Allen,1928-06-22,2,9548587485,M6M2X6,905-902-3585,English,N,2026-08-07 04:25:06
MRN16801476,Mei,Martin,1963-05-29,2,6635520767,M4C7Z7,4376256062,Urdu,N,2026-07-13 14:44:24
MRN11636302,Betty,Koalski,1986-03-08,2,2665017683,M9N4A2,(647) 926-6150,Mandarin,N,2026-08-21 16:41:29
MRN46438844,Betty,Smith,1966-09-10,2,1476612062,M8Y2K8,4163558907,English,N,2026-07-21 00:52:49
MRN37590539,Karen,Green,1972-08-09,2,6142255378,M6L2R7,(365) 233-5841,English,N,2026-07-18 02:53:52
MRN56966340,Linda,Okafor,2004-12-24,2,,L6A2L7,(416) 272-4953,English,N,2026-07-11 05:45:50
MRN51613061,Robert,Rodriguez,1949-03-28,1,7083810825,M9L9G0,365-313-5330,English,N,2026-07-26 08:44:45
MRN62206036,Sarah,Young,1997-02-12,2,5255856410,M4C4A1,365-791-0376,Punjabi,N,2026-07-26 13:35:07
MRN28039901,Yusuf,Ross,1948-08-23,9,4054634789,L6B0Z9,437-847-2230,Punjabi,N,2026-07-27 20:11:26
MRN17052127,Mei,Davis,1997-10-05,2,,M1N 0N4,365-725-6334,Spanish,N,2026-07-16 21:39:59
MRN19452328,Priya,Gagnon,1986-02-15,2,2739601322,M9A2L9,(437) 893-2021,Portuguese,N,2026-07-03 22:50:44
MRN32524201,David,Nelson,1950-08-17,1,2591836362,L6R4M5,(289) 707-7658,Punjabi,N,2026-08-05 21:22:52
MRN61604314,Anthony,O'Brien,2008-01-31,1,0314976069,M8W0A2,,English,N,2026-08-17 06:00:47
MRN99190016,David,Patel,,1,1412695627,M4A7V5,437-660-7051,English,N,2026-07-19 19:01:36
MRN41245782,Jean,Young,1969-10-06,1,2943802161,M6A9W7,(437) 609-5504,French,N,2026-08-26 23:53:36
MRN24265540,Ahmed,Ross,1997-08-04,1,2974014868,L4C6H8,4167999616,English,N,2026-08-11 06:53:06
MRN21461657,Karen,Singh,1981-11-24,2,3182780720,L6G2R4,2893128044,English,N,2026-08-12 18:26:40
MRN40367140,Luc,Ferreira,2002-06-05,1,9068548255,M2N 7N3,(647) 807-3949,French,N,2026-07-27 15:01:58
MRN39558151,Yusuf,Hassan,1969-09-16,1,7244665266,M8V0K7,4163662302,French,N,2026-07-09 08:29:45
MRN15110371,Marie,Rodriguez,1977-01-22,2,0561388919,L6P 2W1,(437) 919-7479,English,N,2026-08-17 03:00:29
MRN67273940,Jean,Davis,1977-12-27,1,6870144174,M5A0L7,905-519-6950,English,N,2026-08-31 01:43:25
MRN79235875,Jean,Tran,1969-06-01,1,3797314063,L6J9K2,365-965-5576,English,N,2026-08-07 15:19:45
MRN57041639,Susan,Scott,2018-02-02,2,1015440538,M6B 0N6,4168442402,Spanish,N,2026-08-17 22:22:12
MRN60558548,Ivan,Patel,1968-12-25,1,5915127137,M5A8G0,289-916-2459,English,N,2026-08-29 08:44:28
MRN56535841,Hassan,Mesah,1993-10-31,1,6747553409,M4J4L3,(647) 503-3825,Arabic,N,2026-08-01 08:35:24
MRN78429087,Ana,Silva,1973-06-29,2,7953346470,m8w7n0,9058127114,English,N,2026-07-05 13:34:47
MRN17792614,Michelle,Bker,1988-08-14,2,2488354024,M3A4K7,416-357-2923,French,N,2026-08-14 07:19:35
MRN63169095,Mohammed,Jones,1974-07-06,1,4238055141,m6l2t0,289-286-6535,Cantonese,N,2026-07-31 20:00:54
MRN31686532,Yusuuf,Khan,1992-01-15,1,7910417034,L5A5A7,(647) 530-1738,English,N,2026-08-09 21:16:09
MRN42969700,Susan,Hill,2000-11-04,2,3358317539,M9L 7P3,,English,N,2025-06-09 13:08:35
MRN82552611,Pedro,Taylor,1986-09-29,1,6794039146,M1H0W1,(365) 264-1021,English,N,2026-07-29 18:57:41
MRN67044380,Chiara,Hernandez,1958-02-27,2,9976315664,L4K6X2,(905) 835-8456,English,N,2026-08-01 15:36:06
MRN69907614,Amir,Ali,1994-10-28,1,3420276069,M5E0R8,2896916284,English,N,2026-08-16 05:58:30
MRN94666405,Melissa,Thomsa,1975-04-15,2,9981755169,L4K6M9,4166718619,Punjabi,N,2026-08-16 05:24:35
MRN38777626,Ana,Cote,1932-10-03,2,2954010316,M2M4H2,905-478-4656,English,N,2026-08-22 01:49:52
MRN29004325,Melissa,Anderson,1983-01-11,2,7921763053,M2J6C4,4373372602,Cantonese,N,2026-08-07 03:11:41
MRN44430505,Ivan,Hill,1969-06-03,1,7138128918,M5R7R9,437-865-3604,English,N,2026-07-12 05:00:56
MRN77946397,Melissa,Hill,2021-07-01,2,7891720026,M9N7H3,3654367653,English,N,2026-07-19 17:08:35
MRN83655618,Mark,Ahmed,1971-04-04,1,,M9M0X6,(647) 822-5922,Tamil,N,2026-08-03 20:13:03
MRN89136307,Robert,Kumar,1964-04-11,1,1869901858,M4L9N6,(365) 894-4850,English,N,2026-07-31 12:57:47
MRN67044604,Sarah,Harris,1963-03-24,2,9395925366,L6P9G3,365-276-7316,English,N,2026-08-03 00:13:35
MRN85587551,Ling,Santos,1988-03-07,2,4883450621,M1N9P2,(437) 558-1811,English,N,2026-07-13 01:12:30
MRN10737375,Yusuf,Roy,2007-01-16,1,9808081138,14K2R2,(647) 888-3298,Spanish,N,2026-08-21 05:13:17
MRN71838339,Kenneth,Mitchell,1973-10-07,1,9209429100,M6H,(289) 522-2767,Tamil,N,2026-08-07 12:36:01
MRN89489696,Lisa,  Thmoas  ,1928-10-22,2,5274999977,M9N2E6,(289) 691-2473,English,N,2026-07-29 18:57:59
MRN66984177,Sarah,Robinson,1946-08-20,2,6068807327,M1M9V3,4165108103,English,N,2026-08-24 15:44:08
MRN92897792,Jin,Clark,1938-02-14,1,3533963843,M9N 0B4,437-230-5396,English,N,2026-07-09 18:47:45
MRN10977490,Nadia,Lewis,1996-03-12,2,8053182112,M9C 5A2,,English,N,2026-07-28 20:51:58
MRN26781119,Chira,Brown,1992-08-29,2,,M2R4V8,9058414991,Spanish,N,2026-08-27 06:17:49
MRN30590866,Mary,Miller,2013-09-02,2,1533772545,M4B9L6,,English,N,2026-08-25 16:56:58
MRN19861942,Jen,Stewart,1988-08-18,2,6301773005,M6A4B2,4169014357,English,N,2026-08-09 00:23:08
MRN51000910,Hiroshi,Martinez,1968-03-11,1,1919934552,L6S2R3,289-876-4462,English,N,2026-08-17 20:00:16
MRN65709653,Ling,Scott,1989-02-16,2,0920320306,L6S 6G3,(365) 842-1398,French,N,2026-07-19 07:25:20
MRN47564356,Joshhua,Nowak,1963-04-21,1,8829925059,L5A6K1,(365) 651-2555,English,N,2026-07-18 23:19:54
MRN34535702,Joshua,Patel,1945-01-06,1,3641445279,M2N5E2,(365) 373-3589,English,N,2026-08-11 14:13:13
MRN62601113,Shelly,  Cote  ,1991-02-12,2,3565102187,L4C9W5,4375907246,Tagalog,N,2026-08-21 17:26:20
MRN97208774,Ana,Harris,1963-05-11,2,5770354982,M5G0A1,365-753-8164,Spanish,N,2026-07-07 02:01:53
MRN42572638,Mohammed,Sutherland,1958-09-02,1,7439698833,,3657802672,English,N,2026-07-15 07:53:24
MRN70276966,Yusuf,Green,1978-07-23,1,0994479798,M5J6G1,(905) 789-1677,English,N,2026-07-26 19:36:44
MRN59798635,Nancy,Murphy,2007-08-19,2,0827891573,M8Y8R1,4169029059,Mandarin,N,2026-07-05 04:56:07
MRN10987194,Karen,Ali,2022-06-01,2,2037778830,M2J9W8,,Mandarin,N,2026-08-02 20:32:23
MRN48073310,Jessica,Lopez,1984-06-15,2,7571484547,M4C1R7,365-430-0305,Spanish,N,2026-08-28 12:15:13
MRN99481053,Eliabeth,Thomas,1974-01-12,2,0697855997,M2H 9P5,2899682642,English,N,2026-08-24 08:50:00
MRN21167641,Raj,White,1929-04-11,1,5057490079,L6B4Y8,(437) 609-9354,English,N,2026-08-02 16:04:55
MRN93696793,James,  Hassan  ,1975-12-13,1,6072554428,M6G8Y0,289-923-1627,English,N,2026-08-14 19:09:09
MRN38462860,Michelle,Kowalski,1978-12-28,2,3587794151,M4A7S3,905-726-8103,English,N,2026-08-01 06:05:13
MRN65794803,Joseph,Carter,1953-11-11,1,8428079787,M9B9N0,416-861-3542,Cantonese,N,2026-08-29 13:43:24
MRN35405324,Melissa,Moore,1974-11-06,2,5923576879,M1L0W2,(437) 253-0451,English,N,2026-07-16 18:39:21
MRN85938832,Patricoa,Frasr,1999-09-06,2,7547017934,M4L6V4,(647) 406-3544,English,N,2026-07-26 00:20:53
MRN75703636,Ingrid,Kumar,1991-07-04,2,5745668664,M4M6R1,(365) 404-0928,Punjabi,N,2026-08-05 06:52:05
MRN78158886,Jennifer,Thompson,1960-10-30,2,3837302870,M2N4K6,3653921025,English,N,2026-08-11 18:19:17
MRN83400558,Yusuf,Ricci,,1,5448046440,L5N4E4,6475940268,English,N,2026-07-27 01:43:17
MRN40935749,Steen,Tremblay,1946-03-05,1,,M6G3N9,,English,N,2026-08-15 12:53:08
MRN49629528,Nadia,Park,1948-11-21,2,1354635201,M6B3K0,6474406312,English,N,2026-08-17 04:29:45
MRN40279533,Jean,Li,1980-02-05,1,0869248765,L6C1K4,2893076042,Arabic,N,2026-07-21 23:04:56
MRN41208379,Ahmed,MacDonald,1943-03-14,1,9549832724,M1N2Y7,3656683275,English,N,2026-09-18 23:01:45
MRN42393395,Christopher,Kowalski,1981-09-02,1,3043099989,M1B7C8,289-894-7118,English,N,2026-08-28 01:01:36
MRN52023939,Priya,Mitchell,2011-02-12,2,9689459304,M1K0W1,6478015892,English,N,2025-10-09 03:22:34
MRN38228367,Pedro,Bown,1996-05-20,1,7638657721,M1K5Y0,,English,N,2026-07-27 12:53:42
MRN12392660,Hasssan,Hassan,1961-05-14,1,3487811253,16C8R8,365-450-8344,French,N,2026-08-07 03:23:40
MRN52484895,Mike,Young,1937-08-21,1,2763701543,M5J2Z1,365-863-0239,English,N,2026-07-04 18:22:20
MRN20506587,Jessica,Roy,2007-12-09,2,5436477581,L6S8Y4,437-993-7505,English,N,2026-07-05 18:40:40
MRN93330278,Amanda,Khan,2021-08-23,2,5298628115,l5n7m4,4162702721,English,N,2026-08-21 01:46:25
MRN69119563,Mohammed,Davis,1989-08-15,1,7783066728,L6P3A1,(647) 977-3066,French,N,2026-08-21 04:17:08
MRN26655905,Emily,Scott,1951-06-05,2,6806448145,L4J7V3,,English,N,2026-07-14 05:11:41
MRN28801151,William,Nowak,1972-10-28,1,0967605254,L4J9Z3,,English,N,2026-08-21 07:02:55
MRN21470659,Yusuf,Jackson,2014-12-06,1,0004204657,L6G5R1,6474331297,English,N,2026-08-17 13:23:11
MRN27079745,Daniel,Lopez,1954-10-08,1,2758688820,L4K0R5,4162468391,English,N,2026-08-10 21:10:01
MRN60093572,Matthew,Tran,1986-12-14,1,9374154350,L5N5G9,(416) 595-9919,English,N,2026-08-11 13:20:34
MRN73428868,Chiara,Kowalski,1958-09-16,2,2586108397,M1L8B9,905-248-3077,English,N,2026-07-17 16:38:05
MRN27612383,David,Stewwart,1968-09-02,1,9257177650,M2N4E4,(289) 596-8494,English,N,2026-07-20 07:52:17
MRN39481935,Andrew,Lopez,1983-04-13,1,7846966492,M6K2T0,4162774887,English,N,2026-08-20 15:14:34
MRN76841099,Marie,Wright,2014-03-01,2,1544467135,M5J2N9,2895421457,Mandarin,N,2026-08-16 05:21:13
MRN94273874,Mark,Campbell,1963-08-29,1,2266350145,M5R 3H6,6475325086,English,N,2026-08-16 04:45:18
MRN31174086,Mohammed,Clark,2001-08-12,1,8629642219,L6A4C5,,English,N,2026-08-15 05:59:22
MRN32899841,Jess,Ricci,1994-09-28,2,5513811512,M6H3E7,,English,N,2026-08-03 15:51:39
MRN62857753,Diego,Carter,2011-07-26,1,6130655340,m2n0m5,289-512-2363,Cantonese,N,2026-08-13 00:26:08
MRN67985862,Jin,Mitchell,2021-04-13,1,1023773060,M6K4C9,3653703856,Mandarin,N,2026-08-07 22:11:18
MRN90295693,Michael,Nguyen,1941-12-26,1,8713554007,M5N3P7,9057996216,English,N,2026-08-18 01:07:59
MRN49759044,Pedro,Davis,1986-10-26,1,8175161093,L6J7Y8,3656361916,English,N,2026-07-17 07:09:47
MRN73684549,Brian,Scott,1964-10-11,1,9474287803,00000,9054776756,French,N,2026-07-23 04:12:45
MRN80236523,Thomas,Bouchard,1962-09-06,1,3436039931,L6B6W9,365-691-1421,English,N,2026-08-12 10:33:20
MRN36248715,Lia,Wright,1971-05-21,2,4250300920,M1G 5X2,416-991-0168,Spanish,N,2026-08-30 15:23:54
MRN33201030,Ingrod,Davis,1970-03-27,9,9402728944,L6H8R5,3655262495,Cantonese,N,2026-08-06 00:33:04
MRN28055922,Michaael,Davis,1952-01-29,1,5975845040,M4K8P3,437-299-6440,French,N,2026-07-29 09:28:55
MRN31430529,Thomas,Thomas,1932-08-31,1,5405242040,m5b6l0,6472643922,French,N,2026-08-11 12:27:02
MRN91119192,Jin,Bouchard,1951-12-15,1,7566646779,M3H 7P3,2892244398,English,N,2026-07-15 20:45:58
MRN34097817,Ommar,Ahmed,2004-03-14,1,7514783708,M9M0P3,647-836-9584,English,N,2026-08-13 23:57:49
MRN39017567,Wei,  Baker  ,1965-06-18,1,2430215240,,4373051865,Mandarin,N,2026-01-19 15:07:30
MRN98836048,Ahmed,Williams,1955-03-02,1,9936218040,M5H8X8,,English,N,2026-07-06 19:01:20
MRN33035426,Amir,Sutherland,1932-01-14,1,6861284930,M1E3B8,365-234-2265,English,N,2026-08-19 22:03:58
MRN24868100,Amsra,Kelly,1981-07-29,2,9227977536,M4L0Z8,(437) 292-0173,English,N,2025-07-05 02:43:16
MRN84069609,Kevin,Ross,1951-03-09,1,8655087198,m1b5h9,9059004978,English,N,2025-07-19 14:26:52
MRN70442368,Mark,Martin,2003-06-23,1,9974445976,,4166962181,English,N,2026-03-07 11:24:43
MRN99779418,Nikolai,Patel,1998-11-27,1,2583797697,M1K 4L2,647-593-2423,French,N,2026-07-21 22:53:07
MRN55617199,Zarra,Hernandez,1977-08-14,2,3675482990,M4E0T5,647-720-5473,English,N,2026-07-15 03:53:08
MRN86155648,Karen,Mitchell,1964-12-15,2,1212253320,M4B7N6,289-548-2136,Mandarin,N,2026-08-30 15:08:28
MRN67128266,Jean,Cote,1970-09-04,1,5947635040,M9L0S8,4168418093,English,N,2026-08-24 01:41:55
MRN27753564,Meilssa,King,1995-06-20,2,2409109135,M9L9T6,4168267691,Mandarin,N,2026-08-28 14:16:44
MRN69171672,Christopher,Hassan,1990-04-11,1,9201968790,M5J9J2,(437) 723-6846,English,N,2026-08-20 17:25:02
MRN23988128,Amir,Gagon,1982-07-18,1,2150120356,M1H7S2,289-979-2717,Mandarin,N,2026-08-26 14:34:11
MRN75953744,Amara,Hassan,1961-11-09,2,4558435105,M1K1N5,(905) 943-1051,English,N,2026-08-11 06:21:58
MRN43783186,Anara,Stewart,2017-03-08,2,8709789118,m5a2s6,2896957662,Spanish,N,2026-08-18 04:36:47
MRN70076495,Luc,Nelson,1967-03-18,1,8123950282,L5B9Z4,9056567215,English,N,2026-07-16 08:33:09
MRN57532328,David,Martin,1949-05-28,1,5506832012,M4C2E4,(416) 450-4312,English,N,2026-07-16 13:59:27
MRN78361287,Maroe,Lee,1941-05-06,9,8691430139,M4J9M5,289-979-8508,English,N,2026-08-16 09:20:32
MRN21227867,Ingrid,Wang,1967-04-30,2,6024487008,M4C3E0,365-599-2490,Punjabi,N,2026-07-19 09:16:12
MRN38787537,Mary,Adams,2016-06-19,2,1852709383,M5P6Y2,4166852583,English,N,2026-07-08 13:59:29
MRN54820896,Lisa,Lopez,1936-09-03,2,8994219478,L4C2H7,(647) 578-5911,English,N,2026-08-10 02:42:09
MRN73549516,Mohammed,Ahmed,1981-09-07,1,7051293350,M4C1A7,3654380596,English,N,2026-07-22 02:03:50
MRN95961990,Hassan,Carter,1968-02-05,1,8644963988,M6K7K6,6479052611,French,N,2026-07-16 00:21:26
MRN42135452,Hassan,Ferreira,1959-10-29,1,4986082792,M2J9C5,9058972204,English,N,2026-07-26 16:30:03
MRN47283952,Kennth,  Nguyen  ,1943-02-06,1,8017951875,M2M6K1,(437) 527-3001,English,N,2026-07-12 11:11:53
MRN29945798,James,Miller,1971-12-19,1,1500054158,L6C6J7,(289) 778-9890,English,N,2026-07-27 10:26:59
MRN72109509,Diego,Johnson,1946-09-09,1,2289856615,m4e2r3,4165926880,Punjabi,N,2026-08-22 16:53:36
MRN60406893,Diego,Miller,1988-12-03,1,4018770364,L4K8X9,4379471140,English,N,2026-08-03 15:46:09
MRN68617648,Sofia,Lopez,1963-01-20,2,3838991838,M4G9C1,(437) 690-9609,Mandarin,N,2026-08-03 02:06:16
MRN33770806,Wei,Hernandez,1991-04-27,1,8703647100,M1E5C1,,English,N,2026-07-19 08:56:24
MRN93364255,Liz,O'Brien,1969-06-11,2,5997214191,M1E0S7,4168062954,Spanish,N,2026-07-30 10:36:30
MRN68708259,Amir,Kumar,2015-01-26,1,7812089790,M3H8J9,(437) 573-1171,English,N,2025-07-04 18:37:17
MRN75707327,Joshua,Thompson,1986-03-28,1,1429110180,M4A 0B8,437-250-3758,English,N,2026-07-15 08:18:12
MRN34803616,Margaret,Chen,2014-10-16,2,1192955290,M2M 0L1,365-726-7802,English,N,2026-07-03 18:25:05
MRN50510532,Tony,Wright,1986-06-19,1,4029701135,,4374058155,French,N,2026-08-04 11:15:50
MRN64772999,Jessica,Campbell,1994-04-05,2,6622448527,M1K 1M7,(647) 952-9844,Tagalog,N,2026-08-12 10:52:00
MRN48632884,Sofia,Adams,1934-05-07,2,2657854283,M3H0V5,9059165789,English,N,2026-08-23 04:25:09
MRN50927668,Chris,Johnson,1959-07-26,1,7340653638,16M5C1,289-241-8615,Cantonese,N,2026-08-10 18:00:58
MRN82422574,Luc,Kelly,1995-03-11,1,2948502485,L5C0Y0,4372044261,English,N,2026-08-12 06:26:12
MRN73500044,Chiara,Young,1947-09-02,2,4617703840,M9C7S9,(905) 974-7112,French,N,2026-08-14 09:39:04
MRN95276957,Pedro,Wang,1958-08-16,1,9110925436,M5P4Z9,905-635-3471,French,N,2026-08-29 20:44:41
MRN26713212,Ahmed,Wright,1968-08-19,1,,m5e8c7,416-751-2782,Tagalog,N,2026-08-28 18:34:22
MRN17508218,Ingid,MacDonald,1997-03-31,2,2754013841,M9L7W2,905-978-5326,Farsi,N,2026-08-02 15:51:49
MRN94072701,Fatima,Mitchell,1985-05-16,2,7599697872,M4C7T7,,English,N,2026-07-15 08:15:34
MRN88965831,Ashley,Ferreira,1992-07-01,2,4942504566,M9M8H5,416-228-0474,Mandarin,N,2026-07-15 03:28:17
MRN37043447,Chen,Chen,1951-12-04,1,6463636602,M4M4G1,(437) 268-9192,Arabic,N,2026-08-08 13:53:21
MRN58878295,Andrew,Tran,1980-01-10,1,4609956153,M1J7T2,3659744339,English,N,2026-08-16 04:56:03
MRN45682341,Marie,Zhang,1957-12-12,2,7835007639,M1H4P5,4166493481,Urdu,N,2026-08-07 13:34:13
MRN19501218,Jennifer,Nelson,1985-04-30,2,2421446101,M1J5H7,6474731972,English,N,2026-07-21 23:49:25
MRN78194502,David,Walker,1936-05-20,1,3296655339,M5H1Y6,4377819633,Mandarin,N,2026-08-25 14:49:06
MRN44237888,Barbara,Anderson,2025-05-06,2,8992740632,M4B6V7,3652059197,English,N,2025-09-12 18:44:42
MRN72543473,Fatma,Anderson,1932-05-02,2,2427521428,M1J8Z9,4379379158,English,N,2026-07-03 18:50:27
MRN93953783,Emily,Wang,1978-10-28,2,9289446198,M9B5T0,(647) 769-4064,English,N,2026-07-23 15:45:48
MRN75382350,Ingrid,Carter,1951-05-16,2,3585297678,M4B6V4,647-242-2321,Mandarin,N,2026-08-04 23:25:03
MRN15457845,Christopher,Nowak,1973-03-03,1,5836253848,M5E3S4,,English,N,2026-08-10 01:26:36
MRN53413357,Nancy,Sutherland,1974-08-24,2,1159354255,M5B2P5,437-712-2134,English,N,2026-08-24 22:16:15
MRN45727354,Ingrid,Scott,1993-01-15,2,2161764572,M5G3X4,905-313-7688,Mandarin,N,2026-07-05 00:28:50
MRN58570949,Melissa,Wright,1975-12-19,2,1801943471,M8V9G4,416-924-0643,English,N,2026-08-01 19:58:21
MRN80310494,Kevin,Mitchell,1976-06-30,1,4802300089,M4B8T8,4168083724,English,N,2026-08-21 05:19:05
MRN56867699,Brian,Walker,2011-09-25,1,8024792890,L5B5R8,3652856533,Urdu,N,2026-08-14 23:41:10
MRN34540152,Chiara,Singh,1967-10-11,2,8276094003,M5N7V7,,English,N,2026-08-12 11:21:13
MRN21525310,Tomas,Young,1939-07-10,1,6417969935,L4B 9M5,2894064317,Mandarin,N,2026-07-29 15:16:23
MRN85022679,Zara,Chen,1939-03-06,?,8813833640,L6S7R0,(905) 582-1782,English,N,2026-08-21 12:14:32
MRN64665243,Chne,Cark,1993-12-24,1,4545514665,L6G7Z7,365-596-0117,Punjabi,N,2026-07-11 04:29:27
MRN43870498,Barb,Kowalski,1977-03-14,2,8859469101,,(647) 789-2855,English,N,2026-07-20 08:01:30
MRN27010030,Hassan,Ahmed,1964-08-12,1,4562079642,M5B3T4,647-377-9463,English,N,2026-08-16 21:35:58
MRN60536930,Yusuf,Walker,1954-07-28,1,8891956149,L5B 8R2,437-536-7993,Spanish,N,2026-08-31 20:44:26
MRN72855594,Matthew,Moore,1968-09-12,1,6436260092,M9N2B7,(437) 901-3269,English,N,2026-08-31 16:07:15
MRN91231949,Joe,Ggnon,1934-08-18,1,3524526682,M3A5E1,647-957-0740,English,N,2026-07-19 19:10:45
MRN86225596,Lsia,Thompson,1976-07-17,2,7793690434,M5P7Z71,(437) 944-7380,Punjabi,N,2026-07-30 19:25:59
MRN11414433,Richard,Park,2003-12-17,1,5453662560,M1L6E5,,English,N,2026-08-21 18:16:42
MRN99126804,Melissa,Cote,1950-08-05,UNK,3082729306,M8V 8T2,4372307180,Spanish,N,2026-08-20 04:16:34
MRN14106392,Christopher,Mitchell,1973-05-16,1,1654456332,M5H4R9,(647) 211-7960,Tagalog,N,2026-08-02 09:44:30
MRN58896608,Jn,Hernandez,1966-08-11,1,4091422602,L5C4H1,4166442505,English,N,2026-08-30 07:27:17
MRN23595969,Ling,Rodriguez,2000-07-10,2,6100156717,M4G1G9,(437) 851-6069,English,N,2026-07-04 14:56:30
MRN62680404,Patricia,Cote,2012-04-23,2,7687580857,L6B5W4,(289) 381-8925,English,N,2026-01-27 04:37:19
MRN54060246,Thomas,Bouchard,1995-07-27,1,9280829707,M5G4J3,(416) 693-9013,English,N,2026-08-10 02:55:46
MRN49869613,George,Kowalski,2014-02-22,1,1250125547,M1L7K2,(647) 423-1794,English,N,2026-07-13 08:44:14
MRN72913024,Jsoeph,Lewis,1993-09-25,1,7712610125,M4A2K5,2897809959,Spanish,N,2026-07-08 17:58:19
MRN33349185,Ashley,Lewis,1970-07-11,2,0989128319,M4J1T3,(437) 480-1010,French,N,2026-07-12 02:08:39
MRN56099722,Jni,Adams,1957-11-30,1,7278670505,M8W1Z1,,English,N,2026-07-10 15:29:18
MRN13359616,Mary,Osei,1957-07-11,2,8758871928,M4G9B5,(905) 877-2345,English,N,2026-07-20 10:00:04
MRN84543977,Josh,Robinson,1932-06-29,1,2829380688,L4J2W4,6478781503,Spanish,N,2026-07-16 07:51:48
MRN78359230,Luc,Campbell,1961-09-08,1,8473425521,M6M4P5,(905) 992-0971,English,N,2026-07-25 06:02:03
MRN45828332,Hassan,Ahmed,1953-10-20,1,4890829627,M9C5R7,416-684-0422,English,N,2026-08-08 11:54:27
MRN23898438,Hiroshi,Young,1971-09-29,1,5331348234,M1L 5K6,9056774100,Spanish,N,2026-07-17 19:11:28
MRN45519734,Steven,Kelly,1941-06-14,1,9788605583,L6B7P1,6479373633,Mandarin,N,2026-07-30 07:28:31
MRN13616964,David,Hernandez,1961-09-26,1,3544470341,M9C7Y71,(365) 871-5420,English,N,2026-08-03 21:18:59
MRN93112348,Raj,Young,1980-11-01,1,7334904468,L5C3W8,437-720-1411,English,N,2026-08-18 09:43:58
MRN55739199,Betty,Lopez,1995-03-25,2,9312037337,M3A7N0,(647) 909-3358,Urdu,N,2026-08-11 13:42:52
MRN49617226,Mary,Bouchard,1926-08-02,2,,M9A3R0,6479228927,French,N,2026-07-18 12:49:27
MRN73540523,Ahmed,White,1967-05-08,1,3041045299,L6A9P1,(365) 738-4347,Italian,N,2026-08-13 13:09:38
MRN94767709,Stven,Nguyen,1984-09-26,1,0775891799,L6P 8H8,,Cantonese,N,2026-08-10 19:37:48
MRN79973794,Susan,Anderson,1969-04-19,2,7314320982,M4B2S1,2892219027,English,N,2026-07-13 14:15:30
MRN12025620,Betty,Santos,1996-02-27,2,0258436880,M8Y2H1,(437) 697-4255,French,N,2026-07-12 17:52:50
MRN53437301,Chiara,Anderson,1977-03-31,2,5361608507,M4E2W2,3658799468,English,N,2026-08-27 18:06:16
MRN56345264,Diego,White,1961-09-13,1,5451575343,M6B7K8,,Mandarin,N,2026-08-28 00:32:19
MRN15502869,Jennifer,  Osei  ,1981-12-09,2,6987938260,L5B4M5,,English,N,2026-08-07 06:22:20
MRN39198085,Ivan,Gonzalez,1978-08-22,1,7135654130,M5N2A3,4372066656,English,N,2026-07-16 13:54:00
MRN67673212,Ashley,Davis,1957-10-22,2,0105033815,L6B9X6,905-546-9594,English,N,2026-08-24 06:12:29
MRN98379744,Jennnifer,Mitchell,1984-05-05,2,4383582006,M1J6K3,(905) 957-1214,Arabic,N,2026-07-31 17:07:27
MRN67465332,Nikolai,Park,1994-01-20,1,0881881429,L5B5C6,(905) 934-1979,English,N,2026-07-28 08:46:52
MRN14696383,Btian,Murphy,1931-08-30,1,8516514331,L4K2J4,4167833881,English,N,2026-07-04 12:21:20
MRN52310850,Anderw,Lee,2005-01-15,1,,M4M 8C4,647-837-9031,English,N,2026-07-22 21:22:23
MRN59408800,Fatima,Kumar,1972-10-19,?,7471971049,L6C4L4,2892103296,English,N,2025-12-05 21:19:35
MRN84660084,Michelle,Thompson,1998-06-06,2,6617267395,M1J 0P1,(905) 234-0925,French,N,2026-08-16 09:55:26
MRN87902445,Yusuf,Baker,1962-05-26,1,8884945422,M5P,2896015123,English,N,2026-08-31 07:15:39
MRN74950720,Jennifer,Singh,1979-07-10,2,2674926650,M1L6C1,(416) 262-9453,English,N,2026-07-28 20:06:19
MRN89706836,Claire,Sutherlsnd,1940-06-29,2,0047661574,M3C1S4,(647) 886-7485,English,N,2026-08-25 04:54:10
MRN95514986,Nadia,Okafor,1960-01-21,2,8136854497,L6R6L5,(365) 557-9610,English,N,2026-07-26 11:13:46
MRN63041502,Michael,Okafor,1989-07-10,1,8341146283,M5B 2H0,,French,N,2026-08-06 03:58:52
MRN92864845,Luc,Campbell,1995-10-03,1,,M5H 2K3,6473240292,Spanish,N,2026-08-02 17:21:09
MRN53358927,Jin,Anderson,1957-06-21,1,0525720108,M6J6H7,905-686-6167,English,N,2026-07-28 02:33:31
MRN89078129,Aiaha,Campbell,1973-05-30,2,7604329610,M4E4R3,(437) 277-1818,Tamil,N,2026-07-15 11:31:49
MRN49465192,Karen,Rossi,1969-11-28,2,8471307226,L6J4M4,(905) 899-6199,English,N,2026-05-11 10:26:57
MRN42826363,Christopher,Allen,1995-11-13,1,9283088566,M6L2X5,9056075560,English,N,2026-08-13 00:00:08
MRN57603542,Chen,Kim,1968-10-06,1,4583427473,M6A 9K7,365-852-7007,Tagalog,N,2026-07-14 04:13:57
MRN92402399,Olga,Wang,1951-08-02,2,7176932155,M6M8E4,3658533939,English,N,2026-07-22 14:47:16
MRN20035111,Ingrid,Smith,1971-03-12,2,6627888701,M1C2E0,(437) 602-4591,English,N,2026-08-10 00:30:56
MRN75656906,Nadoa,White,1995-11-29,2,2663206056,L4B1C4,(905) 328-4619,Cantonese,N,2026-07-21 19:22:11
MRN24401196,Fatima,Cote,2014-03-08,2,6093427570,L5C1T7,(905) 699-6778,Spanish,N,2026-08-05 22:45:53
MRN61136658,Daniel,Rodriguez,2000-10-23,1,9119359884,L4C5C0,416-512-6598,English,N,2026-07-09 09:32:46
MRN95417939,Priya,King,1940-12-05,2,4339021810,M6B5M6,647-510-6195,English,N,2026-07-13 01:58:59
MRN34135110,Susan,MacDonald,1943-08-08,2,8748031641,M9C3S8,(289) 782-5887,English,N,2026-08-04 02:01:10
MRN22211376,Yuki,Sutherland,1958-05-20,2,8670666125,M8Y8A5,(437) 364-9985,English,N,2026-07-10 03:27:38
MRN43086067,Anthony,Miller,1984-02-13,1,7118999270,L6S 4S0,,Spanish,N,2026-08-27 18:43:27
MRN18260260,Anthony,Jackson,1976-04-23,1,,L6M7M1,2893009809,Punjabi,N,2026-08-13 20:50:01
MRN57438813,Fatima,Ricci,1961-01-05,2,5222845769,M1K8E4,437-503-1683,English,N,2026-08-19 19:27:00
MRN56553301,Marie,Le,1946-03-18,2,7959340527,L6C7R3,289-873-5656,English,N,2026-08-12 13:07:17
MRN29398429,Karen,Brown,1947-11-03,2,5333788403,M9C3B1,3657597468,English,N,2026-08-01 22:56:20
MRN32920134,Zara,young,1962-11-10,2,,M8Y6S5,(289) 281-9500,French,N,2026-07-27 20:22:00
MRN59595482,Clare,Lee,1995-05-31,2,8856004455,M1H7Z7,2894435899,Mandarin,N,2026-08-07 05:57:22
MRN17368478,Jean,Okafor,1946-06-17,1,9051730985,L4L 5M4,437-609-7889,English,N,2026-08-17 15:46:34
MRN53704500,Jin,Gsrcia,1992-08-25,1,7019257562,M8X2G8,365-447-8142,English,N,2026-08-27 20:11:04
MRN78630994,Marie,Jackson,1994-10-21,2,5920818803,M9N2W9,4374816247,English,N,2026-07-13 01:54:35
MRN46750029,Betty,Walker,1960-06-14,2,,M8Y7P1,(647) 768-9005,Cantonese,N,2026-07-26 10:44:09
MRN48742296,Michelle,Miller,1963-10-12,2,5522945665,L6L1B4,6477047383,English,N,2026-10-20 22:40:04
MRN30694834,Nnacy,Robinson,1983-04-05,2,2028168207,M1C4E2,905-315-3706,Punjabi,N,2026-08-15 09:33:47
MRN14461483,Claire,Hassan,1965-06-20,2,1130409426,M4A9W6,289-528-5257,Spanish,N,2026-08-06 08:55:38
MRN88277720,Makr,Anderson,1987-03-13,1,7100635866,L6A7X4,2895302857,Spanish,N,2026-07-22 22:30:40
MRN55210322,Raj,Kim,1972-12-16,1,2299985339,M6E0A4,4163592208,English,N,2026-08-23 03:38:16
MRN39432796,Daniel,Moore,1979-10-05,1,3816680916,M2H1T6,(647) 683-9231,English,N,2026-08-07 22:12:01
MRN82202734,Omar,Gonzalez,1965-05-27,1,0829065986,M1C5T3,(647) 448-8072,Italian,N,2026-08-27 12:02:52
MRN45779891,Ian,Ricci,1965-07-09,1,,M1B8R1,437-290-8970,English,N,2026-07-06 21:27:37
MRN43985870,Hassan,MacDonald,1992-08-24,1,6178655343,M3A0P5,4376773549,Urdu,N,2026-08-01 05:34:38
MRN51695864,Nadia,Martinez,1998-07-23,2,5094693909,M5A2T8,9059581203,English,N,2026-07-19 11:49:30
MRN58052160,Amara,Zhang,1942-03-14,2,4540950971,M9L6G0,,French,N,2026-08-03 01:54:59
MRN35366553,Michael,Treblay,1940-08-27,1,8944410417,M8X9T1,(416) 206-1912,English,Y,2026-07-21 17:46:17
MRN95103811,Joseph,Walker,1976-06-22,1,4922296100,L6A8L1,2897640971,English,N,2026-08-18 10:17:50
MRN66227976,Patricia,Smith,1959-04-10,2,,M2N8A8,2893568277,English,N,2026-07-04 04:07:29
MRN27220028,Kevon,Davis,1993-09-17,1,4543876330,M6K4X3,(647) 428-7329,Mandarin,N,2026-08-20 01:29:48
MRN16804479,Thomas,Campbell,1972-02-06,1,4391224336,M6M4J6,(905) 854-2150,English,N,2026-07-23 08:53:09
MRN49615638,Liz,Rossi,1947-08-03,2,3277508630,,365-865-2946,English,N,2026-07-27 14:08:56
MRN83560713,Betty,Tran,1961-04-07,2,5948485809,M9A9Y1,437-867-4718,English,N,2026-08-07 17:27:03
MRN50496763,Chiara,Hernandez,2016-01-17,2,7201483471,M2R8R9,647-944-8014,English,N,2026-07-23 18:08:54
MRN24243759,Soffia,King,1959-08-27,2,6650414177,M4E0J2,365-445-0906,English,N,2026-07-11 19:23:57
MRN85966834,Aisha,Lewis,1968-02-24,2,1388482976,M6H6Y0,(647) 477-5011,English,N,2026-08-03 03:06:29
MRN40139545,Ling,Ricci,1969-12-25,2,6084443537,M5N4L6,(416) 332-1383,Mandarin,N,2026-07-15 18:05:28
MRN97391917,Karen,MacDonald,1975-12-12,2,4218726364,M3H9P7,(289) 688-4215,English,N,2026-08-01 22:11:58
MRN38917632,Barbara,Harris,1982-02-10,2,8432109364,M4G9T6,(365) 322-5598,French,N,2026-07-23 00:35:34
MRN52342263,Ivan,Robinson,1937-03-03,1,5048132731,M2H9W7,(289) 514-2477,English,N,2026-08-08 13:23:54
MRN80773507,Brian,Moore,1997-09-25,1,2548497086,L6M2V5,365-314-8083,English,N,2026-08-21 17:56:54
MRN75305576,Daniel,Silva,1957-10-12,1,5846191871,M8V 1H9,289-809-9580,English,N,2026-07-04 18:51:04
MRN67789654,Ashley,O'Brien,1978-02-24,2,6976100229,L4L4W6,4166395496,English,N,2026-07-11 09:44:15
MRN50917490,Brian,Hernandez,1945-10-25,1,7985502058,M9C9P0,2893520592,English,N,2026-08-17 13:25:11
MRN22341207,Matthew,Davis,1962-03-12,1,9209368720,M5P8K2,2892474225,French,N,2026-08-19 23:18:07
MRN32609158,Ingrid,Moore,1978-03-23,2,0553024860,M6K1R0,2899208091,English,N,2026-08-07 22:10:56
MRN31684613,Diego,Clark,1988-10-31,1,7645969259,M4C5K2,9057620515,English,N,2026-08-22 15:11:27
MRN35589988,Jin,Mensah,1962-10-18,1,5154032188,M1G6P5,4162307108,English,N,2026-07-26 06:23:16
MRN33048910,Sandra,Mensah,1972-10-05,2,4183051921,M8V3T0,647-967-5902,Italian,N,2026-07-07 01:46:12
MRN19358321,Ivan,Murphy,1979-01-01,1,0095762308,M2K1M2,(289) 740-1567,English,N,2026-07-11 07:39:12
MRN55207479,Raj,Ross,1965-12-28,1,8073619952,M1C6P3,4374436312,English,N,2026-07-20 21:08:54
MRN28897216,Mohammed,Davis,1971-03-17,1,1323502607,M6E7N7,9056243285,English,N,2026-07-05 16:24:59
MRN96501569,Jessica,Thomas,1997-03-14,2,0235950839,L6C8E2,905-235-7809,English,N,2026-07-29 22:05:25
MRN80802798,Marie,Silva,1959-09-09,2,7516888927,M5N2G2,4163593826,Spanish,N,2026-07-09 10:31:47
MRN49355626,Wei,MacDonald,1976-10-02,1,5671850757,M5G7B4,,English,N,2026-07-22 20:26:15
MRN92407515,Zara,Fraser,1989-08-07,2,4395028410,M3B7H3,289-900-9016,Urdu,N,2026-08-01 23:49:50
MRN96971968,Brian,Walker,1958-11-04,1,0221500770,M9C0Z6,,English,N,2026-08-22 10:35:03
MRN27944834,Amir,Santos,1972-11-16,1,4924453402,L6M5N3,(365) 879-3754,English,N,2026-08-07 13:28:38
MRN66216220,Sandra,Nguyen,1973-11-18,2,4474451277,M2H8N8,4163913508,Arabic,N,2026-07-18 08:53:31
MRN27413225,William,Adams,2004-10-09,1,6841064444,M2N9P1,9054962400,Punjabi,N,2026-07-21 22:39:22
MRN32270019,Betty,Ricci,2014-03-28,UNK,5440624483,M6E8Z4,289-705-3187,French,N,2026-08-14 17:11:42
MRN84328719,George,Li,1971-06-17,N,7513982715,M9C7L9,437-687-8916,English,N,2026-07-08 09:29:08
MRN46102463,Nancy,Jones,1964-01-21,2,6057592203,M1C4Z0,9059192934,English,N,2026-07-09 20:34:00
MRN15487401,Ahemd,Osei,1942-07-01,1,1965542689,M8W3C5,(416) 550-5767,English,N,2026-08-24 04:50:40
MRN75447212,Priya,Nguyen,1942-09-29,2,4524172394,L6G0K4,3653599419,Mandarin,N,2026-08-30 08:55:02
MRN18924474,Omar,Li,2001-08-15,1,1949189649,M5R1B8,,French,N,2026-07-17 18:21:14
MRN40495019,Richard,Wright,1946-03-31,1,4830575512,M6B1P2,3659897761,French,N,2026-08-03 06:52:56
MRN64306854,Amanda,Mensah,1990-11-27,2,5470308478,M4A9G0,(289) 302-6567,English,N,2026-07-30 21:10:17
MRN95116309,Amir,Scott,1974-06-16,1,,M9A9V1,(437) 884-2619,English,N,2026-08-05 17:10:18
MRN88382056,Raj,Martin,2024-06-18,1,1260854086,m1j3a8,4378163928,English,N,2026-07-31 01:12:37
MRN90580653,Ingrid,santos,2002-07-02,2,4235214139,M8V2S5,289-248-8375,English,N,2026-08-05 11:17:50
MRN71058472,Ahmed,Thomas,1932-11-22,1,4092625294,M3H 6T5,365-617-2575,Spanish,N,2026-08-18 19:56:24
MRN28871256,Patricia,Harris,1991-04-09,2,8072853297,L4K 0X6,(365) 889-4353,French,N,2025-07-23 16:58:09
MRN66435942,David,Kowalski,1975-02-16,1,5422033836,M1N2T8,4163391237,English,N,2026-04-30 00:29:52
MRN12558820,Sofia,Park,1963-08-29,2,9673814928,M5B7T0,(365) 735-3495,English,N,2026-08-22 07:42:27
MRN44601801,Jessica,Wright,1989-06-07,2,5260843874,M6C5B6,416-737-5802,Arabic,N,2026-07-20 14:49:09
MRN92230648,Amara,Scott,1992-05-10,2,3815136365,M6C2H6,416-458-3237,English,N,2026-08-17 23:10:15
MRN95257709,Joshua,Rodriguez,1997-07-08,1,8817079810,L5B1Z9,9053582473,English,N,2026-08-04 18:12:40
MRN37319124,Hiroshi,King,1955-06-09,1,2269315517,M6L3J8,(905) 526-1636,English,N,2026-07-19 07:18:22
MRN41895119,Karren,Mensah,2022-12-13,2,4994307231,M9A6R2,6473870262,English,N,2026-07-26 03:44:57
MRN67673217,Mei,Nowak,2002-10-19,2,0148908833,M8X2A9,(437) 211-9931,English,N,2026-08-30 22:46:21
MRN89718831,Lisa,Brown,1929-04-14,2,2128593080,M5B9V2,3653487471,English,N,2026-08-02 14:41:21
MRN75162737,Diego,Gagnon,1965-05-24,1,2600297978,M5R8Y4,4379367680,English,N,2026-07-08 20:09:51
MRN49310356,Sofia,Ricci,1989-05-31,2,1306508266,L4L 6T3,2892612354,Urdu,N,2025-06-29 03:39:23
MRN97779368,Jin,Andersn,1980-05-18,1,9505687310,M1H1M3,4165257205,English,N,2026-07-26 22:27:55
MRN66918044,Mary,hernandez,1952-03-14,N,7856393306,M9N9B5,365-972-9427,French,N,2026-08-16 14:19:57
MRN86207383,Wei,Clark,1974-08-19,1,3481854101,M2K4N6,365-996-6252,Urdu,N,2026-08-03 05:21:02
MRN94769141,Claire,MacDnoald,1926-05-07,2,6534956526,M4G9H2,(647) 224-0930,English,N,2026-08-21 07:04:17
MRN92170911,Olga,Wright,1994-11-20,2,,L6R 6W7,(905) 337-6102,English,N,2026-07-11 12:12:25
MRN13404901,Sandra,Smith,1974-05-27,2,4705470302,M1N 0V2,,English,N,2026-08-14 18:04:51
MRN78773215,Ana,Roy,1941-03-16,2,1908960709,M5N6L9,437-357-3281,Mandarin,N,2026-08-07 19:51:13
MRN49054651,Steven,Nowak,1975-04-15,1,1661041457,M9A 4N3,(365) 899-3008,English,N,2026-07-04 03:24:01
MRN31372182,Tomas,Ross,1972-10-14,1,7414577937,M5J1L4,3657911342,English,N,2026-08-08 13:14:21
MRN12005831,Nan,Rossi,1977-07-23,2,7250737181,M8V 8J4,289-522-9293,Cantonese,N,2026-08-06 21:59:30
MRN25231357,Barbraa,Kig,1942-12-28,2,9328557047,M4H1X3,,English,N,2026-08-01 08:07:27
MRN18911664,Tomas,Zhang,2008-02-08,1,9792008915,00000,6473870163,Mandarin,N,2026-07-13 16:13:04
MRN20165321,Linda,Gagnon,1957-03-21,2,6692092312,M4E3E6,(416) 465-0200,English,N,2025-10-20 07:52:42
MRN81724298,Ingrid,Tremlay,1937-04-19,2,2019906342,,905-391-3939,Punjabi,N,2026-07-30 20:17:56
MRN66396755,Linda,Tremblay,1989-07-15,2,5167588663,L6G3Z6,289-868-8216,Urdu,N,2026-07-27 02:37:44
MRN62377094,Brian,Young,1977-09-25,1,4440113019,,(905) 756-2017,Spanish,N,2026-07-29 03:13:57
MRN68155009,Olga,Cote,1963-09-17,2,8592436516,M4K8H4,(365) 958-9370,English,N,2026-07-08 19:30:57
MRN39519565,Barbara,Campbell,1981-08-01,2,8033234660,M4C3G8,(905) 539-4907,English,N,2026-07-29 13:31:04
MRN39942184,Steven,Silva,1926-06-30,1,8209375099,L4L6C8,(365) 900-4440,English,N,2026-08-14 11:25:16
MRN20908996,Nancy,Ry,1983-03-31,2,6902921078,M5B 5L9,647-544-6365,Punjabi,N,2026-08-08 17:16:41
MRN65824489,Andrrw,Kelly,1980-09-26,1,4069118216,M4H8K3,(647) 622-3712,French,N,2026-07-04 16:11:35
MRN51861403,Fatima,Hill,1990-01-15,2,7071703057,L5C8H9,2893659054,French,N,2026-08-11 17:42:31
MRN72691750,Sofia,Nelson,2025-06-07,2,6089315078,M6L4H9,365-711-5908,English,N,2026-08-19 14:42:36
MRN96994710,Ana,Kumar,1976-04-10,2,3990724670,L5A0C9,9054549812,English,N,2026-08-24 08:13:29
MRN98754415,Tomas,  Nelson  ,1986-12-30,1,,L5N8S0,437-921-7760,English,N,2026-08-17 09:44:01
MRN24937300,Priya,Osei,1970-04-20,2,5397875203,M6L9Y6,2893160899,Punjabi,N,2026-08-15 18:18:06
MRN20547644,Sandra,Silva,2000-08-24,2,7927122254,,365-553-3167,English,N,2026-08-08 06:07:46
MRN66030285,Micheal,Smith,1947-11-23,1,7631130437,M1B1V9,905-243-5845,English,N,2026-08-26 13:21:01
MRN78211623,Lisa,Li,1967-05-27,2,7491082538,M4K4N6,(437) 676-5479,English,N,2026-08-22 07:58:12
MRN86241327,Emily,Hrris,1963-08-08,2,3006051068,L4L6G9,(905) 369-9550,Mandarin,N,2025-08-31 20:27:13
MRN75173050,Kevin,Walker,2017-10-30,1,8711965551,M3C8K5,365-725-7523,English,N,2026-08-01 19:30:32
MRN21566622,Jean,Allen,1983-03-10,1,8994885633,M2J 1Z2,(647) 651-9996,English,N,2026-07-19 17:38:47
MRN76273510,Steven,MacDonald,1926-07-15,1,3323558506,M5G4Y6,,English,Y,2026-07-16 07:15:37
MRN54809103,Chiara,Okafor,1946-05-24,2,2639083365,L5C2Z1,905-306-8636,Cantonese,N,2026-07-15 08:21:35
MRN61231594,Hassan,Wilson,1992-11-24,1,3904931783,M1E 3Y2,6477275677,Punjabi,N,2026-08-23 17:22:04
MRN90088236,Matthew,Brown,1970-06-18,1,1265668416,M8X6V2,(416) 904-6451,English,N,2026-07-03 14:14:45
MRN49265141,Yusuf,Ross,2011-01-26,1,9955451928,14B0T8,(416) 931-1181,English,N,2026-07-30 21:13:09
MRN99984743,Andrew,Tremblay,1976-11-23,N,9670993691,M5E9A6,(905) 273-3963,English,N,2026-07-22 12:45:51
MRN60151222,Ana,Silva,1982-10-30,U,4676079538,M3C7Z4,3659388418,Punjabi,N,2025-08-08 16:33:03
MRN27863216,Melissa,Wilson,1962-09-29,2,6372990496,M5K8W7,(289) 433-9751,English,N,2026-08-27 08:36:12
MRN58069606,Sarah,Walker,2010-09-19,2,5962138904,M1L3Z7,9053257332,English,N,2026-08-23 01:21:48
MRN62183495,Fatmia,Santos,1961-06-14,2,3860489909,M8W 3N9,(905) 630-4788,French,N,2026-08-25 03:54:42
MRN98995446,Margaret,Scott,1984-09-04,2,9282181792,M4C1X9,(289) 936-4758,Mandarin,N,2026-08-01 03:43:24
MRN15923224,Amaar,Allen,1957-09-01,2,2462986387,M2N6N8,(647) 706-8297,English,N,2026-07-04 08:21:38
MRN63307800,Jean,Ricci,2022-11-01,1,7890283992,L6G7V4,437-555-0455,English,N,2026-08-09 03:10:05
MRN63380331,Raj,Silva,1977-06-03,1,2966636603,M5J3M6,6478953303,English,N,2025-08-23 02:47:39
MRN74807031,Mohammed,Williams,1968-11-15,1,7797035586,L6J 7R3,(416) 683-6792,French,N,2026-08-30 00:38:34
MRN48870408,Nancy,Rossi,1964-07-04,2,8263888839,M9A8Z0,(647) 757-9814,English,N,2026-07-14 13:07:03
MRN19807408,Susan,Murphy,2007-07-05,2,0370316895,L4C4V9,416-242-2968,English,N,2026-08-23 20:32:48
MRN69726310,Yuki,Li,1954-09-11,2,3521958359,L5A0S2,(905) 605-3755,English,N,2026-08-02 09:12:33
MRN20918984,Aahley,Roy,1961-04-21,9,4520219678,M5K3L4,,English,N,2026-08-24 01:59:36
MRN80253698,Barbara,Thompson,1975-02-09,2,1474155528,M5E8A0,(289) 860-3925,English,N,2026-08-08 11:19:13
MRN26892128,Chris,Park,1988-06-20,1,2264036217,M4C 4L1,(416) 761-9761,English,N,2026-07-19 22:15:47
MRN37138963,Jamse,Li,1974-01-05,1,8859912910,M4E7G6,905-906-9867,English,N,2026-08-07 13:33:38
MRN35454515,Rick,Thompson,1957-05-02,1,7582917410,M1H1N4,,Mandarin,N,2026-08-06 07:11:18
MRN24639469,Olga,Murphy,1950-04-25,2,3052154568,M8W5K8,2896160129,English,N,2026-07-29 15:58:46
MRN46378680,Nancy,Davis,1977-06-17,2,3818965828,M1N5Y8,437-770-5717,English,N,2026-07-22 14:59:28
MRN49801243,Jess,Rodriguez,1963-10-27,2,9957970255,L6R2S0,6473263361,English,N,2026-07-12 20:01:57
MRN91412809,Pedro,White,1966-07-15,1,5964207640,M8Y 4N6,(289) 792-0362,Urdu,N,2026-09-15 18:39:28
MRN37759190,Priya,Wang,1937-05-31,2,9506093708,l4l6t1,,English,N,2026-07-03 03:09:00
MRN64006278,Oga,Bouchard,1984-10-02,2,,L4L3J8,2897037578,English,N,2026-08-06 16:29:15
MRN57115609,Betty,Cote,1973-09-29,2,3677598637,M6M8L1,(365) 873-4047,Mandarin,N,2026-08-07 13:26:20
MRN82258548,Ahmed,Harris,1995-04-27,1,6326593289,L6L2B4,(647) 774-7524,English,N,2026-07-25 21:36:45
MRN48145126,Liz,Rodriguez,1979-03-07,2,4366001446,L6A6C1,437-317-8300,French,N,2026-08-06 13:08:53
MRN33713398,Michael,Harris,2011-07-22,1,4609330958,M1N3V6,905-944-9951,English,N,2026-07-04 22:44:11
MRN47238260,Chrristopher,King,1980-07-30,1,5193682266,M5K5Z2,4164153856,English,N,2026-07-31 08:23:49
MRN28158707,Richard,Kumar,1995-07-30,1,6637891521,M5N0X2,3656521530,English,N,2026-07-20 20:34:46
MRN65780835,Priya,Davis,1976-01-26,2,4673008092,L6H6S9,(416) 471-8432,English,N,2026-08-03 20:45:23
MRN39428874,Nadia,Miller,1972-02-23,2,,L6R9V0,(437) 965-3411,English,N,2026-07-22 08:41:56
MRN37121703,Tomas,jones,2016-10-29,1,6472187886,M6C4V3,(437) 780-2721,English,N,2026-08-26 07:40:16
MRN40672834,David,Lewis,1988-04-30,1,,M5K1B5,3652143699,English,N,2026-08-12 13:48:19
MRN42304566,George,Anderson,1991-07-31,1,,M2N3V7,(437) 289-6394,English,N,2026-07-15 18:29:28
MRN13993366,Kevin,King,1940-05-11,1,2195133240,M2K3N6,(289) 599-6752,English,N,2026-07-29 19:00:13
MRN14606710,Sarah,Allen,1985-06-26,2,6316216453,M9B5A3,2894389099,English,N,2026-08-15 12:19:08
MRN64611762,Jennifer,Sutherland,1983-12-16,2,3466466970,M9A8B0,3653032922,English,N,2026-08-20 07:51:08
MRN94315322,Nikolai,Allen,1964-08-28,1,7895200553,M6E4P9,3653084523,Arabic,N,2026-08-16 20:04:14
MRN11164834,Tomas,Ricci,1961-11-21,1,8539941743,M1N9T6,3658628304,Spanish,N,2026-07-27 11:40:19
MRN18380727,Chen,Gonzalez,1968-04-20,1,3796398083,L6R 1L0,(365) 901-0951,English,N,2026-07-23 18:50:19
MRN49184556,Fatima,Hernandez,1938-01-05,2,0719947913,M6A7X7,(416) 322-4816,English,N,2026-07-29 21:05:49
MRN39717610,Raj,Bouchard,1982-05-19,1,2925459014,M4C9G5,(647) 437-2287,Arabic,N,2026-07-16 21:56:03
MRN26053499,Yusf,Hernandez,1986-01-26,1,1368991566,L6A7E2,(365) 963-2201,English,N,2026-08-04 11:53:00
MRN16859925,Kenneth,Roy,1964-04-06,1,3651923058,L4C3H3,(289) 750-0569,English,N,2026-08-08 07:51:12
MRN89330325,Barbara,Singh,1972-12-09,2,3977969819,M4G2R3,4376776949,French,N,2026-08-02 04:24:57
MRN42031876,Kenneth,Walker,1985-06-11,1,4235163237,M1L0N9,416-845-2930,English,N,2026-07-08 14:37:07
MRN11898075,Sarah,Miller,1949-02-01,2,4826997076,M4K1G4,,English,N,2026-08-27 06:42:05
MRN29126066,Matthew,Johnson,2006-06-08,1,5657190400,M9A 4A7,289-534-7464,English,N,2026-07-05 17:33:19
MRN75212543,Maggie,Okafor,2003-10-05,2,6051082235,M6B3Y4,365-917-2259,Punjabi,N,2026-07-22 07:23:48
MRN93865341,Tomas,Baker,1981-04-04,1,3515161382,M1N0G8,(437) 487-4851,Mandarin,N,2026-04-09 08:38:57
MRN51002277,Karen,Kim,1962-07-22,2,3746181498,M4K9X3,(365) 510-5953,French,N,2026-07-24 06:30:16
MRN84627030,Joshua,Brown,1973-07-22,1,3348299797,M6K1V6,905-278-4602,Punjabi,N,2026-08-19 11:47:11
MRN63422082,Barbara,Zhang,1994-03-14,N,9114907836,M4G7R3,,English,N,2026-07-13 06:13:02
MRN48448497,Jin,Okafor,1973-12-23,1,,M3A5P6,(905) 681-5070,Spanish,N,2026-01-21 18:13:39
MRN87951381,Jessica,Wang,1955-03-19,2,3512062054,M6M1G4,905-854-9261,English,N,2026-08-16 19:08:22
MRN77105273,Margaret,Roy,1949-05-08,2,5485863988,M5E9V7,(289) 225-6012,French,N,2026-07-22 18:08:03
MRN87234340,Hassan,Young,1968-10-07,1,7462299020,M1L1A7,4167915064,Punjabi,N,2026-08-28 11:49:30
MRN30949877,Yuusuf,O'Brien,1968-01-18,1,7524689424,M6M 4M0,365-596-9567,English,N,2026-08-27 14:11:35
MRN86604718,Nadia,Nguyen,,2,3448900047,M4A1S0,6474050188,English,N,2026-07-14 20:58:34
MRN36301722,Yuki,Wright,2006-12-12,2,3530561947,M2M9M9,4379282328,Spanish,N,2026-07-26 15:36:40
MRN29435929,Chen,Miller,1933-08-28,1,3955573781,M1G3H2,(365) 703-8150,English,N,2026-08-20 17:02:45
MRN50046386,Steven,Nelson,1934-11-09,1,8373164014,m1m1a0,,French,N,2026-08-30 08:12:08
MRN35153844,Jessica,Green,1941-02-19,2,2577111822,L4C7C0,437-727-7763,English,N,2026-07-11 10:50:44
MRN26472568,Patricia,Brown,1967-06-06,2,0416056836,M2K5G7,905-734-9946,Punjabi,N,2026-08-29 16:38:29
MRN97063917,Barb,Gagnon,2010-05-27,2,1907307019,M3C1G7,2898625953,Tagalog,N,2026-07-29 21:23:17
MRN71110595,Berty,White,1987-07-30,2,1021814965,M5B5A7,(437) 366-2042,English,N,2026-08-02 15:33:56
MRN38429181,Amiir,Ross,1968-09-09,1,6008075209,M6E4T7,4169644744,English,N,2026-08-30 10:24:17
MRN29353853,Michelle,Robinson,1983-04-01,2,8582341916,L6P0M2,(905) 444-5209,English,N,2026-08-09 21:39:12
MRN99272262,Michael,Baker,1958-10-30,1,9745142993,M8Y 2W2,,English,N,2026-08-13 13:15:54
MRN44211363,Kenneth,Patel,1990-09-05,1,7885014113,M6K7H0,(437) 455-0650,Farsi,N,2026-08-23 18:07:10
MRN43826749,Joshua,jones,1988-06-28,1,8850584106,m5n3e4,647-235-3710,English,N,2026-08-01 13:31:44
MRN92348097,Karen,Silva,1991-06-24,2,9627731855,M2J1X3,365-370-9167,English,N,2026-08-17 13:11:13
MRN64178018,Aisha,Lewis,1926-06-29,2,8930170660,M5R3W7,3657411304,English,N,2026-08-09 23:05:58
MRN63551132,Marie,Park,1997-01-26,2,5890186678,M9L5X7,6479630413,English,N,2026-08-17 04:08:19
MRN44254366,Anthony,Jackson,1969-10-25,1,9409943124,L4L2G6,4375547057,English,N,2026-08-04 06:12:39
MRN86060728,Chiara,Stewart,1950-10-01,2,,M5A1C1,,English,N,2026-08-15 04:12:35
MRN75806380,Amhed,Gagnon,1958-03-09,1,9908424311,M4B0H5,647-941-6336,English,N,2026-07-18 14:37:00
MRN42212161,Kenneth,Green,1985-01-20,1,6022482324,M5G 3P1,(437) 625-8764,Cantonese,N,2026-08-09 06:58:00
MRN57002030,George,O'Brien,1945-07-20,1,8160120542,M8Y6X7,(365) 396-6851,Punjabi,N,2026-07-15 09:19:24
MRN28444347,Susan,Brown,1995-06-09,2,1991882091,M1K 5S6,289-515-9835,English,N,2026-08-28 20:48:19
MRN23941211,Raj,Patel,1944-07-25,1,8513645708,M5H 9S6,4373877865,Mandarin,N,2026-08-21 07:37:34
MRN40484667,Joseeph,Kim,1975-10-19,UNK,1111773121,M6L7S0,4379526876,French,N,2026-07-13 18:42:24
MRN25588152,Marie,Geren,1977-08-23,2,3297851788,L6M7T8,,Mandarin,N,2026-07-25 02:19:22
MRN49253223,Matthew,Jones,1994-07-29,1,9217067082,M1E1B3,(289) 709-8391,English,N,2026-07-25 22:39:02
MRN47768244,Nadia,Pael,1965-12-31,2,3568159705,M1L0M0,437-949-8370,Mandarin,N,2026-07-07 20:38:00
MRN34137419,Marie,MacDonald,1994-05-25,2,9037467603,M5H 4B2,(416) 471-7423,Punjabi,N,2026-07-08 08:33:07
MRN27358571,Diego,Ross,1988-04-20,1,4125220986,M4C4E4,(647) 848-5661,English,N,2026-07-07 08:39:52
MRN92407786,Nancy,Rossi,1983-05-03,2,0941551228,L6G6B4,4169531816,English,N,2026-08-06 02:28:08
MRN59276984,Tomas,Ross,1971-09-18,1,6984573334,L6J 0R0,(905) 730-7429,French,N,2026-07-16 09:56:44
MRN22516090,Margsret,Chen,2023-08-31,2,2118198148,M5P2Z4,6473701692,French,N,2026-07-19 19:12:02
MRN68188385,Kenneth,Sutherland,1958-09-26,1,4684037353,m8v1l3,(289) 712-4530,Cantonese,N,2026-08-24 02:49:55
MRN61663317,Claire,Rodriguez,1956-06-05,2,9227120178,M5H0T1,437-441-6250,English,N,2026-08-28 10:00:57
MRN86192306,Margaret,Taylor,1964-06-18,2,2876166188,L6L 1X1,(905) 519-8170,English,N,2026-08-26 02:45:42
MRN71354634,Karen,Ricci,1969-01-20,2,1263643817,L4J5V8,(416) 375-3708,English,N,2026-07-05 12:32:02
MRN16213396,Amraa,Ricci,1962-04-03,2,9566182656,M1M4S3,4167446020,Spanish,N,2026-08-28 17:05:13
MRN28369316,Joshua,Nowak,1970-06-01,1,3838207169,M6H1H9,,English,N,2026-08-01 21:49:45
MRN75824878,Omar,Miller,1943-11-08,1,6135109947,M8V1W1,4372468832,English,N,2026-03-14 15:56:24
MRN73498341,Claier,Nowak,1967-03-18,2,7520903597,M5J6H0,6478713382,Cantonese,N,2026-07-05 03:03:23
MRN59972502,Daniel,Smith,1961-05-19,1,5038894035,M4M9T2,647-896-2846,English,N,2026-07-22 09:07:55
MRN45779228,Mei,Martin,1973-08-18,2,4629680242,M6B4R6,(416) 619-5372,Urdu,N,2026-07-21 00:05:21
MRN52422252,Brian,Wilson,1946-05-16,1,8051866427,L5A5E8,289-410-2457,English,N,2026-07-19 12:02:25
MRN44762529,Michael,Silva,1936-09-07,1,6080900571,M1E2H5,(416) 814-5344,English,N,2026-08-16 07:57:14
MRN93153458,Kenneth,Kelly,1942-10-26,1,0920671708,L4C9K6,,English,N,2026-07-19 03:53:35
MRN13102178,Sofia,Kelly,1957-04-28,2,,M1E4T4,(905) 780-7010,English,N,2026-08-05 16:39:03
MRN89091091,William,Kelly,1998-03-04,1,1307622002,M8W0G9,416-406-5422,English,N,2026-07-25 16:32:26
MRN37658908,Jena,Jackson,1984-12-20,1,3637339544,L6L9V0,(289) 301-8722,English,N,2026-07-27 21:07:21
MRN78276028,Sandra,Kumar,1988-04-01,2,6355404192,L6A5X0,416-918-0828,English,N,2026-08-13 06:55:31
MRN52447250,Olga,Lee,1992-10-23,2,8594922026,M2J 3A5,3656704339,Farsi,N,2026-07-20 08:19:10
MRN53932345,Yusuf,Santos,1955-09-08,1,8800695689,M9L3E9,6474363347,English,N,2026-07-28 03:36:27
MRN15868910,Joshua,Moore,,1,7755962847,M8X2Z3,416-448-9864,English,N,2026-09-20 20:21:49
MRN18387258,Claire,Walker,1972-09-25,2,1324314135,L5C1T3,(905) 358-9487,English,N,2026-08-29 03:58:13
MRN82556813,Fatima,Baker,1942-07-13,2,5406267608,m3c7j5,(905) 960-8044,English,N,2026-08-12 19:26:24
MRN75495736,George,Lopez,2013-03-11,1,9034005620,M2R9E5,9059789734,Spanish,N,2026-07-18 13:24:36
MRN34918538,Tomas,Nelson,2007-05-15,1,5089602238,L4K4X7,905-836-8726,English,N,2025-10-19 05:50:22
MRN50790648,Tomas,Mitchell,1935-01-02,1,,M1M7V7,4168844225,French,N,2026-08-24 18:07:24
MRN52233252,Mohammed,Anderson,1989-02-18,1,9958630312,M8V8R9,9055678507,Cantonese,N,2026-07-04 15:09:14
MRN59060117,Steven,Clark,1962-11-11,1,9992147195,M4J8E9,(289) 646-5821,English,N,2026-07-12 02:48:09
MRN18697588,Jennifer,Mensah,1976-12-28,2,,M1H2J2,4372099813,English,N,2026-08-03 07:57:53
MRN73400377,Ling,Ahmed,1982-01-07,2,6206905769,M9B 4B9,(416) 610-1104,Spanish,N,2026-08-28 19:42:37
MRN65911802,Karen,Fraser,1971-10-11,2,7231311049,L4K1V5,(289) 466-3666,Mandarin,N,2026-08-13 21:00:12
MRN12762434,Amanda,roy,1976-05-08,2,4692158993,M5G 0H6,365-807-4928,English,N,2026-07-17 20:40:41
MRN91599070,Oar,Lewis,2018-12-31,1,1094281563,M4M7K4,(905) 443-0161,English,N,2026-08-28 08:39:51
MRN48124324,Chiara,Mensah,2001-03-23,2,5459315767,L6J7W8,,Punjabi,N,2026-08-09 01:26:54
MRN49808053,Christopher,Ricci,,1,8927719107,M6B0C0,416-323-3882,English,N,2026-07-11 22:33:44
MRN82754150,Thomas,Taylor,1955-03-07,1,5613073302,M1M4V1,437-761-7147,English,N,2026-07-18 22:15:03
MRN87267792,Karen,Harris,1973-03-06,2,3738498967,M4M8P8,(437) 670-0309,English,N,2026-08-25 16:54:46
MRN96567717,Elizabeth,Gagnon,2012-07-04,2,7415520480,L6S9W5,(905) 846-6971,English,N,2026-08-29 07:04:08
MRN32895273,Daniel,Thomsa,1983-11-05,1,1176174207,M6A 4E5,(647) 376-9049,Punjabi,N,2026-08-10 22:13:06
MRN55818317,Karen,Murphy,1946-02-18,2,1472769452,M4L0B3,9057681207,English,N,2026-07-09 00:30:56
MRN67432956,Amnada,Patel,1934-05-24,2,1917113274,L6R1Z0,365-764-8462,Urdu,N,2026-08-04 13:32:22
MRN52083473,Susan,Nelson,1966-05-26,2,7113894997,M9L 6V0,9054543413,Arabic,N,2026-07-12 21:00:22
MRN22818889,Tomas,Harris,1945-05-21,1,6848965031,M6M8W8,365-300-6990,English,N,2026-07-17 03:38:25
MRN74652692,Sarah,  Allen  ,2025-02-12,2,2703199691,M5R4S8,4166330596,Italian,N,2026-08-26 11:31:14
MRN40526682,Ashley,Zhang,1968-06-08,2,8773249639,M4M 9K6,(905) 861-5751,English,N,2026-07-31 20:52:20
MRN51150906,Ana,Murphy,1984-09-15,2,2999878446,19L8H5,,French,N,2026-07-16 02:13:13
MRN22869576,Dieggo,Davis,1928-01-28,1,1557248646,M2M3S8,2895922859,English,N,2026-08-15 17:11:27
MRN57389800,Mary,Lee,1957-10-25,2,9254268684,L4J9Z5,(289) 343-7971,English,N,2026-08-11 04:34:29
MRN32568815,Mei,Gonzalez,1960-11-03,2,8286924702,M3H7E6,(905) 388-2148,English,N,2026-08-01 01:11:31
MRN68017430,Sraah,Hassan,1973-09-04,2,2354184463,M1M1T4,(647) 737-2943,English,N,2026-08-05 02:29:16
MRN70941628,Kevin,Mitchell,1970-04-28,1,1547227403,M1H2P4,6472903018,Mandarin,N,2026-08-05 16:29:14
MRN34270986,Karen,Baker,1980-01-06,2,4900691264,M6L2G2,4379841080,French,N,2025-10-31 10:40:15
MRN49541616,Sue,  Smith  ,1970-06-02,2,,M5G3X2,416-616-4403,Tagalog,N,2026-08-04 07:41:18
MRN98755702,Yuki,Rodriguez,2001-06-22,2,3939193649,M5P8S1,365-864-1833,English,N,2026-08-21 11:43:30
MRN51708732,Marry,Anderson,2002-07-15,2,0835497702,M6J8Z6,3659954364,English,N,2026-07-30 21:12:32
MRN56277777,Aisha,Nguyen,1975-05-30,2,5495391186,L4K2N3,(905) 832-4119,English,N,2026-02-23 15:48:24
MRN69432058,Jim,Green,1975-05-03,1,4579768070,L4K9R0,4372815470,English,N,2026-08-27 18:17:34
MRN23118955,Richard,Ross,1967-03-20,1,0642009997,M9M0W5,(289) 262-5528,English,N,2026-07-31 22:21:13
MRN95492390,Claire,Johnson,1960-01-01,2,9980786868,M2M9X3,289-592-3002,English,N,2026-07-28 16:03:27
MRN90848089,Mary,Walker,1950-11-30,2,3776300398,M4A3B7,(289) 612-8978,Portuguese,N,2026-07-16 12:00:57
MRN50472131,Lisa,Taylor,1964-09-14,2,2026571162,M9N8Y1,(365) 839-6806,English,N,2026-03-19 13:06:47
MRN43227306,David,  Ricci  ,1990-09-24,1,8528627857,M2H6H4,(905) 307-4401,English,N,2026-08-15 23:47:39
MRN58025120,Omar,  Nowak  ,1937-12-02,1,3530062367,M6J1A8,,French,N,2026-08-18 21:26:07
MRN17903130,Aamra,Kowalski,2014-12-07,2,2442340465,M4J4L9,4166699428,English,N,2026-08-11 14:26:18
MRN93583119,George,Zhang,2005-09-27,1,8500914323,M5N6S4,(905) 473-8047,English,N,2026-07-23 15:38:57
MRN19813368,William,Kowalski,1980-01-26,1,2510982586,M4J2R5,9052986995,English,N,2026-03-23 20:27:52
MRN27331820,Patricia,Zhang,1984-11-26,U,4868300742,M3A4N2,416-791-4837,Farsi,N,2026-08-19 13:39:28
MRN96188872,Sue,Mensah,1968-08-28,2,5685965161,M1M1G6,(647) 991-0948,English,N,2026-08-29 10:49:54
MRN52435388,Hassan,Harris,1936-02-13,1,6123221076,m9l8b8,(289) 388-8025,English,N,2026-07-15 08:27:29
MRN61451740,Matthew,Cote,1965-09-25,1,3832774024,M3A8W4,4376308018,Cantonese,N,2026-08-11 08:54:33
MRN53269713,Lisa,Hill,1965-06-07,2,0727776585,L6G8K7,365-629-1421,English,N,2026-08-17 18:22:47
MRN35261377,Matthew,O'Brien,1975-02-14,1,4514077041,m4e3v2,416-364-9896,English,N,2026-07-21 21:11:54
MRN50305084,Aisha,cote,1933-10-02,2,7517622374,M6J 3J9,(365) 247-1798,Punjabi,N,2026-07-10 11:21:54
MRN48861909,Matt,Jones,1979-12-21,1,2670568407,M3C2L7,365-707-2855,English,N,2026-08-12 06:43:19
MRN72026901,Karen,Mitchell,1930-10-16,2,9562802307,M1G6R9,,French,N,2026-07-23 12:51:51
MRN56138816,Joe,Kowalski,2016-06-13,1,8161843530,L6L8C1,(289) 476-3459,English,N,2026-07-08 15:21:32
MRN30175557,Jessica,  Wang  ,2010-10-29,2,6419345100,M4A2S3,9058992312,Cantonese,N,2026-04-02 14:13:35
MRN51434124,Priya,Tremblay,1963-04-27,2,5848942321,M6K5X6,4167664348,French,N,2026-07-05 00:08:23
MRN65171366,Wri,Zhang,1946-07-26,1,9111423407,M9B3S9,(289) 247-9779,English,N,2026-07-25 16:04:54
MRN37996976,Priay,Adams,,2,6454136976,M8W8G9,(437) 729-0513,English,N,2026-08-16 11:31:35
MRN37107939,Steve,Carter,2008-04-03,1,5063942105,L6A4J2,3654228281,Punjabi,N,2026-08-20 13:36:15
MRN51064611,Jin,Wang,1980-07-06,1,2244371783,L4B2C6,416-327-6317,Mandarin,N,2026-08-22 22:54:16
MRN14343260,Barbara,Thomas,2013-12-29,2,0210392114,M6J1V6,(647) 532-6385,English,N,2026-07-25 18:38:12
MRN81364146,Nancy,Thomas,1986-05-12,2,3682395193,M1G4R7,905-975-9705,Cantonese,N,2026-07-09 11:15:51
MRN33013919,Elizabeth,White,1990-10-22,2,5549909884,M5G6G8,9058919255,English,N,2026-07-10 12:07:45
MRN22311687,Hirroshi,Khan,2007-04-05,1,1153705353,L4B7N5,365-336-5956,French,N,2026-07-23 21:40:08
MRN22301258,Joseph,Johnson,1950-08-28,1,0022852560,M4H3G3,4373713001,English,N,2026-08-24 14:09:34
MRN30535988,Ashley,Li,1981-04-06,2,8130743118,M5G9A4,(416) 845-9905,English,N,2026-08-31 14:25:11
MRN34148376,Hasssan,Hill,1993-04-07,1,9167411074,M1C1W3,3652280253,English,N,2026-07-22 21:03:27
MRN81416282,Sarah,Osei,1958-04-03,2,1562603173,L6B5M0,289-322-5450,Farsi,N,2026-08-08 05:05:43
MRN37944093,Amara,Gonzalez,1968-11-22,2,7754412356,M9M1W7,(289) 405-0519,Spanish,N,2026-08-25 11:26:11
MRN32445834,Ivan,Waang,1967-07-29,1,6877842812,M8Y8M4,(416) 992-1254,English,N,2026-08-28 15:21:00
MRN70220425,Emily,Tran,1982-01-08,2,8538289367,M4C3H7,4163989242,English,N,2026-08-11 02:19:06
MRN87015389,Amanda,Okafor,1947-03-04,2,1883587626,L6S 6M2,647-700-4837,English,N,2026-08-25 12:18:32
MRN54848951,Iavn,Lee,1964-07-13,1,2407057054,m6b4l9,,English,N,2026-08-29 05:32:05
MRN78291512,Claire,Moore,2018-11-17,2,0618922363,M1L 6B1,(365) 965-7400,French,N,2026-08-09 13:45:13
MRN29201176,James,Okafor,1968-05-02,1,7945392004,M5B0V1,(289) 211-4159,English,N,2026-08-10 22:45:06
MRN77799790,Calire,Thomas,2025-03-03,2,9608638673,L5N1K9,4164741247,English,N,2026-08-18 19:30:25
MRN90987677,Karen,Young,1974-12-16,2,0093816213,M5J0Z0,289-665-4961,French,N,2026-08-30 01:22:49
MRN37966610,Ling,Ricci,1972-10-26,2,9895667088,M5P 2P4,4166562855,English,N,2026-08-21 11:51:12
MRN70646261,Fatima,King,1976-01-17,2,2533666943,L5A6W5,905-946-9070,English,N,2026-07-15 07:49:59
MRN87455244,Hassan,Rossi,1968-09-04,1,1680776208,M3B5L7,(416) 508-8337,Italian,N,2026-08-14 10:29:33
MRN28961948,Jiin,Gagnon,1957-12-27,1,0715455143,M1L8E8,2892477850,French,N,2026-07-04 14:44:11
MRN36380271,Amir,  Jackson  ,1989-11-07,1,8290514762,M5G8X2,(416) 636-9273,English,N,2026-07-29 04:00:57
MRN66581835,James,Khan,1984-10-23,UNK,6090205888,M3B0T3,647-498-7919,Mandarin,N,2026-07-21 11:35:57
MRN52999483,Hiroshi,Ahmed,1957-04-11,1,8858226322,L6H6T1,365-348-7116,English,N,2026-07-22 13:50:46
MRN67371607,Jess,Mensah,2002-10-30,N,8926208581,M1K7G0,4166372208,English,N,2026-07-19 11:25:14
MRN31662190,Horoshi,Murphy,1978-05-06,1,1614735791,M5G0E5,289-228-4578,Arabic,N,2026-07-30 13:37:29
MRN92707769,Onar,Walker,1980-03-16,1,6218410097,M5J6G4,4163665912,English,N,2026-08-24 09:37:35
MRN79545925,Ivan,Tsylor,1994-06-29,1,0467795241,M4L0R9,(905) 850-4160,French,N,2026-08-02 02:49:48
MRN70761868,Kenneth,Wright,,1,1987932504,L6A 6L5,(647) 323-2103,English,N,2026-08-08 03:03:07
MRN13247794,Ksren,Gonzalez,1976-11-30,2,,M5P6C1,2898399935,Italian,N,2026-08-27 21:47:53
MRN14030058,Karen,Murpphy,1988-07-01,2,5646861871,L6A8G8,(365) 849-7094,English,N,2026-07-15 19:35:00
MRN12006808,Kaaren,Murphy,1988-07-01,2,5646861871,M3C7V9,9059645725,English,N,2026-07-12 06:14:44
MRN24432242,Kevin,Campbell,1944-12-25,1,7102557217,M5K 9E6,289-329-6943,English,N,2026-08-11 15:13:26
MRN72442305,Omar,Silva,2023-05-22,1,2715216160,M4E9B6,,English,N,2026-08-25 07:31:15
MRN50942832,Aisha,Khan,1984-11-15,2,9678911695,M8Y9S4,(647) 415-6906,Tagalog,N,2026-08-04 07:56:41
MRN96659134,Christopher,Mitchell,1941-01-30,1,5632423959,m5k9g8,(365) 431-2341,English,N,2026-08-24 01:40:11
MRN99491418,Mei,Hassan,1994-05-13,2,8257578859,M9C5R4,365-208-3558,English,N,2026-07-04 18:28:29
MRN75187089,Nancy,Baker,1967-12-28,2,7642604081,M3H1Z0,437-640-9779,English,N,2026-08-25 17:52:40
MRN51942092,Fatima,Okafor,1988-11-12,2,5861927407,,6474124336,English,N,2026-07-25 20:36:20
MRN67178067,Lnda,Young,1999-07-11,2,5094803268,M5G 9N4,(437) 961-1908,Mandarin,N,2025-06-28 01:00:01
MRN82311344,Hiroshi,Thomas,1926-02-17,1,2282534870,M4E2X8,6478406640,English,N,2025-12-27 13:47:52
MRN13398888,Karen,Patel,1964-10-06,2,6784831841,,9056657747,Punjabi,N,2026-08-06 09:04:23
MRN83338362,Ivan,Singh,1972-07-04,1,1483409171,M6M5E9,,English,N,2026-07-08 14:32:10
MRN10322659,Jennifer,Adamms,1931-10-14,2,3392573295,L6L0S2,647-321-8313,English,N,2026-07-09 05:14:37
MRN89628980,Mary,Nowak,1941-02-28,2,5511756453,m8v8h0,4376464820,English,N,2025-09-03 20:34:45
MRN96247301,Chhen,Garcia,1977-04-25,1,3719201745,L4B4P3,2897723264,Tagalog,N,2026-07-13 11:17:26
MRN54250307,Tom,Garcia,1984-11-17,1,1264657394,M5A4W5,(416) 870-0399,English,N,2026-08-15 11:01:48
MRN54399533,Karen,Santos,1950-12-16,2,2129262297,M6A8V9,437-833-1498,English,N,2026-08-16 04:18:05
MRN63781303,Ashley,Silva,1951-04-13,2,,M4L 9W6,(437) 982-2089,English,Y,2026-08-06 21:16:21
MRN53244270,Margaret,Lee,1985-05-30,2,8345319472,M9C1Z1,(365) 985-7293,Portuguese,N,2026-07-04 02:50:18
MRN31521173,Olga,Campbell,1974-02-24,2,9850419384,M2J2B2,437-539-5700,English,N,2026-07-29 03:26:19
MRN25295908,Jamse,Johnson,1962-12-31,1,5663183860,M3H5H9,,English,N,2026-08-09 08:30:14
MRN97020976,Anthony,Osei,2025-11-11,1,6523476965,L6L 5L1,,English,N,2026-07-21 20:57:50
MRN31167424,Tomas,Young,1977-12-11,1,2021657537,L6H5S6,(647) 598-7501,English,N,2026-07-11 05:39:29
MRN77950134,Kevin,Kowalski,1991-07-08,?,1135607602,M3A0C4,647-624-5222,English,N,2026-08-31 16:28:54
MRN63909424,Soffia,Jones,1989-09-29,2,7690683276,L5C5L4,(416) 628-4044,English,N,2026-08-17 07:22:31
MRN58890763,Yusuf,Singh,2031-04-12,1,9233800243,M5K9N4,(365) 582-3447,French,N,2026-08-20 03:13:39
MRN29577315,Ingrid,Gonzalez,1972-10-12,2,9304914386,M8Y 5Y8,416-259-2999,English,N,2026-07-30 17:29:39
MRN83982974,Marie,Jones,1987-06-15,2,,M1M6T3,6473333930,English,N,2026-08-05 06:53:09
MRN17645603,Jennifer,Johnson,1983-03-19,2,1226395984,L6M 4H2,(416) 844-2367,English,N,2026-08-12 07:14:11
MRN37802478,Mohammed,Green,1963-06-30,1,,M1C0K8,365-684-6498,English,N,2026-08-21 16:35:55
MRN30356582,Elizaeth,Bouchard,1981-10-21,2,1330354465,M5G6Y7,365-556-7819,English,N,2026-07-23 06:32:36
MRN37703452,Chaira,Hernandez,1976-05-04,2,2394353607,L6M 5P9,(289) 332-1152,Mandarin,N,2026-07-29 11:06:48
MRN78865923,Pedro,Allen,1939-12-26,1,3999239951,M1K7L8,4373191205,English,N,2026-07-05 03:13:10
MRN87070044,Jen,Williams,1981-05-13,2,9824618087,M4K8Y7,,Tagalog,N,2026-07-07 06:50:49
MRN94658704,Amara,White,1970-05-20,2,2149691467,L6P6B9,647-302-4562,French,N,2026-08-02 16:19:46
MRN94109477,Nikolai,Harris,1991-07-12,1,2769227634,L5C0M2,416-700-8206,English,N,2026-07-18 18:50:07
MRN72757735,Moahmmed,Osei,1956-04-15,1,8022079696,M6H3N0,416-865-0778,English,N,2026-08-29 09:51:09
MRN87707574,Sandy,Park,1987-12-17,2,,L4L3B5,9052822594,Punjabi,N,2026-07-27 02:24:35
MRN11675490,Mivhael,Robnson,1945-11-29,1,4746541335,L4L5N5,,French,N,2026-08-17 23:49:48
MRN70299549,Mary,Williams,1984-09-16,2,8841721445,M9N6C2,(289) 512-8082,Spanish,N,2026-07-08 14:35:29
MRN91960294,William,Roy,1984-01-05,1,0517836433,M6B3T1,(437) 609-8004,English,N,2026-03-07 18:21:36
MRN31041477,Nadia,Li,1983-11-30,2,9873904701,M6H 8W1,9058232337,English,N,2026-07-12 19:42:09
MRN81931214,Kevin,Anderson,1980-09-01,1,4128551498,L6S4Z6,(416) 511-0974,Mandarin,N,2026-07-23 17:26:33
MRN25656019,Luc,Hill,1958-02-07,1,9235874261,M9L8S6,9054774295,English,N,2026-08-01 16:27:14
MRN68285837,Luc,Patel,2008-08-28,1,9170628466,m5j7p1,2894493879,French,N,2026-07-29 07:47:12
MRN66137094,Marie,Patel,1959-09-20,2,0460371495,M4C9Y4,9054583723,English,N,2026-07-07 16:34:11
MRN14078487,Ahmed,Roy,1983-03-24,1,6395414060,M1G9J7,2892359056,English,N,2026-08-05 09:19:00
MRN60113192,Yusuf,Khan,1933-06-21,1,5727600560,M4E1M3,(905) 571-5070,Punjabi,N,2026-08-20 04:45:42
MRN56960300,Karen,Brown,1978-06-18,2,6477176199,M9A 1N4,(289) 662-8113,Mandarin,N,2026-08-11 07:51:28
MRN58936434,Yusuf,Ross,1995-07-08,1,8033196943,M9C4B2,3658103359,Punjabi,N,2026-07-23 08:57:48
MRN56777876,Diego,kelly,2005-05-17,1,7805545634,L6M7W1,2894735267,English,N,2026-07-24 08:37:13
MRN70177747,Chiara,O'Brien,2013-08-16,2,9795169086,M6B 3V2,(365) 651-7320,French,N,2026-10-19 00:25:55
MRN89095492,Chiara,Nelson,2013-08-16,2,9795169086,M6B 3V2,365-651-7320,French,N,2026-07-07 08:40:21
MRN19147456,Patrivia,Sutherland,1989-06-30,2,5840148265,L5B5B5,437-297-8550,English,N,2026-07-03 05:53:45
MRN21486282,Brian,Roy,1933-12-28,1,7391045577,M3B7Z0,,English,N,2026-08-19 14:26:07
MRN22780992,Nadia,Green,1968-04-13,2,6547338977,M5J8N1,(365) 622-6219,French,N,2026-08-20 22:12:04
MRN89357386,Ashely,Zhang,1978-10-30,2,5678996520,M4H1N6,(289) 580-6438,English,N,2026-07-08 11:11:56
MRN58025005,Luc,Thompson,1961-04-06,1,5869769892,M4C8H7,647-517-7673,English,N,2025-05-31 11:34:42
MRN64116804,Raj,Jackson,1935-05-29,1,8657873256,M8W4W8,4376501643,English,N,2026-08-22 02:28:18
MRN85146031,Ivan,Mensh,1988-10-04,1,6763403361,M6L1N6,(416) 782-2051,English,N,2026-07-19 06:48:00
MRN36562922,Zara,Baker,2025-11-23,2,8422160708,M6K 9Z8,365-502-7828,Punjabi,N,2026-07-21 16:35:26
MRN67482746,Hassan,Davis,1972-09-23,1,9673747227,M3A6S7,(905) 244-2327,English,N,2026-08-20 11:14:18
MRN26321382,Amir,Patel,1976-12-17,1,4723203750,M2K7V2,,French,N,2026-08-25 21:38:22
MRN24237395,Josh,Green,1977-05-07,1,8876469498,m4k5h3,(905) 722-5240,Spanish,N,2026-07-17 11:58:04
MRN74288555,David,Cote,1970-01-26,1,4836255804,L6A4P7,4373259080,English,N,2026-07-15 16:18:46
MRN65252353,William,Walker,1992-06-29,1,3583561323,M1H8N8,4373723156,English,N,2026-08-30 01:03:08
MRN87738647,Mei,Chen,1972-07-10,2,6251794449,,(647) 949-7711,Spanish,N,2026-07-03 13:43:49
MRN79613523,Christopher,Willaims,2009-10-03,1,8201242131,M6B1J5,(437) 350-2937,Mandarin,N,2026-07-12 01:58:42
MRN31053944,Susan,Singh,1968-07-30,2,4760542839,M5A 5X5,(437) 495-9192,Punjabi,N,2026-07-19 18:49:45
MRN57298367,Aimr,Cote,1966-02-01,1,2871841108,L4K3N1,9054775409,English,N,2026-08-17 00:15:36
MRN43530612,Ken,Hassan,1972-04-05,1,2336144411,M3A0S3,9056130915,Mandarin,N,2026-07-15 21:28:27
MRN63243524,Amara,Wilson,1929-09-24,2,6559055501,M3A 1Y5,9056259979,Punjabi,N,2026-07-07 16:34:49
MRN84274058,Mohmamed,Ferreira,1960-03-12,1,4108328537,L5C4P9,(365) 576-2435,English,N,2026-08-30 07:17:48
MRN94568502,George,Garcia,1994-02-07,1,5929914801,L4K6A7,905-364-2358,French,N,2026-07-17 04:10:10
MRN97381117,Michael,Kim,1957-04-10,1,5378191463,M6L4R8,905-673-2959,English,N,2026-01-15 19:46:52
MRN28836147,Diego,Miller,2008-05-01,1,5684805079,L4C8H5,647-937-5619,English,N,2026-07-17 06:47:35
MRN47071119,Patricia,Santos,1983-02-05,2,8818525837,M6K1W4,(437) 368-9541,English,N,2026-08-17 13:39:10
MRN19750645,Robert,Thomas,1947-07-26,1,5621766756,L6P5J6,,English,N,2026-07-30 18:35:36
MRN30061877,Priya,Johnson,,2,5838947181,M5E5Y0,,English,N,2026-08-09 23:42:19
MRN76606531,Daviid,Fraer,2019-09-20,1,9461217706,M1M8N3,6472397119,Spanish,N,2026-07-05 06:04:34
MRN89342603,Asiha,Singh,1990-07-27,2,3076043516,M8W 5Z1,4379991722,English,N,2026-07-23 19:33:29
MRN91976750,Elizabeth,Walker,1950-08-22,2,6823662306,M5J3P0,2892942816,English,N,2026-07-20 16:57:31
MRN67684378,Mohammed,Mitchell,1966-01-07,1,5616692033,M1L1H3,2894107987,English,N,2026-08-29 11:31:22
MRN21365482,Brian,Zhang,1946-07-09,1,9589377234,M5H4K0,(437) 379-4102,Punjabi,N,2026-07-29 03:03:47
MRN47551089,Robert,Rodriguez,1930-10-11,1,8926277552,M2J1X3,4378526419,Spanish,N,2026-08-23 16:25:14
MRN96413479,Joseph,Park,1990-04-25,1,3367827775,L5B4M2,,English,N,2026-07-03 21:29:32
MRN84090296,Raj,Davis,1961-12-28,1,4130724414,M4J3J5,4165104026,English,N,2026-08-21 02:08:23
MRN61534376,Robert,Ali,1974-08-14,1,9890674006,M6A0P3,,English,N,2026-07-07 19:10:39
MRN84985458,Matthew,Taylor,1995-01-27,1,5619817124,L4J9J9,4375618472,Punjabi,N,2026-08-23 19:51:42
MRN69977639,Joshua,Zhang,1975-11-10,1,1924317181,L6A9X9,,Mandarin,N,2026-07-14 13:22:32
MRN86541484,Tom,Jones,1968-05-07,1,0916270622,M2J1J1,437-394-0544,English,N,2026-08-21 07:51:35
MRN13794217,Tomas,Waang,1991-08-05,1,6054441529,M1N8W3,4169071767,English,N,2026-08-07 12:36:46
MRN99046625,Amir,Jones,1967-01-07,1,4946683721,M4E5P9,(365) 430-5696,Farsi,N,2026-07-26 22:39:24
MRN19299645,Linda,Wright,1943-07-09,2,,M4G3J6,437-317-1421,English,N,2026-08-26 00:34:51
MRN13126564,Brian,Ferreira,1960-12-14,1,9820214618,M9B5J9,647-919-2594,English,N,2026-08-03 06:38:26
MRN34148740,Priya,Patel,2019-04-08,U,5702471664,M2H6R7,365-691-7532,Spanish,N,2026-08-11 00:11:29
MRN27314804,James,Jackson,1963-04-26,1,,M9M4C7,3652534270,English,N,2026-07-09 22:17:18
MRN29815325,Emily,Allen,1987-01-11,2,,M3C3E7,(647) 647-5475,English,N,2026-08-06 05:20:49
MRN20195272,Ana,Clark,1967-10-24,2,8321359799,m4h2r4,4374157699,English,N,2026-08-03 00:18:07
MRN53909322,Chiara,Williams,2009-03-09,2,7448347562,M1K 9V6,4162008754,English,N,2026-07-06 02:35:04
MRN61627367,Amor,Robinson,1998-07-28,1,4800928451,M4E 3R4,(416) 649-1016,English,N,2026-07-10 12:03:53
MRN46875307,Pryia,Carter,1983-03-30,2,5174011840,M8Y3W2,(647) 652-9313,English,N,2026-04-04 06:56:26
MRN54365480,George,Green,1957-04-15,1,3124793641,M5G7N2,4377569138,English,N,2026-08-03 21:47:37
MRN60711790,Emily,Sutherland,1990-12-02,2,1108486828,M6B3M6,,English,N,2026-08-30 23:03:02
MRN89319376,Brian,Hill,1989-06-22,1,5570606110,M5G0E4,(289) 590-6809,English,N,2026-08-03 13:30:30
MRN10305274,Sofia,King,1951-12-02,9,2994076517,M5P1V8,905-588-9112,Tamil,N,2026-09-29 02:08:37
MRN58304060,Amir,zhang,1988-03-06,1,7505948161,M4G9M4,(905) 929-3536,English,N,2026-07-16 22:48:22
MRN77852882,Nancy,Kumar,1958-03-13,2,6419709081,M4J1V1,6476585851,French,N,2026-08-24 17:52:37
MRN75170767,Daniel,Tran,1972-05-08,1,,M6C2G6,2896111894,Mandarin,N,2026-08-17 12:17:23
MRN39774546,Yusuf,MacDonald,1941-01-21,N,3176475469,M9A2W7,647-435-9133,English,N,2026-07-30 02:58:49
MRN69876208,Tomas,Carter,1978-02-11,1,8307338916,M4K 3G2,(905) 431-5855,Mandarin,N,2026-07-31 18:51:23
MRN13829768,Ashley,Walker,1948-12-26,2,3141286561,M5N1S5,4378214704,English,N,2026-08-08 08:38:32
MRN55064002,George,Allen,1959-05-28,1,5917572652,M6G6P3,9052656480,English,N,2026-08-18 12:06:27
MRN65140927,Michael,Daviis,1966-10-11,1,,L6P7P9,,Italian,N,2026-08-14 16:37:43
MRN43595892,Anthony,Williams,1926-05-12,1,0376505996,M5J1R9,647-945-5730,English,N,2026-07-16 15:12:53
MRN28118702,Marie,Jones,1958-02-06,2,9163797294,M4K3Z6,(365) 264-8030,English,N,2026-08-14 13:18:59
MRN12621887,Yuik,Miller,1991-04-03,2,3117698591,M4G0V6,,English,N,2026-07-28 23:28:24
MRN54431360,Joseph,Mooore,1961-11-09,1,4913891521,M1E1A6,(905) 230-4799,English,N,2026-08-22 20:46:52
MRN78020565,Lisa,Hill,1984-08-05,2,,M1K,(437) 482-7219,Spanish,N,2026-08-23 06:03:03
MRN88798841,Elizabeth,Thompson,1971-12-13,2,,M1E1V5,(289) 555-7955,English,N,2026-08-22 21:34:08
MRN65644006,Amir,Ali,1963-02-27,1,7227081937,M3H 9K3,(416) 976-5377,English,N,2026-08-27 05:03:57
MRN60810932,Andrew,Gonzalez,1936-07-19,1,8494633509,M9B3W8,416-347-5515,Urdu,N,2026-08-07 15:20:12
MRN16567108,Yuki,Bouchard,1977-12-04,2,,M6B7S6,(437) 445-0533,Punjabi,N,2026-08-05 06:38:53
MRN76187031,Wei,Wang,2006-12-21,1,,M4L4L9,(289) 413-4082,Mandarin,N,2026-07-17 06:06:36
MRN84240286,Sarah,Campbell,1991-03-30,2,6930453763,M5J8B7,(416) 566-2596,Tagalog,N,2026-07-09 21:34:01
MRN85699760,Amanda,Allen,1973-07-01,2,2958356442,M5E7G7,(289) 566-5882,English,N,2026-07-22 13:52:34
MRN56592317,Nancy,Thomas,1994-02-03,2,,L6P1V8,(905) 348-6553,Cantonese,N,2026-08-08 01:41:30
MRN51096856,Nadia,Ahmed,1982-04-10,2,4824930558,M4E3W3,365-778-8616,English,N,2026-08-12 06:38:08
MRN32630668,Linda,Martinez,2004-09-17,2,1708918261,M6G1G5,4162336426,Arabic,N,2026-07-10 00:07:20
MRN48175097,Mary,Smith,1956-09-03,2,,M6L9N9,2896362726,English,N,2026-07-11 18:52:02
MRN21396075,Barbara,Li,2004-04-08,2,4085450296,M3B7W5,3653558084,Mandarin,N,2026-09-28 04:25:04
MRN88899199,Matthrw,Hill,1989-11-22,1,2585589688,M2J1V3,4375715401,English,N,2026-08-11 08:23:36
MRN76537627,Sandra,Chen,1999-11-20,2,,L4B4N0,9055653350,English,N,2026-07-15 14:22:52
MRN64146811,Jessica,Ahmed,2020-11-20,2,0601954597,M5J3H7,,Tagalog,N,2026-08-31 05:53:01
MRN22568997,Chen,Nguyen,2016-11-16,1,8448532138,M1C4Y9,9053408578,English,N,2026-07-28 17:00:29
MRN40262177,Amanda,Hassan,,2,0181189747,M3H6P7,4378899497,French,N,2026-07-12 01:37:11
MRN90162793,Lisa,Murphy,1992-09-13,2,7998362912,L6H2B9,4163084597,English,N,2026-08-02 02:41:55
MRN84537709,Lsia,Martin,1975-02-15,2,2890227677,L5N 3H4,4374305329,English,N,2026-08-25 22:07:43
MRN55962977,Linda,Kowalski,1998-03-17,2,0851288555,M4G2J3,,Portuguese,N,2026-08-04 09:16:55
MRN60219354,Barbara,Martin,1952-04-12,2,3680207820,M8Y9E4,,Punjabi,N,2026-07-14 06:16:00
MRN52367471,Aisha,Singh,1973-03-27,2,1070079155,M6E3B7,365-703-7060,Punjabi,N,2026-08-16 01:19:47
MRN41023462,Andrew,Martinez,,1,7105445592,,9057387396,English,N,2026-07-30 03:28:09
MRN68672036,Maggie,Nguyen,1960-10-17,2,8949728656,M6A 8H6,,French,N,2026-07-29 17:54:54
MRN47040933,Margaret,Clark,1954-10-13,2,6936935243,M6H3S2,437-591-4496,English,N,2026-08-20 09:40:02
MRN81604646,Andrew,Li,,1,0519043764,M9L8R1,365-206-4815,English,N,2026-07-08 14:35:33
MRN66335915,Mei,Garcia,1974-08-30,2,1521494896,L6C1N5,(365) 784-1215,English,N,2026-07-16 10:53:03
MRN39233336,Amara,Ross,1942-05-14,2,0580614113,M6A3Y9,(905) 858-5651,English,N,2026-07-05 18:11:27
MRN18990117,Amara,Silva,1942-05-14,2,0580614113,M1G 5H4,(437) 709-4273,English,N,2026-08-25 01:30:07
MRN71654358,Pedro,Young,1971-05-02,1,8419598084,M6C2C6,(289) 990-7938,French,N,2026-08-10 19:07:13
MRN13386411,Robert,Ahmed,1967-04-09,1,4317203430,M1M6A1,2897687294,English,N,2026-08-20 02:50:44
MRN32966367,Barbara,Ricci,1981-10-23,2,4232823833,M3C0V3,4377384275,Punjabi,N,2026-08-19 01:07:23
MRN61014271,Zara,Hassan,1971-06-18,2,,m1e7y7,(647) 581-1214,English,N,2026-08-14 14:58:55
MRN13492205,Jennifer,Martinez,1968-04-16,2,,,3657730729,Mandarin,N,2026-08-18 16:26:29
MRN92903427,Nadia,Baker,1971-03-01,2,6667872821,M4J5W3,3652908447,English,N,2026-07-28 04:34:42
MRN48941704,Joseph,Jackson,1970-06-20,1,1493942203,M4J2X9,(416) 515-6499,Punjabi,N,2026-08-22 21:49:57
MRN58690398,Amanda,Osei,1951-10-03,2,6970718737,M3H8V5,647-292-8896,French,N,2026-08-12 14:26:12
MRN44320925,Brian,Kowalsski,1999-02-04,1,0277302683,M2K9P4,(289) 247-0440,English,N,2026-08-20 15:39:34
MRN46310084,Diego,Martin,1981-11-27,1,,M6A2Y8,(437) 977-5922,Spanish,N,2026-07-03 03:58:34
MRN44827051,Sandra,Bouchard,1992-03-16,2,5683821994,M4L1T9,9056686145,English,N,2026-07-06 17:46:10
MRN75392111,Omar,Wang,1977-01-12,1,2413030210,M5R6G7,4372751522,Mandarin,N,2026-07-24 14:54:51
MRN23062835,Aa,Mensah,2016-10-04,2,1327911242,M3C7Z8,647-732-7024,English,N,2026-07-04 22:21:44
MRN69458833,Mohammed,Murphy,1973-05-22,1,8311842018,M5B6M1,(365) 762-7672,French,N,2026-07-12 23:33:15
MRN61821246,Amanda,Carter,1962-02-04,2,,M6B5E6,(365) 961-5114,English,N,2026-08-18 11:19:46
MRN53822071,Hassan,Scott,1989-08-22,1,2888727134,M4C8W5,(289) 533-5545,English,N,2026-08-23 10:53:15
MRN92519649,Amanda,Johnson,1931-07-25,2,4989442225,M1E2J0,4165811096,English,N,2026-01-07 10:11:15
MRN44885627,Mark,Fraser,1959-07-19,1,0178919569,M1G2A1,4166751086,English,N,2026-08-29 09:03:39
MRN47902274,Marie,Hernandez,1997-09-27,2,4395468368,M6J8T0,(437) 774-5591,English,N,2026-07-12 22:02:45
MRN64405246,Mark,Williams,1941-03-27,1,7850496535,M2N3H2,,Cantonese,N,2026-08-17 09:08:02
MRN79945587,Maggie,Campbell,1978-03-15,2,3185921438,M1J6M2,6477975668,Urdu,N,2026-08-25 03:17:36
MRN39778069,Jennnifer,Okafor,1937-03-06,2,4726849286,M5A3G4,416-238-6944,English,N,2026-07-03 05:47:49
MRN59512679,Patricia,Roy,1946-09-01,U,1746416393,M5E8R9,(365) 361-5354,English,N,2026-08-24 08:15:29
MRN56313305,Barbara,MacDonald,1966-06-15,2,9199086829,L4K3P9,905-777-0689,Mandarin,N,2026-07-06 02:03:24
MRN17086643,Jean,Walker,1998-07-05,1,3663460537,M5B9B8,9058602902,English,N,2026-05-13 18:32:45
MRN34417421,Jennifer,Kim,2001-09-23,2,3285109462,M1B5J0,,English,N,2026-08-20 05:04:04
MRN75356350,Zara,Carter,1982-06-09,2,9973455430,M4M 7B3,,English,N,2026-08-17 02:15:37
MRN44613016,Melissa,Miller,1939-06-26,2,7920523201,M4E1L3,,English,N,2026-07-24 04:35:46
MRN10658095,Brian,Jones,,1,2726815794,M5G9V0,6478036479,Punjabi,N,2026-07-31 01:29:18
MRN40049543,Aisha,Tremblay,1971-07-25,2,3185053232,L4B 4A7,(416) 253-1547,English,N,2026-07-30 19:27:05
MRN80538238,Aisha,Joes,1991-10-22,2,0747661494,M9C4T4,905-624-0698,English,N,2026-08-07 22:38:07
MRN30120069,Ahmed,Anderson,1961-01-23,1,9472609321,m9c4a5,(647) 227-1257,English,N,2026-08-24 23:36:09
MRN33929860,Betry,Smith,1980-01-26,UNK,4804131136,M4L3Z2,416-422-1681,English,N,2026-07-18 17:18:07
MRN89048400,Olga,Kowalski,1976-06-23,2,1920837224,L6R 0S7,(437) 865-8572,English,N,2026-08-16 12:57:04
MRN49649252,Barb,Santos,1998-11-04,U,9506394023,M8X 8H9,3655076306,English,N,2026-08-30 18:14:23
MRN92840037,Priya,Osei,1946-10-04,2,,M4A7R3,2893777617,English,N,2026-08-15 08:45:59
MRN97331531,Sarah,Fraaer,1973-11-27,2,7532374225,L5A0K8,4163109275,English,N,2026-08-08 23:47:45
MRN60896962,Ana,Anderson,1986-07-14,2,3688015563,M1G6T6,4163468679,Mandarin,N,2026-01-03 19:42:25
MRN58618079,Betty,Nowak,1990-06-19,2,0062339718,M1H0X8,4372360402,English,N,2026-07-30 17:58:26
MRN68998722,Zara,Park,1985-08-21,2,4453638365,M9A 7Z5,(416) 345-5894,English,N,2026-08-31 05:12:02
MRN71669408,Joshua,Williams,1971-02-03,1,3897000083,M1B9R1,(365) 360-3568,English,N,2026-08-30 03:34:11
MRN13152702,Kenenth,Martin,1954-07-12,1,7487248440,M8V0S6,4163308921,English,N,2026-08-03 05:47:53
MRN31706313,Jm,Wilson,1968-06-20,1,3446034013,M1K5C8,(365) 952-8087,English,N,2026-08-16 13:56:45
MRN83575955,Danoel,Thompson,1965-08-09,1,,L4J9C4,2898781657,English,N,2026-08-17 10:03:55
MRN57810675,Rick,Gagnon,1977-04-01,1,8419355097,M5P 9B3,,English,N,2026-07-22 05:55:10
MRN70103606,Ashley,Scott,1969-01-11,2,2556599054,L6G7K3,905-344-3365,English,N,2026-07-21 04:29:39
MRN55572263,Naida,Garcia,1973-05-03,2,8591510105,M5R3H7,(647) 885-3291,English,N,2026-07-23 23:14:51
MRN92164164,Mary,Stewart,1939-08-08,2,8262268967,M6G8X6,,English,N,2026-07-16 06:57:34
MRN63705361,Ahmed,Mensah,1997-06-06,N,4283729517,M5B0P8,4166606700,Urdu,N,2026-07-31 03:11:37
MRN29279892,David,Nelson,1969-11-27,1,2854080575,M8Y3Z8,(905) 579-6144,English,N,2026-07-03 13:42:58
MRN63979041,Amir,Rossi,1950-04-10,1,1063695041,M5J 6R2,(365) 836-8619,English,N,2026-08-08 19:23:59
MRN86740482,Chen,Garcia,1958-11-22,1,1159767530,M5E0H0,9054409293,English,N,2026-07-03 01:10:13
MRN49398188,Ahmed,Ricci,1942-03-20,1,0948534706,m1b8s9,4377921923,English,N,2026-08-23 22:26:06
MRN48448597,Ingrid,Johnson,,2,4376912459,M5G1G2,416-543-1719,English,N,2026-07-03 20:57:42
MRN38552367,Tomas,Khan,1989-01-02,1,4760820573,M5K8R5,4373636291,English,N,2026-08-16 18:05:27
MRN77295081,Chrisopher,Kowalski,1948-03-19,1,6631972673,M1H9E8,(365) 369-9410,English,N,2025-09-08 09:20:03
MRN42851359,Robert,ahed,1999-06-02,1,9370575509,,4372723934,French,N,2026-08-16 19:43:39
MRN29148869,Nancy,Singh,2015-12-02,2,1660371855,L4B4J8,437-347-8310,English,N,2026-07-16 07:57:51
MRN56198455,Olga,MacDonld,1931-03-06,2,8281055627,M1E8M4,4166442105,English,N,2026-07-28 18:10:11
MRN80555696,Andy,Robinson,1933-12-16,1,8442917491,M4B8J6,4372399584,English,N,2026-08-20 07:19:52
MRN76805085,Ivan,Carter,1994-03-25,1,9518649430,L6J1E5,4167895471,English,N,2026-08-22 19:29:37
MRN79716743,Pedro,Osei,1946-02-28,1,5883341629,M4B3E4,9057548808,English,N,2026-07-21 04:05:19
MRN60394835,Okga,Ahmed,1956-03-08,2,8751907984,M8Y3X4,289-806-0452,Cantonese,N,2026-08-04 10:07:02
MRN75275154,Linda,Green,1943-11-02,2,4410224895,m6b4n2,4378576046,English,N,2026-07-06 06:11:53
MRN97422219,Christopher,Mensah,1965-03-02,1,7467194218,M8V 3Z2,4375342524,English,N,2026-08-17 20:00:20
MRN98540228,James,Youung,1979-05-01,1,2851631032,M4H9B7,4169783831,Spanish,N,2026-07-25 08:55:34
MRN31166993,Mary,Thompson,1958-06-09,2,8940569638,M5H4Z4,289-497-4138,English,N,2026-07-21 15:05:00
MRN21253525,Matthew,Kumar,1976-06-05,1,7176354863,,(647) 845-8945,English,N,2026-08-18 19:51:17
MRN65072548,Hiroshi,Rodriguez,1986-08-31,1,6336470676,16A6Z8,365-350-8921,Spanish,N,2026-07-08 04:22:48
MRN96430626,Ashley,Anderson,2003-10-11,2,0006835219,M8X7M9,(437) 787-3706,English,N,2026-07-20 03:27:27
MRN46045800,Shelly,Taylor,1945-10-18,2,3412717286,M4B0A0,9058385537,English,N,2026-07-08 00:27:29
MRN90453215,Ashlley,Moore,1988-05-24,2,,M4M5S2,(647) 854-9641,French,N,2026-08-05 02:38:52
MRN35246977,Susaan,O'Brien,1992-05-22,2,6931050105,M5A5H4,2897940016,English,N,2026-07-19 05:20:06
MRN66495713,Mamdy,King,1964-03-25,2,2796386684,M1N2K8,,English,N,2026-07-28 15:22:06
MRN58198974,Mary,Khan,1937-12-18,2,7447769824,M2N8W0,416-332-9442,English,N,2026-08-04 16:13:35
MRN51708855,Kevin,Garcia,1972-02-28,1,3872122720,M6M8J2,(647) 647-2846,Cantonese,N,2026-03-27 08:43:40
MRN90938227,Omar,Davis,1989-02-22,1,7433932113,M5N8K8,(905) 314-6291,English,N,2026-08-12 23:43:01
MRN88279710,Robert,Clark,1926-07-16,1,7791647576,M3B9S4,416-593-9092,French,Y,2026-07-30 17:02:20
MRN49194896,Patricia,Kim,1955-01-19,2,2101370449,L6G6E4,(416) 296-8499,English,N,2026-08-21 04:09:20
MRN43038842,Raj,Lopez,1966-04-15,1,0941822785,M9C1A5,647-787-4552,English,N,2026-07-13 09:46:17
MRN96286974,Mark,Okafor,2011-09-12,1,8084920621,M6A1M0,(289) 477-3766,Cantonese,N,2026-08-04 22:15:19
MRN29534281,Nadia,Ferreira,1931-11-08,2,3548161920,M5A5K4,6473368152,English,N,2026-08-08 20:29:07
MRN28428604,Ingrid,Nguyrn,1978-04-29,2,2327788135,M9M6L8,(905) 563-4506,English,N,2026-08-20 13:53:04
MRN78484263,Brian,Patel,1962-02-19,1,4571456070,L6M2H3,289-437-0929,Mandarin,N,2026-07-16 10:53:34
MRN83327518,Mei,Hassan,1973-10-31,2,2210171092,L4L0Y4,6475148345,English,N,2026-08-24 19:56:51
MRN98836966,Chiara,Clark,1988-07-01,2,,L6A3W5,(905) 787-1088,English,N,2026-08-28 07:10:41
MRN88517663,Mary,Chen,2007-12-01,2,9231930778,M4K8Z9,4165145282,English,N,2026-08-28 21:41:06
MRN82235076,Yuki,Miller,1959-07-12,2,3686400387,M6J0L3,289-386-2305,French,N,2026-08-28 08:07:58
MRN46803129,Aisha,Okafor,1979-08-12,2,9454941775,L4L4L0,(416) 784-9732,English,N,2026-07-15 13:20:24
MRN13311211,Chen,Walker,1926-12-12,1,,16G5G7,(647) 653-5080,Punjabi,N,2026-07-22 01:25:40
MRN49512746,Zara,Harris,1962-08-28,2,8364260110,M8W0K2,(289) 347-2309,English,N,2026-10-23 01:36:44
MRN11149249,Mandy,Osei,1961-02-20,2,8454671788,,9053330901,English,N,2026-08-08 05:26:23
MRN25539910,Susan,Campbell,1980-08-07,2,8166135064,M4E 2V4,(416) 892-9030,French,N,2026-07-15 22:00:52
MRN69663566,Kenneth,Li,2002-12-27,1,2965589589,M3H9K1,647-531-2018,Punjabi,N,2026-08-19 01:43:51
MRN63316580,Mie,O'Brien,1930-04-05,2,5752215946,L5N 9Z1,647-718-8459,English,N,2026-08-08 16:32:40
MRN91485617,Marie,Gonzalez,1976-01-03,2,3992285704,M2R6H7,(647) 446-5316,English,N,2026-08-12 20:38:25
MRN44542722,Jin,Jackson,1995-04-15,1,5700234403,M1M5X3,(437) 619-3137,Urdu,N,2026-07-16 09:37:59
MRN81691421,Ling,Garcia,1993-12-15,2,6886915419,M1L7C3,905-371-8187,English,N,2026-07-18 14:00:21
MRN95982801,Hassan,Scott,1973-12-06,1,7020276312,M5J 7T5,289-552-7456,English,N,2026-08-21 18:43:55
MRN59110662,Mark,Rodriguez,1982-03-01,1,7632021759,M1B5V8,3656485876,Mandarin,N,2026-08-03 09:08:56
MRN93140801,Fatima,Adams,1972-01-18,2,3401319797,M6C2R9,(647) 696-8538,English,N,2026-08-05 03:46:30
MRN66266575,Jin,Jones,1945-01-18,1,5620453554,M1K1L3,(365) 513-5833,French,N,2026-08-02 08:55:36
MRN45352343,David,Scott,1981-10-31,1,9182266131,L6A2C3,3652921085,Cantonese,N,2026-07-08 12:34:28
MRN26671200,Yusuf,Roy,1960-05-19,1,8508355107,M3C6P9,(905) 445-1278,Cantonese,N,2026-07-28 18:20:40
MRN92312060,Kenneth,Smith,2014-06-12,1,1260176050,M9L2K2,4163079342,English,N,2026-07-29 14:16:10
MRN96250509,Dego,Kelly,1998-01-24,1,9805855252,L5N4Y3,905-823-8320,English,N,2026-07-08 03:16:46
MRN28532511,Amir,Kelly,1994-12-02,1,0120801675,m1h6j0,416-994-1024,English,N,2026-08-29 02:29:41
MRN82148302,Lisa,Lopez,2001-08-10,2,1504634690,M1B8X6,,Punjabi,N,2025-07-25 23:45:44
MRN11449412,Marie,Anderson,1970-05-06,2,6665663685,M2J7C8,,French,N,2025-07-03 14:42:30
MRN92666910,Christopher,Nowak,1991-11-13,1,0417081718,M9C3K3,365-261-5445,English,N,2026-08-26 16:24:58
MRN74076103,Melissa,Sutherland,1948-02-11,2,5317663705,M9N8C6,4375519860,Italian,N,2026-08-12 13:16:02
MRN19843751,Nikolai,Mensah,1966-12-22,1,8167887945,M9B9P9,,English,N,2026-08-22 11:58:02
MRN62659693,Karen,okafor,1977-11-14,2,1767270687,M1M8M9,(289) 373-3370,English,N,2026-07-04 16:12:17
MRN26752627,Mohammed,Kumar,1984-10-12,1,5757511679,M8V8S2,4162421743,English,N,2026-07-22 20:42:29
MRN74628606,Claire,Harris,2017-06-19,2,,M6E5V9,9052206709,Farsi,N,2026-07-18 12:34:04
MRN20769223,Andrew,Rodriguez,1983-11-13,1,0612585372,M1G2C9,(365) 287-5555,English,N,2026-08-05 07:39:48
MRN14326516,Tom,Rossi,1947-07-27,1,8350564178,M6B2X8,(905) 215-4277,English,N,2026-08-28 02:44:01
MRN17643219,Hiroshi,Brown,1945-12-21,1,6626889171,M5G 1A1,4167283807,English,N,2026-08-31 22:13:05
MRN41584495,Anthony,  Robinson  ,1975-09-22,1,2135148191,M4K7W9,905-692-2525,English,N,2026-07-11 18:20:39
MRN14244592,Micheal,Martin,2000-07-15,1,8849900140,M6H2Y3,,Cantonese,N,2026-07-17 04:14:05
MRN86983592,Hiroshi,Ali,1952-10-21,1,1512080837,L6L8M3,3656025174,English,N,2026-08-01 08:46:13
MRN74246506,Nikolai,robinson,1978-07-08,1,4696136680,M6B5Y8,(437) 226-2616,Cantonese,N,2026-07-19 16:29:13
MRN55146493,Mohamed,Jones,1973-12-07,1,4017350283,L5B6P1,3653050110,English,N,2026-08-24 22:29:10
MRN88994531,Richard,O'Brien,1973-06-21,1,6295709502,L5B4K0,2899700929,Mandarin,N,2026-08-01 08:06:39
MRN60583343,Sarah,Lee,1974-07-04,2,6851493293,M3H8V8,,English,N,2025-07-09 09:22:15
MRN52862405,Ana,White,1985-05-25,2,9736366130,M9M4J7,365-650-9079,English,N,2026-08-14 04:42:23
MRN10187689,Sarah,Nowak,1995-01-12,2,1390890141,M9B5S4,(416) 591-3704,English,N,2026-08-16 23:14:55
MRN27297848,Joshua,Nguyen,1980-12-15,1,2682742487,L6C9M3,(365) 781-1013,English,N,2026-08-23 09:10:39
MRN61400466,Jean,Silva,2025-04-12,1,4446902647,M5G4L0,(647) 550-5277,English,N,2026-07-28 04:59:35
MRN44917994,Michelle,Clark,1997-04-12,2,5371835587,L4C9A5,9058446457,English,N,2026-08-12 08:28:04
MRN34166626,Amir,Ali,1986-06-09,1,5251228002,M1E8X0,(289) 360-8903,English,N,2026-07-27 04:30:47
MRN31299172,Steven,Moore,1960-06-27,1,,L6A 9L9,3656818310,English,N,2026-08-03 18:49:53
MRN30592172,Mary,Walker,1951-03-25,2,0157116146,M2M7T2,(365) 654-8592,English,N,2026-07-29 10:40:05
MRN10896002,Linda,Kumar,1949-04-10,2,1242789939,M6G 5N2,(437) 331-8244,English,N,2026-07-11 20:25:53
MRN80329678,Susan,Wilson,1965-09-22,2,4019698887,L4B5N1,(647) 262-2744,English,N,2026-07-25 16:43:49
MRN67978374,Hsasan,Patel,1989-10-22,UNK,1622169405,L6S9B0,(365) 512-8602,English,N,2026-08-28 04:06:54
MRN39729744,Mei,Carter,1981-08-17,2,5372246016,M1K3T5,905-894-0719,English,N,2026-08-21 15:07:40
MRN85875460,David,Scott,1959-08-01,1,6201875934,M5G0K1,416-313-9832,French,N,2025-08-05 22:03:38
MRN89371051,Zara,Cote,1946-03-26,2,4948180874,M1H2A4,4374764426,Tagalog,N,2026-08-04 07:23:52
MRN25497094,Linnda,Nowak,1953-05-13,2,1824510455,L4K1R6,(905) 490-4197,English,N,2025-12-08 02:56:30
MRN80254894,Daniel,  Osei  ,1969-10-18,1,,l6l0m8,9058548088,Mandarin,N,2026-07-14 11:22:16
MRN97193517,Susan,Martin,1993-01-13,2,1041942614,M6J7L7,437-633-7731,French,N,2026-08-05 23:09:51
MRN68697296,Elizabeth,Campbell,1941-12-10,2,0520189192,L6L8T4,,English,N,2026-08-03 08:11:06
MRN10709311,Fatima,Roy,1975-11-02,2,0786673475,M9M1N5,(437) 521-3745,English,N,2026-08-24 04:42:21
MRN24642519,Amara,O'Brien,1938-10-05,2,6184383922,M8W0J6,437-726-6283,English,Y,2025-11-23 10:39:48
MRN40724116,Yuki,Kim,1993-05-27,2,9181117848,M6H4C0,3655868441,Punjabi,N,2026-08-03 14:19:38
MRN78134354,Sandy,green,1968-05-10,2,,M6E2W0,9052974529,English,N,2026-07-12 18:50:10
MRN80434555,Maatt,Harris,1981-11-20,1,1311765646,M1G0C1,437-947-2265,English,N,2026-08-15 09:00:57
MRN85078875,Dniel,Santos,1969-04-27,1,4343847960,M1M8S5,437-488-4894,English,N,2026-08-09 20:00:30
MRN13206016,Wei,Martinez,2009-06-30,1,2795268149,L6J4S2,(416) 787-6952,English,N,2026-07-18 06:59:13
MRN12365439,Chiara,Ali,1979-03-06,2,4316922980,L5N4Y8,416-439-2360,English,N,2026-07-18 07:34:34
MRN91931957,David,Kumar,1966-05-21,1,0467660872,,416-485-6480,Punjabi,N,2026-08-19 23:20:07
MRN88307969,Sarah,Tran,1998-04-18,2,3263133518,M9B 5N3,3652845072,English,N,2026-07-22 02:01:32
MRN76861539,Maary,Chen,1983-10-11,2,8987798561,M9C 5G4,437-377-5246,French,N,2026-07-16 07:35:11
MRN61091118,Robert,Bsker,1962-11-24,1,5604897370,M2K 9M3,647-449-1145,Mandarin,N,2026-08-08 20:15:07
MRN79820924,Jennifer,  Kim  ,1984-03-03,2,6832891862,L5N6K7,4162258192,English,N,2026-08-07 07:18:39
MRN72854632,Jin,Thompson,1968-03-07,1,,M1M5Z7,437-770-9966,French,N,2026-07-29 01:00:04
MRN27953935,Ahmed,Smith,2007-08-30,1,5955430663,L6S9Y6,,Mandarin,N,2026-08-24 13:01:54
MRN97620495,Jin,Singh,1941-07-08,1,4590275642,M1K4M2,289-646-4191,English,N,2026-08-01 11:59:27
MRN81378135,Marei,Johnson,1957-02-16,2,,L6A7V0,2895318730,English,N,2026-08-15 19:03:13
MRN36715997,Sofia,Ahmed,1926-05-24,2,3175113293,M1L7W0,6475334303,Portuguese,N,2026-07-31 23:21:32
MRN85484104,Tomas,Kim,1992-07-24,1,0177255965,L4B1S6,416-343-7057,Urdu,N,2026-07-31 10:47:23
MRN94423506,Daniel,Davis,1992-06-27,1,1744963909,M1E1E5,365-826-8557,Punjabi,N,2026-07-21 03:33:27
MRN26793676,Karen,Smith,1996-02-19,2,3233144561,L4K 3E0,2898661352,French,N,2026-08-05 05:59:08
MRN81242955,Anna,Tran,2014-02-09,2,,M1B5S7,9059505967,English,N,2026-07-30 10:44:11
MRN68779239,Aa,Tran,2014-02-09,2,9533777919,L4K 2W1,(289) 990-1277,Spanish,N,2026-07-17 21:23:06
MRN62056710,Sarah,Wilson,1981-12-24,2,6594201821,M2K7W4,9054593816,English,N,2026-07-17 10:50:15
MRN44474023,Fatima,MacDonald,1977-10-17,2,5212644495,L6J0L0,6476505217,Arabic,N,2026-08-16 22:17:24
MRN88880879,Lisa,Ricci,1926-11-20,2,0119561231,M5R4B5,,English,N,2026-08-07 11:48:41
MRN27643016,Susan,Garcia,2001-06-19,2,9462786824,L6C0A2,365-660-8294,English,N,2026-07-31 20:29:33
MRN18816021,Elizabeth,Okafor,1989-12-30,2,0172697344,M6J 9P8,4372168500,English,N,2026-08-29 14:32:26
MRN26154198,David,Smith,1958-11-10,1,7268925350,M4B6W4,(289) 655-5066,French,N,2026-08-05 17:35:43
MRN49113172,Yusuf,Smith,1954-03-04,1,0956929590,L4C4V7,,English,N,2026-07-21 03:26:08
MRN83559514,Thomas,Roy,1993-03-06,1,2699350167,00000,(647) 428-2961,French,N,2026-08-16 12:14:56
MRN74966022,Kevn,Prak,2000-06-15,1,3196533925,M5G5C0,(416) 902-8376,Tamil,N,2026-08-14 09:09:38
MRN93404664,Diego,Carter,1983-10-06,1,1760996247,L5A 5M8,(647) 201-0107,English,N,2026-07-11 06:48:11
MRN39726454,Ling,  Miller  ,1988-05-06,2,0462171679,M4E5L2,416-453-3560,French,N,2026-08-27 00:50:27
MRN52720783,Nikolai,Stewart,1899-01-01,1,9481677988,M6L2J6,437-590-0186,English,N,2026-08-25 18:28:50
MRN58204261,Nadia,Mitchell,1973-12-26,2,8432856824,M5N7K3,647-833-5946,English,N,2026-07-05 12:00:35
MRN96326889,Thomas,Kummar,1988-08-02,1,1951621950,M6H4E7,4164160632,Punjabi,N,2026-08-15 02:59:13
MRN77839256,Rick,Bouchard,1955-10-11,1,1199869254,M6K6R7,365-593-2097,Urdu,N,2026-08-04 13:46:23
MRN19533627,Sofia,Fraaser,1967-07-07,2,1747548418,M2H9T6,9053294473,Tagalog,N,2026-07-15 06:43:09
MRN19071929,Brian,Mitchell,1990-02-19,1,4988798536,M6E6J6,2893526830,English,N,2026-07-30 18:05:47
MRN31656121,Kevin,Thompson,1926-08-19,1,3649174400,M3H 8C9,647-643-5773,Urdu,N,2026-07-08 20:13:21
MRN32337874,Mark,Kowalsski,1968-03-22,1,0385669239,00000,3655000659,Spanish,N,2026-08-29 15:11:05
MRN79260117,Olga,Williams,1942-05-26,2,5717503493,M4J7R4,6476670834,English,N,2026-07-16 15:09:45
MRN68866300,Omar,Ferreira,1962-04-22,1,1714941489,M9C 1Z8,(905) 617-0579,Urdu,N,2026-08-09 02:00:49
MRN28336151,Marie,Lewis,1939-11-26,2,6154559303,M1H2K5,(289) 320-3278,English,N,2026-07-05 19:54:16
MRN40322005,Chiara,Robinson,2004-09-25,2,7122486892,L6C4H9,,English,N,2026-08-29 01:42:49
MRN83664672,William,Wang,1989-11-18,1,7038869025,M5J 8N1,2896390585,Spanish,N,2026-08-01 23:36:34
MRN62768340,Ola,Carter,1987-08-15,2,3815783000,M4G2T5,416-218-0119,English,N,2026-07-22 10:23:47
MRN19509885,Hiroshi,Ross,1981-09-08,1,4484897303,M9C 1W9,365-301-3912,English,N,2026-07-03 06:46:13
MRN21036013,Chen,Ricci,1936-12-19,1,3395660784,M5H3Y9,6478339206,English,N,2026-08-13 13:58:34
MRN67031677,Priya,Wang,1975-12-18,2,6903013883,M1B2H7,4168774398,English,N,2026-08-26 23:07:11
MRN86686103,Jessica,Hernandez,1973-06-02,2,7300680878,M5J7Z3,416-871-8386,Mandarin,N,2026-07-03 07:37:14
MRN26690104,Karen,Khan,1986-01-05,2,8708757383,L5C1M6,416-211-4612,French,N,2026-07-19 10:47:26
MRN82774692,Nikolai,Brown,1951-02-09,1,1875688879,M4C2C4,,Urdu,N,2026-08-05 16:29:42
MRN83221128,Raj,Kowalski,1956-09-19,1,5918203315,L4C 7T4,,Mandarin,N,2026-08-16 12:53:54
MRN47621625,Margaret,Li,1979-02-05,2,2370371797,L4K1X6,(905) 905-5136,English,N,2026-08-15 01:10:01
MRN61727655,Amanda,Stewart,1962-06-04,2,2169421134,L6A 8C3,289-446-9144,English,N,2026-08-24 05:10:44
MRN50942732,Lisa,Kmar,1984-12-20,2,6861644000,M2H1Y6,437-581-5278,English,N,2026-07-31 10:20:02
MRN95482458,Claire,Tremblay,2001-01-11,2,8708561579,M3H7B3,(289) 603-7828,Arabic,N,2026-08-27 12:29:44
MRN57011249,Linda,Ahmed,1944-01-09,2,4307597999,M4J2V1,,Mandarin,N,2026-08-29 03:21:48
MRN74938447,Emily,Hernandez,1981-06-14,2,7506707707,M1L9L5,,English,N,2026-08-03 08:10:26
MRN91788140,Ingrid,Hassan,1956-01-28,2,5458342549,M2H0E4,(905) 764-7279,English,N,2026-07-07 01:02:51
MRN12342792,Barbara,Harris,1946-09-24,2,8435809481,M6J2G3,(647) 580-0286,French,N,2026-08-15 13:33:25
MRN97165037,Tonas,Kelly,1936-10-14,1,3709742591,M2J7R6,4166723546,French,Y,2026-07-13 06:53:58
MRN65029460,Yui,Clark,,2,9240286675,M4L9B8,(647) 470-9308,English,N,2026-08-09 02:24:43
MRN58047074,Diego,Nowak,1975-03-12,1,7821918708,M8W1A9,2899059887,English,N,2026-07-31 06:02:01
MRN78225708,Hassan,Davis,1984-12-14,1,0075811349,M4H5C4,4164577320,English,N,2026-04-29 16:26:18
MRN77049361,Susan,Hassan,1938-05-31,2,1944994332,L4B0V2,(437) 420-3841,English,N,2026-08-06 09:36:41
MRN69017854,Yuki,Wang,1961-06-16,2,4969247891,L6B 2V5,365-501-6359,Punjabi,N,2026-08-17 18:14:11
MRN84935531,Jean,Scott,1968-07-12,1,6222496066,M1M7T1,289-339-7773,English,N,2026-07-12 01:58:29
MRN91032505,Ivan,Tremblay,1967-02-04,1,5427828586,15N9T8,647-248-9722,English,N,2026-07-17 22:31:51
MRN93308067,Susan,Allen,1951-08-19,2,6649419436,M5G6M6,,French,N,2026-07-18 18:48:47
MRN68891249,Sofia,Sutherland,1954-03-12,2,7900715603,,9059923772,French,N,2026-07-23 19:27:51
MRN24660567,Brian,Martinez,1956-02-20,1,0563317379,L4J7A6,2893534454,English,N,2026-08-17 15:14:27
MRN62761569,Raj,Miller,1971-03-25,1,9549311190,,365-790-8036,Mandarin,N,2026-07-31 19:01:02
MRN72068830,Claire,Brown,1986-08-31,2,2393498007,L6G1H1,(289) 737-3013,Mandarin,N,2026-08-19 08:27:07
MRN64212064,Marie,Khan,1995-04-08,2,8406323553,M1C2S3,4162703293,English,N,2026-08-07 22:28:44
MRN79679726,Inggrid,Williams,1981-10-18,2,9901421652,M9C 4L0,4166689996,Cantonese,N,2026-07-23 15:59:36
MRN20363756,Mei,Mensah,1999-04-07,2,7748967804,M5R5K6,,English,N,2026-08-18 12:37:48
MRN70610107,Yukki,Nelson,1989-10-27,2,7516308009,m4m7j1,4169648970,French,N,2026-08-15 05:55:05
MRN91605192,Chen,Аhmed,1963-01-29,1,5248487034,M6H1K0,3654259470,English,N,2026-07-22 11:43:41
MRN75237321,Mei,Bouchard,1962-05-13,2,8141563083,M9M 0B2,,English,N,2026-08-16 14:23:16
MRN64914553,Anthony,Ricci,1959-10-17,1,3809958402,l6j1h7,,Punjabi,N,2026-08-26 23:37:23
MRN14960062,Patricia,Miller,1967-05-10,UNK,5638532191,M5N8S7,4168176176,French,N,2026-08-15 08:55:03
MRN21684829,Ingrid,Khan,1957-05-20,2,2317643084,L5B 0J8,,French,N,2026-07-25 07:22:39
MRN69130449,Linda,Ali,2008-08-10,2,0270744113,M2N2R9,647-370-7755,English,N,2026-08-03 15:02:01
MRN23107683,Nan,Patel,1948-12-29,2,,L6M 9Z9,,Spanish,N,2026-07-27 05:40:53
MRN65868635,Michael,Thompson,1946-07-17,1,1715901748,M9B8K0,(416) 928-6333,Urdu,N,2026-07-22 14:22:51
MRN17153350,Susan,Lewis,2008-12-05,2,5597916971,L5C4Z7,289-440-0747,English,N,2026-08-10 00:57:55
MRN78803626,Joshua,Li,1938-01-22,1,0865515498,M5H 7P1,,English,N,2026-08-15 10:19:07
MRN97304998,Mohammed,  Patel  ,2003-10-05,1,9153431409,M5E1Z0,6478214672,English,N,2026-07-05 19:50:24
MRN53587286,William,Martinez,1975-06-10,1,5561703231,M2M1C8,(365) 506-6905,Punjabi,N,2026-07-04 15:21:07
MRN91836390,Olga,Andeson,1952-10-19,2,9203179248,M9B7B3,(289) 626-3511,Spanish,N,2026-07-06 22:03:33
MRN60018430,George,Santos,1984-01-01,1,1121961690,M9A8G9,3657178029,English,N,2026-08-22 15:18:30
MRN18915481,Chiara,Carter,1970-02-14,2,6263901149,M3H2X2,,English,N,2026-08-31 00:41:51
MRN72936470,Michelle,Nelson,1976-10-29,2,8612668072,,(289) 881-1214,Punjabi,N,2026-07-28 08:41:46
MRN36351921,Sandra,Nelson,1964-01-14,2,9970052909,M6K8G5,(289) 638-8449,English,N,2026-07-06 10:08:21
MRN32578894,Olga,Davis,1944-11-02,2,3818897815,,2892660042,Spanish,N,2026-07-18 02:23:27
MRN25464870,Rja,Campbell,2003-01-05,1,9368950771,M5G 1Y2,289-330-1237,English,N,2026-07-17 01:33:57
MRN17668218,Tony,  Mensah  ,2001-01-11,1,2804508014,M1C9N7,365-334-4036,English,N,2026-07-24 13:57:09
MRN48362035,Ana,Davis,2003-10-19,2,3266737455,L6C9M8,(437) 750-0178,Spanish,N,2026-07-31 01:21:26
MRN42638166,Ashley,Wilson,1994-11-08,2,9876419608,M5G 0A5,(416) 728-2165,English,N,2025-09-28 03:38:22
MRN69896797,Andrew,Kowalski,1941-05-09,1,6949990474,M6E 7K3,(416) 301-6555,Punjabi,N,2026-07-09 12:49:53
MRN11440049,Mei,Okafor,1990-03-15,2,,m6l0b2,(647) 285-4360,Spanish,N,2026-08-05 02:21:03
MRN61138025,Elizabeth,Park,1928-08-31,2,8072218616,M5E5N0,3656782229,English,N,2026-07-14 04:00:59
MRN27245231,Sofia,lee,1972-06-14,2,7846915630,M4E3L3,365-609-7729,English,N,2026-07-25 09:21:46
MRN13783838,Ana,Ricci,1964-06-21,2,3289479259,M1C0Z1,6478405814,English,N,2026-07-15 02:57:47
MRN92723103,Chiara,Robinson,1928-09-03,2,0785173212,M1H1A2,,English,N,2026-08-21 20:36:39
MRN14248238,Jin,Wilson,1926-11-14,1,,L6H4C5,437-319-0773,Mandarin,N,2025-12-29 22:27:44
MRN59740931,Ahmed,Brown,1972-10-20,1,2987293830,M2K8V9,4377247500,English,N,2026-07-13 04:34:16
MRN55287095,Chen,Mensah,1973-12-04,1,0742515307,M5B2T3,4168519413,Portuguese,N,2026-08-10 03:03:50
MRN95095578,Tomas,Smtih,1959-02-16,1,6837749289,M2N6B9,647-422-9082,English,N,2026-08-22 11:15:15
MRN80009748,Elizabeth,MacDonald,1978-03-02,2,1492473366,M4G5L4,3656899376,English,N,2026-07-06 14:56:00
MRN45150364,Jess,Okafor,1977-06-02,2,1231231000,M4H4J9,(437) 552-1389,English,N,2026-07-29 13:00:45
MRN53162076,Andrew,Tremblay,1971-12-23,1,0664268588,M1K1N3,6479371339,English,N,2026-07-26 03:36:03
MRN10994982,Yki,Park,1982-12-05,2,9119753177,M6M0S8,3655595216,English,N,2026-08-15 18:01:45
MRN91875322,Jessica,Anderson,1964-02-27,2,1083876449,L4L1R7,4164201850,English,N,2026-07-31 03:52:16
MRN96677037,Margaret,Ali,2002-03-28,2,6995626820,M4K5N0,365-982-1903,Portuguese,N,2025-08-20 09:14:50
MRN54416428,Bob,King,1984-05-21,1,8390417536,M6B3Y7,4169292317,English,N,2026-08-07 17:53:22
MRN57416156,Andy,Chen,1948-06-30,1,9413175002,M2J6Y1,365-292-8926,English,N,2026-08-19 12:45:57
MRN27112891,James,Nowak,1949-07-21,1,,M9C5Y5,(905) 892-1803,English,N,2026-08-23 15:15:29
MRN59926773,Raj,Tran,2000-11-07,1,4660435191,M6H0B4,905-743-5721,English,N,2026-08-07 18:05:02
MRN50834890,Dn,Zhang,1950-05-15,1,0018782706,L5B5X0,365-776-7695,French,N,2026-08-23 11:38:26
MRN57623441,Melisa,Lopez,2002-02-27,2,5362809955,M9B3A2,9055075718,English,N,2026-08-01 20:23:26
MRN43002103,Ivan,Hill,1952-01-08,1,2319683773,M5G8E6,289-747-6792,Mandarin,N,2026-08-29 23:03:00
MRN62713759,Jessica,Bouchard,1970-06-08,2,4592750576,l6s8r4,(365) 688-5987,English,N,2026-08-25 04:00:31
MRN75892335,Joseph,Miller,1956-02-01,1,5216180199,M1G6N6,4375434642,English,N,2026-05-12 09:45:53
MRN65489395,Sarah,Adams,1974-02-01,2,1958534057,M9C5A7,9053696191,English,N,2026-08-12 15:13:07
MRN50324948,Amara,Park,1958-11-08,2,8570450224,M1G0E6,9054120302,English,N,2026-07-04 02:20:15
MRN40882660,Robert,Willaims,1976-12-08,1,4528363171,M6C1K8,(647) 894-2305,English,N,2026-07-26 09:15:58
MRN64599878,Robert,Patel,2025-10-25,1,1483436778,M6B4G9,(647) 482-2755,Spanish,N,2026-07-25 08:51:57
MRN57058344,Mohammed,Ferreira,1937-12-01,1,,M8V 8R6,(416) 472-3022,Spanish,N,2026-07-20 09:11:01
MRN22379653,Richard,Adams,1955-08-19,1,5462371369,m3b0g4,4163058666,Punjabi,N,2026-07-04 07:01:21
MRN13763582,Mei,Moore,1977-05-14,2,9579591695,,647-877-5205,English,N,2026-08-15 19:52:44
MRN67947458,Matthew,Santos,1948-05-27,1,5433774642,M5H1G2,(647) 814-7083,Cantonese,Y,2025-10-16 23:05:45
MRN66402106,Nan,Brown,1988-03-15,2,3034315964,L4K3X3,,English,N,2026-08-19 08:42:50
MRN18504579,Nadia,Jones,1944-04-29,2,9341718972,M4C 7R8,365-412-3761,English,N,2026-02-14 13:52:13
MRN19289338,Andy,Brown,2025-10-03,1,,M5P4B4,365-661-3844,Cantonese,N,2026-07-14 12:05:14
MRN79575426,Jin,Murphy,1976-05-25,1,2761918545,M6G7H5,,English,N,2026-08-30 03:34:19
MRN95138857,Fatma,Tran,1974-12-17,2,3040669198,M6A7R5,(289) 438-6321,English,N,2026-08-01 17:32:28
MRN48047544,Fatima,Wilson,1974-12-17,2,3040669198,M6A7R5,2894386321,English,N,2026-07-13 22:29:10
MRN35484866,Diego,Ross,1941-09-28,1,5909599853,M1H8K9,,Punjabi,N,2026-07-15 14:45:44
MRN50549515,Claire,Wriht,1931-06-28,2,7854053035,M2J7B7,(365) 421-3777,French,N,2026-07-17 02:19:18
MRN85513611,Melissa,MacDonald,1963-09-26,2,9812510437,M4E3G5,6476491746,Tagalog,N,2026-08-22 20:59:14
MRN51346981,Patricia,Nguyen,2008-04-19,2,2841392414,M9L9B4,4167426169,English,N,2026-08-01 03:40:26
MRN92031356,Amanda,Rodriguez,1975-05-24,U,1810209617,L5N 7V7,416-816-7433,English,N,2026-08-17 05:27:36
MRN31102914,Richard,Li,2008-08-05,1,8844764848,M3A0R2,4374841553,Tagalog,N,2026-08-19 05:01:15
MRN82258620,Sandra,Thompson,1981-09-03,2,2278673328,M9M8C1,365-718-6788,French,N,2026-07-03 10:11:43
MRN95950122,Ashley,Anderson,1942-10-12,2,0714142759,M4L9R7,437-381-9720,Punjabi,N,2026-07-07 16:11:30
MRN64987353,Steven,Wilson,2019-01-26,1,4371248180,M9C2A6,(905) 998-0106,Tagalog,N,2026-08-05 11:01:10
MRN54591646,Brian,Kim,2008-08-09,1,9383773133,M4C1K4,437-677-9109,English,N,2026-08-31 15:49:05
MRN60883824,Rj,Ross,1997-07-20,1,6314773158,L5N0C7,3657708573,Mandarin,N,2026-07-15 00:06:25
MRN23204416,Raj,Harris,1994-01-19,1,8536281358,M2N8C3,(437) 484-2773,English,N,2026-04-19 06:43:22
MRN83918384,Ahmed,Williams,1999-06-17,1,6103472558,M5J0V6,647-863-5025,English,N,2026-07-28 20:46:52
MRN46513542,Hassan,Johnson,1982-03-01,1,3061179820,L5A 9W3,437-576-0925,English,N,2026-07-19 15:28:07
MRN46920602,Ingrid,Bouchard,2007-11-10,2,6223140978,M1B1M9,3657281084,English,N,2026-08-28 12:58:18
MRN35690398,Ingrid,  Bouchard  ,2007-11-10,2,6223140978,M1H0N4,3657281084,English,N,2026-08-24 00:42:41
MRN92117207,Christopher,Clark,1945-10-12,1,7680935769,M2N5T8,365-351-6364,English,N,2026-08-23 00:45:26
MRN56658661,George,Tran,2000-06-22,1,0110562543,M1N6Y7,(365) 362-5909,English,N,2026-02-04 04:19:27
MRN22123163,Bob,Osei,1969-01-25,1,9843231532,L5N 5C3,9058534901,Portuguese,N,2026-07-04 03:34:39
MRN38824978,Chen,Li,1961-03-03,1,2980408484,M9N9K2,9058268693,Mandarin,N,2026-08-12 05:12:38
MRN18681592,Pedro,Cote,1991-09-11,1,3247410974,M2R5V4,2899185474,English,N,2026-07-26 23:36:52
MRN48244558,Zara,Singh,1960-12-25,2,0976329219,M6A2Z9,(437) 848-5575,French,N,2026-07-08 17:10:13
MRN21781020,Marie,Lewis,1971-09-23,2,9922950713,L6J5H9,(437) 995-5049,English,N,2026-08-17 18:26:48
MRN46010996,Diego,Kelly,1956-11-11,1,8190855887,m1l2b2,6478715650,English,N,2026-08-09 21:56:56
MRN81527740,Sofia,Williams,1947-01-16,2,0631876273,,(647) 249-4785,French,N,2026-08-13 04:45:06
MRN98409044,Jen,Wright,1964-05-02,2,,M9A5N3,416-275-8138,English,N,2026-08-11 00:40:46
MRN21234442,Michael,Anderson,1965-03-02,1,5160493580,M6G2V1,2898238659,English,N,2026-08-02 22:59:28
MRN78061767,Jesssica,King,1983-11-11,2,0934440611,M5K0K5,(365) 646-9496,English,N,2026-07-10 07:01:09
MRN62297314,Chen,Osei,1950-01-08,1,6703840626,M6L 2B6,(289) 983-3506,English,N,2026-07-18 12:37:53
MRN56488416,Fatima,King,1973-05-26,2,8658861060,M1L7B8,9056240162,English,N,2026-07-23 08:17:47
MRN17617424,Barbara,Stewart,1944-09-27,2,7600062694,L4K0J7,(437) 998-2268,English,N,2026-07-31 20:44:33
MRN88743353,Linda,Nowak,1995-06-13,2,7659827039,M5P8Z3,905-635-4105,English,N,2026-07-16 22:46:00
MRN32590108,Sarah,Gagnon,1993-01-25,2,8482676379,M6M2V9,2896500694,English,N,2026-07-22 13:04:12
MRN85166752,Emily,MacDonald,1935-03-15,2,7867973211,M1J8L4,,English,N,2026-08-09 13:03:21
MRN50960450,Melissa,Thomas,1984-05-16,2,3225972086,M5R 5C2,4379755121,English,N,2026-07-23 19:40:59
MRN29332218,Sarha,Brown,1959-07-27,2,2086844350,M2M5Y0,(289) 972-3895,English,N,2025-08-27 21:26:47
MRN12011592,Jin,Robinson,1955-12-23,1,0525109807,M6G0Z1,365-464-2164,Portuguese,N,2026-08-14 10:22:14
MRN72041399,Omar,Martin,1955-05-12,1,8042771884,m2r9e6,6475233117,Mandarin,N,2026-07-27 20:04:03
MRN92250435,Msrie,wang,1957-10-25,2,9876246308,L6J7E6,9057084928,French,N,2026-08-26 21:49:46
MRN59025531,David,Clark,2001-11-22,1,4242832600,M4B5X1,437-279-3619,English,N,2026-07-27 23:19:19
MRN56323981,Ashley,  Allen  ,1949-09-25,2,9403721179,M2R5H9,416-927-2424,English,N,2026-08-16 23:39:36
MRN62315269,Nadia,Rodriguez,1986-02-04,2,2447531050,M9C6P7,365-841-7857,Spanish,N,2026-08-14 23:07:55
MRN89937497,Robert,Park,1968-01-15,1,8636204169,M1B0E0,3653771607,French,N,2026-08-04 00:17:01
MRN14489590,Sofia,Martin,1967-10-27,2,2387257781,M5P5B4,,Spanish,N,2026-07-11 00:19:25
MRN71347653,Amraa,Chen,1980-07-24,2,,M3H4J1,2898566147,Urdu,N,2026-08-27 05:57:11
MRN21759999,Kevin,Jackson,1974-07-26,1,4579690712,m5g8g2,6478901310,English,N,2026-08-25 09:24:31
MRN52685684,Mohammed,Lewis,1984-02-18,1,2232067252,M9L 9H8,(905) 492-2515,English,N,2026-08-21 03:12:57
MRN30170144,Amara,Wilson,1970-05-03,2,,M1M5A7,(905) 253-6014,English,N,2026-08-23 19:49:10
MRN40752227,Zra,Martin,1981-11-02,2,7644925401,M3A 2A7,(365) 793-6789,Arabic,N,2026-08-16 05:17:05
MRN63535306,Joseph,Jackson,1977-07-19,1,2084794805,M4L9S7,437-719-6403,Tagalog,N,2026-07-22 00:07:35
MRN99568155,Luc,Mensah,1973-05-04,1,5808254923,L4C1C8,4376298216,English,N,2026-08-26 14:36:23
MRN36822808,Ingrid,Young,1979-12-06,2,1771907027,L6J 5Z9,3657693333,English,N,2026-07-07 00:20:36
MRN53979379,Sarah,Moore,1966-08-17,2,,L5C1P8,6474829443,Tamil,N,2026-07-12 21:55:05
MRN21843721,Mei,Silva,1945-12-13,2,8895929829,L5N0X4,,Cantonese,N,2026-08-26 10:49:03
MRN23720227,Jean,Rossi,1977-01-19,1,,M2R8E6,365-998-0684,French,N,2026-08-17 17:23:26
MRN58592992,Luc,Johnson,1970-05-30,1,3733173771,L6A9X6,4162416794,English,N,2026-07-04 05:15:03
MRN21922991,Elizabeth,Zhang,1996-10-19,2,3987457169,M9N9T7,4165582176,English,N,2026-07-09 01:20:45
MRN77784141,Liz,Murphy,1969-03-24,2,6097583287,M8Y2J4,(365) 491-4631,English,N,2026-08-04 08:07:37
MRN52513088,Omar,Mensah,1959-04-16,1,3161107994,M2N 5K2,(647) 648-8000,Mandarin,N,2026-08-01 09:25:53
MRN13602731,Zara,Roy,2013-05-09,2,8470059711,M5E9Z5,4376930176,English,N,2026-08-07 10:51:24
MRN91192496,Emily,Rossi,1953-01-20,2,8407936247,L5B6R4,(365) 849-7057,English,N,2026-08-20 14:11:42
MRN96414673,Linda,Patel,1965-03-15,2,9647366740,,(289) 298-5220,English,N,2026-07-16 06:56:06
MRN19046120,Zara,Nelson,2013-06-11,2,6797457501,M5J7C4,(647) 789-9195,Urdu,N,2025-07-16 04:40:22
MRN56313563,Emily,Kelly,1976-08-28,2,0002541779,M1M 9S2,(289) 278-8366,Mandarin,N,2026-07-11 20:39:47
MRN67693379,Amara,Singh,2025-05-16,2,0890365125,M5H6J3,437-778-1170,English,N,2026-08-31 10:56:25
MRN30195700,Jessica,Williasm,2007-03-22,2,6528401984,M4B3V5,(365) 787-5545,English,N,2026-07-09 16:56:27
MRN96482829,Maatt,Gonzalez,1969-03-24,?,9131086457,L6P8Y8,4165599135,English,N,2026-08-24 17:47:48
MRN67775676,Hassan,Martin,1980-06-23,1,,L5C5W8,(289) 934-8674,Mandarin,N,2026-08-19 22:52:00
MRN21118297,Susan,Miller,1979-08-09,2,,M4A9C9,6475659409,English,N,2026-07-09 16:47:23
MRN31851084,Mohamed,Tran,1967-10-14,1,4896383256,M1H4Y2,416-839-6883,Cantonese,N,2026-07-22 18:20:39
MRN82879665,Pedro,Kelly,1939-02-14,1,9492030300,L6J2K4,416-972-3732,Spanish,N,2026-08-15 22:13:51
MRN39502218,Aisa,Hernandez,1976-05-11,2,,,365-739-8048,Tagalog,N,2026-08-10 17:24:53
MRN21773460,Mohammed,Kowalski,1988-10-10,1,6686601946,L6R0J5,(905) 571-4041,Spanish,N,2026-08-08 07:21:50
MRN42235508,Wie,Ricci,1958-04-25,1,4982913677,M8Y7N7,2897940501,English,N,2026-07-10 13:52:24
MRN86670491,Patricia,Mensah,1998-07-22,2,3008054755,M6B0V8,4372042560,Urdu,N,2026-08-12 11:33:14
MRN13861375,Amir,Andersn,1953-06-19,1,5269349402,M2H9K7,6477601642,English,N,2026-08-30 19:20:39
MRN89793272,Amir,Thomas,1990-03-11,1,,M4M 5W0,416-225-7870,English,N,2026-07-03 15:29:37
MRN94602155,Elizabeth,Green,1994-11-29,2,7019066096,M4J 1H4,9054001011,English,N,2026-07-08 11:41:05
MRN69671034,Thomas,Okafor,1971-07-14,1,0590647095,L4K8S5,(905) 283-6903,English,N,2026-07-28 16:33:34
MRN32702557,Omar,Rodriguez,1979-01-02,1,4304624598,M2R1G1,(437) 274-7034,Cantonese,N,2026-07-13 10:41:40
MRN18139806,Betty,Wang,2005-05-28,2,0572520666,M2K 3H5,416-382-0715,English,N,2026-08-11 10:09:50
MRN20756189,Jean,Hill,1978-10-31,1,2736379807,L6G0K4,(905) 467-4673,English,N,2026-08-21 21:42:02
MRN88089909,Raj,Martinez,1967-12-16,1,5722237962,M8W5Z4,,English,N,2026-07-07 01:35:09
MRN51051659,Lisa,Nelson,1942-10-29,2,7722159626,M2H5G2,365-711-0534,English,N,2026-08-04 09:40:07
MRN67988387,Nan,Gagnon,1984-06-06,2,9341750447,M1K4L8,(365) 405-8247,English,N,2026-08-27 01:00:03
MRN73195923,Dan,Gagnon,2002-09-12,1,4748084706,M1M8Y6,,Arabic,N,2026-08-28 18:32:40
MRN19267824,Ling,Ahmed,1979-07-21,2,1853902805,M2K 0R7,2892534875,English,N,2026-07-25 17:55:28
MRN12651532,Wei,Hassan,1943-05-17,1,0738176114,M3H,,English,N,2026-08-04 08:57:05
MRN41395531,Jean,Singh,1982-09-24,1,,M4G1J6,2895957246,Portuguese,N,2026-01-25 08:38:00
MRN83755891,Aisha,Park,1953-01-14,2,7259737703,L5B5J0,,English,N,2026-08-10 14:25:40
MRN75903667,Kevin,Bouchard,1963-08-08,1,7810758610,M2J5R8,647-799-9676,English,N,2026-07-11 22:51:28
MRN68442905,Priya,Thompson,2024-05-01,2,0884761685,M4L4W5,437-815-9363,English,N,2026-07-07 22:36:16
MRN75850198,Sarah,Thompson,1982-09-03,2,6053545635,M3B2S5,(905) 347-9659,Punjabi,N,2026-07-31 10:50:23
MRN77014659,Pedro,Jackson,2025-03-20,1,8499939605,M9A 3L1,(416) 681-2835,Punjabi,N,2026-08-18 00:28:05
MRN26803404,Amara,Santos,1966-01-12,2,3062022862,m6k7t0,6476444928,English,N,2026-07-25 23:22:07
MRN43504903,Raj,King,1971-12-10,1,2874344670,M6H 6M1,365-875-0552,English,N,2026-08-05 18:05:04
MRN73014842,Tomas,Thompson,1976-11-06,1,3227846163,M5H2W2,(905) 615-8509,Farsi,N,2026-07-23 21:01:04
MRN44415929,Patricia,Mitchell,1977-11-07,2,6714718126,15E9M0,(905) 243-5556,English,N,2026-08-14 14:22:01
MRN95646202,Tomas,O'Brien,1986-01-17,1,7076018154,M4B1A8,3658650399,French,N,2026-08-24 06:12:03
MRN39119888,Steven,Khan,1989-07-31,1,6386760463,M1N6B1,(365) 768-7736,English,N,2026-07-06 23:33:48
MRN40538421,Ling,Roy,1998-07-02,2,7948952465,M9B7X2,4168445455,Portuguese,N,2026-07-07 03:28:09
MRN75261157,Mary,Sutherland,1976-04-21,2,9949364963,L6P3C5,,English,N,2026-08-02 06:43:28
MRN68155537,Melissa,Okafor,1971-04-05,2,6173883155,M5A 3E5,2895902350,Cantonese,N,2026-08-03 14:41:52
MRN47332878,Claire,Ahmed,1977-06-12,2,5499702495,M1C9E2,(416) 335-9883,English,N,2026-07-27 14:20:46
MRN62880681,Mary,Tremblay,1973-05-05,2,6310737850,M6M8S1,4372340614,French,N,2026-07-13 14:52:30
MRN43481438,Mark,Yuong,1973-07-09,1,8511343959,M2K8V7,437-801-5861,Urdu,N,2026-07-24 23:21:39
MRN46022168,Hiroshi,Kumar,1986-09-21,1,4031364468,M4L3Z3,2895191058,Tagalog,N,2026-07-09 19:07:10
MRN70668651,Kevin,Tran,1989-08-25,1,2626883579,M6C 9A9,(647) 709-0061,French,N,2026-07-12 10:42:36
MRN56161360,Joseph,Baker,1959-02-19,1,4197112115,L6M5T9,647-314-8865,English,N,2026-07-17 17:32:57
MRN70557921,Mary,Rossi,2000-02-29,2,9913082997,M3H 0V4,(365) 434-9940,Mandarin,N,2026-07-08 05:47:34
MRN37757206,Dainel,Wright,1979-01-01,1,,l6c7t5,905-623-6046,English,N,2026-08-25 23:22:52
MRN38685228,Sofia,Clark,1976-08-25,2,8753678914,L6G9P3,3656354889,Urdu,N,2026-08-10 12:18:48
MRN39657030,Diego,Chen,1947-03-07,1,1851883098,M2H0C6,(289) 374-0540,English,N,2026-07-07 22:04:31
MRN26773617,Lisa,White,1978-01-26,2,7495471224,M9N6L8,,English,N,2026-07-12 22:39:07
MRN20707605,Claire,Gagnon,1972-07-15,2,2405915832,m4m0n5,(365) 491-5306,Punjabi,N,2026-07-11 15:41:13
MRN41498055,Nadia,Wang,1957-02-11,2,1938673462,,,English,N,2026-08-26 03:09:56
MRN91338492,Priya,Ricci,1994-01-05,2,6641003899,M4M0X5,905-947-9272,English,N,2026-07-19 10:23:45
MRN47790612,Mary,Hill,2002-03-16,2,6391700967,M1K2G2,(416) 896-9086,Tagalog,N,2026-07-17 15:07:49
MRN84661889,Omaar,Garcia,1970-06-08,1,4729488447,M2R4G3,2896315971,English,N,2026-08-31 02:46:21
MRN69476181,Kenneth,MacDonald,1957-01-07,1,8956430154,M6L5W4,(289) 210-3031,French,N,2026-08-19 00:21:33
MRN18831534,Emiily,Johnson,1944-04-10,2,7156189008,L6P5B3,289-928-7997,English,N,2026-08-30 11:34:25
MRN87944622,Nadia,Baker,1992-07-19,2,6980838392,L5C 6R7,416-819-6214,English,N,2026-08-06 07:32:21
MRN25943890,Chrisropher,Ross,1950-11-08,1,1880747215,L4K4X8,(437) 922-5396,English,Y,2026-07-20 13:58:22
MRN37146242,Steven,Kumar,1997-07-20,1,8598644139,L5B9G0,9054462305,English,N,2026-08-13 18:10:17
MRN73784387,Goerge,Rodriguez,1944-02-03,1,5881027808,M5R3E4,6476583006,English,N,2026-07-21 15:35:46
MRN24600432,Diego,King,1983-11-06,1,7743442233,M1K3B2,(437) 522-4397,Tagalog,N,2026-08-31 21:54:07
MRN78891139,Chris,Ahmed,1981-02-25,1,9530665141,M1E3S3,(647) 890-8519,Spanish,N,2026-07-22 14:23:13
MRN77538393,Emily,Li,1959-09-25,2,9441338531,M6K5V9,(437) 454-1655,English,N,2026-08-08 12:22:49
MRN37356533,Joseph,O'Brien,1968-07-30,1,,L6H 5M7,4377186023,Urdu,N,2026-08-29 03:21:24
MRN61052311,Pat,Chen,1962-08-20,2,,M4L8S2,6479194076,Tagalog,N,2026-07-27 12:00:55
MRN45497923,Chen,Ferreira,1980-06-26,1,2057322733,M4K6S8,437-867-3467,English,N,2026-08-13 21:54:11
MRN24806743,Ashley,allen,1964-12-26,2,0834778672,L4K1K3,4376837355,Tamil,N,2026-08-27 13:06:17
MRN64291671,Michael,Nguyen,1969-03-26,1,0398711465,M4B0V1,(437) 923-7912,English,N,2026-07-28 03:52:02
MRN40804544,Claire,Young,1993-02-24,2,5218365038,M4C2S6,(289) 625-7533,Tamil,N,2026-07-26 03:00:18
MRN86080955,Melissa,Ferreira,1957-07-17,2,0570574475,L6L4B6,,French,N,2026-08-06 01:19:33
MRN90541895,Patricia,King,2000-03-22,2,9179677837,M5P0T7,(647) 867-2493,English,N,2026-08-02 00:06:12
MRN10591588,Mohammed,Bouchard,1944-01-28,1,3587788310,L6S8Z3,6472524346,Cantonese,N,2026-08-13 06:43:12
MRN55066000,Sarah,Khan,1990-05-27,2,5563367241,M6J2C7,(365) 385-7686,Tagalog,N,2026-08-22 09:18:33
MRN67438869,Diego,  Wang  ,1966-10-03,1,,L6H9A0,289-695-7647,Mandarin,N,2026-08-30 01:37:20
MRN69361231,Yuki,Nowak,2003-06-17,2,8121894128,M6G1K4,,Urdu,N,2026-04-18 06:45:31
MRN51788408,Ling,Scott,2002-09-14,2,3175795206,M6J8W2,(905) 388-0317,English,N,2026-08-28 22:32:22
MRN29492937,Mandy,Jackson,1963-05-06,2,2366962963,M6B7Y0,9056625454,English,N,2026-07-13 04:57:45
MRN55720567,Claire,Silva,1971-04-26,2,2624680175,L4B7T1,(647) 908-6940,English,N,2026-08-08 04:21:25
MRN58763161,Nikolai,Campbell,1974-05-22,1,2475912495,M8W 4L4,647-298-9573,Spanish,N,2026-08-02 14:50:58
MRN66277087,Hiroshhi,Santos,1954-11-03,1,3175025877,M4M2J6,(289) 813-1260,English,N,2026-07-23 17:42:17
MRN92593336,Jennifer,Carter,1990-04-06,2,1418241657,L6C3X6,9059392770,Arabic,N,2026-08-31 03:02:38
MRN68069255,Wei,Ferreira,1956-09-03,1,7300234924,M4E4M5,6472384933,English,N,2026-07-20 23:50:43
MRN58081444,Liz,Zhang,1944-12-25,2,9924956627,M5B 6M8,289-805-3558,Punjabi,N,2026-08-14 04:53:13
MRN85631008,Tomas,  Okafor  ,1944-03-20,1,3367800905,M9B1R6,2897551074,Mandarin,N,2026-07-12 15:06:10
MRN98839023,Jams,Alli,1959-03-16,1,9713449446,L6L2J9,4169706622,Mandarin,N,2026-08-26 11:46:10
MRN89145587,Lisa,Ferreira,1933-09-11,2,1704589744,M2H8B8,(647) 675-3844,English,N,2025-07-11 04:21:40
MRN34981800,Betty,Fraser,1972-01-13,2,0920957347,M4G1B5,647-215-0468,English,N,2026-07-15 01:24:10
MRN29019391,Ivan,Thompson,1952-02-11,1,3743414363,M2M6P5,(365) 707-3751,Cantonese,N,2026-08-08 12:25:58
MRN61390992,Nkolai,Silva,1991-03-26,1,3265209761,L6S5R9,416-825-8014,French,N,2026-08-09 21:02:31
MRN60026068,Raj,Thomas,2006-04-23,1,1708289606,L6S5Z4,(437) 311-7144,Mandarin,N,2026-07-25 18:17:45
MRN65263728,Kaern,Rodriguez,1938-09-14,2,0568725212,M6B4T6,3658883867,English,Y,2026-08-01 00:54:40
MRN93345266,Wei,Prk,2004-09-23,1,1623252614,M2R2R7,3659319493,English,N,2026-08-07 20:52:17
MRN94930238,Michael,Roy,1926-09-02,1,7656991044,M5E3N5,647-519-9754,English,N,2026-07-10 21:55:24
MRN30010143,Ivan,Bouchard,1984-12-09,1,7260794776,M6K6V6,4373150468,English,N,2026-03-18 16:28:57
MRN10317916,Raj,Miller,1980-03-04,1,1344811854,L5C 7G8,(365) 510-4547,English,N,2026-08-11 09:53:36
MRN86538647,Hiroshi,Kan,2016-02-11,1,1210547194,M8W7L5,365-365-7353,English,N,2026-07-17 19:10:40
MRN24159221,Patricia,Rodriguez,1967-09-05,2,1394723140,M5E1K0,905-968-5705,Mandarin,N,2026-08-09 05:45:54
MRN56511365,Karen,Tran,1989-01-30,2,9014059266,m2j9y7,9053665781,English,N,2026-07-20 00:56:02
MRN79226088,James,Kim,,1,8695819212,L5A 8S4,416-401-0702,English,N,2026-07-12 15:50:29
MRN12936941,Hassan,White,1987-07-11,1,0780229985,L6L3R5,(365) 555-1760,French,N,2026-07-12 04:35:45
MRN25993702,Diego,Park,1968-06-06,1,7448345475,M9A8W0,,Punjabi,N,2026-08-24 05:05:33
MRN52986008,Elizabeth,Miller,1993-01-18,2,5429795965,,(365) 906-4363,French,N,2025-12-13 21:45:27
MRN14745468,Nadia,Davis,1966-09-26,2,1658681943,M9A9Z0,(289) 565-3743,English,N,2026-07-11 02:13:33
MRN35435324,Yuki,Hill,2021-10-14,2,5923210024,M3H 8V5,,English,N,2025-09-11 20:22:50
MRN12348228,Emily,Tran,2025-12-28,2,9361145791,M1G1S9,(365) 684-5061,English,N,2026-08-27 09:03:41
MRN97606592,Yuuki,Harris,1989-05-11,2,8379076626,M5P2G7,,English,N,2026-07-13 05:07:41
MRN12228907,Jin,Mitchell,1951-09-01,1,4948381423,L6H 9S3,(416) 901-2194,French,N,2026-07-16 22:36:14
MRN13477651,Marie,Lee,2002-12-15,U,0767248867,M9N6H4,647-790-3405,English,N,2026-07-14 05:17:03
MRN27035849,Sarah,Thomas,1977-08-25,2,4745651218,m2r6z4,(905) 392-8201,French,N,2026-08-25 20:47:40
MRN22182271,Ashley,Brown,1976-11-15,2,,M1N6V8,9058095403,English,N,2026-08-05 01:44:48
MRN64601842,Amanda,Campbell,1981-05-29,2,,M9A5J6,647-254-0481,English,N,2026-07-10 22:11:43
MRN13173087,Melissa,Wang,2005-03-08,2,2839825110,M5N8K4,(416) 826-2981,English,N,2026-07-28 08:57:34
MRN41524310,Emily,Smith,1974-04-09,2,2230416865,M1G1Y5,(647) 226-2634,English,N,2026-07-09 07:30:29
MRN14531311,Brian,Baker,1968-05-02,1,1440720082,M9L7L4,647-905-7634,Spanish,N,2026-08-12 15:15:20
MRN69568370,Christopher,Singh,1971-05-08,1,5858013310,L6P 6W2,2898014918,English,N,2026-08-22 22:41:21
MRN92692898,Mei,Li,1959-12-07,2,7455051354,L6G1N9,4378192586,Urdu,N,2026-08-03 08:10:12
MRN52983548,Linda,Brown,1984-09-07,2,,L4B 8V7,,Spanish,N,2026-08-16 12:00:51
MRN12240465,Kaen,Johnson,1981-11-27,2,0795964428,M3B1C6,(289) 261-2399,English,N,2026-08-04 00:46:27
MRN92847670,Yuki,Taylor,2025-11-02,2,8843090211,M3A5Y0,4164188824,English,N,2026-08-31 03:25:56
MRN77676690,Sofia,Jackson,2025-06-25,2,2753173620,M9B 1X6,4163782633,English,N,2026-07-09 12:22:03
MRN92737185,Luc,Silva,1982-03-15,1,9645627630,L4L4L7,647-519-8601,English,N,2026-08-13 12:25:27
MRN55883951,Ivan,Miller,1997-11-22,1,4762823302,M2J2L2,365-905-6238,French,N,2026-07-21 01:32:48
MRN58362545,Luc,Chen,1982-01-26,1,5354060500,M5B2R3,289-294-6352,English,N,2026-08-19 10:52:01
MRN57271252,Hiroshi,Smith,1961-09-24,1,1378574881,L6H5Y8,416-719-4104,English,N,2026-08-12 21:16:31
MRN90535920,Christopher,Davis,1968-04-27,1,3465581498,L6B0V2,9052779253,English,N,2025-09-23 10:35:12
MRN50478533,Mary,Campbell,1964-03-22,2,4575627205,M5J8Z5,,Spanish,N,2026-08-11 20:22:35
MRN55808443,Linda,King,1984-08-14,2,5942027805,M2J9Y9,4372109608,French,N,2026-07-20 03:47:21
MRN87288267,Nadia,Nguyen,1980-07-18,2,1934444637,L5N2J6,(647) 304-9449,Spanish,N,2026-08-13 07:57:53
MRN55190121,Jennifer,Koawlski,1991-06-14,2,7229001354,L4L4G1,6473040587,English,N,2026-08-10 03:22:40
MRN25072525,Susan,Green,2004-10-24,2,1461909267,M5E4X5,(437) 702-8275,English,N,2026-07-12 04:46:06
MRN42147150,Wei,O'Brien,1973-02-21,1,9046864691,M6B8N0,4164564105,English,N,2026-08-29 00:15:36
MRN95838175,Patricia,Jackson,1938-01-27,2,3505386056,M4J8Z6,4164397997,English,N,2026-08-28 05:43:44
MRN96685913,Brian,Murphy,1964-05-26,1,8366588708,M3A3K9,437-900-3680,Portuguese,N,2026-08-13 06:03:51
MRN39417644,Ana,Ross,1982-10-06,2,2679611034,L5N8A3,(647) 604-5675,English,N,2026-08-01 21:43:26
MRN75934777,Nkolai,King,2007-05-24,1,5367389292,M5J1Y9,6476698623,English,N,2026-08-21 21:45:08
MRN63761711,Fatima,Johnson,1974-07-01,2,3256638523,M5N9W0,(905) 308-0715,French,N,2026-08-05 17:08:53
MRN69231921,Yusuf,Harris,1988-01-09,1,7302523449,M9C 4A2,,English,N,2026-08-31 10:52:49
MRN64944847,Jessica,Ferreira,1948-05-02,2,7182927801,M6H1K2,(905) 730-6532,Spanish,N,2026-07-26 21:11:58
MRN13504723,Mary,Ross,1963-06-22,2,9474125987,M1G7H4,3656227070,English,N,2026-07-21 22:19:23
MRN63727992,Amir,Hernandez,1983-09-01,1,1017776525,M6L5V0,3659748431,English,N,2026-08-03 19:41:23
MRN72126523,Michael,Lopez,1987-08-27,1,,L6J7K1,9055767009,English,N,2026-08-31 17:54:34
MRN98307152,Anthony,Wilson,1948-03-08,1,3596171359,,4378393871,English,N,2026-07-22 01:42:34
MRN85793524,Jennifer,Cote,1980-12-04,2,8860148421,M6C4K7,2892399224,English,N,2026-08-16 19:35:47
MRN96463523,Nadia,Carter,1985-03-29,2,6760791910,L6S2L5,,English,N,2026-07-21 02:12:29
MRN85356869,Olga,Chen,2004-09-07,2,,M1E3G4,4374199940,Spanish,N,2026-08-21 03:55:35
MRN64852058,Margaret,Hill,1957-06-03,2,4051907782,L4B5N2,(416) 241-4137,Spanish,N,2026-08-05 18:14:09
MRN30812112,Hassan,Ross,1998-10-26,1,4449349697,M4A 1X5,437-523-2824,English,N,2026-08-18 20:42:06
MRN28070437,Brian,Tremblay,1974-05-28,1,0126867381,M6G 8J1,4169036459,Spanish,N,2026-08-23 11:22:43
MRN97223628,James,White,1990-04-17,1,5842478306,M5R9L0,905-738-3362,Mandarin,N,2026-08-14 00:50:04
MRN97000908,Hassan,Ricci,2010-08-13,1,2757181827,M5N7X6,(905) 429-5264,English,N,2026-08-04 20:36:29
MRN42097221,Amara,Lopez,1999-08-05,2,9814070208,L6L4V3,9052527261,English,N,2026-08-21 19:52:26
MRN57524741,Christopher,Okafor,1986-10-26,1,6882493817,L6L 2J8,6476765310,English,N,2026-08-17 22:45:45
MRN57730569,Amanda,Lewis,1970-09-30,2,5662112118,l6a7v4,2895648759,English,N,2026-08-04 10:01:01
MRN84626358,Yusuf,Milller,1973-10-10,1,6769288215,M2H6C5,416-657-4689,Cantonese,N,2026-07-19 12:13:52
MRN24073312,Nikolai,Scott,1939-06-26,1,4562751190,M5G 5Z4,(416) 984-9201,English,N,2025-10-05 03:55:04
MRN12959595,Sofia,Thomas,1979-06-12,2,9891047566,M8W7A1,(647) 469-8774,Mandarin,N,2025-12-28 07:38:13
MRN67456260,Ivan,Kwoalski,1997-03-05,1,8728301451,M1K5C2,(905) 581-5061,English,N,2026-03-19 13:15:35
MRN51801522,Nancy,Kumar,2023-06-24,2,4869699803,,,English,N,2026-07-26 03:10:01
MRN52849470,Kevin,King,1957-08-03,1,,M6J2P8,289-854-0067,English,N,2026-08-13 22:22:22
MRN52169665,Matthew,Osei,1960-07-10,1,1191227261,L6C 5W0,(905) 738-8455,English,N,2026-07-13 22:32:56
MRN28311063,Sue,Smith,1967-04-22,2,5356408301,M1K 4X5,(647) 315-2596,English,N,2026-08-23 05:26:32
MRN55420146,Sarah,Brown,1988-08-10,2,2752100780,M6B7Y6,,English,N,2026-08-21 20:16:17
MRN32155974,Amir,Allen,1942-12-05,1,2786559449,M5N1J9,4162130901,English,N,2026-08-11 11:48:00
MRN91285050,Andrew,Roy,1958-01-27,1,0677752305,L6M1C4,,English,N,2026-07-06 14:44:42
MRN21886805,Luc,Jackson,1967-08-11,1,7538680750,,2892483368,French,N,2026-07-18 07:04:04
MRN16340869,Michelle,Fraser,1975-10-13,2,8758816915,L6M6S7,2898012984,English,N,2026-07-19 02:41:13
MRN81607443,Christopher,Sutherland,1967-03-04,1,5346968620,M4B2C2,6472443993,English,N,2026-08-05 07:10:14
MRN39182810,Sarah,MacDonald,1991-05-09,2,8778082118,M5N7N0,4162819709,Tamil,N,2026-07-08 13:11:28
MRN35236867,Karen,Hill,1992-11-09,2,5779645208,l5a8n3,905-976-5998,Punjabi,N,2026-08-30 09:48:30
MRN25644652,Melissa,Silva,1953-10-11,2,,M1L7N5,4374165105,English,N,2026-07-09 22:59:51
MRN78192223,Ana,Thomas,1996-11-03,2,0741476154,M5N1R9,(437) 792-6641,English,N,2026-08-28 23:31:40
MRN48539727,Joshua,Baker,1948-08-05,1,4815561677,M6H6G8,437-811-8731,English,Y,2026-07-21 22:08:39
MRN79061336,Jean,Sutherland,2000-04-04,1,2474610140,M8X1M1,,English,N,2026-07-03 09:24:32
MRN90757885,Luc,Sutherland,1989-08-14,1,6364511532,L6M6H1,365-356-9981,English,N,2026-07-03 20:07:37
MRN51898063,Wei,Tremblay,2010-02-24,1,4777581309,M5P0C8,3655306471,English,N,2026-01-28 01:42:23
MRN97391746,Susan,Osei,2002-06-24,2,3387605839,M4E8R8,437-276-4776,English,N,2026-07-24 09:32:55
MRN79760708,Elizabeth,Harris,1966-07-22,2,8061277284,L6P8W3,(416) 887-4624,Spanish,N,2026-08-17 09:29:36
MRN43269219,Jon,Harris,2006-12-22,1,0766602791,M6L0T3,9055973794,English,N,2026-08-07 20:11:25
MRN19149113,Sofia,Stewart,1983-08-03,2,0483896171,M9L4E7,,English,N,2026-08-02 08:38:53
MRN12731031,Chen,Silva,1935-01-08,1,5089671829,M4J4T5,(289) 373-6607,Punjabi,N,2026-07-09 20:23:51
MRN65864403,Pat,Thompson,1960-01-17,2,6627490441,L4C2G7,437-718-7122,English,N,2026-07-25 20:06:19
MRN74429763,Ivan,Davis,1992-10-15,1,1651921411,M9L1C8,6477528563,English,N,2026-08-05 16:50:13
MRN62828115,Linda,Martin,1956-06-09,2,0054261888,L4B5E2,(905) 336-3037,English,N,2026-08-09 11:02:37
MRN69580737,Kenneth,Singh,1996-02-23,1,1620263937,m4h6b9,,Punjabi,N,2026-07-31 12:36:09
MRN93017723,Michelle,Gonzalez,1986-03-04,2,,M5H 2H7,3653916833,Mandarin,N,2026-08-21 07:47:18
MRN55422528,Raj,Adans,1973-11-25,1,3608908103,M4J6T4,3658336237,English,N,2026-07-13 21:45:47
MRN43940144,Amara,Anderson,2024-10-06,2,2987304565,M8X6Y0,(416) 218-5525,English,N,2026-07-04 00:58:45
MRN41540192,Marie,Carter,1987-12-10,2,7335642372,L5B7G3,6477537902,English,N,2026-08-01 12:05:05
MRN19440548,Ana,Sutherland,2022-10-27,2,6305667021,M6E5K4,905-556-9320,Farsi,N,2025-07-16 18:53:56
MRN47988028,Hasssn,Kelly,1961-01-27,1,3373158553,M1L0A4,(289) 760-2322,English,N,2026-08-19 03:23:06
MRN19263231,Olga,Park,1981-07-18,2,6666612962,L4J1Z9,(647) 445-9442,Urdu,N,2026-07-25 18:55:58
MRN90118485,Susan,Browwn,1963-12-19,2,5825170656,M9M2L1,6477834732,Urdu,N,2026-05-05 16:40:26
MRN67236121,Mark,Ali,1972-05-13,1,2313724250,M5G9P6,437-397-2687,English,N,2026-07-11 21:29:42
MRN51608533,Pat,Johnson,2004-11-05,2,1308969029,M8Y6R8,416-552-2128,Farsi,N,2026-07-06 02:04:09
MRN35533556,Sandra,Kim,1962-06-17,N,8088009058,M6L9M8,(289) 385-8744,English,N,2026-08-01 03:53:15
MRN34420494,Diego,Wilson,1963-08-17,1,7202675794,M9L3C9,2895398943,English,N,2026-08-20 14:36:29
MRN54840442,James,Park,1977-11-14,1,8378749553,M2N5P1,(437) 863-1959,English,N,2026-08-10 09:52:42
MRN84614222,Christopher,Frasrr,1962-03-23,1,7761885412,M8Y8N4,365-640-5574,French,N,2026-08-31 21:38:01
MRN78971243,Matthew,Ferreira,1940-01-11,1,7887769136,L6P7R8,9057095176,Punjabi,N,2026-08-03 03:48:33
MRN38328723,Tomas,Kowalski,1995-12-22,1,2447536414,M5J3A1,,English,N,2026-07-30 19:06:49
MRN89455295,Hiroshi,Murphy,1995-12-05,1,,L5N6B2,(905) 852-0326,French,N,2026-07-15 02:57:38
MRN72216344,Karen,Zhang,1993-09-21,2,9006498555,M3A3R2,3657471647,English,N,2026-08-04 19:02:10
MRN85838908,Susan,Murphy,1965-03-20,2,7527074459,M9A 2Y2,416-606-8020,English,N,2026-07-14 17:45:45
MRN72633817,Hassan,Lee,1972-11-17,1,9821200319,M8Y0M0,(647) 490-0880,English,N,2026-08-04 01:18:05
MRN34647190,Nancy,Jones,1970-12-08,2,4316732447,M2M 9X2,289-605-8983,Portuguese,N,2026-08-27 01:31:06
MRN94561604,Jiseph,  Nguyen  ,1985-02-07,1,4840725198,M8Y2E0,(647) 308-5915,English,N,2026-08-10 17:12:21
MRN22237580,Jessica,Jones,1941-07-01,2,1618614646,M6A4Z8,(416) 200-4481,English,N,2026-07-30 17:28:37
MRN43951365,Christopher,  Gonzalez  ,1969-02-20,1,5741979040,M4L0G1,(437) 966-7023,English,N,2026-07-15 11:42:43
MRN16222079,Daniel,Garcia,1976-01-03,1,7435423343,M2M 9E8,905-464-4236,Spanish,N,2026-10-29 10:46:28
MRN39700934,Yuki,Kim,1959-04-25,2,,M5B7A6,(365) 574-9417,Spanish,N,2026-07-28 00:05:40
MRN23350688,Jin,Park,1976-03-12,1,0259238475,M6M 6H5,3656052102,French,N,2026-08-09 08:46:31
MRN67716213,Ivan,Robinson,1978-11-21,1,9402547963,M5B7E5,6478470307,English,N,2026-08-14 14:40:49
MRN56123000,James,Mitchell,1947-01-13,1,0483043733,L6M3G2,(365) 810-5905,Cantonese,N,2026-08-12 00:26:59
MRN68763032,Amir,Rossi,1985-04-14,1,8387405973,M4A9S0,2899950786,English,N,2026-07-03 01:46:44
MRN27785444,Daniel,Thomas,1966-05-31,1,9064493706,l6j4r2,647-797-1812,Spanish,N,2026-07-20 22:43:34
MRN72790911,Michelle,Chen,1979-05-11,2,3662452519,M8W0S7,(437) 809-5094,Mandarin,N,2026-07-19 21:49:27
MRN30522552,Hiroshi,Scott,1972-03-23,1,5532676870,,,English,N,2026-07-13 02:25:04
MRN49635852,Michael,Kumar,1948-03-15,1,8540610691,M1C3T9,(416) 361-9650,English,N,2026-04-26 00:19:14
MRN20583222,Sofia,Walker,1969-02-12,2,5444068679,M9N9L8,905-451-9221,English,N,2026-07-25 02:53:35
MRN77972479,Brian,Ossei,1962-07-20,1,6247109140,M5J4Y2,(437) 425-1505,English,N,2026-04-28 03:30:40
MRN68864648,Marie,Wright,1984-07-22,2,1299063204,M6M 2S5,(289) 298-4276,Arabic,N,2026-07-27 16:15:33
MRN52874294,Priya,Martinez,1976-04-25,2,,L6R0T3,437-738-2847,English,N,2026-07-28 15:31:40
MRN84906486,Zara,Rossi,1958-04-27,2,0099908972,,,English,N,2026-07-24 19:08:34
MRN73835971,Andrew,MacDonald,1940-09-02,1,1758886830,M5P5S2,3654000715,French,N,2026-08-05 04:06:03
MRN53109347,Susan,O'Brien,1963-05-24,2,2934205689,M5J3T7,416-765-5398,English,N,2026-07-11 22:27:02
MRN96152783,Andrew,  Fraser  ,2008-06-07,1,7573090441,M6L1B2,,Cantonese,N,2026-08-22 02:25:35
MRN13876406,Priya,Cote,1993-10-06,2,6993550612,M4K2K4,,English,N,2026-07-14 06:48:17
MRN98732014,Luc,Khan,1986-09-16,1,4694581267,M1N9W8,(365) 721-9849,English,N,2026-08-05 14:17:17
MRN30554006,James,Ahmed,1983-09-09,1,9583827556,M4J1H2,437-758-4107,Punjabi,N,2026-07-08 22:33:01
MRN43309170,Nancy,Scott,1986-11-23,2,0367781929,M9M2N4,9058938884,English,N,2026-07-17 20:30:35
MRN38125717,Ashley,Leee,1967-11-29,9,8209476012,M9C2M2,3658980877,English,N,2026-08-21 01:30:54
MRN22597582,Chen,Martinez,1983-05-12,1,7033910212,M1J6N5,,English,N,2026-08-30 09:51:04
MRN94271388,Thonas,Martinez,1966-08-10,1,,L5N3N7,9053891394,Mandarin,N,2026-07-05 12:43:44
MRN43688393,Mohammed,Hassan,1989-07-16,1,6601491878,M4A5X8,(647) 469-0269,English,N,2026-08-03 00:57:48
MRN95699754,Joseph,Silva,2015-11-18,1,1273400844,m6a2l2,365-855-0114,Mandarin,N,2026-07-06 10:05:48
MRN88129561,Barbara,Wilson,1973-02-12,2,5900277988,M5H8Y8,2894670899,French,N,2026-08-05 20:19:43
MRN78224486,Elizabeth,Hernandez,1961-03-08,2,0128763273,M5G4K9,(905) 449-0483,English,N,2026-08-13 22:09:11
MRN80214564,Lias,Allen,1993-08-23,2,3800858452,M6G 3A5,289-821-1648,Punjabi,N,2026-08-27 21:54:55
MRN33345578,Ling,Patel,1942-10-27,2,7940405819,M2M0N9,6479403883,French,N,2026-07-18 09:57:03
MRN28984889,Diego,Li,1955-10-03,1,5394969223,L6A9E0,3655862572,English,N,2026-08-07 08:27:55
MRN41945518,Tomas,Davis,2000-04-14,9,4647949397,M5P4G4,905-653-2836,French,N,2026-08-23 19:19:17
MRN53648273,Meilssa,Gonzalez,1992-02-11,2,8090628804,M5P4W3,(437) 858-4710,English,N,2026-08-21 20:38:14
MRN29822248,Robert,Lewis,1955-09-22,1,0419452941,L6M 3A9,289-926-5847,English,N,2026-08-11 02:20:39
MRN57409880,Diego,Osei,2005-10-04,1,7278639203,M5R3L0,,English,N,2026-07-27 00:20:38
MRN86031389,Zara,Miller,1944-04-09,2,,L4C1A1,(365) 672-7442,English,N,2026-07-06 14:48:47
MRN79293018,Rick,Mensah,1966-09-09,1,7119781941,L5N0B2,905-851-0365,English,N,2026-07-07 22:18:44
MRN70209206,Ivaan,Scott,2001-09-24,1,7383281107,M5R1H8,(289) 908-2978,English,N,2026-08-21 10:04:48
MRN68746339,Yuki,O'Brien,1956-04-12,2,7450593566,L6L3W3,416-931-3358,English,N,2026-07-26 02:29:09
MRN72153337,Hassan,MacDonald,1960-08-23,1,9346474472,M3A9L7,905-951-1887,Cantonese,N,2026-07-05 23:49:34
MRN64974376,Kevin,Johnson,1960-06-15,1,1838724761,M1N 3E6,905-812-1079,French,N,2026-08-11 16:03:02
MRN32212277,Aisha,King,1992-03-10,2,9131618069,M8V 7W3,647-229-7646,English,N,2026-02-24 08:18:33
MRN94578894,Barb,Gonzalez,1980-07-01,2,7524033136,M6C4K2,416-335-9121,English,N,2026-07-29 10:08:04
MRN33477815,Sandra,Nugyen,1961-06-25,2,0266442169,M1K6Y7,437-615-7990,Mandarin,N,2026-07-06 02:43:52
MRN94294998,Mark,Ahmed,2009-04-19,1,,M4J6M8,(416) 294-9648,English,N,2026-08-02 03:28:47
MRN83953891,Priya,Martin,1985-08-05,2,5206493313,L6S 6B1,6476096861,Mandarin,N,2026-07-10 20:49:58
MRN14599641,Joshua,Lewis,1957-06-30,1,2964068999,,4166792540,English,N,2026-07-05 11:18:22
MRN35029733,Yuki,Kwoalski,1945-12-24,2,6156354125,M3H1R6,365-273-2020,English,N,2026-07-09 06:29:40
MRN42197010,Joe,walker,1979-01-14,1,3746855968,L4C9S1,4372037948,English,N,2026-08-20 17:44:19
MRN22668422,Betty,King,1951-02-20,2,,l5c6n9,3658464440,Tagalog,N,2026-07-05 14:51:44
MRN90522419,Zara,Nguyen,1956-09-01,2,2548666490,M6G0H7,(365) 351-6456,English,N,2026-08-17 09:54:01
MRN62415419,Niklai,Wilson,1982-09-16,1,1599161278,M2K0J2,,English,N,2026-08-20 14:37:59
MRN64020759,Anthony,Park,1971-03-19,1,5983410472,M5E2W9,(289) 803-3023,English,N,2026-07-30 19:32:55
MRN14660384,Luc,Murphy,1999-12-13,1,9469781323,M5P5J8,(647) 639-7700,French,N,2026-07-31 21:07:45
MRN66035104,Ashley,Brown,1993-04-10,2,5737107333,M2J 4M9,,Mandarin,N,2026-09-21 23:08:16
MRN90835942,Omr,Osei,1988-10-30,1,3876278577,L4L9B2,2899525891,English,N,2026-07-24 12:20:21
MRN30305249,James,Mitchell,1960-09-30,1,2567234956,M2N6B9,(647) 663-4683,English,N,2026-08-11 22:43:53
MRN28202210,Mayr,Lee,2015-12-04,2,4831828076,L4L 9L1,3654268995,English,N,2025-08-11 02:19:31
MRN15158397,Ingrid,Chen,1948-03-05,2,1800795955,L6B7P4,,Urdu,N,2026-07-15 04:21:40
MRN15010787,Ksren,Green,1971-08-31,2,2798092033,M5H9H9,(437) 287-4083,English,N,2026-07-22 04:07:00
MRN25284837,Karen,Brrown,2011-06-27,2,1455935641,M6G2E4,905-760-3389,English,N,2026-08-22 23:41:27
MRN66148474,Kenneth,Brown,1926-08-13,1,1582338032,L4L2T4,4377328024,English,N,2026-08-07 22:56:18
MRN51256928,Betty,Young,1967-07-04,2,9553028300,M3H3Y4,(437) 704-2692,English,N,2025-10-20 10:37:42
MRN48346623,Yki,Silva,1968-03-04,2,,M4B8N4,437-364-2121,English,N,2026-08-07 10:27:03
MRN42875474,Marie,Gagnon,1959-10-18,2,6336027161,M5G5B3,647-507-4235,English,N,2026-08-28 06:05:49
MRN26993146,Jennifer,Baker,2002-09-17,2,4959843568,M2K7R4,4165412150,Urdu,N,2026-08-07 13:21:45
MRN34462890,Asiha,Young,1981-09-11,2,0345717458,M5N1L5,416-747-8597,English,N,2026-07-27 15:16:40
MRN32475979,Mei,  Li  ,2004-06-15,2,8968253149,M8Y 2S9,(647) 672-5652,Punjabi,N,2026-07-29 11:13:10
MRN39599800,Yusuf,Lopez,1960-04-19,1,3357191497,M2M3P6,(437) 726-5358,English,N,2026-08-22 01:50:05
MRN44665798,Ken,Jackson,1973-01-23,1,9528716757,M9L7X4,,English,N,2026-08-30 05:15:53
MRN92109065,Chen,Young,1959-04-04,1,1585230335,L6B0K4,437-499-9959,Farsi,N,2026-08-14 17:19:59
MRN38117703,Chen,Tremblay,1958-11-22,1,4272948482,M4H3Y6,6479319986,Spanish,N,2026-07-22 13:56:50
MRN25371575,James,Brown,2011-02-19,1,2913960767,L4J8B9,,English,N,2026-07-12 13:25:40
MRN51366811,Zara,Campbell,1963-01-06,2,5938155636,M3H7H5,6473222550,Mandarin,N,2026-07-16 16:36:35
MRN39000324,Elizabeth,Carter,1970-06-08,2,3622404106,M1H8B1,(416) 492-6901,English,N,2026-07-31 10:46:11
MRN20003112,Emily,Johnson,1974-12-04,2,8197566394,M3H1M4,,Farsi,N,2026-07-17 21:44:41
MRN37935151,Aisha,Nguyen,2006-05-05,2,9247894919,M6A2N3,9056632933,Punjabi,N,2026-07-06 19:43:15
MRN15007846,Zara,Ross,1960-06-24,2,4348704646,L4J0S5,905-457-7856,English,N,2026-05-17 11:04:23
MRN26718455,Yuki,Ali,1959-01-04,2,1815276439,L6M9B5,416-239-4614,Mandarin,N,2026-08-12 16:15:49
MRN69759308,Mary,Wilson,1985-04-10,2,8336775260,M6H2W9,4372999389,Arabic,N,2026-07-17 11:03:56
MRN30321672,Maggie,Patel,1958-11-04,2,3652504550,L5C3Y2,6476122054,Punjabi,N,2026-07-14 15:30:23
MRN42890414,Yuki,Lewis,1966-06-18,2,9811435685,M5K0P2,(289) 981-9474,English,N,2026-08-07 10:46:58
MRN64982202,Chen,Scott,1966-08-05,1,,M4M9X1,4379779079,English,N,2026-07-17 22:01:34
MRN18829862,Michael,Wang,1991-03-14,1,3686435847,M6B3M1,4372734842,English,N,2026-08-04 11:07:44
MRN66826401,Omar,Nowak,1985-09-20,1,1673395279,L6C0K4,,Punjabi,N,2026-07-13 10:51:37
MRN63011139,Lign,Rodriguez,1996-09-20,2,0701020737,L6L7V4,(437) 291-9003,Cantonese,N,2026-08-03 10:51:48
MRN89738415,Aisha,Patel,1989-04-07,2,5479900242,M8Y 5V3,416-664-4716,English,N,2026-08-24 15:26:45
MRN68753387,Priya,Nowak,1975-01-26,2,8112634939,M3C6P0,6474444227,English,N,2026-08-13 06:37:11
MRN16342024,Barbara,Ricci,1996-03-31,2,8033349260,M5E5G4,647-836-1974,Mandarin,N,2026-08-09 07:45:00
MRN24957675,Mchael,Anderson,1972-04-03,1,3791807054,M1G 7X4,3658104184,Mandarin,N,2026-08-03 17:27:58
MRN41694634,Hiroshi,Sutherland,1974-10-09,N,9773999496,M4B6H4,9053525858,Arabic,N,2026-08-11 10:20:02
MRN51810212,Zara,King,1932-04-21,2,8972224581,L5B2X9,3657870498,English,N,2026-07-31 04:41:57
MRN37972030,Marie,Wang,1968-01-04,2,4725944748,L5C3Z3,4169232102,Portuguese,N,2026-07-16 16:45:27
MRN90629644,Elizabeeth,Davis,1968-12-18,2,,L6B3A2,2895267070,Mandarin,N,2026-08-25 01:39:52
MRN68067734,Lsa,Cote,1978-08-25,2,2740464223,,2898495101,Tagalog,N,2026-07-04 08:49:15
MRN91566020,Ahmed,Wang,1961-04-06,1,0478132202,M8W4R2,416-585-5802,French,N,2026-07-15 20:02:41
MRN51473736,Patricia,Miller,1963-11-21,2,0294840624,M5G 7L4,,English,N,2026-08-25 04:10:59
MRN26812595,Brian,Tran,2019-08-25,1,0532610086,m6l9r6,(289) 275-3467,Spanish,N,2026-07-29 07:21:13
MRN33718622,Barbara,Green,1992-01-01,2,4469913182,L4C6T6,6476419142,English,N,2026-07-30 14:33:56
MRN76453206,Ling,Jones,1967-03-12,2,0649676194,M5B8M6,647-775-6563,English,N,2026-07-19 17:43:18
MRN13880069,Yuki,Rodriguez,1997-04-28,2,9753996660,M5H0B6,3653902936,English,N,2026-08-06 17:59:21
MRN79788150,Michael,Bouchard,1944-01-25,1,8985172991,M4G5G4,(365) 405-7062,Mandarin,N,2026-07-15 13:52:57
MRN33760185,Lisa,Osei,1989-11-02,2,4462842941,M8X4K8,365-750-4474,English,N,2026-08-27 00:50:45
MRN92105017,Mrgaret,Martin,1954-11-06,2,1016297119,M9A 2T2,(416) 380-4751,Spanish,N,2026-07-10 11:43:34
MRN59740313,Josh,Roy,1956-06-27,1,9812269083,M6L9J8,,Tagalog,N,2026-07-20 11:28:42
MRN93039782,Emily,Davis,1947-02-07,2,1273797967,M3B3J7,647-516-1661,English,N,2026-07-08 02:49:57
MRN21929258,Zara,Zhang,2000-04-29,2,9487855943,M4A5C9,(416) 851-6424,Urdu,N,2026-07-21 22:52:02
MRN15436582,Yuki,Patel,1975-02-06,2,6583949935,M8Y7W1,4374044531,French,N,2026-08-11 21:13:48
MRN24800939,Lisa,Ahmed,1981-10-16,2,7216726260,L6C5S8,,English,N,2026-07-05 20:17:00
MRN51429791,Claire,Ahmed,1945-12-03,2,1158660686,M5E4S6,(905) 234-2903,Punjabi,N,2026-08-22 05:00:22
MRN56427977,Yusuf,Allen,1996-02-29,1,5936013506,M6C4Z7,3655624261,English,N,2026-08-22 23:48:50
MRN70764769,Hiroshi,Ahmed,2004-05-07,1,0374104370,M6J4N5,6477409829,French,N,2026-08-31 22:03:23
MRN92612293,Karen,Bouchard,2007-10-16,2,2652936470,M4M5W1,9055407163,English,N,2026-08-11 06:30:31
MRN27367559,Mary,Kowalski,2023-09-17,2,7610514007,M9M8E0,647-254-3474,English,N,2026-08-24 08:38:02
MRN60123748,Nikolai,Silva,1968-02-22,1,6926341097,M4M5S1,,English,N,2026-08-04 09:26:31
MRN32050815,Amara,Murphy,1981-05-12,2,8085663618,L6J 3C1,2899918960,English,N,2026-08-08 22:05:07
MRN41789642,Betty,Ferreira,1966-08-22,2,0037865961,M4C7A7,905-939-9270,English,N,2026-08-12 19:52:12
MRN49691578,Mei,Allen,2000-10-02,2,7000342977,M9C6E7,4166044366,Urdu,N,2026-07-19 17:00:26
MRN53757957,Karen,Wang,2007-08-07,2,1112833486,M4M 2Y8,416-433-4463,Mandarin,N,2026-08-08 10:24:28
MRN13688993,Elizabeth,Lee,1986-06-09,2,8671377888,M9C0C7,9056042313,Mandarin,N,2026-08-17 13:57:20
MRN59434135,Mark,Whtie,2008-09-26,1,9509980679,M5A3L0,(647) 944-1631,Arabic,N,2026-07-23 11:00:58
MRN88293947,Aisha,Taylor,1969-10-14,2,7869336235,M2J7W1,437-694-8746,English,N,2026-07-20 21:55:20
MRN71393181,Jean,Martin,1926-09-03,1,5769429456,M6L4N8,,English,N,2026-08-15 08:45:21
MRN87939706,Brian,Murphy,1973-02-06,1,2078782659,M4C8J0,4167302321,Mandarin,N,2026-05-29 06:11:11
MRN52761590,Nikolai,Rodriguez,1976-10-31,1,4580347542,M3B2T8,,French,N,2026-07-20 10:00:21
MRN14059716,Richard,Green,2006-09-23,1,3693500880,M6G7T6,4379947885,French,N,2026-08-09 03:37:15
MRN25365336,Jin,Fraser,1998-06-21,1,4185128222,M6B3Y1,9057926510,French,N,2025-10-16 10:22:59
MRN12347437,Emily,Park,1941-05-30,2,5624400262,M1B1G0,3653731600,English,N,2026-07-28 23:15:07
MRN30029748,Amara,Nguyen,1983-07-23,2,1226250767,M1L4T8,(365) 483-7771,English,N,2026-07-23 12:14:21
MRN84246277,George,Gagnon,2000-05-04,1,6975338069,,647-577-4912,Spanish,N,2026-07-28 18:32:12
MRN95511402,Luc,Jones,2012-03-03,1,2844376224,M9M 6R1,(365) 389-6604,Spanish,N,2026-07-09 22:44:16
MRN50403372,Betty,Wilson,1981-04-20,2,3858427879,M8V2P8,(365) 769-1061,English,N,2026-07-23 21:15:26
MRN54120110,Sarah,Singh,1967-02-05,2,,M8Y4L0,(289) 234-0315,English,N,2026-08-29 17:00:06
MRN52538537,Margaret,Lee,1973-05-24,2,2177762107,M6B0G5,905-870-2055,Mandarin,N,2026-08-25 17:04:18
MRN81628523,Tom,Ali,1992-02-18,1,3723930362,L5N9B0,4169116719,English,N,2026-07-05 21:53:33
MRN65231101,Chiata,Martin,1953-08-26,2,3886659998,M8X4J4,647-856-7950,English,N,2026-08-03 09:12:42
MRN63105928,Margaret,Singh,2000-03-01,2,0472896232,L6M6L7,(289) 308-4811,English,N,2026-07-27 04:47:39
MRN81435282,Pedro,Adams,1931-09-10,1,,M2N 7Z3,3652233806,English,N,2026-07-13 16:11:52
MRN53801386,Anthony,Santos,1996-10-19,1,8274503641,M1L1M7,(905) 928-4557,English,N,2026-07-24 10:24:18
MRN52045085,Amir,Chen,1937-07-04,1,8830434075,M3H8B4,6477085429,Urdu,N,2026-08-10 22:40:51
MRN44289811,David,Osei,1980-04-18,1,7980306919,M5K9V4,,English,N,2026-07-29 22:00:47
MRN88146044,Aisha,Kumar,1994-11-25,2,8622196213,M6A6M5,,English,N,2026-08-11 19:53:25
MRN23249522,William,Chen,1979-03-25,1,9101922285,L6R 3N4,6476148988,English,N,2026-08-13 03:57:12
MRN96963340,Margaret,Anderson,1979-02-02,2,7191748768,M3A 0M1,(416) 686-9305,English,N,2026-08-14 20:33:32
MRN68310301,Bill,O'Brien,1958-12-24,1,6965160598,M5B9N8,437-652-0125,Mandarin,N,2026-08-19 10:51:18
MRN74287275,James,Kumar,1946-01-13,1,,L5C5T3,647-619-4633,Mandarin,N,2026-08-28 22:18:02
MRN34069742,Kevin,Kelly,1929-05-25,1,0026558700,M4J1R3,2895215099,Cantonese,N,2026-08-03 01:47:22
MRN44057272,Aisha,Mitchell,1997-07-20,2,1197882309,L5B1T1,905-649-9911,English,N,2026-08-07 23:25:51
MRN88859012,Zarra,Nguyen,1955-12-18,2,7905394636,L4K6T2,4373000858,English,N,2026-08-26 04:27:02
MRN58579048,Karen,Lewis,1971-01-07,2,6272633493,L5C2J2,(437) 370-5680,English,N,2026-07-04 22:20:49
MRN85851813,James,Khan,1972-07-11,1,2272141744,M5E9G3,(647) 863-8264,Punjabi,N,2026-07-10 03:51:18
MRN24223731,Margaret,Singh,1958-01-06,2,1970045660,M1G4L6,4375525077,English,N,2026-07-08 21:49:12
MRN48174913,Tony,Roy,1983-10-31,1,4946598457,,3659868867,Farsi,N,2026-07-10 22:33:38
MRN68287423,Joseph,Ross,1957-07-29,1,5847253613,M6E6T3,647-702-8635,English,N,2026-07-28 15:55:22
MRN98576493,Hassan,  Harris  ,1993-06-11,1,4869162638,M1N8E5,(437) 995-1341,English,N,2026-07-20 21:06:39
MRN19386517,Jen,  Lopez  ,1967-06-21,2,5676997397,M9M2N2,3657459041,Mandarin,N,2026-07-19 00:18:38
MRN26008030,Chen,Lopez,1995-05-18,1,3388408027,M5E 7E9,(289) 235-7000,English,N,2026-08-15 09:41:54
MRN91907420,Sarah,Kowalski,1981-12-14,2,3314221361,M2K8K1,(905) 980-1002,Italian,N,2026-08-02 06:32:47
MRN94857975,Hassan,Silva,1993-11-03,1,9770582535,M2M0L6,416-712-3152,Mandarin,N,2026-07-27 03:09:13
MRN99809701,Yusuf,Campbell,1999-09-15,1,,M2R4X5,4167732165,English,N,2026-07-10 23:55:39
MRN95049483,Aisha,Bakre,1957-12-17,2,7349933577,l5c4g7,289-358-2217,Mandarin,N,2026-07-14 06:40:08
MRN61330170,Shelly,Scott,1974-06-16,2,1658488257,M5N9J6,416-283-3020,English,N,2026-07-24 21:18:11
MRN99848516,Aisha,Martinez,1957-01-12,2,2779039524,M3H3A2,4163210561,French,N,2026-08-24 20:59:04
MRN81803527,Kenneth,Gonzalez,2004-08-09,1,,M1M9P7,6478785624,Mandarin,N,2026-08-17 06:56:06
MRN54255352,Michael,Baker,1980-06-27,1,8742167615,L6M 3R5,(365) 488-0416,Farsi,N,2026-08-18 19:39:43
MRN58666690,Rovert,Silva,1959-12-17,1,8967008650,L5C5V0,(647) 912-1805,Urdu,N,2026-08-22 19:56:44
MRN35997913,Jean,Ali,1969-07-16,1,8239544334,,6472935953,English,N,2026-07-19 06:04:31
MRN81481039,Hiroshi,Okafor,1963-01-05,1,4867060461,M4M8P7,4374268680,Tamil,N,2026-07-29 10:42:13
MRN47361791,Robert,Patel,1994-02-14,1,5361377905,M6C1R3,9057665808,French,N,2026-08-15 21:52:23
MRN53657449,Jennifer,Tremblay,1988-12-15,2,,L4K 5E4,289-541-4365,French,N,2026-07-05 14:16:52
MRN58474438,Matthew,Tremblay,2017-05-31,1,4327393551,M1H4A3,(647) 361-9815,English,N,2026-08-01 12:42:58
MRN71697926,Susan,Cote,1953-10-15,2,2525659021,M1H3L0,365-577-6568,Arabic,N,2026-07-12 12:24:37
MRN27118727,Joseph,Hernandez,1997-07-11,1,1642177172,M6J 9C8,9057468753,Punjabi,N,2026-07-13 03:24:03
MRN39376020,Michael,Baker,2010-07-30,1,,M6G 7G1,289-225-8178,French,N,2026-08-11 12:21:50
MRN73882243,Mei,Sutherland,1987-10-01,2,4557642354,L6H9Y0,(416) 690-7018,Arabic,N,2026-07-08 08:27:50
MRN12596816,Linda,Lee,1977-03-10,2,5778136423,M1C9A0,416-834-7652,English,N,2026-08-21 19:20:41
MRN56204226,Yusuf,King,1949-09-12,1,6502235614,M6M3T5,(647) 623-0779,Punjabi,N,2026-07-06 01:00:27
MRN79880236,Mei,Singh,,2,,M4E2B0,289-782-5555,Arabic,N,2026-07-14 00:11:30
MRN46590566,Emily,Kowalski,1943-06-26,2,0612493148,L6H7Z5,(905) 946-4815,English,N,2026-07-16 14:22:10
MRN32075357,Nanvy,Martinez,1958-03-26,2,4731327898,M6M1P6,6473695686,English,N,2026-08-18 17:27:41
MRN30276630,Amara,Ross,2002-10-04,2,5904144473,L6B6E5,365-201-3367,English,N,2026-07-09 22:30:48
MRN89277057,Barbsra,Campbell,1977-06-11,2,9397212367,M1L3B8,(905) 582-5370,English,N,2026-08-23 05:12:40
MRN31035141,Aisha,Nelson,1966-07-03,2,9301723517,00000,(289) 549-3323,English,N,2026-08-02 04:42:02
MRN20446042,Jessica,Silva,1964-09-12,2,5079307822,L4C1Y6,2896274885,English,N,2026-07-10 02:12:00
MRN82148227,Betty,Mensah,1985-12-29,2,5579770958,L4B5R4,,English,N,2026-08-31 13:22:45
MRN79499414,Aisha,Hassan,1961-09-01,2,8696846354,L5A9Z7,905-797-1436,Tagalog,N,2026-07-23 20:07:51
MRN85750293,Luc,Campbell,1972-04-24,9,4318503796,M6J2R0,3652774159,Punjabi,N,2026-07-17 12:18:57
MRN41618388,Kevin,Martin,2002-03-17,1,6654001236,m5j1h5,(365) 897-8354,English,N,2026-08-28 08:37:27
MRN94199587,Kren,Baker,1965-11-30,2,8708599892,M9N8L1,905-956-7895,English,N,2026-08-22 12:16:34
MRN12848676,Yuki,Carter,1997-12-04,2,9407968743,M6B0L6,(365) 563-1546,Punjabi,N,2026-07-09 15:53:58
MRN36750370,Jessica,Mitchell,1986-05-27,2,0652244567,M1G2N4,(416) 872-1465,English,N,2026-08-12 04:25:32
MRN68575180,Mariie,Hernandez,1943-08-08,2,2512369790,M5G4S1,2894813617,Mandarin,N,2026-07-21 02:41:26
MRN18622170,Betry,Stewart,1989-04-30,2,4885904690,M9B9K2,(647) 838-6905,English,N,2026-08-23 09:24:56
MRN83669948,Maggie,Mensah,1987-01-31,2,3573899501,M2R2B4,2893389687,Punjabi,N,2026-07-19 19:22:34
MRN26208688,Karen,Kim,1997-11-15,2,9194579307,L5N9T3,4378699254,English,N,2026-08-05 12:23:10
MRN72224852,Mohsmmed,Ahmed,1965-08-01,1,6403068627,L4J0V2,4378483365,Cantonese,N,2026-08-04 13:14:20
MRN45731783,Chiara,Martinez,1960-08-07,N,1965089004,M1L 1H6,(365) 255-6771,French,N,2026-08-05 00:47:06
MRN72346867,Linda,Taylor,2008-02-26,2,5679402056,L6C7M0,,English,N,2026-07-04 09:56:25
MRN17640752,Ivn,Hassan,1999-06-12,1,5370230434,L6R 3N1,,Arabic,N,2026-08-05 17:23:36
MRN93755638,Steven,Miller,1977-11-19,1,1616295471,M6G7N2,647-562-8012,English,N,2026-08-07 04:51:31
MRN67494884,Mei,White,1989-07-20,2,4781965878,M9A4X1,6475410722,French,N,2026-07-26 22:18:25
MRN22379680,Jin,Lewis,1962-04-06,1,6266878864,M2H 6A0,3659660127,Mandarin,N,2026-08-22 21:07:35
MRN32524132,Amsnda,Leee,1962-03-09,2,9152424371,M6H7E0,(416) 285-7768,English,N,2026-08-25 17:28:47
MRN78767407,Tomas,Wang,1973-09-29,1,7210909300,M3B7X1,(905) 495-8469,Mandarin,N,2026-07-24 10:53:45
MRN31342449,Margaret,Gonzalez,1993-08-27,2,1256791854,M3H0S4,6472831833,English,N,2026-08-05 09:02:12
MRN46375740,Claire,Martinez,2013-04-23,2,1528801556,L4K8M3,,English,N,2026-08-06 07:52:50
MRN53107899,Margaret,Stewart,1978-06-25,2,2492003237,M1M0M4,,Tagalog,N,2026-07-29 08:56:46
MRN83609877,William,Carter,1991-05-28,1,1991966217,M3C8L0,6479090883,English,N,2026-07-28 18:16:33
MRN15000481,Joseh,Clark,2009-10-13,1,2326914427,m1e4a8,(365) 679-3829,Mandarin,N,2026-08-24 01:40:33
MRN54320673,Nikolai,Patel,1983-08-28,1,5776342056,M4E0V2,,Mandarin,N,2026-08-27 12:23:39
MRN33108364,Olga,Young,1948-09-03,2,3053734954,M1N2Y4,9056090259,English,N,2026-08-21 03:45:57
MRN41589924,Kevin,Fraser,1951-12-12,1,8087779842,M5N2T2,437-608-0009,French,N,2026-08-03 08:37:01
MRN66987731,Kevin,Fraser,1951-12-12,1,8087779842,M1J2J5,6478729136,French,N,2026-07-15 19:17:14
MRN59914500,Elizabeth,Brown,1823-05-01,2,5010808029,M3A3B0,3656017348,English,N,2026-07-15 14:53:21
MRN95062271,Mary,Roy,1968-06-30,U,0798569703,M6G2R7,(905) 266-4269,Spanish,N,2026-08-15 05:56:30
MRN92532433,Hiroshi,Wang,1956-07-02,1,5465750783,L4C9Y8,(647) 660-3972,English,N,2026-07-17 18:16:34
MRN67906570,George,Thomas,1979-12-30,1,4404482731,L6R 2T4,(437) 923-3285,Farsi,N,2026-07-15 18:02:59
MRN38058933,Mohammed,Smith,1963-05-18,1,9447142986,L6L9P6,6476844490,French,N,2026-08-29 20:22:18
MRN81384905,Mary,Ross,1977-05-13,2,5119815107,M9L0E4,(905) 410-3995,English,N,2026-08-22 00:27:32
MRN27868648,Maty,Ganon,1974-03-29,2,3266267396,L6G3G4,,English,N,2026-08-02 02:17:44
MRN89393520,Sofiia,Kim,1946-04-14,2,5871924428,M2N5S5,416-240-7534,English,N,2026-08-22 05:43:49
MRN81336682,Margaret,Scott,1993-01-11,2,9333195437,M3C1Y0,9057124136,Urdu,N,2026-07-25 08:30:34
MRN69957127,James,Brown,1979-07-30,1,4517652048,L6C 2W2,(365) 390-9174,Punjabi,N,2026-08-24 22:15:24
MRN83413024,Priya,Mensah,1963-12-13,2,7760039086,M5E2R7,365-706-8346,English,N,2026-08-12 17:57:41
MRN78007477,Kraen,Wright,1999-03-06,2,9712992115,M5G0R1,6472215399,English,N,2026-07-09 10:55:23
MRN85062119,Joshua,Jackson,1976-09-04,1,2759744416,M1M0M1,4377355165,English,N,2026-07-04 02:50:45
MRN59106583,Kaen,Garcia,1956-12-09,2,4709407342,M8X4M9,(437) 961-1505,Cantonese,N,2026-08-06 02:28:05
MRN73584545,Josha,Hill,1939-07-18,1,8664161471,M4K1Y3,(289) 669-9904,Mandarin,N,2026-07-16 00:03:54
MRN23117747,Jan,Li,1989-05-25,1,,M5G4S1,(416) 605-4086,English,N,2026-07-05 15:47:59
MRN72657603,Wei,Martin,1998-01-27,1,2298061710,M5B2P5,(365) 826-2446,English,N,2026-07-13 13:21:00
MRN32509057,Hirooshi,Martin,1942-03-17,1,8202671825,M6G7L1,,English,N,2026-08-11 18:42:50
MRN90769188,Mark,Li,1958-04-05,1,3071066827,L4K6N6,(437) 632-9894,English,N,2026-07-28 09:48:32
MRN96948582,Aisha,Svott,1978-01-16,2,,M3H9B4,3658986521,Italian,N,2026-08-07 01:58:54
MRN13399603,Nikolai,Garcia,1972-09-08,1,5012373865,M2R7J2,(289) 740-4282,English,N,2026-07-22 04:24:58
MRN96411954,Anthony,Kelly,1972-05-10,1,,m4k9v1,(647) 343-3558,English,N,2025-08-18 05:35:02
MRN61025302,Hassan,Thompson,1984-08-15,1,9963481271,L4B6X2,6475182529,French,N,2026-08-13 12:28:26
MRN66558717,Zara,Tremblay,1966-05-27,2,7387637353,M6A3E9,4373095117,English,N,2026-08-04 04:18:43
MRN93240200,Jin,MacDonald,1977-02-09,1,1622396479,M8X9W4,(905) 777-7610,English,N,2026-08-19 03:41:20
MRN27692050,Mray,Martin,1979-10-12,2,2089686857,M4M4X8,(416) 240-4559,English,N,2026-07-20 00:00:08
MRN56423497,Mohammed,Hill,1965-06-15,1,5369922348,M8V7H9,3652182887,English,N,2026-08-24 14:59:42
MRN56809997,Pedro,Walker,1968-11-06,1,3203626613,M9A7B4,,Mandarin,N,2026-08-14 09:06:31
MRN96480271,Jen,Singh,1969-04-17,2,6296121699,M1L0K7,(647) 364-3931,English,N,2026-10-08 18:19:58
MRN42578504,Yuki,Kim,1954-06-12,2,3951707144,M2R2T9,(905) 974-0765,Cantonese,N,2026-05-06 09:06:37
MRN98002967,Christtopher,Tran,1975-04-10,1,4786761926,M5G4W6,9054247114,Tagalog,N,2026-08-18 23:16:33
MRN12099749,Mie,Lee,1969-04-16,2,4376526002,L6B 1R5,(437) 516-1487,Spanish,N,2026-08-24 14:51:57
MRN25543542,Kevin,Mitchell,1986-10-10,1,2128137821,M6K2K7,6476462547,English,N,2026-08-04 21:20:56
MRN83686078,Jean,Menaah,2010-01-16,1,1372360108,M4G5H0,4163797012,English,N,2026-08-21 02:07:41
MRN90541389,Aisha,Williams,1926-07-06,2,5073518564,L6P3X9,(905) 933-3451,English,N,2026-07-15 22:03:36
MRN87774542,Jennifer,Sutherland,1979-11-17,2,6526892879,M8Y2Y8,647-353-6556,English,N,2026-07-04 07:02:16
MRN97289625,Amanda,Harrs,1931-10-31,2,0253394746,L5C7S8,437-691-8933,French,N,2026-08-07 10:27:28
MRN88292952,Chiara,Martinez,1991-02-17,2,9259801638,M3C2W5,437-610-7431,English,N,2026-07-30 16:17:27
MRN29026247,Joseph,Okafor,1926-09-11,1,6027093167,M1G0N2,,English,N,2026-08-17 09:57:36
MRN16696901,Susan,  Johnson  ,1940-07-11,2,0574970497,M1H6C0,(437) 661-9324,English,N,2026-08-25 21:37:40
MRN74493930,Jessica,Ali,1951-11-18,2,,L5A9W1,(647) 271-2147,French,N,2026-07-12 12:47:03
MRN85305569,Betty,Khan,1975-01-03,2,7599264558,M9B 6W6,(289) 566-0403,Mandarin,N,2026-07-30 03:11:31
MRN64240302,Marie,Gagnon,1926-08-27,2,6080368829,m1j6b5,(289) 385-1838,English,N,2026-08-22 09:29:46
MRN57986338,Melissa,MacDonald,2020-02-04,2,1378350449,,416-452-3615,English,N,2026-07-14 18:11:57
MRN70830387,Jne,Brown,1979-07-03,2,7116565982,M6G9K5,9056145939,English,N,2026-08-31 13:53:54
MRN34144569,Barbara,King,1957-09-20,2,2897490468,M9B6B7,416-797-9922,English,N,2026-08-15 02:43:18
MRN15765215,Priya,Adams,1988-08-16,2,5660498584,L6R3K8,647-205-9613,English,N,2026-08-08 08:10:47
MRN89947648,Lisa,Roy,1998-02-10,2,,M1G2A7,6478536568,Cantonese,N,2026-07-17 04:28:00
MRN80886118,Nancy,Carter,1978-08-09,2,8318634519,M9B9L8,4163719644,English,N,2026-07-12 07:46:21
MRN82612912,Elizabeth,Ali,1976-09-27,2,,M6L8E9,(365) 627-7508,English,N,2026-07-12 07:44:56
MRN15683448,Jennifer,Allen,1965-07-22,2,2867374072,M6J6L7,(437) 518-5646,English,N,2026-03-18 21:52:26
MRN68509647,Omar,Lee,1988-07-29,1,1273505188,M3A1R2,(365) 488-4051,English,N,2026-07-13 02:28:52
MRN85482568,Patricia,Zhang,1973-01-01,2,4333438069,L6A9K6,416-791-1046,English,N,2026-07-30 03:23:48
MRN17990407,Jin,Kim,1984-04-14,1,4136060243,M9C5P8,289-673-3842,Punjabi,N,2026-08-13 09:19:44
MRN18217849,Patricia,Robinson,1982-02-11,2,0486471535,M5H 4C7,(647) 265-1598,English,N,2026-08-06 09:58:10
MRN24268751,Amanda,Davis,1969-03-27,2,7178128034,M4K9T8,6478452136,English,N,2026-08-08 06:55:21
MRN16878879,Karen,Moore,1971-12-03,2,5595930057,L4L0R4,(365) 986-3264,English,N,2026-07-28 18:32:23
MRN47621699,Richard,Thompson,1944-12-23,1,3152608596,L6P6Y8,6476297491,English,N,2026-08-03 09:09:25
MRN92305952,Jin,Hill,1947-12-02,1,6403308726,L5A2B3,9054617291,Spanish,N,2026-08-06 06:45:17
MRN27432130,Pedo,Stweart,1926-08-21,1,9946127413,L4L8H7,905-490-3204,Spanish,N,2026-07-05 02:06:29
MRN97003956,Linda,Silva,1989-02-04,2,9039586376,L4B 7C1,3657800893,French,N,2026-07-14 05:34:57
MRN94661531,Olga,Chen,1999-07-21,2,7038811118,M4C7S3,(437) 286-3300,Mandarin,N,2025-10-19 07:22:58
MRN62306560,Ivan,Kim,1996-03-05,1,2370200699,M1G2Y8,(365) 858-5839,Punjabi,N,2026-08-10 11:31:34
MRN25254673,Mie,Rodriguez,2003-09-23,2,3519279404,L6C2V9,9056204074,English,N,2026-07-04 04:44:25
MRN90248670,Geore,Miller,1992-06-08,1,0685338204,M8X0T3,6473034305,English,N,2026-09-12 16:52:16
MRN41400564,George,Campbell,1992-06-08,1,0685338204,M8W 4R0,6473034305,English,N,2026-08-02 02:27:22
MRN94706797,Ling,  Green  ,2000-06-15,2,0183644459,M6K7B2,647-872-7532,English,N,2026-08-14 03:54:33
MRN29200463,Jessica,Clark,1976-06-03,2,7371520995,M9N9B4,4373490009,Urdu,N,2026-07-24 20:40:54
MRN64137482,Emliy,Mitchell,1953-10-16,2,2238053793,L6H 2X1,4164185768,Punjabi,N,2026-07-12 11:38:49
MRN67683775,Jessica,o'brien,1988-12-21,2,7183094221,M6H 1A3,289-567-2961,English,N,2026-08-16 12:39:41
MRN83988355,Ahmed,Gagnon,1953-07-28,1,0128981321,m5j1c1,4163113451,Punjabi,N,2026-07-20 15:17:03
MRN73809961,Hassan,Khan,1823-05-01,1,9971060836,L6P8E6,365-658-0849,English,N,2026-08-21 22:48:23
MRN68332330,Ling,Singh,1950-09-08,2,0983619180,M5N6A9,4167956053,English,N,2026-07-31 20:41:17
MRN37662711,Omar,Jons,1955-01-26,1,8324486144,M6E3L5,(647) 887-3831,Spanish,N,2026-08-18 15:46:59
MRN38209881,Ogla,Lee,1976-09-07,2,0667646855,L5B7S9,9059504727,Punjabi,N,2025-09-20 04:26:14
MRN70870045,Omar,Thomas,1975-12-19,1,3243615931,M9N1M5,4168805129,Mandarin,N,2026-08-09 13:45:01
MRN86305058,Betty,Kim,1959-01-25,2,3829891864,L5A1R4,647-345-6368,English,N,2026-07-12 05:44:52
MRN17709617,Claire,Martinez,1971-03-27,2,8635989182,M1N5Z9,4164430112,English,N,2026-07-10 15:16:06
MRN99029399,Nancy,Silva,1973-07-15,2,7479169208,L6M4G8,647-805-9703,Urdu,N,2026-08-21 20:36:43
MRN80584906,Diego,Kowalski,1997-12-06,1,9837967562,M6G7X1,(365) 823-8150,English,N,2026-08-11 02:49:25
MRN37697939,Mohammed,Williams,1965-06-28,1,6346178202,,6472060076,Spanish,N,2026-07-20 13:17:27
MRN98416429,Mark,Kelly,1985-07-03,1,0945527976,L4K2Z3,365-684-2578,Mandarin,N,2026-08-31 23:48:14
MRN57738724,Jennifer,Tran,1966-04-04,2,4823143534,L4J 2H9,9058227567,English,N,2026-08-20 06:15:29
MRN31199089,Zara,Santos,1954-10-14,2,8165090955,L6A4H7,4379124165,English,N,2026-07-12 00:13:00
MRN40554937,Pedro,Scott,1996-01-10,1,1374784500,M2H0S8,9058824451,English,N,2026-07-16 04:09:41
MRN84727324,Raj,Taylor,1977-05-24,1,7857416163,,(437) 434-0906,English,N,2026-07-16 23:06:52
MRN60199156,Chen,White,1940-06-15,1,0139056170,L6G5A3,2899139671,English,N,2026-08-07 09:11:33
MRN79706023,Michelle,Wang,1977-06-21,2,2675053561,L4B5C6,289-377-3979,French,N,2026-08-16 20:28:27
MRN95522101,Michael,Kelly,1960-08-20,1,5976867001,M9M 7N9,4164360086,English,N,2026-07-15 10:40:15
MRN17280190,Bob,Wang,2007-03-11,1,8844653488,M5A5P5,,Mandarin,N,2026-08-22 00:05:29
MRN79256138,Aisah,Henandez,1941-12-28,2,8773502664,M6J5N2,4374834887,English,Y,2026-08-25 08:39:05
MRN47248116,Barbara,Okafor,1973-08-10,U,1205038241,M6L 8A1,,Spanish,N,2026-07-18 02:20:21
MRN18873807,Barbara,Robinson,1952-09-13,2,9954794203,M5B9Z8,(289) 258-1703,Arabic,N,2026-07-18 23:15:27
MRN26667816,Jin,Trsn,1968-11-26,1,8209467969,M6B6B5,6473918688,English,N,2026-08-26 06:40:33
MRN91469302,Emliy,Allen,1965-12-22,2,0705457042,M1J1J6,4164568939,English,N,2026-08-20 09:05:03
MRN65503771,Marry,Ali,2000-09-26,2,5378926694,M9M2P9,4162907294,English,N,2026-08-11 06:46:40
MRN77378960,Andrew,Roy,1984-02-05,1,,M4M8B4,4162760917,English,N,2026-07-09 19:39:03
MRN25761202,Priya,Rossi,2011-12-30,2,8885157688,L6A0K3,9052908495,Spanish,N,2026-02-26 21:07:35
MRN25512006,Fatima,Moore,2001-10-21,2,2603605318,M6M0R1,416-222-4904,Mandarin,N,2026-07-13 01:04:18
MRN15676854,Nikolai,Rossi,1956-03-07,1,4339496012,L5B9H8,(647) 202-9396,English,N,2026-08-10 03:39:50
MRN69928805,Diego,Hill,1956-07-07,1,4989684297,M6L6T6,416-947-8100,English,N,2026-07-09 04:36:16
MRN83961374,Linda,Chen,1988-08-22,2,8830571298,L6H4W2,(437) 772-1310,English,N,2026-07-29 01:12:46
MRN79563856,Pedro,MacDonald,2015-07-24,1,8543019775,M1G8C8,2897317551,English,N,2026-08-31 19:55:47
MRN98942738,Sofia,Jackson,1947-03-25,2,7018363387,M4A2G0,437-264-2060,Cantonese,N,2026-08-09 05:00:34
MRN69379293,Jin,Nowak,1955-02-14,1,2478565670,L5B0H2,6478712034,Spanish,N,2026-08-15 07:10:13
MRN37493974,Ashley,young,1977-11-21,2,0201531969,M5A2S5,,English,N,2026-08-26 13:08:26
MRN81619585,Diego,Kowalski,1981-11-09,1,3534895374,M4K7H5,365-404-4087,English,N,2026-08-14 02:57:13
MRN35503283,Jim,Singh,1951-10-15,1,5264027599,L4K3K5,647-383-6692,Italian,N,2026-07-09 14:48:02
MRN23622201,Jim,Singh,1951-10-15,1,5264027599,M2J2C8,4376858928,Italian,N,2026-01-28 09:01:19
MRN97279385,Susan,Davis,1954-04-06,2,1362807438,M1C1S7,2896099665,English,N,2026-07-10 20:20:33
MRN31984540,David,Sutherland,1964-08-19,1,2408067342,M8W6C9,416-286-6759,English,N,2026-08-02 12:57:50
MRN53230425,Robert,Williams,1973-02-15,1,0799597257,M1C3A2,6476491598,English,N,2026-07-11 17:35:13
MRN58558221,Richard,Nguyen,1988-01-15,1,7450787291,M1G4X9,4169196808,English,N,2026-08-05 11:42:20
MRN54170346,George,King,1977-04-08,1,1122061987,M1M9R2,289-477-6654,English,N,2026-08-07 13:19:18
MRN31345063,Aisha,Lewis,1962-11-29,2,3097399772,m8y6g3,365-691-7027,Tamil,N,2026-07-05 09:08:30
MRN50921985,Nikolai,Smith,1977-09-27,1,0422205195,L6C9K1,4379016349,English,N,2026-07-03 00:54:08
MRN90252677,Ashlye,King,1965-06-02,2,8383635755,M1M9S7,2895444068,English,N,2026-08-08 06:38:33
MRN32449667,Aisha,Taylor,1982-11-14,2,4044455527,M6E3R6,(905) 207-7129,Spanish,N,2026-07-18 07:26:05
MRN88703451,Chen,MacDonald,1967-01-16,1,6700008425,L6R6P8,2894913674,Mandarin,N,2026-08-07 02:45:18
MRN26817710,Linda,Thomas,1952-09-28,2,4915410023,M1G5S3,3652987794,English,N,2026-08-15 17:20:53
MRN12360521,Omar,Miller,1963-08-26,1,,M2K1P0,(365) 715-4865,French,N,2025-08-30 12:28:43
MRN68907971,Ogla,Rooss,1972-10-17,2,6494487579,M3B4Z3,6473478738,French,N,2026-08-16 01:37:47
MRN80775946,Ling,Chen,1926-08-01,2,3896793647,L5N 0P3,(647) 937-2104,English,Y,2026-08-12 06:46:33
MRN23497685,Jesssica,Wright,1942-12-22,2,2741999177,M4E2L5,(647) 984-1835,English,N,2026-07-11 00:42:35
MRN34154844,David,Carter,2016-12-03,1,5334670824,L5N3N2,647-306-9222,English,N,2026-07-22 16:56:14
MRN33258833,Christopher,Kelly,1968-04-04,1,9660252264,M6G8X8,(647) 693-3795,English,N,2026-08-27 11:51:46
MRN26855194,Zara,Clark,1982-09-30,2,7554601257,M6K 2J2,(289) 812-0107,English,N,2026-07-29 13:24:02
MRN80627290,Daniel,Thompson,1964-08-11,1,1907986408,M6M6A0,416-725-3022,English,N,2026-07-14 10:11:23
MRN30954970,Hassan,Wilson,1974-02-03,1,,M5R 0C0,(365) 409-1387,French,N,2026-08-08 20:14:56
MRN63267854,Patriicia,Miller,1965-11-07,2,0790776660,m1k1e7,,French,N,2026-08-05 08:39:46
MRN69282214,David,Jackson,1969-07-22,1,2648095871,M5P8W8,(416) 514-6171,English,N,2026-08-26 11:13:48
MRN18482307,Pedro,Osei,1935-05-07,1,7017132825,M5A8Y6,6474790149,English,N,2026-07-10 20:18:26
MRN50413203,Christopher,Martinez,1984-11-28,1,,L4C2P6,4162867352,English,N,2026-08-04 09:34:57
MRN97566523,Amara,Kowalski,2000-09-12,2,6565841613,M4B0G2,6474159161,Urdu,N,2026-07-12 15:11:10
MRN75318757,Tomas,Jones,1977-01-05,1,5632462932,L5N 5H2,437-825-4737,English,N,2026-07-07 08:33:53
MRN84119722,David,Gagnon,1963-02-03,1,0583752423,M5E5J8,(416) 820-1481,Punjabi,N,2026-08-02 13:11:10
MRN88039975,Kevin,Ferreira,1958-02-16,1,9432671957,L4L8K5,4376663158,English,N,2026-08-27 06:02:14
MRN44218483,Nan,Bouchard,2005-10-29,U,8333764689,m4c8n7,4374548992,Mandarin,N,2026-08-01 14:04:37
MRN12873693,Hassan,Mitchell,1982-12-18,1,2920084536,M4G1N0,(365) 471-7669,Italian,N,2026-07-03 19:32:19
MRN62822862,Mary,Ali,1994-11-14,2,8080022711,M5K4V0,,French,N,2026-07-21 17:16:04
MRN26507145,Asha,Wang,1971-03-09,2,6745238300,M8Y3J4,(289) 239-7268,English,N,2026-08-28 09:23:20
MRN69293892,Mark,  Nguyen  ,1977-03-27,1,0957667801,M1G2C5,(905) 296-2488,English,N,2026-08-29 19:48:35
MRN52579286,Amir,Mensah,1968-11-06,1,0371038936,M8V 0G5,365-215-1579,English,N,2026-08-17 07:23:39
MRN77229413,Nikolai,Hill,2006-10-18,1,6879462312,M8X3J0,,Mandarin,N,2026-07-05 16:40:53
MRN21198468,Claire,Carter,1999-11-06,2,0867657090,M2J8K4,4379246753,Mandarin,N,2026-08-20 05:56:32
MRN31432166,Brian,Martinez,1970-12-22,1,7415598692,M4E8H1,6477665278,English,N,2026-07-30 14:25:53
MRN43141120,Anthony,Lee,1954-12-21,1,6993134102,M4J 3B6,(647) 610-0241,Tamil,N,2026-07-25 02:05:39
MRN33331742,Wei,Santos,1990-03-23,1,3443772326,M2N5A7,3659714623,Punjabi,N,2026-08-26 23:19:58
MRN17468709,Ashley,Tran,2006-11-28,U,5493604911,M8W8V9,3657459338,English,N,2026-08-10 07:54:39
MRN86290474,Thomas,Brown,1961-09-12,1,0733618664,L6L1P3,2894507743,English,N,2026-01-04 05:17:04
MRN55900446,William,Gonzalez,1950-01-21,1,8731550755,M1H1K1,(437) 843-0785,English,N,2026-08-15 23:52:10
MRN22678041,Kevin,Capbell,1991-07-31,1,9553740136,M1G4Y2,(289) 960-3566,French,N,2026-08-03 10:06:27
MRN43237105,Anthony,Sutherland,1953-10-12,1,6665624489,M2K4X8,6477755373,Arabic,N,2026-08-23 17:12:49
MRN26620399,Fatima,  Lee  ,1979-03-30,2,8741952579,M1B4B4,4163355943,English,N,2026-04-25 15:22:18
MRN59232924,Aishha,Roy,1926-08-10,2,2716210022,M6G2R9,6475556286,English,Y,2026-07-08 19:01:45
MRN67553332,Claire,Cote,1975-07-01,2,2199844289,M5G4L4,(289) 392-7875,English,N,2026-08-07 22:37:09
MRN47656622,Aisha,Rossi,1966-11-06,2,7332664270,M9L 3J3,437-887-9196,Punjabi,N,2026-08-19 04:44:46
MRN21829320,Kevin,Lee,2003-05-28,1,6025863496,M1C7W4,437-902-2340,English,N,2026-08-16 08:53:40
MRN69072643,Kevin,Kumar,1926-09-27,1,4727108153,L6C6A2,416-592-1753,English,N,2026-08-09 04:36:50
MRN61123100,Wei,Kim,1926-04-05,1,0069796142,M1K4B9,647-968-3874,English,N,2026-07-16 06:24:49
MRN15205425,Thomas,Davis,1935-01-12,1,9408696582,M2M 2G4,(365) 577-1830,Spanish,N,2026-07-16 17:34:31
MRN22192789,Jin,Nguyen,1942-11-17,1,1689717807,M2N3L7,4376132793,English,N,2026-07-23 10:50:39
MRN46979207,Olga,Mitchell,1965-11-01,2,9924327365,M5E4K5,,English,N,2026-07-24 08:05:42
MRN65552023,Ingrid,Allen,1988-11-01,2,2046783797,L5C8S7,4164899001,French,N,2026-07-06 22:33:36
MRN33690995,Emily,Hill,1969-12-28,2,2947577827,M3H5C1,,English,N,2026-08-06 05:06:28
MRN82183107,Kenneth,Ferreira,1926-10-28,1,,M6C1T3,647-631-6998,Arabic,N,2026-07-18 04:36:38
MRN46184582,Aisha,Hill,1972-01-14,2,6043335394,M1G3M4,647-647-5156,English,N,2026-07-11 13:20:50
MRN47938951,Mei,Lopez,1982-03-10,2,,L6B4Y5,6477160288,English,N,2026-07-15 07:49:30
MRN10136375,Wei,Jackson,1959-12-09,1,8050224164,M4G 0J8,9052915918,Cantonese,N,2026-08-31 21:30:02
MRN59280040,Joseph,Kowalski,1949-02-18,1,3180385829,M4E0P5,(416) 979-2020,French,N,2026-07-06 15:08:11
MRN36284524,Ana,White,1987-07-30,2,3615085937,M6M6E3,9055599809,English,N,2026-07-10 12:06:44
MRN17798792,Olga,Clark,1983-11-23,2,9515371418,L6C 0K2,416-220-1560,English,N,2026-08-27 14:19:23
MRN39153960,Hiroshi,Andeson,1983-02-18,1,0344264700,M5J0R2,(416) 569-3904,English,N,2026-07-06 09:25:44
MRN14016876,Fatima,Tremblay,1955-01-13,2,2871836355,M9L6C8,437-980-3872,English,N,2026-07-22 06:48:58
MRN22210769,Priya,Anderson,1972-12-30,2,3628850106,M8V0L7,289-306-7188,English,N,2026-08-16 17:16:24
MRN71973752,Josseph,Li,1966-08-15,1,5308147114,M4H3T2,(289) 320-7671,English,N,2026-08-31 16:00:11
MRN29793090,Linda,Ahmed,1973-11-30,2,3235211202,M4M1V2,4372253181,Punjabi,N,2026-08-05 12:27:19
MRN75391101,Yuki,Silva,1990-10-05,2,3139046647,M5A4P3,(289) 701-6706,Italian,N,2026-07-16 16:21:13
MRN61017840,William,Robinson,1961-02-21,1,0082288192,M4E 2W7,,English,N,2026-08-19 06:40:07
MRN99480802,Daniel,Silva,1954-12-22,1,8270743738,L5A4K7,9058683249,Spanish,N,2026-08-10 10:19:32
MRN88756886,Tomas,White,1993-01-18,1,3762206211,L6S 6W0,6477235709,English,N,2026-02-24 10:57:17
MRN56924329,William,Lopez,1954-05-04,1,1450950934,L5C0C4,365-219-9677,English,N,2026-08-07 20:53:41
MRN87180663,Jennifer,Ricci,1948-03-09,2,7828501341,M6E 9H5,416-301-7978,English,N,2026-08-21 09:04:33
MRN68204711,Barbbara,MacDonald,,2,,M2J8C8,289-626-2893,Mandarin,N,2026-07-30 05:03:25
MRN16787356,Sanndra,Gonzalez,2018-04-24,2,8093762303,L6P2J7,9052032434,Italian,N,2026-08-25 18:44:31
MRN88438135,Amir,Jones,1974-09-27,1,6941675073,L6B5G4,4374985092,English,N,2025-10-31 12:02:52
MRN40483411,Saarh,Thompson,1993-05-21,2,7406009139,M9N4L4,365-370-6755,Cantonese,N,2026-08-04 22:48:48
MRN91908807,Sofia,Jones,1989-08-30,2,8518225746,M1L5J0,4168879387,English,N,2026-08-17 16:41:54
MRN89741419,Mark,Harris,1976-08-01,1,6945942040,L4J4Z5,365-569-1024,Mandarin,N,2026-08-08 21:48:34
MRN41411972,Anthony,Johnson,1948-07-24,1,5305050303,L6G9A0,289-333-2461,English,N,2026-08-04 05:28:23
MRN55411022,Betty,Davis,1948-06-09,2,1368000848,M2J1L9,(365) 656-4820,Punjabi,N,2026-07-11 19:40:25
MRN14922226,Jean,Ahmed,1985-08-09,1,2298256070,M1G0L0,,French,N,2026-07-09 05:33:09
MRN55959943,Tomas,Tran,1991-02-21,1,3199134093,M9A 0R0,(437) 927-0767,Spanish,N,2026-08-02 18:45:06
MRN13615879,Kevin,Hill,1964-08-09,1,0309942498,,4169970190,English,N,2026-08-17 08:48:10
MRN57780186,Bill,Clark,1979-02-15,1,4093381970,M4B0T3,(905) 814-2445,French,N,2026-08-29 15:20:39
MRN25662025,Joseph,Adams,1944-07-05,1,7304317910,M4K4Y6,905-881-0302,Urdu,N,2026-08-15 15:17:55
MRN37695534,Digeo,Lee,1980-07-03,1,1084341849,M3H4C1,9054179739,Mandarin,N,2026-07-17 18:19:36
MRN70027605,Steven,Williams,1973-05-09,1,8733671088,M3C2T9,647-315-0970,English,N,2026-08-22 16:09:03
MRN71648868,Barb,Kowalski,1994-07-25,2,7261364215,M5J 1B5,647-279-8309,Mandarin,N,2026-08-25 08:41:09
MRN64972043,Claire,Ferreira,1972-07-12,2,8184606484,M3B4X5,905-828-2840,English,N,2026-08-23 12:59:32
MRN38724698,Daniel,Taylor,1996-10-10,1,9038146008,L4K7C8,647-657-7719,English,N,2026-07-13 13:14:31
MRN63142003,Lisa,Nowak,1987-01-01,2,2628796696,M5H3T4,,Mandarin,N,2026-08-20 06:02:43
MRN83556312,Claire,Hill,1994-03-29,2,3979917560,M3A1A4,2895856858,French,N,2026-07-14 22:29:17
MRN28263497,Ingrid,Green,1926-10-28,2,5125125178,M4A8T5,,English,N,2026-07-26 22:04:39
MRN30432238,Linda,Okafor,1947-04-03,2,,L5C 9B8,289-512-4264,Spanish,N,2026-08-08 13:58:11
MRN20317284,Jessica,Gagnon,1974-02-24,2,4261247896,M1M 8T0,6476602252,French,N,2026-08-04 18:56:11
MRN11248729,Aan,Santos,1945-10-13,2,3686640248,M4M2K9,905-989-6674,Cantonese,N,2026-07-27 13:51:06
MRN27793980,Christopher,Hassan,1970-08-09,1,3841360385,,905-700-2680,Spanish,N,2026-08-25 01:49:53
MRN71565912,Margaret,Osei,2008-08-27,2,2103596645,M1J 8V8,4165442752,English,N,2026-08-04 02:56:02
MRN87493292,Amir,Rossi,1985-11-30,1,0479500670,M4K5N2,289-729-6528,Portuguese,N,2026-07-07 07:17:52
MRN10927703,Claire,Anderson,1970-10-18,2,6373755534,M6L4B8,6479467448,Punjabi,N,2026-08-31 12:44:36
MRN39181647,David,Garcia,1971-03-05,1,8339647235,M2H4W0,(437) 715-3539,English,N,2026-07-16 20:10:13
MRN96490297,Sarah,Allen,1945-06-28,2,7007853083,L6L2P1,(905) 868-5595,English,N,2026-08-22 10:51:56
MRN14041005,Diego,Patel,2002-11-10,1,0883275364,M3A 2Z7,647-236-0223,English,N,2026-07-18 01:15:50
MRN49233629,Jnnifer,Hill,1963-03-29,2,7969679229,M8Y 2R1,2894439579,Spanish,N,2026-07-24 03:48:27
MRN58386907,Yuki,Brown,1965-10-26,2,9681277746,M8X6M3,437-215-3605,English,N,2026-08-08 23:30:51
MRN54419464,Hiroshi,Moore,1962-01-08,1,3432101206,M5E5S6,(905) 965-4725,Spanish,N,2026-07-26 04:06:34
MRN87670412,Chen,Santos,1951-08-20,1,1520629260,L4K 7A3,4168926984,English,Y,2026-07-06 17:18:34
MRN99518765,Chen,Rodriguez,1974-01-21,1,1790366080,L6C4N4,(647) 652-4992,French,N,2026-07-14 22:32:52
MRN68663962,Susan,Yougn,1968-12-08,2,4196228011,L6S7T6,(416) 289-0747,English,N,2026-08-14 13:57:28
MRN53522503,Yusfu,Sutherland,1992-02-26,1,6996035868,,4169724722,Punjabi,N,2026-07-06 05:21:37
MRN62123978,Zara,Baker,2001-08-05,2,4637666597,M5E1B2,647-245-5124,English,N,2026-07-11 23:08:15
MRN61457220,David,Wag,1970-01-24,1,4887084871,M3H5G2,(416) 318-3421,English,N,2026-07-28 18:36:48
MRN96118140,Priya,Miller,1970-05-12,2,4651877831,L4L1V5,(905) 540-7952,English,N,2026-08-03 05:45:18
MRN75101752,Kenneth,Nowak,1964-12-29,1,5654881506,M4B2X3,6475850607,English,N,2026-07-14 14:26:08
MRN44517976,Brian,Wilson,2031-04-12,1,6088491870,M4L8Z7,2899621522,English,N,2026-08-02 15:49:49
MRN83868052,Liinda,Murphy,2014-11-09,2,8884732580,L4K0Z3,647-818-5633,English,N,2026-07-03 20:59:34
MRN57694247,Priya,White,1976-06-18,2,2794492211,M5R 4B9,(289) 376-8886,Punjabi,N,2026-08-24 04:44:46
MRN76073779,Michael,Lewis,1976-11-07,1,9370393986,M6A3T1,416-789-8964,English,N,2026-08-13 23:20:58
MRN17844632,Richard,Lee,1960-01-01,1,8108238422,M9B 9Z8,647-394-8294,Punjabi,N,2026-08-17 04:44:12
MRN98157271,Sadnra,Murphy,1985-10-27,2,4369698503,M1E9P5,,English,N,2026-08-27 21:49:53
MRN19794803,Margaret,Jackson,1967-03-09,2,1167461357,M9M3H8,(437) 388-4593,Arabic,N,2026-08-04 14:29:45
MRN92911761,Joseph,Anderson,2004-12-31,1,1532681135,M1L9M0,4168586004,English,N,2026-07-09 20:34:42
MRN41837960,Fatima,Murphy,1995-07-02,2,0081896045,M5R4A8,9053115561,English,N,2026-08-15 09:11:03
MRN36806066,Ftima,Scott,1973-11-04,2,3901397970,L6M1W2,(289) 935-7316,Portuguese,N,2026-08-14 14:56:17
MRN55321019,Andrew,Murphy,1976-03-11,1,3771256819,L6L 6R3,647-373-7756,French,N,2026-07-17 06:50:15
MRN20464575,Luc,Silva,1955-12-25,1,1376526674,L6C4T8,4167254731,English,N,2026-08-17 15:46:01
MRN97319357,Amir,Lee,1979-12-30,1,3642002178,M4E4Y0,(289) 487-7313,English,N,2026-07-26 10:25:57
MRN35142867,Fatima,Robinson,1970-03-16,2,7373751085,L6H0W3,3657850984,French,N,2026-08-15 06:39:14
MRN65150663,Ling,Singh,2020-09-29,2,4655391540,M5J 2L3,416-420-5303,Mandarin,N,2026-04-06 05:58:49
MRN42292091,Daniel,Chen,1999-04-09,1,3356387823,M1E7W1,(437) 470-3725,Mandarin,N,2026-08-17 11:35:16
MRN86597564,James,  Robinson  ,2015-10-24,1,1523621682,M6J0K0,6476933228,English,N,2026-07-27 13:51:29
MRN62486550,Aisha,Chen,1994-11-09,2,6663559372,M1L6T4,3658831071,English,N,2026-07-14 18:22:57
MRN53164825,Richard,Rossi,1949-12-01,1,9371735037,M9C4J2,437-856-5188,Urdu,N,2026-08-17 07:49:43
MRN46939549,Omar,Ali,1958-01-07,1,,M3C7B2,,English,N,2026-08-31 01:55:48
MRN97856397,Joshua,Jones,1981-12-25,1,6602029800,l5c6y5,(437) 899-9016,Mandarin,N,2026-08-05 05:14:15
MRN11367776,Ivan,Lopez,1928-10-31,1,5159305423,M4C9L8,(905) 488-6922,English,N,2026-07-27 18:21:29
MRN85397224,Nadia,Wilson,1981-09-11,2,9648612241,M8V8X4,4374397675,English,N,2026-08-09 00:25:04
MRN56252219,Ling,Muphy,1926-09-22,2,1911518478,L6S4H1,4166207980,French,N,2026-08-25 13:06:47
MRN19319437,Joshua,Khan,2005-04-26,1,2983849668,M1C0N7,4168749326,English,N,2026-08-22 05:32:53
MRN29681195,Kevin,Gagnon,1977-09-24,1,4707001592,L6B6S9,(289) 318-5848,English,N,2026-06-02 04:51:05
MRN41385777,Joshua,Garcia,1969-04-04,1,6202225329,M6E5H8,(365) 416-5693,Mandarin,N,2025-11-06 02:57:29
MRN31515337,Barb,Zhang,1987-01-21,2,6211610313,M3H 4W6,4165912365,Mandarin,N,2026-08-08 13:27:48
MRN69893070,Kenneth,Hassan,2006-11-06,1,6222755586,L4J5V5,2895076858,English,N,2026-07-15 11:55:50
MRN36444069,Nadia,Silva,1981-10-06,2,1693617910,M1B7K7,4378241107,French,N,2026-08-28 23:43:54
MRN64880462,Betty,Garcia,1976-07-03,2,7073866175,m3c3s1,4165699902,Spanish,N,2026-07-21 23:08:06
MRN33206637,Krnneth,Ferreira,1967-01-08,1,2546844438,M1L 0W6,3655467228,French,N,2025-07-10 19:04:53
MRN62056141,Jenniifer,Nelson,1960-12-16,2,1306317270,M6K1H1,(289) 391-4960,English,N,2026-08-30 22:22:57
MRN89101881,Brian,Mensah,1974-04-01,1,0293045688,l5c6y4,289-881-6951,Urdu,N,2026-08-05 06:54:09
MRN52202944,Mohammed,Wang,1926-12-14,1,3426906990,M1B0E6,(437) 337-0158,French,Y,2026-08-09 07:46:17
MRN31165378,George,White,1990-10-18,1,1318387315,M3C 4G0,2899558405,English,N,2026-07-27 10:23:57
MRN64423301,Michelle,ali,,N,9365536086,L5N0M7,3659424894,English,N,2026-07-11 17:52:39
MRN90290576,Olga,O'Brien,1966-04-02,2,0937945244,M4L1H6,2896908456,English,N,2026-08-18 00:53:29
MRN45731477,Ana,Harris,1959-12-17,2,6125066644,M2N8S2,365-806-9290,English,N,2026-08-25 09:59:46
MRN57637795,Pedro,White,1955-09-11,1,2515455596,M6K7A7,(905) 383-5733,English,N,2026-08-12 07:00:36
MRN23358263,Melissa,Smith,1988-04-16,2,8477512100,M2H3Y2,9052802532,Farsi,N,2026-08-21 05:21:13
MRN76951906,Diego,Walker,1959-12-25,1,,M1J7E7,,English,N,2026-07-18 10:00:30
MRN25184912,Wei,Harris,1995-03-03,1,6972148222,M2R0Z6,,English,N,2026-07-26 22:31:30
MRN99936004,Sofia,White,1989-03-01,2,6124753887,L5N1T7,(289) 669-7401,English,N,2026-07-24 01:24:53
MRN30728288,Michael,Lewis,1957-07-11,1,7178185380,M3A1Z2,(905) 615-6754,Mandarin,N,2026-07-12 14:18:48
MRN34675565,Patricia,Allen,1977-05-30,2,3276651738,M2H4M71,,English,N,2026-08-14 15:50:19
MRN78898680,Andrew,Miller,2012-02-09,1,6769809010,M9B0M6,,English,N,2026-07-20 09:00:00
MRN92885586,Liz,Ross,1964-02-11,2,,M6A1K3,365-462-7833,English,N,2026-07-28 12:15:22
MRN70829915,Mcihelle,Tran,1956-10-08,2,9120516662,M4E7E6,(905) 462-1894,English,N,2026-08-07 10:42:14
MRN16692112,Zara,Tremblay,1957-10-03,2,9555989657,M9A4E9,(437) 578-5440,Tagalog,N,2026-07-24 02:29:00
MRN32153040,Ingrid,Hill,1945-06-19,2,5455599448,M4G1Z6,437-992-5866,English,N,2026-08-31 06:20:01
MRN37587241,Ian,Ricci,1986-08-09,1,0306252917,M1H8H6,365-700-1064,English,N,2025-11-03 21:34:12
MRN58203384,Susaan,Hernandez,1961-12-22,2,2866587559,L4L8J2,647-968-9817,Farsi,N,2026-07-06 21:16:16
MRN80864554,Mei,Jackson,1962-04-19,2,9949947346,M4H3X9,,Farsi,N,2025-06-10 02:03:30
MRN95652667,Kenneth,Tremblay,1985-08-06,1,7898174300,M1E3P0,437-361-1786,French,N,2026-08-23 12:38:59
MRN43333603,Sofia,Kowalski,1952-07-25,2,,M8X 7G8,437-347-8126,French,N,2026-08-24 15:48:46
MRN34409982,Priya,Silva,1958-03-03,2,3135869760,L6H2N6,365-961-0376,Mandarin,N,2026-07-30 16:24:08
MRN75530217,Daniel,Martin,1972-08-09,1,4769303720,M2K3H1,289-627-5830,English,N,2026-07-10 04:34:12
MRN94178110,Patricia,Nelson,1981-10-06,2,7913433723,19B9Y9,416-500-1634,Spanish,N,2026-01-03 04:55:50
MRN29803866,Ashely,Fraser,1954-02-07,2,0840574164,M1C3Y9,,Spanish,N,2026-07-04 10:17:50
MRN67532992,William,Johnson,2012-08-28,1,0532654795,L6L1G6,9055466053,English,N,2026-08-11 01:17:58
MRN50769813,Melissa,MacDonald,1995-09-20,2,0915777684,L5B2V0,2896288174,Tagalog,N,2026-07-24 02:24:16
MRN77071053,Mandy,Rodriiguez,1983-07-24,U,5959676668,L4K6M9,647-664-5350,English,N,2026-08-17 02:50:00
MRN46811294,Raj,Chen,1972-04-16,1,6918697670,M4L0T7,,Tagalog,N,2026-07-12 19:43:30
MRN34094832,Nancy,Garcia,1966-01-15,2,,M3H6L5,(905) 697-2976,English,N,2026-08-18 12:01:20
MRN24356865,Ling,Miller,1965-09-26,2,5615972311,M8V0G3,9059625816,English,N,2026-07-17 03:18:14
MRN47971870,Diego,Thomas,1937-10-12,1,,M4L3E0,,English,N,2026-07-15 07:56:46
MRN45152441,Joseph,Rodroguez,1987-10-27,?,7394599836,M2K0N1,4165869500,English,N,2026-02-02 12:27:18
MRN42322899,Amanda,Jackson,1971-03-30,2,4089724399,L6J6H3,(905) 679-4720,English,N,2026-07-30 20:21:28
MRN78836105,Ashley,Ahmed,1988-12-28,2,1321019323,M1K1J1,905-562-2663,English,N,2026-07-23 12:41:20
MRN90898975,Betty,Singh,1982-10-06,2,0989873393,M4J0P9,9052751216,English,N,2026-08-01 10:55:55
MRN33345897,Richard,Singh,1995-01-11,N,,,(416) 776-5940,English,N,2026-07-06 02:35:48
MRN82970427,Liz,Campbell,1954-05-25,2,1423117306,M6A3G0,3659018137,English,N,2026-07-15 05:30:43
MRN46782363,Amra,Silva,1982-11-20,2,,M1H5L5,(289) 650-0811,English,N,2026-07-20 07:20:04
MRN91010793,Mohammed,Thompson,1932-01-31,1,6518370660,M5A8J6,4378597529,English,N,2026-07-16 18:54:55
MRN49063525,Jennifer,Hernandez,1970-09-23,2,8686730659,M4J9X2,(289) 638-4367,Punjabi,N,2026-08-23 23:15:58
MRN87170242,Sheelly,White,2004-01-19,2,2780336646,M6H2W3,4374377584,English,N,2026-08-19 12:35:40
MRN69388819,Karen,Murphy,1926-04-25,2,4521850521,L6L0V8,(416) 780-7119,Punjabi,N,2026-08-05 04:51:56
MRN96204302,Fatima,Singh,1962-04-04,2,4093449553,L6P9R0,6473826196,English,N,2026-08-12 23:00:50
MRN25210899,Jean,Ganon,1973-04-01,1,4174106403,,365-627-7804,Mandarin,N,2026-08-22 05:11:37
MRN54490753,Luc,Wright,1989-03-21,1,0645597600,M5A 0P6,3653783133,French,N,2026-08-01 23:44:36
MRN23852945,Thomas,Nguyen,1969-11-03,1,4153544400,M8W 6S6,(647) 292-9434,French,N,2026-07-08 07:30:10
MRN92342540,Hassan,Johnson,1975-08-23,1,2891983336,M6L5S7,4168152791,English,N,2026-07-09 08:01:05
MRN46649119,Patricia,Garcia,1991-10-22,2,6873854761,M4H8L5,(437) 384-3431,English,N,2026-07-12 12:50:37
MRN86273855,Daniel,Mensah,1954-01-26,1,7694457800,M1E3B7,905-970-5077,English,N,2026-08-06 11:33:07
MRN75399506,Jean,Mensah,,1,2805088509,L6S9N5,9054532042,English,N,2026-07-30 12:49:43
MRN59259027,Kvein,khan,1980-11-17,1,3272307129,M1N0N1,289-510-1770,English,N,2026-07-12 23:40:30
MRN51713808,Barb,Gagonn,1954-09-10,2,2635310903,M5N5N0,6478072139,Tagalog,Y,2026-07-18 12:17:57
MRN88051447,Sarah,MacDonald,1994-07-10,2,5065235110,M4A4N7,,English,N,2026-07-13 03:10:07
MRN45088726,Omar,Zhang,1959-11-14,1,2083702734,00000,(647) 592-0860,Punjabi,N,2026-07-08 21:51:47
MRN97448372,Amara,Cote,1973-12-02,2,,L6G7W9,4377670743,English,N,2026-07-23 14:22:44
MRN93065163,Nna,Williams,1991-01-11,2,7829807473,m4j9k9,(437) 577-6481,English,N,2026-08-22 15:16:35
MRN24688696,Matthew,Thomas,1938-07-17,1,1594529800,M9A1G6,905-639-4121,Tagalog,N,2026-07-04 06:37:54
MRN59452659,Betty,Fraser,1975-09-28,2,5569050700,M6A1G1,3655854093,Tagalog,N,2026-07-23 15:14:45
MRN43336543,Nadia,Khan,1976-01-16,2,0535811459,M2M4Z2,,French,N,2025-12-28 16:03:34
MRN80392850,Mohammed,Wilson,2021-03-16,1,7377736082,M1L5V6,3659126680,English,N,2026-08-09 04:17:01
MRN55421285,Michael,Rodriguez,1960-04-11,1,9693810518,M9B0L3,(647) 889-0450,English,N,2026-08-17 09:27:38
MRN71812236,Chris,Thomas,1972-11-27,1,0421011362,L6J0R1,647-310-1613,English,N,2026-07-06 12:50:51
MRN35026869,Marie,Scoott,1962-01-01,2,8297555248,M9A 2Z6,(905) 684-1864,Spanish,N,2026-08-04 22:49:30
MRN88234035,Claire,Robinsoon,1970-08-04,2,1853619136,L6A1T4,(416) 789-7466,Tamil,N,2026-08-02 02:58:10
MRN63866198,Raj,Thompson,1958-04-20,1,0853638690,M2R5S0,2896137416,English,N,2026-07-16 17:26:27
MRN80709540,Michael,Nelson,1974-11-07,1,8437126041,,6477014867,English,N,2026-07-16 12:09:48
MRN98702664,David,White,1955-06-01,1,,M5B0P3,(289) 953-2254,French,N,2026-08-01 18:16:12
MRN54535330,Susan,Clark,1955-09-01,2,1127314480,M6C9E3,(289) 868-4513,Punjabi,N,2026-08-22 13:42:23
MRN86001501,Kevin,King,1955-04-09,1,2099398246,L5A 0L6,9057602794,Mandarin,N,2026-08-03 21:20:16
MRN94534576,Sofia,Lopez,1975-05-13,2,1461833970,L6J5G7,,English,N,2026-07-17 12:08:53
MRN92662104,Lsa,Thomas,1939-04-28,2,,M5H6E1,(416) 759-2354,English,N,2026-08-01 09:40:06
MRN50596966,Yuki,O'Brien,1987-05-30,2,9544488464,M5B2Z8,(647) 582-1098,Urdu,N,2026-08-21 11:39:50
MRN44589852,Aisha,MacDonald,1950-08-09,2,4692460472,M8V9G1,416-791-8356,French,N,2026-08-18 03:18:48
MRN66919172,Jessica,Thomas,1979-01-26,UNK,7234294952,M5H9G3,9058667698,French,N,2026-07-26 22:11:58
MRN83347952,Kenneth,Santos,1981-05-25,1,1518137920,M5P2X4,9053924686,English,N,2026-08-03 10:24:29
MRN96622091,Diego,Tremblay,1976-05-25,1,3146326578,L6P8X7,,English,N,2026-07-30 17:03:20
MRN91257861,Pdro,Johnson,1959-01-06,1,0714996741,M4G7N5,437-606-3540,English,N,2026-08-12 22:37:03
MRN31728050,Susan,Tremblay,1943-01-04,2,6550724899,M9N6V2,2894386824,English,N,2026-07-10 08:02:22
MRN99841659,Claire,Wright,2006-04-13,2,0745656298,M1G3J2,(289) 763-4040,English,N,2026-08-31 02:54:28
MRN29428824,Zara,Zhang,1952-09-25,2,8124062871,M5J4N1,416-373-2426,Mandarin,N,2026-01-29 18:58:02
MRN62163902,Margaret,Kumar,1961-04-23,2,,M1K3H5,(647) 438-1890,English,N,2026-07-23 15:12:41
MRN40782877,Sarah,Jones,1950-03-21,2,3689049009,M8Y7N0,6474309087,English,N,2026-08-06 08:11:37
MRN72926417,Pedro,Singh,1990-04-10,1,7817735439,M9M,(905) 578-1347,English,N,2026-08-20 09:51:46
MRN91916686,David,Zhang,1951-06-24,1,6069038377,M2J0Y0,(905) 600-2990,Mandarin,N,2026-07-15 09:10:40
MRN65526564,Mary,Lopez,1966-02-15,2,6361987487,M2N4C6,(416) 883-4082,French,N,2026-07-09 02:45:45
MRN98212444,Nancy,Bsker,1990-07-26,2,1379690876,M5R8J9,(365) 994-8467,English,N,2026-08-17 04:10:59
MRN57054506,Sofia,Johnson,1988-07-03,2,7165375911,M5E9H4,(905) 698-7561,English,N,2025-08-28 05:35:08
MRN20299745,Chen,Mensah,1966-05-20,1,4046328110,m6c2g8,2897011849,Mandarin,N,2026-07-20 03:26:45
MRN18753139,Chris,Bker,1937-12-27,1,9317465590,M6L8H6,,Punjabi,N,2026-07-15 22:17:46
MRN83629863,Richard,Kumar,1977-01-31,1,1528516931,M4E 0J8,365-961-1073,French,N,2026-07-14 01:36:59
MRN77288248,Nadia,Walker,1990-10-23,2,7738585103,M5G1Y4,,English,N,2026-08-06 15:10:57
MRN83421961,David,Wilson,1983-08-16,1,6681160443,M5E6Y7,3653126086,English,N,2026-07-11 03:27:03
MRN36717767,Karen,Silva,1992-04-17,2,3746020225,L6J8Z9,3656635674,Urdu,N,2026-07-22 18:27:32
MRN89135051,Rick,Scott,1994-05-18,1,9224030776,M9B5J2,365-821-3030,English,N,2026-08-09 05:33:38
MRN97889754,Ivan,Clarrk,1955-03-14,1,9392558970,M5G7H5,2896952480,Punjabi,N,2026-07-30 19:20:58
MRN22279904,Sofia,Moore,1953-10-22,2,,L4L3Y1,647-739-4586,English,N,2026-07-18 23:13:57
MRN11584705,Ashley,Harrris,2003-06-02,2,2318668148,M1C1Z8,2899340957,Portuguese,N,2026-08-07 05:43:09
MRN16218283,Fatima,Kowalski,1988-04-17,2,6842495936,M1L5E2,(416) 788-0890,English,N,2026-07-04 13:50:53
MRN43847044,Michelle,Sutherland,1965-01-15,2,4939783439,M4K 5G9,9055182709,Urdu,N,2026-07-06 19:06:13
MRN62139182,Linda,Roy,1956-09-28,2,8834670716,M1H5P9,365-761-4947,Punjabi,N,2026-08-12 16:31:05
MRN63328323,Betty,Martin,1970-08-31,2,7773326355,M1N5T5,(905) 871-0515,English,N,2026-07-28 13:31:06
MRN46339016,Aan,MacDonald,1986-07-10,2,3404300927,M8W0K7,416-202-5211,English,N,2026-08-03 20:45:40
MRN78393161,Mary,Okafor,1999-12-20,2,7597532477,M2K5Z9,(437) 220-9440,English,N,2026-07-25 16:42:30
MRN56609120,Linda,Kim,2013-12-18,2,6448859295,M4M7Z7,905-872-8102,English,N,2026-08-17 07:18:05
MRN80838117,Amara,  Harris  ,1953-07-19,2,7512937561,L5C4S1,(905) 796-7658,French,N,2026-07-09 05:33:34
MRN88504685,Yuki,Mller,1948-11-15,2,5450670335,M9N0Y6,(647) 848-8527,English,N,2026-07-30 20:53:17
MRN96014564,Barbara,White,1966-10-08,2,3884186655,M8W5T1,3655927316,Spanish,N,2026-08-24 13:38:24
MRN46216830,Thomas,Rossi,1943-12-26,1,6847520050,L6C7V8,905-795-8959,Mandarin,N,2026-08-24 22:59:42
MRN17242574,Karen,Fraser,2025-06-27,2,4248941967,,905-405-6555,English,N,2026-08-11 16:11:24
MRN59606085,Pedro,Harris,2025-08-05,1,9704169441,M4B8V8,905-443-5359,English,N,2026-07-22 09:27:00
MRN71595644,Betty,Patel,1960-08-29,2,8906041762,L4C9G3,3655866745,English,N,2026-08-27 02:28:27
MRN37782609,Nadia,Smith,1948-01-05,2,0641320882,,,Tagalog,N,2026-08-26 05:30:36
MRN98828924,Claire,Campbell,1971-06-11,2,5273690619,M4M6R5,,Mandarin,N,2026-07-28 13:45:45
MRN63359317,Nancy,Murphy,1957-03-13,2,7972898162,M5B0W9,(365) 579-7379,French,N,2026-07-25 00:18:06
MRN53027468,Ling,King,1980-03-25,2,4133672248,,9054360059,English,N,2026-08-17 12:03:31
MRN94623960,Mri,Rossi,1994-12-09,2,7140885679,m6h5g8,4372664928,English,N,2025-07-17 21:45:19
MRN27626699,Ivan,Okafor,1980-09-26,1,9574065380,L6B 8V5,905-460-4952,English,N,2026-08-31 14:54:40
MRN85919114,Bob,Garcia,1997-09-19,1,2374365639,M4A9X5,905-822-2816,English,N,2026-08-01 01:17:44
MRN57241568,Sofia,Khan,1997-08-16,2,7796549462,L6S 3R1,,English,N,2026-07-06 06:46:11
MRN24428849,Hassan,Khan,1976-03-10,1,5262071128,M1J4W4,905-875-6735,French,N,2026-08-24 11:59:06
MRN49273330,Amanda,Cote,1983-07-23,2,7217810345,M2J9M3,4162500112,English,N,2026-08-09 10:03:43
MRN22217100,Mei,Williams,1974-06-05,2,,L6M2V3,416-757-8182,English,N,2026-08-12 06:02:05
MRN55454829,Mei,Cote,1971-03-27,2,0250465895,L6S1C3,4375764490,Portuguese,N,2026-08-22 05:34:56
MRN57237208,Mohammed,Clark,1985-11-21,1,,M4B6J2,2895961863,English,N,2026-07-17 17:46:01
MRN18944050,Priya,Tremblay,1975-06-25,2,1526264872,M2J3X2,2894763253,English,N,2026-08-21 03:54:42
MRN83104732,Emily,Thompson,1960-04-14,2,,M4A9S0,3652275280,Mandarin,N,2026-08-22 08:30:41
MRN24062232,Hiroshi,Nelson,1989-04-17,1,4853819029,L6J3C4,,Mandarin,N,2026-08-22 20:37:31
MRN18091525,Jon,Kim,1986-07-30,1,1730097696,M6A 4Y6,4169296327,English,N,2026-08-10 11:14:39
MRN38598178,Yusuf,Williams,1968-10-14,1,7472546105,M6A1B2,2895722275,French,N,2026-08-06 21:10:09
MRN30994648,Ling,Tran,1985-05-18,2,7371791836,M6E1K3,(365) 951-1636,English,N,2026-08-09 14:58:31
MRN30967790,Patricia,Silva,1993-09-03,2,3673897322,L4J9J5,437-763-0577,English,N,2026-07-13 20:23:56
MRN32154781,Barbara,Patel,1996-03-25,2,3269514927,m6j2a1,(365) 765-2052,Punjabi,N,2026-08-14 19:13:50
MRN19213256,Aisha,Ricci,1981-07-30,2,2177463375,M5P3M8,4162394991,English,N,2026-08-10 09:14:08
MRN66996826,Karen,Kim,1976-01-27,2,,L4B4X5,6474070058,French,N,2026-08-27 14:39:18
MRN84602906,Nadia,Green,1932-06-11,2,7650316024,M9N5H8,,French,N,2026-08-20 20:51:49
MRN88526898,Pedro,Martin,1967-12-14,1,6974246138,L5B7A7,416-987-2729,English,N,2026-07-25 02:09:15
MRN58142997,Sofia,Jackson,2008-11-13,2,6445749564,M6A9S2,9057997972,Mandarin,N,2026-08-29 03:00:03
MRN30022156,Ahmed,Davis,2025-03-10,1,2768665271,M2R0A7,,English,N,2026-07-09 08:23:23
MRN19816229,Sandra,Williams,1995-08-11,2,3586315925,L6L9E4,3653980357,English,N,2025-08-12 05:12:11
MRN42109222,Wei,Osei,1980-02-11,1,6403234344,M2R3K0,(905) 753-4758,English,N,2026-08-04 08:55:53
MRN18106906,Robert,Wright,1963-02-10,1,0087137378,M6B4Y1,437-471-4560,English,N,2025-11-17 06:18:32
MRN73983025,Thomas,Bouchard,,1,1858176140,M6E7E8,(365) 293-5467,Mandarin,N,2026-07-08 12:20:47
MRN82452603,Diego,Taylor,2000-05-30,1,8903183278,M3A3S6,(905) 495-5159,English,N,2026-08-25 23:03:58
MRN19023182,Jin,Santos,1942-09-16,1,0717705875,L5C6X9,(647) 429-0549,English,N,2026-08-12 18:00:57
MRN44501161,Michelle,Garcia,1956-11-23,2,9258090000,L4C4J8,4169077340,English,N,2026-07-11 09:50:51
MRN98256336,Fatima,Baker,1963-09-12,2,9531295898,L6B0H3,647-303-9021,French,N,2026-08-07 10:25:16
MRN82708802,Mohammed,Okafor,1968-07-03,1,3901149272,L6C3B0,,English,N,2026-07-03 10:17:10
MRN13861199,David,Silva,1899-01-01,1,,M1K 0G2,6473957667,Tamil,N,2026-08-05 22:45:38
MRN26166686,Hiroshi,Hernandez,1975-03-12,1,6757351736,M9A8T4,6476701632,English,N,2026-07-16 05:56:23
MRN24733001,Karen,Hill,1940-04-16,2,,M1M7J1,(289) 640-0962,English,N,2026-07-16 22:56:16
MRN97796495,Yukki,Kim,1981-05-15,2,5318440434,L6L6N9,(365) 571-5851,Urdu,N,2026-08-13 17:37:40
MRN55195483,Lisa,Mitchell,1975-07-07,2,9707532348,M2K6N0,(647) 664-5932,English,N,2026-08-16 19:00:10
MRN39168518,Daniel,Lee,1899-01-01,1,5230713389,M1N2A8,(905) 896-2491,English,N,2026-08-16 19:30:06
MRN44441859,Claire,Ali,1973-11-04,2,5489326818,L5B2W3,(647) 281-7625,Punjabi,N,2026-07-30 23:35:43
MRN46970838,Sarah,King,1965-03-27,2,9697345875,M2J 1V6,9052716249,Cantonese,N,2025-08-06 01:06:46
MRN45727358,Jin,Wilson,1958-01-04,1,6392495393,M6H4M5,4378757553,English,N,2026-07-20 06:19:56
MRN28194271,Zara,Singh,1984-05-16,2,6372383221,M4L3N9,,English,N,2026-07-03 01:43:42
MRN52119830,Mekissa,Silva,1994-01-07,2,4296637020,M5R7X7,289-734-4435,English,N,2026-07-10 22:39:41
MRN11833236,Ashlley,Fraser,1968-06-03,2,0224576033,15R6R9,(647) 270-5038,English,N,2026-02-12 14:39:14
MRN27498894,Nancy,Ross,1978-08-22,2,5360898497,M2M1X5,905-956-6798,English,N,2026-08-06 05:16:17
MRN22902491,Sarah,Stewart,2012-07-01,2,,L6J5V1,4374499007,English,N,2026-08-20 08:06:11
MRN10440631,Mohammed,Johnson,1947-08-04,1,7074739066,M5H1G1,437-868-0129,English,N,2026-08-27 17:18:09
MRN64107515,Linda,Gonzalez,1982-04-21,2,7948560441,M8W0W5,6472570023,English,N,2026-08-15 09:41:57
MRN15573811,Nikolai,Silva,1984-01-17,1,4357408808,L5C8A9,,Mandarin,N,2026-07-13 22:27:54
MRN38633003,Ingrid,Hill,1932-05-04,2,2347427672,L6P 8Y0,289-641-0751,English,N,2026-07-10 11:08:06
MRN97441205,Chiiara,Anderson,1938-10-30,2,2706929078,L6M5B6,3658583680,Mandarin,N,2026-07-25 07:54:20
MRN57474030,Hirsohi,Ricci,1983-11-20,1,3205766839,M3B7C8,(416) 372-7385,Tamil,N,2026-08-20 00:51:13
MRN92357617,Londa,Stewart,1998-06-17,2,5823620363,M1B 5S3,(289) 953-0472,Mandarin,N,2026-07-20 10:33:56
MRN42929275,Olga,Rooy,2004-04-12,2,0596647727,M9C0P1,4373591286,English,N,2026-07-04 23:02:08
MRN39875416,Pedro,Wright,1973-10-23,1,4923395752,L4L4C8,(289) 980-9117,English,N,2026-08-20 03:05:42
MRN40980057,Amir,Park,1980-03-17,1,2968310504,L4C6A9,365-428-9077,English,N,2026-07-18 10:34:18
MRN10123914,Sofia,Garcia,1999-09-04,2,1761756814,M1L 4B8,3657295850,French,N,2026-07-10 01:16:53
MRN61948003,Jen,moore,2006-04-06,2,6976583721,M4C4A8,,English,N,2025-08-29 14:45:35
MRN91754330,Chiara,  Stewart  ,2018-06-05,2,1167633948,M3A3Z0,4167744885,English,N,2026-07-03 14:10:07
MRN56498735,Nadoa,Hassan,1980-11-03,2,,M5E0A2,6474515635,English,N,2026-07-06 23:39:27
MRN18816227,Amir,MacDonald,1982-12-26,1,7680395279,M5P2H0,4162827666,Tagalog,N,2026-08-30 18:43:18
MRN22850265,Ana,Martin,1985-04-24,2,6033264414,M6L2W6,(365) 612-1944,English,N,2026-08-03 20:21:14
MRN82635511,Melissa,Ali,1990-05-13,2,4213424346,m6e9z5,4373510978,Punjabi,N,2026-08-12 20:44:29
MRN59287821,Williaam,Carter,2011-09-27,1,6244609670,M6E2M7,9055787451,English,N,2026-07-15 08:47:09
MRN20931580,Shelly,Wilson,1963-11-28,2,8817374849,M9L2J0,905-337-2361,Mandarin,N,2026-08-18 01:11:47
MRN10972759,Mohammed,Kumar,1959-11-02,1,8183323602,,(365) 764-1572,Tagalog,N,2026-07-08 20:04:29
MRN29834019,Ingrid,Moore,1953-12-21,2,2493271395,M5N8M9,2896978418,English,N,2026-08-27 02:43:59
MRN80370751,Daniel,Thomas,1983-07-24,1,7905440900,M4L7H9,(905) 963-6458,French,N,2026-08-12 00:11:16
MRN52532698,Chaira,Li,1973-08-21,2,7667698760,L5B5K1,437-564-5019,English,N,2026-08-06 17:09:41
MRN60393930,Ashley,Murphy,1968-01-27,2,4464247115,L4K2S8,(905) 303-5629,French,N,2026-07-03 22:13:23
MRN36736987,Olga,Garcia,1972-09-07,2,2269683856,M5J2E5,3652881078,English,N,2026-08-27 10:17:26
MRN38847969,Amanda,Tran,1968-01-08,2,8331297781,M1J4V6,9053933700,English,N,2026-08-15 05:13:49
MRN87840500,Thomas,Thmoas,1963-10-07,1,5453263245,m9a3w5,4166944179,French,N,2026-07-19 05:40:43
MRN80694775,Cllaire,Sutherland,2025-01-02,2,4926831431,M5P4V0,4168700417,English,N,2026-08-11 05:17:24
MRN40199282,Mei,Hikl,1956-11-20,2,5824095599,L6P5S3,(905) 765-4698,English,N,2026-07-15 06:07:20
MRN19152883,Luc,Ferreira,1954-03-05,1,3063027407,M6B0X4,9054989538,Cantonese,N,2026-08-08 22:46:36
MRN80396675,Luc,Nelson,1967-04-06,1,1574785844,M3B6C1,(289) 297-2916,English,N,2026-08-29 07:45:37
MRN48933346,Betty,Li,1959-02-24,?,3029072422,M5B7S8,365-709-7967,Punjabi,N,2026-07-26 12:03:17
MRN10429359,Yuki,Davis,1963-04-27,2,2070728338,M3H0V9,2896141413,English,N,2026-08-24 07:53:25
MRN47656460,Nadia,Santos,2025-01-11,2,3943650394,M1G4K2,9058421584,English,N,2026-08-10 17:47:13
MRN72219362,Zara,Cote,2010-12-31,2,7160369059,M2R3W9,(289) 947-4901,English,N,2026-07-15 10:21:09
MRN46149477,Joshua,Mensah,1958-09-22,1,8349108574,L6H 6X6,4165844792,Spanish,N,2026-07-21 08:32:56
MRN91987368,Nadia,Li,1977-10-25,2,7533575812,L6B0B2,289-966-0814,English,N,2026-08-29 10:05:35
MRN21677906,Priya,rodriguez,1967-12-26,2,0773344635,M5J5E6,416-350-9297,Tagalog,N,2026-07-04 14:37:31
MRN34665988,Luc,Adams,1976-07-31,1,0982170045,L4B8Z5,(647) 592-7880,English,N,2026-08-30 12:45:10
MRN35094115,Michael,Wang,1936-09-29,1,3951879604,M4L6H7,289-667-7685,English,N,2026-08-26 06:18:01
MRN21293553,Ling,Kumar,1969-09-02,2,0804590065,M4L2K9,,English,N,2026-07-17 11:58:07
MRN55912656,Patriicia,Gonzalez,1927-09-02,2,4901275893,M1B3J9,,English,N,2026-08-20 02:13:13
MRN44737302,Fatima,Kelly,1990-11-12,2,5076145209,M4G6E6,4376508424,Mandarin,N,2026-08-22 15:09:58
MRN86657313,Ling,Ali,1979-08-23,2,1311891897,M6G6B3,(905) 904-2560,English,N,2026-07-15 13:41:25
MRN41449173,Diego,Santos,1979-06-15,1,2481179071,L5N8K9,647-409-3984,Mandarin,N,2026-07-22 23:41:49
MRN58702983,Sofia,Lee,2020-06-30,2,4035331495,M4E2K2,(905) 427-8170,English,N,2026-07-08 06:53:01
MRN92389488,Susan,Mensah,1987-05-26,2,3095786418,M6G4H9,4378312633,Urdu,N,2026-07-04 15:59:34
MRN54720504,Sarah,Sutherland,1976-12-07,2,1947892558,M1H1P8,3655236667,English,N,2026-08-02 21:22:37
MRN25100892,Diego,Smith,1982-02-11,1,2365698907,M5J8K7,(289) 563-6177,English,N,2026-07-03 22:13:39
MRN31839811,Chris,Wright,1933-08-28,1,1489397370,m6b9a4,(365) 533-6898,French,Y,2026-08-28 03:39:14
MRN61945862,Brain,Ferreira,1972-03-24,1,7908822260,M5K3E5,365-247-9289,English,N,2026-04-16 01:38:05
MRN22468641,Raj,О'Brien,1961-11-01,1,0629734757,M9B2S8,4165271160,French,N,2026-07-15 22:19:37
MRN28467804,Ling,Thompson,1978-12-23,2,0945839209,M5N 3R2,647-275-4710,French,N,2026-07-09 02:17:41
MRN92390839,Olga,Tremblay,1987-01-01,2,7937214760,M4A1X1,6479401770,Urdu,N,2026-07-26 21:24:06
MRN73280893,Hiroshi,Johnson,1957-08-07,1,4286438249,M4M,,English,N,2026-08-04 21:58:56
MRN32396507,Patricia,Hernandez,1981-07-21,2,4940874607,L6C1A8,647-884-0925,English,N,2026-07-07 19:57:56
MRN37106214,Tomas,Santos,1949-05-24,1,6178166069,M3H6K2,(905) 364-5275,Portuguese,N,2026-08-28 07:01:09
MRN46082633,Jin,Ricci,1951-04-03,1,1363462472,M1H7B9,3653078137,French,N,2026-07-07 03:32:35
MRN19182165,Josrph,Okafor,2031-04-12,1,5456728806,M4B3T7,(289) 502-4136,English,N,2026-08-15 15:52:23
MRN70050837,Ana,Lewis,1971-07-17,2,3852848088,L4B9T4,4377378372,English,N,2026-07-19 01:42:14
MRN17259368,Christopher,Khan,1958-12-15,1,2851272910,M5K7E6,6477701163,English,N,2026-08-11 16:31:13
MRN62213954,Jean,Wilson,1926-02-03,1,9113681747,M6L4B8,(289) 796-8977,English,N,2026-08-29 12:35:45
MRN18194370,Melisas,Rossi,2003-05-21,2,0144312600,M3C6R2,(905) 632-6904,English,N,2026-08-18 14:31:33
MRN89754492,Christopher,Allen,1978-06-19,1,4132700917,M1H0N2,416-777-9231,French,N,2025-12-17 15:39:43
MRN82400233,David,Okafor,1961-04-25,1,1686092667,M2M 0X8,,Punjabi,N,2026-08-22 19:34:50
MRN41371120,Amir,Nowak,1982-11-18,1,3644875977,M1N9R5,(289) 746-6260,Mandarin,N,2026-07-22 04:32:46
MRN20961337,Mohammed,Jackson,1928-06-06,1,8682570737,M8W 1W4,416-939-9644,Mandarin,N,2026-08-27 14:14:14
MRN55256871,Mary,  Martinez  ,1976-04-05,2,8537531082,L4K8K7,9057826147,English,N,2026-07-14 22:59:51
MRN31445123,Amara,Smith,1998-08-18,2,1816366981,L6S9H3,3655591221,English,N,2026-08-29 08:57:22
MRN23821105,Betty,Gonzalez,1963-12-11,2,1822880553,M4C5A4,647-629-6539,French,N,2026-07-29 18:48:13
MRN17965164,Amara,White,1971-03-08,2,8222497508,L6R1R8,3658667498,English,N,2026-08-30 06:41:23
MRN84772046,David,Rodriguez,1992-07-17,1,5510685778,M1K5B5,905-438-6685,Mandarin,N,2026-07-13 06:48:49
MRN78669639,Mark,Bouchard,1938-09-04,1,2707318420,L4B5Y2,(416) 990-8739,Cantonese,N,2026-08-10 09:28:25
MRN88492416,Yusuf,Kim,1957-05-23,1,9566337888,L6L9J0,2899999385,English,N,2026-08-06 06:14:44
MRN78462993,Nikolai,O'Brien,1983-03-28,1,6613438727,L6P9N9,(365) 833-1616,English,N,2026-07-10 02:02:19
MRN69722634,Tomas,Mitchell,1977-02-07,1,2826749117,L6B1V0,905-881-0356,English,N,2026-07-31 14:50:12
MRN12039926,Christopher,Koawlski,1961-03-18,1,2355731585,M2M6N6,416-736-0258,Spanish,N,2025-09-30 13:27:26
MRN12856119,Yuki,Martinez,2005-02-18,2,1053869812,M3H 6E3,4165194835,Punjabi,N,2026-08-12 13:57:46
MRN93139830,Mark,Jackson,1977-01-16,1,8678611032,M5N3N3,4374244262,English,N,2026-07-10 02:41:08
MRN51717707,Lisa,Khan,1986-07-15,2,3532772476,m2k2a4,6477296598,Punjabi,N,2026-08-07 02:51:15
MRN20699027,Wei,Young,1955-03-14,1,6118009627,M1C9W0,(416) 716-8165,English,N,2026-08-11 08:22:03
MRN38197385,Elizabeth,Allen,1965-09-02,2,7913813403,M1M8P8,(289) 360-8207,English,N,2026-08-07 12:09:29
MRN92507245,Brian,Williams,1975-05-09,1,5645725770,L5B9J4,,English,N,2026-08-08 07:12:52
MRN65872505,Btian,Nowak,1967-05-14,1,9829642413,M2J1T0,3654423713,Punjabi,N,2026-08-08 15:12:43
MRN86619568,Yuki,Baker,1973-06-27,2,,M2N3Z1,2893218550,English,N,2026-08-16 00:00:36
MRN63213899,Joshua,Rodriguez,1984-11-24,1,9615820074,L5A 1S9,4375559015,French,N,2026-08-14 02:59:00
MRN19567355,Pedro,Kim,1981-05-27,1,5635819443,L4J 7B0,(365) 468-4006,English,N,2026-07-24 00:50:18
MRN32714833,Chris,Gagnon,1986-06-01,1,6003347041,M4H 4N8,2894035075,English,N,2026-07-08 09:02:15
MRN38043996,Steven,Mitchell,1979-08-16,1,8261121357,,416-231-6465,Punjabi,N,2026-07-23 21:41:46
MRN56746535,Yusuuf,Wilson,1976-06-17,1,4220467833,M6B4P0,(647) 254-5223,Portuguese,N,2026-08-27 18:02:51
MRN74082258,Wei,  MacDonald  ,1931-09-11,1,5206880782,L4L 0J5,3656144708,Spanish,N,2026-08-31 17:44:14
MRN15491137,Amara,Tran,1996-04-24,?,1355117886,M8Y8K2,2899680784,English,N,2026-07-13 23:33:37
MRN16850415,Wei,  Mensah  ,1960-09-09,1,9956995402,M1B 9P4,(437) 935-6791,Punjabi,N,2026-08-25 02:05:13
MRN17502474,Aisha,Carter,,2,6081142009,M8Y 0L9,(416) 941-6269,French,N,2026-07-16 14:40:55
MRN15694104,Christopher,Ali,1976-06-18,1,1143213823,M5H6T0,(647) 217-6463,English,N,2025-07-29 15:43:40
MRN72767075,Aisha,Osei,1956-02-18,2,3891708376,M6H8W5,2893144861,English,N,2026-07-22 10:31:51
MRN88480773,Marie,Chen,1951-02-09,2,8487968938,M5H5X3,(437) 648-7928,Mandarin,Y,2026-07-30 16:53:41
MRN34437474,Luc,Cote,2011-07-15,1,9342920395,M6M 7B6,6478948930,Tagalog,N,2026-08-30 00:48:02
MRN88273990,James,Silva,1946-04-22,1,4645049430,M6M7P4,6478283877,English,N,2026-07-19 10:27:37
MRN33821714,Susan,Okafor,1967-09-02,2,0700101991,M4C 8A8,416-761-7338,Cantonese,N,2026-07-28 00:31:37
MRN67779945,Lisa,Adamms,1953-10-30,2,1053013601,M8Y8G9,(416) 761-5594,English,N,2025-11-01 01:00:56
MRN18217607,Sofai,Thomas,2001-11-22,2,6862967178,L4J 6A9,416-537-6810,Punjabi,N,2026-08-12 13:30:49
MRN80280926,Marie,Nguyen,1969-04-12,2,2065865178,M6K9V3,6474542897,English,N,2025-12-12 11:45:12
MRN57801960,Matthew,Green,1991-10-26,1,,L6L9Y4,6473341472,English,N,2026-08-17 08:43:50
MRN38428546,George,Mensah,1955-12-05,1,6565221725,M1C6M4,3657376956,English,N,2026-07-04 11:31:46
MRN89070161,Linda,Clark,1953-02-07,2,0082370552,M5J8V8,(437) 660-9476,French,N,2026-08-25 00:18:48
MRN61716336,Kevin,harris,1988-08-09,1,0513056671,M4C3H5,289-763-1582,Urdu,N,2025-09-16 22:05:32
MRN47333874,Ivan,Patel,1979-01-16,1,0603545682,m6j0l5,,Spanish,N,2026-07-24 23:22:31
MRN79206457,William,Hassan,1951-10-22,1,5734440554,M2J 2A0,9057867681,English,N,2026-07-29 17:47:26
MRN73596702,Diego,Miller,,1,9815019519,M2M0G3,365-649-3531,Portuguese,N,2026-08-31 06:07:58
MRN58665138,Richard,Adams,1958-09-20,1,5792503277,L6S 2R6,2898961268,Punjabi,N,2026-07-19 07:08:08
MRN40884615,Cliare,Li,1972-08-29,2,2506913827,M5J9A3,416-862-5289,English,N,2026-07-22 20:24:54
MRN51086438,Mark,Nguyen,1969-01-16,1,8240812118,M1B2P0,(416) 753-6928,Tagalog,N,2026-07-18 08:50:33
MRN62854323,Anthony,Gagnon,1984-11-03,1,9253020169,M5J9A9,9059038200,English,N,2026-08-12 20:33:28
MRN75810174,Amir,Garcia,1945-03-04,1,8585862462,L6M5P4,,English,N,2026-08-02 13:38:55
MRN18874736,Clarie,Park,1981-10-21,2,0985515014,M2R 7K1,(365) 498-5364,English,N,2026-07-18 02:03:02
MRN13665418,Eimly,Martinez,1961-03-08,2,,M5A3B9,(905) 401-4327,English,N,2026-07-04 15:03:48
MRN22148399,David,Chen,1974-09-11,1,4853505990,M9N1J7,4379041603,Tagalog,N,2026-08-08 23:55:35
MRN74377623,Patricia,Jackson,1947-10-06,2,6857743683,M1B 8R7,(416) 708-8517,Punjabi,N,2026-07-18 08:24:11
MRN22451944,Elizabeth,Wilson,1995-06-25,2,1456406659,M4L0L9,(416) 808-9256,English,N,2026-07-31 13:37:56
MRN32015862,Marie,Li,2021-11-30,2,4960193342,M2K4K1,(437) 497-6153,Farsi,N,2026-08-31 04:05:31
MRN58619755,Sue,Baker,1999-11-15,9,1451068678,L6C 1M5,,English,N,2026-08-30 19:54:21
MRN81988634,Jean,Okafor,1968-04-10,1,7087253394,L5N 6H9,2896713873,French,N,2026-07-06 05:29:55
MRN95354423,Ivan,Davis,1951-05-09,1,7610147840,M4J2Z2,365-840-7454,English,N,2026-07-21 15:24:12
MRN79414355,Jin,  Rossi  ,2006-05-02,1,1470186873,M5N6Z5,905-299-2131,English,N,2026-07-18 01:14:44
MRN57389446,Zara,Tremblay,1966-01-25,2,2588327714,M9B4N6,,Cantonese,N,2026-08-26 16:49:26
MRN44547459,James,Martin,1966-09-08,1,8905950153,M1B 7T4,4375018295,Mandarin,N,2026-02-16 15:43:27
MRN99681762,James,Ricci,1948-12-14,1,7359859902,M6L1H4,6479989354,French,N,2026-08-30 09:15:05
MRN21134979,Sandra,Davis,1944-09-03,2,3746110364,M5P6P4,(416) 389-9924,English,N,2026-08-14 20:07:20
MRN67338017,William,Rossi,2000-02-05,1,1097537151,M8W2H3,905-925-0600,Arabic,N,2026-08-18 05:34:21
MRN58215886,Nadiia,Clark,1927-02-25,2,8055611035,M4L2M0,(647) 544-1315,Spanish,N,2026-08-23 13:05:33
MRN68778384,Diego,Singh,1937-09-04,1,,M6J3L2,3654224924,English,N,2026-08-06 02:33:25
MRN73940864,Karen,White,1984-05-30,2,4497261232,M1H 9S7,647-830-6865,English,N,2026-08-28 06:04:39
MRN22301606,Yuki,Taylor,1986-06-04,2,5953753828,L6A1Z4,365-564-9150,English,N,2026-07-31 08:07:57
MRN89059787,Diego,Tran,1976-05-23,1,7340621718,M9L9R9,,Mandarin,N,2026-08-17 22:17:07
MRN50797127,Mary,Zhang,1974-07-14,2,8062052844,M4K1V3,(289) 858-4022,English,N,2026-07-12 10:51:58
MRN34879373,Michael,mitchell,1962-05-04,1,2162704353,M4M 5Z7,(905) 303-7058,Spanish,N,2026-08-08 05:40:14
MRN89851930,Diego,Kowalski,1968-12-03,1,3805083809,M4E 0J1,4378115678,Spanish,N,2026-07-06 18:43:12
MRN79506951,Amanda,Chen,1942-01-27,2,7938205205,M5P0J9,,English,N,2026-07-15 00:51:13
MRN99059828,Patricia,Rossi,2008-09-08,2,6341719398,00000,2894486252,English,N,2026-07-27 19:47:54
MRN70694428,Diego,Lewis,1944-12-18,1,0662919927,M8Y8N4,9058904210,English,N,2026-08-02 16:20:22
MRN92519022,Olga,Wilson,1960-07-30,2,9427528857,M5J5S3,3656882079,English,N,2026-07-14 23:17:27
MRN29938255,Mohammed,Rossi,1985-10-04,1,4387677588,L6J1M1,437-998-7225,English,N,2026-08-20 08:14:20
MRN76925112,Anthony,Tran,2015-12-28,1,6395013029,M9L 2M4,4166775887,Spanish,N,2026-08-19 13:50:13
MRN70269104,Nikolai,Wang,1995-05-30,1,7378649706,M4G1Y9,4375864506,English,N,2026-08-09 13:24:47
MRN21919088,Robert,Ferreira,1977-06-02,1,2567437443,M8V7T3,416-819-2231,English,N,2026-08-18 17:50:49
MRN44896616,Matthew,Robinson,1961-05-17,1,,M9A9P4,437-934-6404,English,N,2026-07-27 14:08:41
MRN16472327,Sofoa,Lee,1950-06-16,2,1259650743,M6L7B8,2899831448,English,N,2026-08-05 23:30:43
MRN56331878,Fatma,Thomas,1959-10-22,2,6189982538,M8Y8J2,(289) 896-5232,Mandarin,N,2025-08-15 09:39:17
MRN97257342,Daniel,Ricci,1977-01-25,1,4575989142,L6H4A3,(365) 734-1462,English,N,2026-08-20 23:45:32
MRN92452587,Yuki,Clark,1978-03-28,2,1632455810,M5A2A1,(365) 432-4173,English,N,2026-07-09 13:39:11
MRN99471175,Karen,Okafor,1999-07-18,2,4548106675,M4G1C0,6474119211,Tamil,N,2026-07-28 14:15:30
MRN66705055,Patricia,Ferreira,,2,7602707874,M4J2G0,(365) 315-9666,Cantonese,N,2026-07-10 14:08:00
MRN27858552,Jessica,Lopez,1951-03-07,2,1178070759,M6G0N9,,English,N,2026-07-09 03:24:41
MRN13831025,Ingrid,O'Brien,1978-01-31,2,3200103509,M4E4N6,,Punjabi,N,2026-07-08 04:09:10
MRN23479297,Michael,Cote,1984-09-13,1,9625407003,M4B3X8,(647) 543-2548,Urdu,N,2026-07-23 13:51:41
MRN95448995,Onar,Whie,1988-09-28,1,3662728330,M6E8B9,6474573499,English,N,2026-08-18 17:56:52
MRN74965557,George,King,1972-07-30,1,1545996348,L4C1H9,(289) 293-7831,English,N,2025-12-10 23:05:28
MRN93247332,Hasaan,Chen,1991-07-20,1,4617383359,M3B 2J6,4373122220,Spanish,N,2026-07-06 12:14:14
MRN99533074,Fatima,Rodriguez,1990-11-07,9,2525548448,M6K 8B7,365-218-7478,Tagalog,N,2026-08-29 07:09:56
MRN10793290,Ingrid,Hill,1942-12-18,2,7996562414,M9C 6L4,2894256409,Tagalog,N,2026-08-24 11:36:03
MRN70446058,Emily,Jones,1975-12-08,2,9891915010,M5R7E2,(365) 248-0981,Arabic,N,2026-07-19 00:40:26
MRN96683998,Nadia,Roy,1933-04-15,2,4072516554,M4A6V5,647-667-1418,Tagalog,N,2026-07-30 02:28:57
MRN59967095,Andrew,Nguyne,1946-11-11,1,9731928421,L6B0L6,4165675174,English,N,2026-07-28 07:35:19
MRN52594993,Ling,Young,1993-12-30,2,4238542957,00000,(905) 792-0583,English,N,2026-08-22 15:12:27
MRN69141977,George,Kim,1954-06-09,1,2213937515,M9C6K6,(647) 250-2097,Farsi,N,2026-08-29 06:46:42
MRN81286941,Zara,Young,1974-06-16,2,3187062520,L6G8A0,9059562379,Spanish,N,2026-08-18 03:53:46
MRN93831980,Liisa,King,1962-02-13,U,0752700914,L4L3J2,3655465905,English,N,2026-07-04 22:06:22
MRN75086186,Sofia,Baker,1938-11-20,2,1182093243,L6S9V1,,Cantonese,N,2026-07-27 07:08:22
MRN56562222,Aslhey,Jackson,1978-08-14,2,0699737375,M6L,4378703733,English,N,2026-08-14 02:52:00
MRN78765099,Ftima,Silva,1957-07-26,2,9067656703,M5N4T6,437-529-6793,English,N,2026-07-11 23:52:18
MRN63749923,Lisa,thompson,,2,5458465142,M2K6H6,4166184179,English,N,2026-07-21 23:58:25
MRN54150450,Aisha,Brown,1998-03-10,2,6597113650,L5B5K2,6476148746,Punjabi,N,2026-07-17 12:07:28
MRN93505026,Sandra,Kelly,1967-11-05,2,3579083779,L4J5M5,4166853734,English,N,2026-07-26 20:00:15
MRN53135891,Patricia,Robinson,1986-02-17,2,2602141661,M5A2B5,365-878-6986,English,N,2026-07-09 12:01:45
MRN24743029,James,Mensah,1982-06-16,1,1367510557,M8X9Z5,2897714378,English,N,2026-10-25 12:00:58
MRN90314931,Sarah,Park,1951-02-19,2,6244857816,L4C1J2,289-751-9453,Mandarin,N,2026-08-26 03:21:09
MRN52319573,Mattthew,Garcia,1982-05-02,1,0576797765,M9C2K8,9053045707,Cantonese,N,2026-07-07 13:14:58
MRN62932295,Amnda,Lopez,1943-07-10,2,4933828806,M4G5T7,4374035891,English,N,2026-07-21 23:54:52
MRN96277955,Kevin,Stewart,1979-01-04,1,0274057066,M1J6A5,289-363-6676,English,N,2026-08-31 01:02:41
MRN38126883,Diego,Green,1954-09-10,1,0417179777,M9B0R6,(289) 359-8358,French,N,2026-08-10 14:05:25
MRN91456314,Raj,Baker,1966-03-17,1,6204503707,M2M7W7,3659804523,English,N,2026-08-14 14:50:13
MRN82071148,Pedor,Garcia,1938-06-20,1,4791510698,M9L5M0,437-791-4921,Punjabi,N,2026-07-20 16:40:40
MRN67115817,Jennifer,Ferreira,1976-11-02,2,9806882255,L6M9A6,(365) 259-6666,English,N,2026-07-18 01:38:14
MRN62544157,George,Gagnon,1985-01-22,1,4531962233,M6A6Y6,(289) 520-6594,English,N,2026-08-23 07:35:10
MRN12170342,Sandra,Stewart,2022-07-01,2,5778951490,M1B6M2,4372477388,English,N,2026-08-19 22:18:49
MRN32513444,Chen,Thompson,1957-05-31,1,1290309820,M8W3M5,,English,N,2026-07-03 19:56:55
MRN88102354,Kenneth,Moore,1983-09-21,1,,M5J9G1,416-318-6685,Spanish,N,2026-07-21 14:40:38
MRN11645705,Michel,Carter,1965-12-15,1,8801374623,M5K3P8,905-863-3628,Tagalog,N,2026-07-09 12:55:27
MRN81059854,James,Nguyen,1966-01-11,1,7261818525,M5B0C7,4168286170,English,N,2026-07-09 21:36:00
MRN74554162,Matthew,Hernandez,1926-11-01,UNK,,M8W1L8,647-816-9333,English,N,2026-08-19 03:23:03
MRN42999467,Zara,Khan,1950-07-16,2,5394003494,M4J0J1,(416) 792-0839,English,N,2026-07-16 11:42:09
MRN76765091,Chiara,O'Brien,1964-05-03,2,0893155713,M6C0N1,437-930-3236,Arabic,N,2026-08-22 00:25:30
MRN83562946,Nadia,Brown,1971-06-06,2,5919797836,L6R4S8,365-942-2077,Punjabi,N,2026-08-18 21:07:06
MRN60883783,Wei,Williams,1997-04-14,1,6551212480,M6C9K7,(365) 402-3119,English,N,2026-08-31 19:39:08
MRN41353301,George,Oafor,1941-09-30,1,8969678435,M1C7K5,(647) 571-0507,English,N,2026-07-09 11:13:31
MRN63375728,Thomas,Johnson,1984-05-11,1,,L6G 7J8,905-944-9126,Spanish,N,2026-08-04 02:37:36
MRN26989192,Yuki,Patel,1944-10-16,2,1258894276,L5B1G5,(437) 888-5993,French,N,2026-07-05 01:24:18
MRN20006284,George,Ahmed,1976-01-13,1,,M5K7V1,4168204316,English,N,2026-08-01 15:32:02
MRN58959316,Jennifer,Khan,1983-06-24,2,0132988353,M8W9V5,,English,N,2026-08-04 00:25:27
MRN75895734,Patricia,Harris,1971-09-22,2,6516500722,M6J9X7,,English,N,2026-08-26 01:36:50
MRN46682187,Ashly,Martin,1985-05-24,2,9718120521,,3656318413,English,N,2026-08-09 10:15:22
MRN11095341,Mohammed,Nguyen,1975-08-29,1,6776710607,M1G0V7,9052732425,English,N,2026-08-05 04:57:54
MRN53866190,Raj,Kumar,1998-10-29,1,8833138285,M8W6H51,4373270193,English,N,2026-08-09 08:58:25
MRN15330948,Amara,Santos,1959-01-13,2,0333965580,M4M1G0,(437) 527-6866,English,N,2026-08-04 08:11:25
MRN94499378,Zara,Bouchard,1962-03-25,2,7004961293,M4A8H5,3656590366,English,N,2026-08-13 16:26:17
MRN29339572,Chris,Roy,1933-10-05,1,5897203716,M2R 1M4,6474549485,English,N,2026-08-17 21:35:07
MRN51098948,Jess,Lopez,1973-01-26,2,,M4L0G5,9054662642,French,N,2025-12-14 11:41:53
MRN34589175,Pedto,Ferreira,1974-09-05,1,2303481903,M8X6M5,(437) 667-3645,English,N,2026-07-19 09:22:02
MRN29680308,Kevin,Hernandez,1958-10-27,1,9431459479,M3C 7T6,4372951426,English,N,2026-08-29 13:27:18
MRN81534597,Ysuf,Clark,1977-03-17,1,8738518243,l6a4p4,289-359-7545,Mandarin,N,2026-07-19 03:20:10
MRN65875304,Ahmed,Ross,1986-06-18,1,6701604081,M1M 3T4,(416) 477-5433,English,N,2026-05-11 19:11:44
MRN53675158,Tomas,Smith,1974-03-20,1,6967964112,M4J3B5,647-739-4481,English,N,2026-07-30 16:47:01
MRN67231940,Fatima,Park,1973-05-10,2,4159802380,,4373405034,French,N,2026-08-19 13:14:33
MRN59818033,Diego,Tremblay,1977-01-06,1,5275205416,M9M8M3,6473182387,English,N,2026-07-10 08:28:30
MRN76612400,Zara,White,1966-12-10,2,8703032345,M5R 1L5,4164883590,English,N,2026-08-01 20:07:02
MRN52707172,Mark,Kim,1964-04-17,1,7163097814,L5C2V2,,Spanish,N,2026-07-18 08:41:31
MRN50351576,Hiroshi,Fraser,1971-12-29,1,2141387114,M1H 1K9,416-365-3494,Punjabi,N,2026-07-12 21:05:34
MRN19618959,Diego,Jones,1985-04-17,1,1320160680,M6L 7S5,3658662438,English,N,2026-07-26 05:56:06
MRN45051584,Sarah,Davis,1973-03-24,2,3421038039,14H6A0,6473907800,Punjabi,N,2026-07-25 04:20:24
MRN49319095,Nadia,Stewart,1950-01-29,2,9517934783,M2J6P1,4372873968,English,N,2026-08-02 00:45:22
MRN60448288,Sofia,Jackson,1952-12-16,2,7240686761,M1L1Z8,4377608290,English,N,2026-07-28 21:06:04
MRN12613896,Karen,Wright,1981-06-16,2,0729756072,M9B4Y6,905-530-7477,English,N,2025-08-06 17:21:11
MRN68775555,Rick,Hernandez,1990-06-04,1,3011106873,M1B9P6,905-967-6321,English,N,2026-07-20 15:02:59
MRN24903075,Linda,Ahmed,1948-03-12,2,2618427872,L6C1C4,(289) 247-6530,English,N,2026-07-29 16:11:26
MRN83795701,Jennifer,Tremblay,1975-04-02,2,7830185380,M9B3S2,9053011840,Spanish,N,2026-08-05 08:51:50
MRN93556747,Melissa,King,2025-09-12,2,,M5A3Y9,289-717-9741,English,N,2026-07-08 10:41:55
MRN31293573,Lisa,Rossi,1940-12-27,2,,L6G 2Z8,(647) 875-9141,Mandarin,N,2026-07-16 16:56:34
MRN91600994,Sifia,hill,1927-10-05,2,,M4C6J3,437-795-4231,Portuguese,N,2026-07-24 13:07:47
MRN59678615,Hiroshi,Kim,2010-12-16,1,5267033214,M6K0Y1,6472915655,Tagalog,N,2026-07-08 09:44:47
MRN17162183,Daniel,Ferreira,1962-11-30,1,3663906802,M6E5Y9,4375723814,English,N,2026-07-13 03:41:10
MRN56217231,Nancy,Ali,1947-05-18,2,9226263391,L5A 3W4,4372198199,English,N,2026-07-06 17:59:39
MRN12358991,Ingrid,Murphy,1973-05-09,2,6009138246,,3654967303,English,N,2026-07-12 17:41:29
MRN18370105,Joe,Zhang,2014-04-02,1,6361349589,M1H6V8,(365) 375-9131,Tamil,N,2026-07-19 10:35:28
MRN11927782,Clarie,Brown,1970-08-29,2,7753408280,M4K5K3,9056894657,Arabic,N,2026-08-29 14:54:07
MRN88844870,Matthew,Rossi,2001-11-02,1,0164571523,L4B0E2,(289) 505-2568,English,N,2026-08-07 18:26:22
MRN25070257,Selly,Thomas,1978-11-09,2,5452813370,M6J8G3,3656396863,English,N,2026-08-24 18:20:08
MRN74834297,Mary,Santos,1983-03-13,2,3972884260,M5N8X8,(905) 410-4404,English,N,2026-07-17 23:22:03
MRN50580962,Barbara,Stewart,1993-01-03,2,4351273836,L5A2A4,4373071028,English,N,2026-08-31 19:44:41
MRN98861772,Diego,sutherland,1967-08-09,1,2958054864,M6H3T1,(416) 960-7105,English,N,2026-07-28 02:48:11
MRN23971588,Sue,Hernandez,1972-02-04,2,8361130704,M1N8R5,3654656301,Cantonese,N,2026-07-21 14:10:34
MRN76236345,Nancy,Walker,,2,3520626288,M9N6R1,4163839153,English,N,2026-08-29 14:38:00
MRN52318231,Sandra,Anderson,1926-09-07,2,1632664205,M2J0L4,(647) 629-9564,Urdu,N,2026-08-31 16:42:51
MRN38405544,Kenneth,Kowalki,1972-11-12,1,9629085276,L5C0C6,6475007601,French,N,2026-07-07 08:49:22
MRN55779396,Ahmed,Ross,2009-03-19,1,9650588743,M5K0V6,289-795-4969,Arabic,N,2026-08-21 03:14:22
MRN16379770,Barbara,Rodriguez,1966-06-03,2,8791106613,L4B0Y1,(365) 457-6620,English,N,2026-07-21 19:07:00
MRN81787585,Hiroshi,Okafor,1959-09-30,1,8032411772,L6C9H1,(416) 905-2264,English,N,2026-07-22 02:26:51
MRN16066801,Sandy,Lewis,1973-08-22,2,3115392254,M2J9C7,2894527644,English,N,2026-08-09 15:06:56
MRN79539703,David,Nelson,1964-12-05,1,8712565038,M8V0V8,4165940235,Punjabi,N,2026-07-14 04:01:33
MRN86668594,Mei,Nguyen,1972-07-24,2,4629270895,M6B6N0,(365) 711-5120,English,N,2026-08-20 19:12:28
MRN11231997,Joshuua,Kim,1957-12-31,1,2488629342,M5K0R4,4372256481,English,N,2026-08-12 05:35:37
MRN62482585,Mei,Mitchell,1950-07-14,U,0601554462,M5J6Y7,(647) 780-9024,Urdu,N,2026-03-14 15:30:26
MRN81791432,David,Wright,1927-02-10,1,,M4L0E9,(416) 971-5690,Mandarin,Y,2026-07-16 14:43:20
MRN29789734,Amanda,Santos,2001-11-27,2,5753392769,M6E3A0,365-376-8670,English,N,2026-08-30 07:12:21
MRN32449854,Michael,Kim,2015-05-28,1,0255836363,M1B3E3,4372455260,Arabic,N,2026-08-26 19:23:15
MRN87177327,Michelle,  Young  ,1976-03-02,2,0186796504,M8W0Y6,,English,N,2026-08-17 08:02:53
MRN14129445,Tomas,Gagnon,2001-04-04,1,4887795807,M9C0Z2,4162475682,Mandarin,N,2026-08-29 15:59:42
MRN55628163,Christopher,Khan,2025-06-18,1,0718534670,m1k2x5,(289) 597-8459,English,N,2026-07-03 10:19:27
MRN64227228,Joseph,Nguyen,1962-01-30,1,9556406891,m6h2r0,9053793459,English,N,2026-08-18 04:56:55
MRN20864529,Jessica,Miller,2013-11-29,2,1674285760,M6A4V8,4377209107,English,N,2026-07-10 14:45:10
MRN48516258,Liz,  King  ,1985-05-05,2,5769400002,L4K8A2,4378149945,French,N,2026-08-17 23:51:04
MRN64421037,Elizabeth,Jones,1928-07-14,2,9943894619,L6B0V2,(905) 488-5063,English,N,2026-07-17 11:45:17
MRN41108610,Hiroshi,Cote,1965-05-15,1,1943573376,L6L4A7,6477564895,English,N,2026-08-04 20:21:11
MRN12770764,Mohammed,Thomas,1998-05-31,1,9308372912,M4B4M9,4163070520,English,N,2026-07-05 23:25:17
MRN83699364,Robert,Wright,1978-12-16,1,7549590870,L6J1S8,4375770484,Spanish,N,2026-07-23 01:32:47
MRN48671420,Mohammed,Martin,1942-03-19,1,,M4K 9N0,4164340642,English,N,2026-07-03 03:43:09
MRN96210409,Steven,Miller,1949-02-07,1,0623780756,M9B9K0,(437) 636-0714,English,N,2025-09-27 06:32:56
MRN34628567,Ingrid,Singh,2007-09-25,2,6508726533,M4M3R1,3654222287,English,N,2026-08-13 10:36:47
MRN39084063,Aisha,Taylor,1981-09-29,2,0982985509,M3C0R3,647-701-5133,English,N,2026-08-01 02:01:20
MRN41347237,Sofia,White,1957-12-08,2,9058852246,M3C4A7,647-349-6513,English,N,2026-07-11 08:40:53
MRN46243942,Tomas,Nelson,1991-05-26,1,3607754151,M6H6M9,(289) 342-0523,English,N,2025-12-01 15:30:56
MRN12255366,Mohammed,Tran,1983-07-21,1,5859457466,L6P 2V3,6478493636,Mandarin,N,2026-07-09 18:03:33
MRN41880821,Steven,Williams,1996-04-08,1,2904194679,M9B0H7,6478980948,English,N,2026-07-20 18:22:09
MRN85599001,Hiroshi,Stewart,1972-07-18,1,9397961922,M5K3C9,4162775550,English,N,2026-08-01 01:16:09
MRN37906049,Christopher,Thomas,1974-09-28,1,3774570554,L4K6N0,(905) 267-2886,English,N,2026-08-12 20:44:34
MRN13479165,Matthew,Mitchell,1968-12-23,1,,M4E9L9,(647) 676-6294,English,N,2026-08-07 21:08:32
MRN30050292,Amr,Santos,1989-11-11,1,6559286700,L5N2H3,(289) 291-9220,English,N,2026-08-14 07:47:07
MRN90997147,Claire,Lee,1982-02-16,2,0788709491,M5N 8E3,6474218363,Spanish,N,2026-08-13 16:13:55
MRN37051341,Hasssan,Garcia,2002-02-17,1,,M6H0P1,4162624240,Punjabi,N,2026-07-29 05:31:54
MRN71032047,Zara,Bouchard,2010-01-10,2,1240074086,L6P8A0,647-818-3330,English,N,2026-08-18 17:18:10
MRN68210921,Anthony,Wright,1967-09-09,1,6053442635,M6M4A8,2899283294,English,N,2026-08-29 01:13:55
MRN80733466,Anthony,Khan,1994-11-10,1,8455516131,M5R9C4,9058292302,English,N,2026-08-15 06:37:26
MRN23905564,Richard,Roy,1975-11-28,1,4078911437,M5N0R1,3658109538,English,N,2026-07-22 01:47:53
MRN72091645,Nancy,Smiith,1950-04-25,2,2690671470,L4J2H3,(416) 618-0296,French,N,2026-07-13 17:59:34
MRN77739830,Tomas,Haris,1950-08-12,1,2399519459,L4L9K6,289-577-1096,English,N,2026-08-19 09:32:02
MRN91152000,Melissa,Ali,1966-10-29,2,8062591402,M6G2N3,4372042305,English,N,2026-07-26 19:39:35
MRN26177530,Chen,Hassan,1958-12-15,1,3381727902,L6C 6E0,3657353225,English,N,2026-08-01 22:56:08
MRN96985363,Joshua,Lee,1971-10-27,1,6622473236,m4b8b3,(416) 715-5499,English,N,2026-07-06 22:31:44
MRN54029819,Hassan,Green,1977-01-20,1,3695805675,M5N2X3,,English,N,2026-08-29 18:02:05
MRN74182011,George,Young,1955-04-10,1,9657134152,M1J0X9,2892195098,French,N,2026-07-10 14:01:32
MRN39535605,Chen,Murphy,1953-10-01,1,,L5C 4B7,(289) 396-4261,Spanish,Y,2026-08-25 09:02:24
MRN84674069,Ivan,Ali,1954-10-12,1,7928977482,L6L9G8,(289) 956-4253,Portuguese,N,2026-08-19 23:19:36
MRN46907857,Matk,Tremblay,1989-04-18,1,7611346888,M1B 0J8,3654912564,English,N,2026-07-15 09:40:47
MRN71062532,Claire,Gagnon,1949-02-22,2,2763828387,M5G0C3,2892060843,Mandarin,N,2026-08-06 06:53:17
MRN74158680,Kevin,Nguyen,1956-01-23,1,0670502194,M9A8Y3,9053872257,English,N,2026-08-01 05:15:17
MRN56659250,Christopher,Jones,1968-10-03,1,9365183715,M8X 3B0,(365) 558-7891,English,N,2026-07-03 12:07:20
MRN18569911,Thomas,Jackson,1995-08-19,1,4370811137,M9M5B8,9055173391,English,N,2026-07-07 22:12:08
MRN64463326,Pat,MacDonald,2023-08-26,2,5398829977,M9N4N5,416-939-2388,French,N,2026-07-04 13:40:37
MRN69637742,Nikolai,Lopez,2016-08-09,1,2083335881,L5A2N1,(416) 585-5911,English,N,2026-08-31 02:02:12
MRN75630476,Richard,Lopez,1967-10-09,1,3871228411,M4J8L5,9055246004,English,N,2026-08-01 14:50:25
MRN93354785,Raj,Khan,2025-08-23,1,3063974905,M6H8E4,4375015737,English,N,2026-08-16 23:44:11
MRN93748782,Melissa,Martinez,1977-01-24,2,6018132966,M9C2H3,365-399-2640,Spanish,N,2026-08-08 22:01:23
MRN51588975,Michael,  Nowak  ,1979-03-30,1,3269962043,M9A0K7,647-722-5936,English,N,2026-08-21 22:31:07
MRN23850379,Chiaara,Stewart,1949-12-30,2,9435908125,M4M0E1,905-536-0157,English,N,2026-08-02 02:02:50
MRN92100923,Ahmed,Lopez,1958-05-23,1,1089586810,M6G7R4,(416) 881-3639,English,N,2026-08-22 00:56:35
MRN19689570,Kenneth,Baker,1980-10-20,1,8107558408,M5J 5L9,(365) 354-5881,English,N,2026-07-14 04:25:42
MRN32666295,Ana,Hill,1951-01-08,2,7101221880,M1B2K9,437-371-2694,English,N,2026-08-18 16:04:54
MRN69608321,Amir,Wang,1944-07-03,1,1404116459,M6L7X8,416-273-6207,Spanish,N,2026-07-11 02:30:28
MRN45363185,Betty,Wilson,1953-12-29,2,5913685417,M1M9C5,6478474974,Arabic,N,2026-08-26 13:05:09
MRN60203559,Ingrid,Hill,1985-12-24,2,4210302438,M5N0G1,(289) 689-5997,English,N,2026-07-21 03:56:45
MRN75263308,Thoomas,Jnes,1970-06-12,1,1856892334,L6M3B1,3655961514,Spanish,N,2026-07-09 22:09:07
MRN39020083,Hiroshi,Kowalski,1968-08-18,1,2272614302,L6M 0X8,(365) 561-0368,English,N,2026-07-23 10:59:21
MRN70622863,Mohammmed,Anderson,2004-06-30,1,7574017518,M3A9V2,3654424092,English,N,2026-07-19 22:32:48
MRN10815476,Chen,Green,1990-12-08,1,5505311331,M2R7J7,(416) 806-0394,French,N,2026-07-18 11:39:34
MRN15684424,Aisha,Thomas,1967-05-14,2,4496332729,M2J 6A6,(416) 483-0805,English,N,2026-08-01 10:13:14
MRN71502381,Sofia,Wilson,1989-06-14,2,2735949949,M6K7C7,6472217178,Cantonese,N,2026-07-28 14:27:32
MRN79226127,Zara,Adams,1952-01-20,2,6797749048,M4L6S9,(365) 514-9467,English,N,2025-06-12 02:43:04
MRN78292439,Amara,Robinson,1963-07-07,2,8521769789,L6S5J3,,French,N,2026-08-27 04:55:53
MRN11686868,Kevin,Jones,1969-05-17,1,2715928855,M2K3H0,4166737760,Urdu,N,2026-07-19 22:10:10
MRN22299753,Bill,Bouchard,1970-04-05,1,3701496568,,(905) 586-0113,Spanish,N,2026-08-26 20:10:57
MRN61900215,Barb,  Taylor  ,1973-04-25,2,4435293511,L6G7H4,365-384-3374,English,N,2026-08-02 01:04:14
MRN75872075,Margaret,Patel,1948-04-11,2,6540259303,M8Y 6Y6,647-486-1007,French,N,2026-07-11 03:28:42
MRN44462423,Michelle,Williams,2025-01-16,2,6744736932,L5N4B1,416-626-5070,Urdu,N,2026-07-21 16:57:20
MRN96919194,Ana,Tremblay,1980-04-20,2,3921907337,M5R 2B7,(365) 953-0469,French,N,2026-08-22 07:49:22
MRN61530734,Sarah,Mitchell,1986-03-12,2,4873589354,L4K3A8,(437) 761-1781,Punjabi,N,2026-08-15 11:55:46
MRN58550496,Marie,Sutherland,1992-07-23,2,3775788049,L6C2R4,4373647211,English,N,2026-07-06 16:36:26
MRN60477972,Jean,Tran,1964-10-02,1,1736700582,L6R 4E4,(416) 900-9252,English,N,2026-08-13 11:35:38
MRN13359690,Raj,Santos,1984-10-10,1,7007870806,M6E9T4,3655133684,English,N,2026-07-08 03:50:09
MRN40951612,Anthony,Ngueyn,1939-10-15,1,3465620726,M4M0B8,(905) 863-0318,Mandarin,N,2026-05-19 23:15:20
MRN59542092,Willim,Santos,2000-06-22,1,9537826878,L5C8P3,,English,N,2026-07-13 23:59:01
MRN19434704,Mei,Tohmas,1986-05-24,2,,M4G3N8,(365) 822-8114,English,N,2026-08-17 02:56:03
MRN54352530,Ashley,Lewis,1958-02-27,2,6486293894,L6J8X7,9059671572,English,N,2026-08-23 08:11:40
MRN64973316,Betty,Scott,1996-09-10,2,6716153470,M1L4L4,,Tagalog,N,2026-08-23 16:59:24
MRN25079890,Karen,Khan,2025-10-25,2,8711756067,M5A1Y8,,English,N,2026-08-13 11:25:04
MRN10776131,Hassan,O'Brien,1951-06-18,1,1456119187,M4G3V0,4378378047,Tamil,N,2026-07-26 18:03:09
MRN91079350,Clire,Martinez,1967-07-22,2,7518783902,M5A2M0,437-543-1721,Punjabi,N,2026-08-24 02:09:25
MRN39359984,Amanda,Lopez,1971-02-20,2,8994030313,L4C4S1,(289) 393-2497,English,N,2026-07-20 09:04:39
MRN55716074,Fatima,  Ricci  ,1974-11-04,2,5398637479,M6J 9Y6,2896609075,Punjabi,N,2026-07-15 15:15:13
MRN71405901,Omar,Fraser,2017-12-22,1,6195883282,M2K 6G0,,French,N,2025-12-02 13:45:19
MRN96179243,Ommar,Fraser,2017-12-22,1,6195883282,M2M5Y4,437-287-8678,Farsi,N,2026-08-04 16:46:35
MRN11016604,Matt,Khan,2024-05-03,1,2926983269,,(437) 427-6472,English,N,2026-08-17 15:18:00
MRN39738894,Melissa,Adams,1961-09-09,2,8687736382,M4K7M7,416-657-3211,Spanish,N,2026-08-21 10:31:14
MRN16466089,Omar,Anderson,1967-09-13,1,3902593833,M2R0C3,(289) 833-9681,French,N,2026-07-12 12:01:03
MRN48495425,Ahmed,Nguyen,1972-05-28,1,1269776546,m4h6j2,289-682-7567,English,N,2026-07-30 04:33:07
MRN92096923,Susan,Anderson,1988-09-10,2,4166526469,L6B 4A4,3659450243,Punjabi,N,2026-07-17 07:25:29
MRN14054044,Matthew,Patel,1985-06-22,1,9791826481,M4H9C7,3656859225,English,N,2026-05-20 14:26:01
MRN12520797,Claire,Ferreira,1971-06-03,2,4669040315,M1E5Z1,(365) 660-9735,Spanish,N,2026-07-07 10:31:12
MRN25254657,Tom,Nelson,1971-03-08,1,9642730858,M4E3T3,,English,N,2026-08-02 12:52:12
MRN95385231,Priya,Davis,,2,,L6L1A7,(437) 355-0166,English,N,2026-05-25 03:10:52
MRN47324429,Claire,Wang,2004-07-16,2,5448026624,L5C2A7,,Mandarin,N,2026-07-17 21:14:24
MRN69764440,Olga,Carter,,2,,M1M2H1,(289) 647-2505,Cantonese,N,2026-08-21 15:54:39
MRN48338509,Mary,Smith,1956-11-24,2,7680660045,l5n0a5,437-784-3370,Mandarin,N,2026-07-04 18:49:43
MRN83576728,Barbara,Young,1984-11-03,2,2479022895,L6J2T1,(416) 361-8658,English,N,2026-01-16 19:22:01
MRN52078334,Marie,Davis,2025-04-25,2,7254209396,M6G4L6,,English,N,2026-07-10 02:18:09
MRN79735120,Kenneth,Rossi,1963-11-24,1,1672087994,M2K 7P4,(437) 344-2717,English,N,2025-08-22 02:07:16
MRN51728322,Margaret,Mensah,1987-04-10,2,9104808663,L5B9R2,(905) 491-7775,English,N,2026-08-03 15:36:55
MRN70784037,Richard,Martinez,1977-11-14,1,3365017445,M5E0N2,(437) 228-3519,English,N,2026-07-03 22:20:58
MRN59961875,Anthony,Santos,1968-10-03,1,8051377201,M4A0Z5,3653550511,Urdu,N,2026-08-07 11:19:27
MRN57708847,Pat,Garcia,1951-11-30,2,7510254258,M2M8V0,,English,N,2026-08-27 04:38:50
MRN81923836,Yukki,Smith,1977-01-31,2,8942358600,M2R2N5,(437) 731-8091,English,N,2026-07-07 17:06:28
MRN72303681,Sandra,Thomas,1988-02-20,2,9391495505,L6P8X2,2894375173,English,N,2026-08-21 15:48:37
MRN69315298,Richard,Ross,2025-04-29,1,,M5A2B1,6477032314,Tagalog,N,2026-08-29 06:34:30
MRN94069499,Sarah,Harris,1956-11-21,2,3742658788,L5B0T8,289-773-7315,English,N,2026-07-19 10:37:15
MRN63650903,Luc,Adams,1941-04-02,?,2090586416,L6A7R6,2895484919,French,N,2026-08-07 00:29:41
MRN99399857,Amanda,Wright,2013-08-11,2,2315426524,M3C3N5,4378270561,Tamil,N,2026-08-28 09:26:00
MRN54910745,Ingrid,Williiams,1984-08-27,2,8775568655,M8W9J2,3656107458,Cantonese,N,2026-08-05 21:28:52
MRN87204241,Chen,Khan,1963-12-23,1,,L4L0H7,(365) 943-0095,English,N,2026-08-17 04:03:13
MRN63142546,Lisa,O'Brien,1975-10-17,2,9505796616,M2N2K0,905-870-6623,Italian,N,2026-08-19 22:22:02
MRN47704346,Amir,Kowalski,1964-05-04,1,0990499642,M1B9H9,416-437-3507,French,N,2026-07-29 22:56:08
MRN26795706,Patricia,Robinson,2004-09-30,2,8587868335,M4K8E7,(416) 255-3140,English,N,2026-04-01 17:02:04
MRN47479542,Chen,Lee,1985-07-31,1,0386197560,M4L9C7,(437) 593-7660,Mandarin,N,2026-08-25 03:14:29
MRN40734394,Melissa,Allen,1974-12-07,2,9551359558,M5G1H8,365-594-1312,French,N,2025-07-19 21:53:22
MRN81443361,Tomas,Lopez,1942-08-10,1,2035985981,L6C7K6,6472503894,Spanish,N,2026-07-07 01:54:57
MRN78137478,Ahmed,Jackson,1978-07-29,1,0926734054,L6J 8Z1,416-762-2698,English,N,2026-07-29 14:12:36
MRN62217888,Setven,Williams,1944-01-24,1,7591480640,M5E8G1,6478547603,English,N,2026-08-28 01:03:31
MRN86424557,Yusuf,Hassan,1968-11-09,1,0847325768,M5P3B8,6477332692,Punjabi,N,2026-08-25 05:56:39
MRN83478308,Lissa,Scott,1968-05-01,2,2600151571,,3658075257,English,N,2026-08-29 09:41:23
MRN68265300,Margaret,Fraser,1969-05-31,2,0504744913,M1L0B4,2893649231,Punjabi,N,2026-08-31 02:45:53
MRN31823278,Bill,Stewart,1974-12-14,1,1141849461,M1K7G5,365-374-0607,English,N,2026-08-28 10:27:36
MRN40492011,Christopher,Hassan,1962-08-19,1,9443414116,M6C 2X4,3653541267,Urdu,N,2026-07-10 01:02:41
MRN84513304,Yuki,Wilson,1983-09-20,2,,L6C3L2,4163662295,English,N,2026-07-14 10:57:42
MRN68714893,Robert,Chen,1947-08-06,1,3393041623,L6G2C5,905-834-7157,Mandarin,N,2026-07-13 17:44:58
MRN33753949,Ahmed,Miller,1938-10-13,1,2875616522,M5A1C1,(437) 751-5179,English,N,2026-08-03 02:29:48
MRN87747599,Raj,Chen,1972-08-25,1,3567105923,M1N 6R5,905-642-8261,French,N,2026-07-26 03:27:45
MRN39029993,Chen,Taylor,1967-07-27,1,9625972402,M9B9W6,905-492-4646,Tagalog,N,2026-08-31 03:20:28
MRN21627816,Susan,Clark,1964-11-20,2,0853220481,M2K5M7,6472697098,English,N,2026-08-18 07:57:59
MRN76329373,Lisa,Tremblay,1980-05-09,2,4703821001,M9A2Y2,(289) 497-6351,English,N,2026-08-07 10:14:44
MRN14521153,Shelly,King,1950-02-14,2,9887734193,L5N 4W7,(416) 723-6051,French,Y,2026-07-23 02:16:50
MRN46879202,Kenneth,Li,2001-04-07,1,7321545894,M1G2X4,289-965-9142,English,N,2026-08-27 02:45:14
MRN53825651,Jin,Zhang,1948-01-05,1,1906264559,m4l9a5,,French,N,2026-08-09 00:14:52
MRN75216522,Sarah,Ferreira,1968-12-24,2,8308912081,l6s2z1,(647) 951-9391,English,N,2026-03-12 11:01:05
MRN77590699,Fattima,Campbell,1994-02-04,2,5226716917,L6L 1T2,365-596-0991,French,N,2026-08-20 04:38:13
MRN22054287,Aisah,Mensah,2003-01-06,2,5764730262,M4M4N9,(437) 839-6722,English,N,2026-08-09 02:33:41
MRN69782326,Christopher,Wright,1964-09-16,1,4893174153,L6B9Z5,6474895519,Punjabi,N,2026-07-05 01:35:27
MRN16695439,Mohammed,Kim,1980-09-22,1,4600150355,M1J4M1,289-770-6797,Mandarin,N,2026-08-25 19:08:04
MRN74291888,Bob,Williams,1960-10-21,1,8719221734,M9C5N1,4164713837,English,N,2026-07-26 14:49:11
MRN92647401,Ashly,Mitchell,1975-11-18,2,6909369271,M5A6K2,(416) 989-3767,English,N,2026-07-27 23:46:52
MRN16001337,Sarah,Li,1990-02-02,2,3957949062,M2H7N7,6472549589,English,N,2026-07-27 12:18:16
MRN53940367,Daniel,MacDonald,1949-12-21,1,2100766159,M6G4X9,3659298935,English,N,2026-05-01 15:50:40
MRN82989865,Perdo,Baaker,1963-03-10,1,3340464647,M5H5R7,,English,N,2026-07-21 04:24:51
MRN62873268,Ivsn,Hernandez,1982-03-31,1,1012585160,M5H 1R6,(437) 941-1198,English,N,2025-08-08 12:31:02
MRN96073323,Ahmed,Ali,1982-09-18,1,6745790581,L6G4T0,,English,N,2026-07-13 02:52:28
MRN88508638,Melissa,Wilson,1955-07-21,2,,M8Y7P7,,English,N,2025-07-26 18:20:06
MRN54341343,Maggie,Allen,2025-10-20,2,8330984348,L6C0L0,905-600-8669,English,N,2026-08-13 06:42:06
MRN36820823,Micahel,Silva,1940-10-12,1,,M5A9M1,437-787-2937,English,N,2026-07-20 10:17:07
MRN33034999,Jin,Mitchell,1996-01-21,1,9732798096,L6R9E9,416-843-5967,English,N,2026-07-23 22:42:14
MRN67478862,Jean,O'Brien,1927-07-04,1,8598802190,M2R5Y5,416-824-7325,Mandarin,N,2025-06-30 10:56:44
MRN85807803,Chn,Mikler,1967-08-20,1,1621438702,L6C0V9,647-599-7804,English,N,2026-08-01 08:03:28
MRN79574418,Mei,Taylor,1928-06-02,2,1685780056,M5R5K1,6476941370,English,N,2026-08-17 06:10:13
MRN50278567,Mary,Li,1955-01-17,2,3855662866,L6B4H9,4379526505,English,N,2026-08-31 09:13:24
MRN15776844,Matthew,Lee,1985-04-13,1,0401145800,L4K 2N5,(437) 246-9058,English,N,2026-07-12 03:12:01
MRN47447690,Nadia,Okafor,2000-08-28,2,9248034275,M4B3A8,365-915-6866,English,N,2026-07-14 14:38:29
MRN49431028,Chiara,Anderson,1943-07-27,2,9048112438,M1N0J9,,French,N,2026-08-12 11:26:21
MRN18473823,Lisa,Ricci,1978-08-03,2,3821261439,M9A4K3,(647) 624-3303,English,N,2026-07-14 04:56:10
MRN35478212,Melissa,Thompson,1963-09-07,2,8597455883,M8W5C2,905-534-0705,English,N,2026-07-17 17:20:58
MRN55824338,Patricia,Mensah,1955-03-17,2,2512264827,M6A5H8,(416) 204-6782,Spanish,N,2026-08-07 23:51:17
MRN33009617,Patricia,Nguyen,1963-09-27,U,8383855452,M9B9S7,365-572-6023,English,N,2026-08-28 06:57:08
MRN11587251,Ahmed,Martinez,1976-10-18,1,6687701059,M5B0R8,3653135837,English,N,2026-08-25 12:54:03
MRN11546803,Karen,Taylor,1950-01-17,2,0332817741,M1B 8J2,4166753674,French,N,2026-07-19 18:41:10
MRN99274412,Amara,Hernandez,1985-06-01,2,1626925828,M9N1M1,4379622245,Cantonese,N,2026-07-27 08:23:16
MRN35940660,Michael,Moore,2016-01-09,1,9861188945,M5K6X5,647-516-4842,English,N,2026-08-01 01:16:39
MRN61589213,Dan,Lee,1935-09-21,1,2715744443,M1B3T5,4378649505,English,N,2026-07-21 10:42:23
MRN76058788,Betty,Scitt,1976-11-18,2,0679911065,M1G3Y5,(289) 202-3131,English,N,2026-08-07 10:26:16
MRN63530544,Mei,Tremblay,1989-08-09,2,7910800007,,6475077267,,N,2026-08-09 22:18:05
MRN35620167,Emoly,Okafor,2010-12-20,2,6173974046,M5K 3T8,(416) 771-5137,,N,2026-08-26 07:08:50
MRN50145291,Willaim,Mitchell,2016-09-12,1,8728110597,,6474212309,,N,2026-03-22 07:31:28
MRN78008443,Tomas,Prak,1979-01-30,1,6425356208,m3b7t1,4163104770,,N,2026-08-23 02:05:19
MRN86049655,Raj,Moore,1989-03-25,1,8326053355,L4K3S21,,,N,2026-08-05 22:29:41
MRN81660690,Karn,Smith,1981-06-12,2,,L4J1N3,9054976463,,N,2026-07-18 02:08:50
MRN52948040,Yuki,Brown,1965-02-10,2,6550987835,,9056947326,,N,2026-07-03 06:53:46
MRN35843543,Bill,Ross,1992-07-27,1,,,4162552846,,N,2026-01-24 09:54:55
MRN99393795,Mandy,Jonse,2009-06-02,2,3644684031,M3H 8T1,(647) 456-4715,,N,2026-08-12 14:55:19
MRN46676392,Nanncy,Patel,1963-02-06,2,,,(365) 931-0598,,N,2026-07-26 09:23:18
MRN16279097,Cheen,Campbell,1959-06-23,1,0080227143,,9059408827,,N,2026-07-28 15:18:23
MRN58345768,Saanndra,Williams,2018-04-24,2,8093762303,m5b2a4,9052032434,,N,2026-07-26 08:52:43
MRN69453073,Ian,Boouchard,1960-03-29,1,,,(289) 613-7613,,N,2026-07-24 09:27:18
MRN12077243,Brian,Traan,1976-04-08,1,,,6475555794,,N,2026-07-04 20:53:37
MRN13286324,Yuki,Wite,1952-07-22,2,5898493967,,9054144737,,N,2026-07-29 10:58:40
MRN56291923,Yusuf,Tremblay,1953-09-04,1,5734661548,m3c8p0,(365) 334-9321,,N,2026-08-11 15:11:52
MRN66056146,Pta,Okafro,1977-10-12,2,,M4C6L0,(289) 936-6248,,N,2026-08-16 02:56:44
MRN71709680,Chhiara,Santos,2011-03-09,2,3279520633,,4374153232,,N,2026-08-03 08:06:54
MRN85847862,Josh,Young,1971-05-23,1,,L5B 7Y2,9054102795,,N,2026-08-05 23:35:24
MRN60925049,Jeas,Williams,1974-04-12,2,3151702648,,(905) 962-5381,,N,2026-08-10 23:12:55
MRN20852726,Brin,Tremmblay,1996-02-12,1,,L5A2T3,6479815443,,N,2026-08-31 10:16:40
MRN30035741,Amaa,Wihte,1971-03-08,2,8222497508,m8y4g7,3658667498,,N,2026-07-24 12:36:03
MRN72268480,Barrb,King,2007-03-10,2,4722379452,,9052531640,,N,2026-07-17 06:01:20
MRN13257678,Anna,Kowalsik,1995-10-29,2,8208862733,M2K4C8,289-489-4659,,N,2026-08-13 05:21:05
MRN85666349,Seu,Mensah,1999-12-17,2,,M1H1L2,9055661751,,N,2026-08-14 01:57:58
MRN71918593,Matt,Wright,1979-03-15,1,,M2N 5C7,2896867477,,N,2026-08-12 06:03:25
MRN53803812,Btian,Green,1979-07-08,1,,,4373052560,,N,2026-07-09 03:42:35
MRN70485405,Pta,Nelson,1939-12-07,2,3245716497,M6K2A9,2899277741,,N,2026-07-22 21:10:58
MRN28501759,Aamra,Nguyen,1977-06-22,2,1116197201,M9M 5S4,6472031374,,N,2026-07-26 16:46:52
MRN10323005,Satah,Clark,2016-10-25,2,,M5A 6W2,2898111370,,N,2026-07-20 11:40:11
MRN42656360,Maie,Macdonald,1994-05-25,2,9037467603,M5H 4B2,(416) 471-7423,,N,2026-07-04 23:45:30
MRN15568026,Olga,Termblay,1995-06-13,2,0903712644,,9055181631,,N,2025-10-23 05:50:19
MRN27351566,Rj,Lopez,,1,,M8W 7R1,416-806-4244,,N,2026-07-17 17:34:06
MRN59979694,Claire,Silva,1940-01-14,2,2924506476,,4378717051,,N,2026-07-12 01:10:55
MRN64986490,Ivan,Treemblay,1974-11-29,1,7468059683,m1h3p2,289-413-5294,,N,2026-08-24 06:04:38
MRN32751954,David,Thoams,1959-11-09,1,7860624753,,,,N,2026-08-02 23:50:05
MRN94940516,Amir,Bouchard,1968-12-08,1,,M9N 9L7,4373109268,,N,2026-08-27 16:11:48
MRN34039102,Linda,Brown,1997-01-14,2,6292600126,,(647) 874-4305,,N,2026-07-14 13:36:32
MRN97572564,Pria,Mensah,2014-04-29,2,7862679144,,3659549025,,N,2026-07-15 01:14:40
MRN76840040,Maggie,Loppez,1991-03-17,2,3290673460,L4L 5L2,647-532-3211,,N,2026-08-09 00:29:12
MRN70654669,Zraa,Miller,1957-09-01,2,,M1J4G7,905-306-0558,,N,2026-07-05 00:07:48
MRN56223515,Cheen,Willson,1969-09-10,1,1975910223,,4378668435,,N,2026-08-02 00:05:48
MRN59158943,Matt,Tran,1951-03-18,1,9489428046,M6E 9Y9,3658085957,,N,2025-06-16 05:27:53
MRN31595454,George,Rodriguuez,1953-07-06,1,,L5A 3E5,365-590-0672,,N,2026-08-29 09:52:39
MRN25935179,Fatima,MacDonald,1977-10-17,2,5212644495,M1E3E2,6476505217,,N,2026-08-13 22:36:40
MRN74136250,Ingrid,Taylor,2010-05-05,2,0364925297,M5A 8W8,4374279548,,N,2026-08-18 08:49:01
MRN13049200,Yussuf,Knig,1949-09-12,1,6502235614,M6M3T5,(647) 623-0779,,N,2026-08-09 23:33:17
MRN46098790,Mei,Park,1932-05-19,2,,M1B 4V9,4372757317,,N,2026-07-05 06:39:25
MRN93043107,Yui,Grene,1978-11-20,2,,,6479966550,,N,2026-08-22 19:50:32
MRN15150297,Aamra,Nguyen,1948-08-25,?,9378880828,L6G 1Z8,(289) 220-5354,,N,2026-08-24 14:39:37
MRN26169172,Brian,Kmuar,1978-04-20,1,5862126256,,6479451494,,N,2026-07-04 14:54:43
MRN14463404,Hassan,Whitte,,1,,M9C4W2,4168096228,,N,2026-08-17 13:14:03
MRN68726264,Jmi,Rossi,1988-07-27,1,,,(905) 595-7082,,N,2026-07-15 05:34:25
MRN57267251,Jess,Li,2025-06-17,2,,M6J2N1,(905) 791-3494,,N,2025-11-01 06:37:22
MRN65723349,Betty,Lewos,2009-02-23,2,9228985561,L5A9V6,(365) 201-7974,,N,2026-07-15 18:43:12
MRN79618450,Pedro,Nelsin,,1,2094593544,,4378760478,,N,2026-07-06 22:18:48
MRN65192085,Nadia,Rossi,2003-07-14,2,,m1j4x0,416-748-7299,,N,2026-07-11 12:01:42
MRN64604721,Davvid,Li,1980-01-26,1,0567182332,M8X,4377461132,,N,2026-05-30 21:13:48
MRN82576679,Zraa,Zhang,1962-03-07,2,,,,,N,2026-08-30 20:26:48
MRN24118164,Bill,Nguyen,,1,4387305586,M2K2V9,(289) 593-4704,,N,2026-08-24 06:41:17
MRN80911304,Sandy,Thompson,1981-09-03,2,,M1J 7L0,365-718-6788,,N,2026-08-27 02:22:53
MRN69433337,Betty,Ross,1986-04-29,2,,L6S 1M2,2897910691,,N,2026-08-13 19:21:58
MRN95502807,Mstt,Ferreira,1940-01-11,1,7887769136,M5R8H5,9057095176,,N,2026-08-09 02:22:57
MRN28973472,Sofia,Osri,1994-09-19,2,4676778881,M6J 4S6,,,N,2026-07-03 16:47:35
MRN91136664,Liz,Pateel,1994-11-10,2,2268596869,M4L 5M0,4167800747,,N,2026-07-22 17:16:12
MRN56395242,Ahd,O'Brien,1926-06-12,1,3622726267,,(905) 656-6588,,N,2026-08-18 17:32:04
MRN98175710,Hassan,King,2017-11-26,1,8004838267,,9052568322,,N,2026-08-16 06:08:36
MRN14853300,Zara,Williams,1996-07-31,2,,M9C 6S5,,,N,2026-07-18 03:45:37
MRN21064629,Lia,Ricci,1943-08-02,2,5572865797,M1E2Z6,6477640039,,N,2026-08-23 10:55:47
MRN32647071,Liz,Robinson,1959-08-06,2,,M4E 8E1,416-391-0209,,N,2026-08-14 15:02:35
MRN80788377,Chrs,Miller,1983-11-16,1,9088698817,M3H1W2,365-215-0848,,N,2026-08-11 06:32:39
MRN65085545,Limg,Andderson,1961-09-11,2,9734592406,,365-386-3344,,N,2026-08-15 19:07:56
MRN28288049,Geirge,Young,2001-02-28,1,1330030790,,4373996247,,N,2026-08-24 04:43:30
MRN45480521,Priya,Rordiguez,1983-11-04,U,7977182083,m1m6c3,6473802663,,N,2026-08-03 03:19:23
MRN97151826,Pat,Rodriguez,1983-09-10,2,3278715564,,9056109196,,N,2026-08-10 13:17:39
MRN73934842,Lisa,Patel,1990-11-15,2,,M4B8K8,(289) 922-9086,,N,2026-07-17 09:13:20
MRN79958801,Maarie,Murphy,1985-06-21,2,4917744197,M1G 9X7,289-919-2108,,N,2026-07-14 03:05:22
MRN66180668,Anthoony,Lopez,1961-04-21,1,,l6m6w2,(416) 507-0945,,N,2026-08-26 11:45:12
MRN15624770,Nadia,Osri,1990-03-12,2,9521034158,M8V8C2,437-319-3155,,N,2026-07-08 22:19:55
MRN41607149,Marie,Sutherland,1961-11-29,U,0483445169,M6G 6L0,(647) 543-2938,,N,2026-07-15 06:07:57
MRN13791720,Luc,Waler,1987-11-06,1,,M5A3S9,289-674-6224,,N,2026-08-13 04:09:34
MRN85365213,Long,Ricci,1971-05-05,2,2402336727,M9B 6L0,(437) 666-5405,,N,2026-07-28 06:02:56
MRN39666940,Amraa,King,1995-06-18,2,8058900914,M8Y 4C6,(416) 837-4283,,N,2026-07-27 19:23:11
MRN94540184,Dan,Trn,1928-11-05,1,3250700543,,437-836-8732,,N,2026-08-06 15:08:05
MRN53695177,Jom,Murphy,1982-02-17,1,,M6K 9J0,(365) 646-9889,,N,2026-07-26 17:40:39
MRN43525763,Mochaeel,Kowalski,1967-07-04,1,,,,,N,2026-07-13 18:46:50
MRN85079007,Ivn,Brown,1965-09-10,1,0703472555,M3A 5C9,9058157279,,N,2026-08-25 06:06:52
MRN41345098,Dan,Fraser,1989-09-22,1,6249818789,,,,N,2026-07-09 13:05:02
MRN59214764,Jie,Miller,2005-12-09,1,8328110005,,416-467-9362,,N,2026-07-17 00:48:26
MRN36429058,Pt,Bouchard,1984-02-26,2,,,(437) 540-7391,,N,2026-07-30 10:40:49
MRN39931276,Ahmed,Nowka,1967-11-11,1,3099960381,M5N3T8,2893389562,,N,2025-07-30 15:33:46
MRN90536341,Diego,Williams,1967-04-22,1,4303826498,,(289) 755-0197,,N,2026-07-13 22:15:17
MRN45971545,Asa,Hassan,1983-08-02,2,4601598727,M3H5W4,(647) 886-5951,,N,2026-07-31 21:14:36
MRN21070709,Bill,Ckark,1931-02-27,1,5106371734,M9M4G7,905-816-8245,,N,2026-08-23 16:24:18
MRN51100697,Lnda,Jackson,1996-05-18,2,,L6R 5A6,365-218-4432,,N,2026-08-06 11:52:30
MRN91377291,Ivan,Khan,1975-09-16,1,,,,,N,2026-07-19 18:04:01
MRN86792020,Sarah,Martiinez,1974-04-17,2,9515459395,,4374560387,,N,2026-07-12 07:02:11
MRN63785111,Yusuuf,Kumar,1966-02-23,1,,M2J4J7,4379577230,,N,2026-07-31 21:43:31
MRN76215679,Liisa,Jackson,1987-03-10,U,4060962109,M6B 8K5,437-907-7933,,N,2026-08-09 14:05:31
MRN72283380,Pat,Marton,1926-02-01,2,1315965226,M8X3E0,437-871-0249,,N,2026-07-31 14:48:50
MRN32315755,Yuusuf,Kng,1976-12-29,1,5992504794,L6R4E5,(905) 812-7535,,N,2026-07-31 22:46:39
MRN17791652,Toas,Gagnon,1944-09-20,1,5878352193,,647-743-4649,,N,2026-08-08 15:25:21
MRN23607785,Briian,Baker,1973-11-10,1,1172186056,,647-759-2530,,N,2026-08-09 05:38:14
MRN35541403,Pst,Thomas,1983-09-15,2,,M9C 3L4,289-325-3943,,N,2026-08-05 03:00:34
MRN77953608,Mary,Jomes,1961-11-29,2,0183216860,M5J 7S0,,,N,2026-08-09 04:10:57
MRN25876926,Jean,Okaofr,1968-04-10,1,7087253394,L5N 6H9,2896713873,,N,2026-07-23 11:29:56
MRN32221823,Jrn,Moore,1945-10-23,2,2254606680,,6474152973,,N,2026-08-01 05:09:25
MRN30398324,Jin,Hasasn,1994-06-27,1,,M8X2C4,(647) 378-6065,,N,2026-08-21 06:15:47
MRN58482825,Mei,Wilson,1992-04-08,2,9018607128,M1C 7C8,289-772-6804,,N,2026-07-06 04:48:00
MRN93005776,Toas,Smith,1980-10-06,1,,m6k4p8,(289) 828-4329,,N,2026-07-05 06:08:06
MRN12654105,Claire,Singh,1980-08-23,2,,,437-859-1587,,N,2026-08-24 05:52:28
MRN95315880,Tmoas,Lpoez,1979-12-28,1,8615506907,L4B 8A4,(289) 485-9198,,N,2026-07-31 01:37:14
MRN73590476,Chhen,Hassan,1899-01-01,1,2874690783,L5C1Y7,647-487-8748,,N,2026-08-17 07:31:52
MRN64293660,Ivan,Thomas,1957-07-12,1,,,,,N,2025-09-26 12:36:02
MRN93310523,Faima,Johnson,2001-09-01,2,,,(416) 386-5548,,N,2026-07-30 16:41:44
MRN29917941,Ian,Kumar,2002-01-13,1,,,4377323719,,N,2026-07-16 16:26:52
MRN51957746,Dan,Campbell,1985-01-17,1,2471146205,,289-886-1348,,N,2026-07-13 08:10:52
MRN54473897,Joe,Bouchatd,1949-12-08,1,3443493220,M2M8L1,2894361361,,N,2026-08-31 02:18:10
MRN60488624,Jim,Anderson,1982-12-17,1,9646666207,M4H 9K9,9052961924,,N,2026-07-16 01:27:51
MRN31372474,Clarie,Singh,1973-09-19,2,2115580454,M6M 1W4,416-526-2498,,N,2026-08-24 19:02:22
MRN48503144,Wi,Rossi,1994-05-23,1,3137119107,,9053070022,,N,2026-08-26 18:07:49
MRN63735467,Rj,Smitth,1981-06-23,1,9466493021,,,,N,2026-08-19 18:50:18
MRN79456616,Jen,Daavis,1941-08-05,2,7074329686,M5R0H4,437-860-3613,,N,2026-08-10 04:30:01
MRN58285979,Jeas,Murphhy,1981-08-22,2,,,(365) 806-0098,,N,2026-08-27 12:52:53
MRN12989455,Mary,Zhagn,1984-10-31,2,8237362978,M5K 4B2,3653713334,,N,2026-08-03 11:32:48
MRN75370770,Pedro,Nelson,1955-08-04,1,,,(437) 905-1067,,N,2026-08-29 17:32:07
MRN31396013,Daivd,Walker,1984-08-30,1,7734940112,L6S2Y21,(365) 262-6979,,N,2026-07-25 22:11:48
MRN96573495,Nadia,Gacia,1965-09-07,2,7421768065,m6b5r3,905-323-1958,,N,2026-08-12 11:22:03
MRN58483488,Nan,Johnnson,1982-09-29,2,,L6A3E1,(437) 945-7318,,N,2026-08-26 14:01:23
MRN83381682,Jran,Sutherland,2000-04-04,1,2474610140,,,,N,2026-07-29 21:47:03
MRN57136818,Marggatet,Li,1958-08-23,2,,,2892072052,,N,2026-08-25 21:47:40
MRN79736963,Tomas,Knig,2008-09-22,1,,,289-760-2345,,N,2026-08-31 15:56:13
MRN92661943,Luc,Harris,1961-12-09,1,8662939076,M8W 2J5,4376476718,,N,2026-07-20 04:22:18
MRN94555283,Geroge,Santos,1962-02-11,1,6011390504,M4K3S4,4376135582,,N,2026-08-08 04:14:12
MRN18155395,Amara,Osi,1982-04-30,2,1286473853,M3A4W7,,,N,2026-07-17 16:46:19
MRN84339004,Sue,Kelly,1989-10-16,2,,,4373011067,,N,2026-07-28 14:35:06
MRN84315203,Fatima,Kong,2004-01-20,2,1278995319,,3653655528,,N,2026-08-03 18:37:03
MRN96114152,Joe,White,1971-08-02,1,3712254998,M9A 4R3,4375259453,,N,2026-08-02 12:45:22
MRN83781954,Mike,Rivci,1985-12-06,1,1782924938,,365-835-4743,,N,2026-07-17 04:53:08
MRN22884790,Aisa,Kumar,2000-07-22,2,,,(647) 209-4001,,N,2026-08-26 02:35:43
MRN86392958,Yuki,Fraser,1926-05-05,2,5366612518,M8Y4G6,(416) 823-3740,,N,2026-08-25 04:03:46
MRN39614093,Aisha,Kumar,1994-11-25,2,,L4J 4P9,,,N,2026-07-25 16:24:26
MRN47707381,Je,Green,1992-04-12,1,6941791359,,(365) 667-1936,,N,2026-08-08 16:29:24
MRN40450058,Raj,Alllen,1954-06-24,1,,M4E 9S9,3653040419,,N,2026-07-16 06:43:47
MRN89788475,Mohhammed,Fraser,1979-11-07,1,1915754640,M4H9P1,4168321338,,N,2026-08-06 14:56:58
MRN78661121,Ashley,MacDonald,1949-03-20,2,1989963820,L6H7L3,905-419-1331,,N,2026-08-10 23:49:44
MRN24649642,Peor,Osei,1975-10-12,1,7074808408,M2R 0S7,,,N,2026-07-29 07:17:53
MRN79123980,Maggie,Green,1992-02-10,2,,,4168438334,,N,2026-08-08 03:42:33
MRN51611888,Prya,Brown,1968-01-09,2,1959223460,L4K6R4,2894204586,,N,2026-08-31 14:11:59
MRN23938273,George,Wright,1948-10-09,1,8864589919,M4A 1P8,416-330-8428,,N,2025-09-27 02:01:06
MRN85725343,Jeess,Nugyen,1991-06-18,2,,,4373069154,,N,2026-07-24 04:22:55
MRN77620849,Luc,Smmith,1993-06-26,1,,,2899082763,,N,2026-08-16 22:12:58
MRN14518472,Niolai,White,1967-01-09,1,6489721396,,9056866601,,N,2026-07-06 06:17:15
MRN12566701,Emmily,Gagnon,1976-02-26,2,,M2N 5Y9,(365) 648-7461,,N,2026-07-22 08:45:37
MRN42558678,Ken,Nelson,1941-04-04,1,0738739317,,647-545-2239,,N,2026-08-25 09:27:46
MRN95852113,Cllaire,Wright,1930-09-28,2,0500642772,M4B 7T6,365-861-4100,,N,2026-07-13 21:09:15
MRN89299405,Karen,Singh,1981-07-18,2,5992825496,M3H 0H5,905-945-6426,,N,2026-08-16 23:20:00
MRN22645766,Ivan,Whhite,2004-07-15,1,0710854712,M6M 2V0,2898095175,,N,2026-07-25 03:24:21
MRN55433121,Luc,Zhang,1954-10-30,1,3969307325,L4L 4J1,4374886069,,N,2026-08-17 04:40:50
MRN56442977,Marrk,Ricvi,1947-06-20,1,9365409946,M6C3R1,9058285256,,N,2026-07-30 07:57:32
MRN70669405,Fatima,Baker,1978-07-09,U,9749618196,M4M 9R9,4374295421,,N,2026-08-02 10:25:00
MRN47559206,Omar,Nowak,1990-03-26,1,,L4C 1E5,(905) 790-3053,,N,2026-08-12 10:10:01
MRN18458880,Nikokai,Sutherland,1950-05-15,1,,L4C3L8,6479717859,,N,2025-12-30 05:18:50
MRN78968106,Jrss,Davos,1962-09-11,2,,M6J4G8,6476378966,,N,2026-07-18 08:30:34
MRN80218649,Jmi,Aki,1980-11-11,1,3140902358,M1E 8K0,416-434-0531,,N,2026-01-02 20:25:16
MRN46724660,Pta,Scott,2009-05-04,2,8209553059,,9059287700,,N,2026-07-31 18:23:21
MRN94001096,Sandy,Chen,1926-09-11,2,5274667046,M4E8R7,416-275-9229,,N,2026-08-24 00:41:42
MRN52049915,Jess,Sinhg,1993-05-20,2,9701708464,,2896208325,,N,2026-07-27 08:33:22
MRN98458846,Liz,Siilva,2000-04-24,2,2564962229,M4A2L8,2897584812,,N,2026-07-25 11:00:23
MRN72965070,Nadia,Robinnson,1956-08-14,2,,M6E0G5,(365) 645-5616,,N,2026-07-03 10:34:09
MRN72092144,Tomas,Tremblay,1981-06-07,1,,L6H 1B1,437-550-5722,,N,2026-08-26 23:30:22
MRN17501685,Steve,Walker,1981-02-09,1,,M4E 8P5,9054762511,,N,2026-07-18 05:56:04
MRN66243056,Jim,Thomas,1962-05-12,1,,,(416) 791-8661,,N,2026-07-14 09:29:05
MRN17081673,Amir,Zhang,2007-05-17,1,0586073330,M8V4X9,,,N,2026-08-20 11:54:49
MRN54607529,Ling,Hatris,1972-04-07,2,9165420937,M5G3C8,365-238-8992,,N,2026-08-07 14:55:37
MRN90979883,Chris,Davis,1972-01-13,1,,M9A 5P6,437-225-3117,,N,2026-08-10 11:34:11
MRN38742644,Brb,Ali,2023-03-03,2,2535699397,,(416) 513-5617,,N,2026-08-24 01:40:51
MRN64469414,Yusuf,Walekr,1954-07-28,1,8891956149,,437-536-7993,,N,2026-08-16 21:14:32
MRN16037144,Omar,Nowak,1976-04-12,1,,,(437) 526-4931,,N,2026-07-09 13:00:55
MRN16011098,Ahhmed,Ali,2007-08-21,1,,M1N 2S1,(647) 768-9519,,N,2026-08-15 13:47:00
MRN33021258,Cllaire,Kim,1979-12-28,2,,M3C 2Z7,365-520-0114,,N,2026-07-03 00:22:47
MRN57591821,Ahned,Nguuyen,1937-10-10,1,,M4L7J8,3656829014,,N,2026-08-25 20:43:40
MRN32920953,Maggoe,Martinez,1981-04-19,2,,,3654086006,,N,2026-08-22 21:12:00
MRN89694426,Brian,Jones,2015-03-10,1,,M5P 4E6,(365) 223-8020,,N,2026-08-25 03:16:14
MRN53014722,Emily,Youg,1938-11-10,2,,M8V 2W9,(416) 284-8925,,N,2026-07-06 01:08:42
MRN81405637,Toy,Nguyen,1978-11-24,1,1728455146,,,,N,2026-08-22 20:36:18
MRN76920242,Melissa,Chen,1936-09-14,2,6708567695,,(437) 626-4887,,N,2026-08-13 19:35:55
MRN90363683,Ahmed,Jonnes,1938-04-04,1,0820634988,L6C 6H3,(289) 800-0805,,N,2026-08-25 00:54:15
MRN76661672,George,Hassan,2006-10-05,1,8289031000,M6L 3J8,905-850-4791,,N,2026-07-12 02:45:01
MRN59797822,Melissa,Tran,1980-01-31,2,0911392751,,(647) 761-9820,,N,2026-07-11 17:06:28
MRN83169231,Eily,Jones,1993-04-17,2,9552415557,M8V 8R3,3656393598,,N,2026-07-03 14:20:23
MRN64098078,Claire,Gonzalez,1982-08-17,2,8054583920,,(365) 406-2835,,N,2026-08-30 06:32:45
MRN51149109,Lisa,Wiilson,1957-08-21,2,7372623913,M6E 7T8,416-825-6617,,N,2026-07-03 23:43:25
MRN91054216,Hiroshi,Taylor,1966-04-19,1,9267986827,,(437) 419-0193,,N,2026-08-20 18:16:04
MRN72443391,Melisssa,O'Brien,,2,,m3a7e2,(365) 592-3333,,N,2026-07-20 00:08:13
MRN69452739,Jeo,Li,1951-03-13,1,0260003884,M5E0M2,437-391-8029,,N,2026-08-28 05:22:15
MRN88914180,Kraen,Cote,1985-01-17,2,7728118725,M1J5M6,(289) 956-3641,,N,2026-03-16 20:21:51
MRN91131229,Pst,Ahmed,1940-04-26,2,,,6476004548,,N,2026-07-21 06:01:42
MRN62917075,Chen,Rodriguez,2025-10-27,1,,M2K3B6,,,N,2026-07-11 09:28:33
MRN43383271,Lonad,Aklrn,1998-06-17,2,,M1B 5S3,(289) 953-0472,,N,2026-08-12 09:09:42
MRN98943218,Jin,Simrh,1976-10-13,1,,16L5R6,416-201-6655,,N,2026-08-17 00:33:54
MRN29324252,Amara,Okafr,2006-03-09,2,8753727893,M4J8Y4,289-903-4715,,N,2026-07-19 22:18:21
MRN14850481,Hiroshi,Nuyen,1992-02-24,1,2535553917,M8V2M6,365-617-7548,,N,2026-07-31 02:56:53
MRN63711515,Linda,Martin,1931-07-12,2,9449608000,M6K 3R7,3658264164,,N,2026-08-11 12:14:41
MRN13143294,Diego,Scot,1968-08-29,1,8998455334,,4164897489,,N,2026-07-15 23:41:42
MRN77433730,Nan,Nwak,1985-11-17,2,0364164491,M4C2V9,(905) 748-2232,,N,2026-08-03 19:14:08
MRN80085783,Jrn,Jones,1957-07-01,2,0570099374,,647-571-8906,,N,2026-07-24 20:02:19
MRN58929903,Diego,Trran,1976-05-23,1,7340621718,M9L9R9,,,N,2026-07-03 03:33:42
MRN21660088,Briaan,Tran,2008-10-10,1,8377392082,m3c3p9,416-454-7093,,N,2026-07-31 15:18:25
MRN64690125,Barb,Jones,1955-08-21,2,0180792194,M4K 3B0,3654381722,,N,2026-07-11 09:33:32
MRN42993860,Yuki,Born,2001-06-22,2,3939193649,M5P8S1,365-864-1833,,N,2026-07-05 16:13:25
MRN31321357,Jen,Jackson,1945-10-31,2,2316800586,,(416) 946-1417,,N,2026-08-27 03:36:19
MRN90656672,Chne,Nelosn,1970-07-12,1,,m6g4s0,(647) 507-8086,,N,2026-08-22 07:24:33
MRN27730750,George,Hill,1981-10-03,1,,L6G5P51,647-453-9044,,N,2026-07-12 04:49:36
MRN64058645,Mary,Nowk,1990-09-20,2,2250534837,M2R 8C0,2892669793,,N,2026-03-06 05:51:14
MRN29485845,Jim,Adams,1986-04-09,1,,,289-347-4081,,N,2026-07-16 13:58:42
MRN70300357,Betty,Park,1985-12-26,2,1383260138,M6M5Y21,(289) 894-9271,,N,2026-07-23 02:15:46
MRN75915214,Nanncy,Li,1972-10-15,2,,,365-861-1776,,N,2025-11-27 11:14:11
MRN28920323,Brian,Walker,1958-11-04,1,0221500770,M5P8M4,,,N,2026-07-03 14:14:55
MRN78996098,Amara,Park,1958-11-08,2,8570450224,,9054120302,,N,2026-07-16 00:06:24
MRN26602904,Amir,Gnozlez,1968-11-06,1,0371038936,,365-215-1579,,N,2026-08-16 04:22:58
MRN15483278,Rock,Martinze,1955-06-13,1,0808106991,M1J0T6,(437) 580-3783,,N,2026-08-31 01:20:41
MRN23857812,Jin,Rosi,1988-07-27,1,5706032330,,365-841-2919,,N,2026-08-24 14:17:18
MRN12787867,Pedro,Ali,1966-11-29,1,,m9l4p3,6475436508,,N,2026-07-22 06:03:31
MRN38113282,Yuki,Okafor,1967-10-18,2,8468668895,M4K 0X1,(289) 295-0363,,N,2026-07-20 23:08:40
MRN66203512,Ptiya,Kim,1964-09-06,2,1508664701,M6K 3B3,4164684219,,N,2026-07-13 22:09:00
MRN99928230,Jen,Ahmmed,1998-05-05,1,5818536285,M1B4A1,416-950-4370,,N,2026-08-31 06:37:14
MRN18429534,Enily,Silva,1946-01-13,2,6249530657,M1L 0M5,(416) 790-7057,,N,2026-07-18 12:41:59
MRN22630300,Mri,Ahmed,1926-07-24,2,,M6A 8Y6,,,N,2026-08-02 03:36:47
MRN13699860,Josh,Smith,2005-04-26,1,,M1C0N7,4168749326,,N,2026-07-30 14:49:35
MRN67885346,Jean,Williams,1990-11-09,1,8593487690,M8V 7B7,4378312951,,N,2026-07-26 12:29:56
MRN67174640,Tim,Li,1985-03-22,1,,,,,N,2026-07-15 03:36:12
MRN16803883,Miek,Davis,1979-03-17,1,9285205978,M5B 6L1,3652776585,,N,2026-07-25 04:16:10
MRN44210213,Mohammed,Davis,1992-11-02,1,6388120815,M4C1B21,(365) 795-9931,,N,2026-08-30 15:04:16
MRN91528494,Sue,Smiith,1956-05-09,2,6817093179,L6S 1T5,905-856-9369,,N,2026-08-08 19:16:37
MRN87317513,Karen,Ferreeira,1979-06-30,2,2083498861,,365-488-9848,,N,2026-07-04 15:25:05
MRN75758246,Sandy,Martinez,1941-05-30,2,,M4K 4J0,437-665-4425,,N,2026-08-08 16:10:34
MRN43367647,Barb,Gagnon,1965-07-21,2,,M6J7P0,365-246-4753,,N,2026-08-26 19:47:10
MRN33680949,Aisha,Hssan,1955-05-27,2,6965852012,M4B 2V3,905-824-1203,,N,2026-08-24 07:58:55
MRN69393067,Thoomas,Jnes,1970-06-12,1,1856892334,L6M3B1,3655961514,,N,2026-08-25 04:42:54
MRN66442417,Mark,Bouchard,1992-02-21,1,9325770346,,6475558726,,N,2026-08-25 16:09:35
MRN24719665,Chiara,Johnson,1971-08-12,2,,M8Y 7G8,(647) 506-9407,,N,2026-08-26 15:27:15
MRN21441946,Hroshi,Nguyeen,2008-08-25,1,1024885863,,(647) 502-5518,,N,2026-08-25 12:31:12
MRN90757930,Steve,Lopez,1955-08-22,1,1986787339,,(647) 744-6463,,N,2026-04-04 11:49:17
MRN84192240,Sandy,Kim,1981-07-20,2,5014940695,M5J 0G1,(437) 925-1510,,N,2026-07-04 00:33:02
MRN82947633,Nsdai,Ptel,1991-02-17,2,,,(647) 590-5464,,N,2026-08-04 18:52:28
MRN39513528,Soffia,Hassan,1977-05-21,2,3024155339,m6k1l8,647-930-4331,,N,2026-08-25 21:38:19
MRN86812692,Satah,Li,1990-02-02,2,,,6472549589,,N,2026-08-05 08:13:58
MRN12035458,Andy,Johnson,1982-07-23,1,7225596696,,6474948530,,N,2026-07-09 19:24:17
MRN80826855,Zara,Capbell,1974-08-12,2,,M9C 9S3,416-654-2055,,N,2026-08-17 01:56:40
MRN82185867,Jiin,Allen,1971-11-04,1,1587626167,,,,N,2026-07-20 00:18:54
MRN13956379,Wei,Osei,1993-10-19,1,3719118394,L6C0L01,(647) 549-8246,,N,2026-07-04 18:41:04
MRN20711848,Pedro,Lopez,1978-08-25,1,,M8Y 3A1,2895727034,,N,2026-07-05 15:45:36
MRN33143803,Rsj,King,1959-02-24,1,0867062366,M1N0H1,4379184748,,N,2026-07-09 07:43:06
MRN39124050,Zata,Gagnnin,1987-09-20,2,4136220490,,3658410548,,N,2026-07-13 03:50:49
MRN80991366,Brian,Hrris,2015-10-31,1,6931079864,,9058692212,,N,2026-08-10 22:07:11
MRN18532817,Barb,Wang,1969-01-10,2,2611453305,M6A7P8,365-357-6726,,N,2026-07-24 08:33:14
MRN48030977,Lida,Ahmde,1932-10-06,2,3239524063,M8Y0S1,,,N,2026-08-09 12:15:50
MRN43037507,Claite,Campbell,1971-06-11,2,5273690619,,,,N,2026-07-31 15:03:18
MRN65937138,Priya,Nelson,1996-03-10,2,7832315548,M4K7P8,416-475-6780,,N,2026-08-29 09:37:02
MRN66237454,Joe,Johnson,2010-12-07,1,7481949860,M6B 4B2,(289) 302-8812,,N,2026-08-20 00:35:49
MRN30140556,Jeo,Silva,2015-11-18,1,1273400844,m6a2l2,365-855-0114,,N,2026-08-23 18:02:52
MRN29839691,Liing,Silva,1964-06-24,2,9827571515,,647-244-1155,,N,2026-08-04 18:06:01
MRN79187694,Sarah,Andreson,1955-06-07,2,5976766518,M5R,(289) 992-7671,,N,2026-07-05 02:01:46
MRN86784641,Georgge,Mensah,2010-06-21,1,1011707203,M2N 4Y5,,,N,2026-08-27 03:36:48
MRN86643818,Olga,Kiing,,2,,,905-881-7136,,N,2026-08-16 17:38:03
MRN83161756,Mgagie,Moore,1955-12-13,2,,,4378589044,,N,2026-08-04 15:57:07
MRN18023477,Tim,Williamms,1954-05-14,1,,M6H8E5,9052344312,,N,2026-07-23 03:26:45
MRN10069506,Olga,Murphy,1951-04-26,2,,,,,N,2026-07-31 18:52:14
MRN54685205,Luc,O'rien,1978-02-01,1,,M9M7X4,416-889-7204,,N,2026-08-02 22:47:11
MRN46096971,Bill,Brown,1948-09-23,1,,M4G3W5,(365) 302-4404,,N,2026-08-31 14:47:50
MRN51359890,Matk,Li,1974-06-07,1,1354544379,M3B6R71,(365) 993-1422,,N,2026-08-13 18:57:01
MRN29328628,Seu,Santos,1998-10-15,2,,M8W 4A7,647-667-0225,,N,2025-10-16 21:59:50
MRN15581579,Ling,Mensha,2001-01-12,2,,M6G 7L0,4377804667,,N,2026-08-01 01:14:27
MRN21768435,Toom,Jonees,1932-06-29,1,,M3C 7Y3,4166833206,,N,2026-07-03 02:57:39
MRN20316409,Ling,Ai,1958-09-17,2,0286042932,M1J 7Z9,4376709566,,N,2026-07-11 01:02:51
MRN59332019,Chiara,Osei,1986-12-24,2,4180719249,M6E 3P8,(365) 878-3571,,N,2026-07-26 18:49:54
MRN39791201,Bob,Khan,1931-05-29,1,,M4M8V6,289-729-5068,,N,2026-08-31 06:49:21
MRN94029216,Aisha,Baker,1962-04-15,2,,,,,N,2026-07-28 11:17:45
MRN24734942,Nan,MacDonald,1930-04-09,2,,M1N 8L8,9058647383,,N,2026-08-11 21:36:47
MRN56766575,Toomas,Kumar,1960-10-05,1,0316884824,M4H5Y6,437-557-2686,,N,2026-07-05 07:46:06
MRN19967954,Ana,Kowakski,1992-10-08,2,,M5H 8E8,2898021052,,N,2026-08-15 01:32:32
MRN75785503,Emily,Singh,1999-02-21,2,1341079380,M5N4J2,6478005558,,N,2026-08-19 08:17:39
MRN24991181,Mrak,Kim,1951-08-21,1,,,(289) 316-1605,,N,2026-07-15 12:25:15
MRN64993452,Karne,Kowalski,1949-04-01,2,,,416-627-9708,,N,2026-10-27 08:31:57
MRN58216945,Margrset,Cen,2023-08-31,2,,L4B2T0,6473701692,,N,2026-07-29 05:09:48
MRN53768482,Magige,Fraser,1966-08-01,2,,M9C 5B3,4169210905,,N,2026-08-20 01:32:39
MRN13062080,Mohanmed,Trembkay,1985-07-08,1,0231925587,L4J 4S1,(437) 228-3430,,N,2026-08-21 18:54:48
MRN74052611,Sarah,Thomas,2004-11-14,2,3090504808,,(437) 838-4335,,N,2026-08-15 17:40:09
MRN87882905,Hassan,Thompson,1984-08-15,1,9963481271,,6475182529,,N,2026-07-30 09:37:03
MRN34683949,Yuki,Osie,1992-09-21,2,3128971060,M6B 1T0,(365) 787-9577,,N,2026-05-21 07:39:55
MRN98746216,Bsrb,Pateel,1965-03-12,2,2065359313,M5E 6A6,,,N,2026-08-12 10:15:04
MRN91998833,Melisssa,Nguyyen,1954-03-28,2,7443148080,L5N7N7,6475743534,,N,2026-07-21 00:08:38
MRN28250987,Tiny,Jones,1977-04-22,1,4437125737,M4H1X2,9052759663,,N,2026-07-10 12:52:37
MRN90730095,Omaar,Kan,1970-07-21,1,,,,,N,2026-07-08 17:46:08
MRN32784449,Steev,Chen,1995-02-19,1,,M5N6N4,4372908223,,N,2026-08-21 09:04:09
MRN13455870,Sehlly,Sutherland,1972-12-29,2,8025998694,,647-673-2580,,N,2026-08-06 01:20:41
MRN16316003,Mandy,Ferreira,1958-02-08,2,2210565558,M8Y0W0,905-690-4867,,N,2026-08-20 16:48:55
MRN98568861,Chiara,Lopez,1977-06-22,2,9678468712,M3A 0J0,,,N,2026-07-19 18:23:12
MRN76432876,Andy,Gonzalez,1992-12-09,1,,M4C 5Y2,289-969-8565,,N,2026-08-14 19:35:31
MRN21364734,Lccu,Wright,1956-10-28,1,0973667835,M4A 0E3,,,N,2026-08-18 05:24:03
MRN65372393,Marie,Scott,1956-04-17,2,7761944920,L4J6S3,(437) 635-8787,,N,2026-08-08 17:36:24
MRN66762854,Priya,Kig,1990-02-08,2,4981257845,M4A2T5,4378244250,,N,2026-08-20 12:26:03
MRN65293633,Chen,Jones,1973-09-20,1,,,(416) 515-3185,,N,2026-07-22 08:41:08
MRN14086959,Andy,Davis,2023-12-06,1,5913136835,L6C3G0,,,N,2026-07-15 07:08:10
MRN55719499,Andy,Park,1996-12-16,1,,M2R 9M3,(289) 540-3259,,N,2025-08-15 18:17:30
MRN45394587,Marie,Anderson,1968-03-31,2,,L4L6G0,3657416860,,N,2026-07-07 07:00:36
MRN89348824,Mohammed,Sila,1966-11-21,1,1059334209,M4M 6S6,(647) 966-3219,,N,2026-08-08 18:01:46
MRN40270654,Jne,Siingh,1989-07-01,2,1563043494,M5J6K6,(416) 494-3486,,N,2026-07-09 07:20:24
MRN93880749,Ingrid,Anderson,1964-01-29,2,2785545860,m2k1p0,4163242266,,N,2026-07-12 17:02:04
MRN60830092,Marie,Smith,1952-10-09,2,7105358977,M8Y 5K6,(365) 301-3230,,N,2026-08-09 00:13:28
MRN75073950,Raaj,Gagnon,1953-04-06,1,,,416-889-4244,,N,2026-08-11 04:45:26
MRN36833643,Linda,Jonhson,1952-03-01,2,7294597229,M4H2E8,647-408-1077,,N,2026-07-13 05:22:56
MRN60974320,Olga,Martinnez,1997-08-05,2,1406066157,M4K 9W5,,,N,2026-07-12 14:26:25
MRN36043553,Yuusuf,Zhang,1976-05-04,1,2912033814,,2897183413,,N,2026-08-28 11:59:45
MRN18387668,Nn,Rossi,1997-11-15,2,6071053729,m2r3n8,9058882186,,N,2026-07-05 20:39:10
MRN11249102,Brian,Kumar,1960-06-09,1,,,289-699-0385,,N,2026-07-15 04:11:32
MRN84912034,Hassan,Thompson,1961-09-10,1,4390803270,00000,365-689-2859,,N,2026-07-17 07:27:43
MRN98913173,Pat,Chen,1968-08-12,2,,L5A 9M4,437-489-6286,,N,2026-07-07 00:10:14
MRN71905688,Luc,Kgn,1962-02-01,1,7719017183,M5R 2A6,647-430-1027,,N,2026-07-23 19:37:16
MRN81497264,Amra,Mitchell,2014-01-19,2,6244766264,M8W4P61,4163596759,,N,2026-08-24 17:05:16
MRN81135002,Zraa,Nelsn,1967-10-11,2,,,(905) 521-8241,,N,2026-08-22 23:29:55
MRN64708499,Nadia,Hernandez,1975-05-19,2,,m5h1x2,,,N,2026-08-04 03:46:07
MRN36050789,Pria,Jacksin,1958-01-09,2,,,(437) 569-1044,,N,2026-08-09 19:29:42
MRN59413084,Hssan,Santos,1995-08-07,1,1851397404,M5G6K6,4165661050,,N,2026-08-07 12:19:55
MRN27810707,Karen,Ail,1950-01-01,2,,M2M7B7,6477395310,,N,2026-07-21 00:53:23
MRN34822383,Toms,Roy,1963-05-20,1,,M6E8W3,289-262-7114,,N,2026-07-03 06:33:49
MRN65664952,Raj,Hrris,1963-11-12,1,,,,,N,2026-08-16 02:53:27
MRN73305861,Long,Garcia,1962-08-06,2,,,,,N,2026-08-19 00:42:18
MRN54333158,Kvein,Gagnon,2015-12-25,1,,M1B8N2,(905) 770-2320,,N,2026-08-30 23:24:39
MRN77343008,Lnda,Ahmed,1973-11-30,2,3235211202,M5G 9E0,4372253181,,N,2026-08-01 07:47:14
MRN29396045,Raj,Kowalski,2012-07-07,1,0729469049,m1n3k7,,,N,2026-08-13 21:27:07
MRN58048251,Lissa,Martin,1953-07-07,2,,L6B 2R8,365-555-8899,,N,2026-07-14 22:43:02
MRN88573608,Maggie,Rboinson,,2,7244471939,l6l3b0,4376935829,,N,2026-07-20 19:11:34
MRN78965178,Keviin,Wright,1949-01-13,1,,,6475642693,,N,2026-07-05 05:04:31
MRN78713085,Lnda,Miller,1978-06-15,U,3390865768,m1j8a3,2896457669,,N,2026-07-17 18:40:55
MRN88759815,Chara,Murphy,1983-09-27,2,,,365-534-9066,,N,2026-07-29 22:38:56
MRN58807899,Mike,Kim,2015-05-28,1,,,4372455260,,N,2026-08-15 12:27:38
MRN50316706,Betty,Hill,1934-04-17,2,,M2K 5N9,6476512608,,N,2026-08-02 23:15:39
MRN46026050,Jiim,Brown,1971-11-08,1,,M9A 2X6,(365) 355-6691,,N,2026-07-26 15:27:04
MRN78322554,Magie,Cote,1969-04-17,2,5925906405,M4E0X7,416-766-2021,,N,2026-07-26 12:12:50
MRN46364080,Ivan,Allen,2001-04-26,1,2597543855,M6G 2P9,9055293882,,N,2026-08-02 02:51:13
MRN90006641,Olga,Ail,1990-11-20,2,3032777843,L5A 1R1,(647) 258-1825,,N,2026-07-04 15:51:09
MRN68515714,Kevin,Briwn,1966-06-15,1,6333847314,M1N 7J1,437-964-3108,,N,2025-06-17 23:49:33
MRN99812565,Clarie,Patel,1964-11-20,2,4876044118,,(905) 341-9350,,N,2026-07-17 10:20:27
MRN99030041,Saarah,Bouchard,1989-05-02,2,9883228174,M8Y 9V6,4169504758,,N,2026-07-26 02:02:10
MRN89754453,Chrn,Santos,1936-02-15,1,1519723710,,(416) 250-5581,,N,2026-07-03 21:47:05
MRN92722996,Sandy,Lee,1974-05-29,2,4755277581,,3659342416,,N,2026-07-12 12:24:48
MRN66404917,Sarah,Daviis,1960-04-15,2,8856578839,M1L 6G5,(365) 473-0895,,N,2026-07-09 21:54:02
MRN73040281,Adny,Martin,2000-11-19,1,,M6B 3X9,416-917-2855,,N,2026-08-21 11:14:38
MRN22075685,Rick,Hasssn,1933-08-02,1,9081143555,M4E 2H7,(416) 686-8561,,N,2026-08-24 16:21:49
MRN29729273,Jess,Davis,1956-12-05,2,1462631456,,(416) 259-8962,,N,2026-07-18 03:19:17
MRN33159656,Ingrid,Bown,1991-05-17,2,,m9n7r0,647-394-5407,,N,2026-07-14 19:46:52
MRN69181454,Chiara,Sutehrland,1947-07-06,2,7087910100,,(647) 830-9595,,N,2026-08-14 09:12:42
MRN82084035,Ling,Hassan,1989-01-07,2,7207829610,L5N9S3,905-547-5147,,N,2026-08-29 07:28:12
MRN78553336,Raj,Anderson,1990-10-07,1,,M4H2K9,9056136096,,N,2026-07-12 13:59:26
MRN82107666,Mohammed,Kng,1959-11-02,1,8183323602,,(365) 764-1572,,N,2026-07-14 06:50:41
MRN86127676,Brian,Nguyen,1975-05-17,1,0142564863,M9N1A3,(437) 374-9343,,N,2026-07-28 10:02:31
MRN40852610,Yusuf,Riy,1989-06-14,1,,,647-858-0738,,N,2026-07-14 01:50:00
MRN96646588,Tomas,Fraser,2016-10-29,1,,,(437) 780-2721,,N,2026-08-06 19:25:25
MRN98347651,Karen,Johnson,1981-10-14,2,1443624885,L6G6V9,,,N,2026-07-15 16:28:47
MRN76800354,Mohammed,Kim,1948-04-21,1,,,905-878-4048,,N,2026-07-18 11:55:37
MRN11137534,Aisha,Ricci,1981-07-30,2,,L4L0Y5,4162394991,,N,2026-07-31 18:51:34
MRN35977263,Kren,Mooer,1963-06-23,2,5156015991,M6L7T5,(416) 481-3874,,N,2026-08-27 16:12:27
MRN69760306,Raj,Ahmed,1946-08-22,1,6453111723,M9B 9J6,(365) 213-1625,,N,2026-07-09 02:02:41
MRN42938379,Brian,Nowsk,1949-08-10,1,7870802860,,289-499-6575,,N,2026-08-15 18:45:41
MRN68170813,Hiiroshi,Whote,1985-05-15,1,2200863674,M9L7E5,(289) 250-4599,,N,2026-08-03 08:06:58
MRN49545955,Geeorge,Santos,1997-06-29,1,9983743460,l6j0j8,(437) 216-7249,,N,2026-07-31 18:57:12
MRN58169831,Yuki,Zhang,1990-04-15,2,,,289-412-8975,,N,2026-07-25 05:12:07
MRN38000445,Stevn,Haarris,1962-10-21,1,2323036075,M4J 2B0,2897384291,,N,2026-07-27 19:52:07
MRN42825005,Lzi,Stewart,1954-12-27,2,7184914781,M2H8H3,(437) 525-3468,,N,2026-07-27 07:29:42
MRN16151326,Tmo,Taaylor,1955-03-07,1,5613073302,M5H 3R8,(437) 761-7147,,N,2026-07-21 18:59:48
MRN61875028,Margareet,Andersson,1956-02-19,2,6908862177,L6R 5N8,9058057112,,N,2025-06-28 15:10:34
MRN57883750,Andy,Sutherland,1973-05-28,1,9792031810,L6L1N2,4169976047,,N,2026-07-27 10:47:50
MRN68093411,Linda,Johnson,2025-08-18,2,6967432086,M1G3H2,,,N,2026-08-20 15:23:39
MRN37264638,Shelly,Oseei,1965-01-15,2,4939783439,M4K 5G9,9055182709,,N,2026-07-20 05:43:02
MRN25551653,Meliasa,Anderson,1967-06-03,2,,,6478784831,,N,2026-07-25 15:05:51
MRN14613521,Mark,Ross,,1,6007180885,,3659328590,,N,2026-08-22 23:44:36
MRN92061386,Mrk,Silva,1971-01-02,1,,,(416) 597-7480,,N,2026-08-22 01:36:25
MRN84512201,Ivan,Smiith,1990-09-14,1,8754803107,M9N 9Z2,2896214349,,N,2026-08-31 16:34:29
MRN28576064,Weei,Kumar,2025-06-13,1,,M4K3M0,9055514451,,N,2026-08-27 18:42:54
MRN68099577,Ashley,Lopez,2009-05-11,2,,M4H5K8,289-668-6342,,N,2026-08-04 07:28:36
MRN68216985,Sofia,Parrk,1926-09-12,2,3357021603,M4L 1T9,(289) 314-6347,,N,2026-07-26 07:13:15
MRN36090047,Aishha,Baker,1972-07-03,2,,L4B 8E0,416-387-1672,,N,2026-08-07 20:18:53
MRN95049981,George,Johnson,1938-02-22,1,6418902240,,9052642431,,N,2026-07-09 13:37:31
MRN25603051,Jeo,Hll,1968-12-03,1,1958478800,,289-698-4536,,N,2026-07-25 18:49:03
MRN43851275,Tim,Mensah,1994-09-02,1,,,437-608-2817,,N,2026-08-30 21:43:05
MRN28527191,Ling,Mensah,2014-08-02,2,7598162100,,9059048874,,N,2025-11-12 20:48:14
MRN81978234,Fatima,Zhang,1981-04-19,2,,M6M2Y0,,,N,2026-07-15 12:34:18
MRN20797010,Tony,Ferreora,1996-11-30,1,5475559034,M6L1M9,365-207-0769,,N,2026-08-01 03:33:47
MRN45119100,Jes,Wilsno,1938-02-02,2,,M4J 2T0,(416) 873-9674,,N,2026-08-12 07:31:04
MRN69790050,Mark,Wright,1985-10-15,1,,L4C 6M4,3652902640,,N,2026-08-22 08:50:08
MRN52131554,Asheley,Johnson,1968-02-25,2,,m5j1x0,289-777-7142,,N,2026-08-01 15:29:47
MRN82434038,Amed,Hilll,1989-01-12,1,,,3655537163,,N,2026-08-06 21:18:43
MRN37771270,Faitma,Osei,1941-11-02,2,2265782454,M9N2C7,(365) 782-2829,,N,2026-08-21 11:10:04
MRN47498736,Pedro,Lee,1999-01-16,1,,M1J 2Z2,4373696527,,N,2026-08-20 09:13:37
MRN84686694,Jmi,Allen,1959-01-11,1,,M1N1V7,2893951700,,N,2026-08-28 11:43:02
MRN22672153,Rj,Lewis,2002-05-03,1,4697161166,M6G 3P0,(905) 870-8601,,N,2026-07-03 10:57:45
MRN23496195,Mary,King,1899-01-01,2,3938327156,M6G1B7,(905) 839-8501,,N,2026-07-15 11:40:35
MRN56473344,Yuki,Kim,1993-05-27,2,9181117848,,3655868441,,N,2026-07-21 23:23:36
MRN13759234,Sandar,Rodriguez,2013-02-19,2,,M1K 4Z2,9057339358,,N,2026-08-28 06:06:04
MRN75443667,Raaj,Roy,1968-11-09,1,7243585465,,(365) 624-4041,,N,2026-07-22 07:13:32
MRN94162526,Ssrah,Patel,1946-11-24,2,9417702470,M6M 4R9,905-288-9765,,N,2026-08-02 13:39:25
MRN23891478,Zara,Hrris,1991-08-01,2,1700063660,M6A 2P7,416-349-5109,,N,2026-08-24 19:19:48
MRN60182947,Ingrid,Taylir,1962-06-13,2,9266403816,M2J 1S2,,,N,2026-08-26 06:52:48
MRN40113135,Jess,Hernandez,2000-04-07,2,1416987384,,4163984330,,N,2026-07-29 20:08:21
MRN91338384,Diego,Walker,1986-11-28,1,,M6A 4J3,(905) 424-6777,,N,2026-08-17 19:37:04
MRN46174931,Zara,Singh,1977-08-17,2,,L5A 6K0,(647) 878-3328,,N,2026-08-27 23:32:31
MRN92158644,Fatina,Campbell,2014-12-24,2,2135529671,M3B8A0,905-549-8794,,N,2026-07-12 11:02:29
MRN93810654,Mary,Nowsk,1956-03-18,2,,,365-950-4180,,N,2026-07-04 16:36:23
MRN34507600,Mandy,Allen,2007-05-17,2,0849175104,M4H1K61,(416) 282-2583,,N,2026-07-17 01:20:06
MRN49208748,Chrn,Ahmmed,1963-01-29,1,,M4A1H6,365-207-3001,,N,2026-08-01 11:46:23
MRN76628808,Jesss,Jackson,1987-01-23,2,4357459918,M2K8E9,289-233-8610,,N,2026-08-04 12:41:10
MRN90249240,Karen,Kmar,1973-03-06,2,3738498967,M4M8P8,(437) 670-0309,,N,2026-08-28 12:55:08
MRN88255691,Jean,Kowalski,2007-01-15,1,9354359474,,289-668-0840,,N,2026-07-03 09:31:45
MRN75378636,Nadia,Kan,1994-02-07,2,,M9L 3J2,9053945093,,N,2026-08-30 06:55:09
MRN59497175,Chn,Okafor,1955-09-28,1,0188066831,12K2C5,365-723-8548,,N,2026-07-16 17:58:46
MRN79280023,Karen,Sutherland,1968-11-12,2,,M1C 9W8,416-461-1562,,N,2026-08-20 12:29:00
MRN32798752,Priya,Gagnon,1986-02-15,2,,M8Y0S6,(437) 893-2021,,N,2026-07-03 15:22:13
MRN76240711,Pirya,Garcia,2003-09-10,2,,L5N 1Y4,9058291884,,N,2026-08-27 00:33:44
MRN90339306,Ashhley,Walker,2005-11-10,2,7538947123,,,,N,2026-07-18 17:04:48
MRN47044704,Karen,Psrk,2025-04-11,2,,M1E6N9,905-613-0601,,N,2026-07-05 05:08:31
MRN73882249,Fatima,Khhan,1967-11-22,2,,M4G 4L8,6479200977,,N,2026-07-14 17:18:15
MRN81657781,Jess,Sttewart,1989-01-26,2,,,3654166211,,N,2026-08-25 01:14:37
MRN36496954,Priya,Moore,1989-02-16,2,7470297156,M5B 3P2,,,N,2026-08-09 07:48:32
MRN16900148,Brian,Khsn,1998-01-21,1,9038464377,m6a6p5,(647) 662-5490,,N,2026-07-28 10:54:54
MRN68825719,Diego,Ricci,1946-09-09,1,2289856615,,4165926880,,N,2026-07-16 14:16:49
MRN76365074,Tony,White,2013-02-24,1,9826340482,m2k8c8,,,N,2026-08-23 10:36:33
MRN12443123,Diego,Moorre,1945-02-11,1,,L6R 0E0,(365) 781-8136,,N,2026-07-05 05:56:56
MRN78140200,Nadia,Alli,1998-03-13,2,,m9b5t2,,,N,2026-08-21 05:33:14
MRN55737519,Joe,Stewatr,1936-01-27,1,,,3657058141,,N,2026-07-05 03:34:41
MRN98738626,Ivan,Brown,1973-08-24,1,6506922456,M3H 2V7,4377734169,,N,2026-08-08 18:02:44
MRN52642376,Pat,Jones,1979-10-09,2,,,6473222483,,N,2026-07-19 16:52:13
MRN77656006,Seu,Kelly,1984-03-19,2,,M1C 5J9,(905) 987-4345,,N,2026-08-25 02:35:29
MRN81912737,Josh,Wilsn,1988-01-25,1,3292430810,M9C 9M3,(437) 713-6787,,N,2026-08-13 23:42:14
MRN27945961,Kenneeth,Ricci,1955-08-27,1,8959134126,M5H4X7,905-379-0240,,N,2026-07-20 01:38:21
MRN25813870,Nikolai,Nowak,1947-03-12,1,9805512648,M1G5P9,289-439-5019,,N,2026-08-06 18:20:58
MRN29303480,Nikolai,Patel,1991-04-10,1,6380495454,M2R 0M1,289-235-4441,,N,2026-02-05 20:24:41
MRN70497095,Imgrid,Taylor,1962-06-13,2,9266403816,M2J 1S2,3655038621,,N,2026-07-13 14:53:26
MRN17571619,Bbo,Lipez,1974-09-24,1,,,(905) 650-8604,,N,2026-05-25 02:48:53
MRN56045631,Steve,Lweis,1967-10-18,1,,,4169280515,,N,2026-07-30 02:00:00
MRN65356740,Dsn,Davis,2020-12-28,?,,L5A 4P3,416-772-5369,,N,2026-08-28 20:21:34
MRN32318813,Naadia,Jnes,1957-04-07,2,,,3654301622,,N,2026-08-14 18:40:10
MRN99861560,Marie,Ftaser,1926-04-29,2,2860383385,M1G8C3,(437) 680-5182,,N,2026-08-26 06:14:12
MRN86191112,Amara,Kumar,1926-10-28,2,8373087967,,(905) 341-9995,,N,2026-07-13 16:08:01
MRN13740409,Amir,Hassan,1959-03-12,1,2644783280,L4J8W3,,,N,2026-07-28 18:32:52
MRN77541544,Mleissa,Lee,1965-09-29,2,5444214281,M8X2T5,(365) 401-3490,,N,2026-02-03 19:41:54
MRN38868595,Ken,Leee,1960-03-09,1,4075115800,M5R8J1,289-465-9172,,N,2026-07-25 22:40:53
MRN78483211,Amir,Walker,1977-09-16,1,,M9N,6472658460,,N,2026-07-09 19:25:12
MRN92360841,Rick,Thompson,1957-05-02,1,,M1H1N4,,,N,2026-08-15 05:31:55
MRN77921464,Ashly,Stewart,2025-08-28,2,0653116160,M4A5Y3,9053093717,,N,2026-08-28 21:41:51
MRN29358711,Amir,Park,1986-04-23,1,,,3659000954,,N,2026-07-17 13:47:08
MRN91826282,Kraen,Nelson,1986-11-03,2,7081915303,,6473992906,,N,2026-07-27 01:58:17
MRN16477612,Priya,Hernnandez,1989-06-21,2,4017528599,M1B9A2,437-624-8632,,N,2026-07-11 14:34:06
MRN11107773,Pat,Jckson,1980-03-26,2,,M4C 0B4,(905) 537-7270,,N,2026-08-19 10:37:36
MRN98712842,Raj,Crter,1981-11-29,1,,,,,N,2026-08-07 09:28:09
MRN20065543,Nikolai,Wang,1978-07-08,1,4696136680,L5C4L2,(437) 226-2616,,N,2026-08-15 03:35:32
MRN88527018,Karrn,Kiim,1961-08-09,2,5836399328,L6P 3R1,,,N,2026-08-29 18:01:04
MRN64063911,Ingrid,Mitchell,1964-11-16,2,1945455481,m8w7m6,3657659360,,N,2026-07-06 04:56:03
MRN72743125,Mei,Tremblay,1973-07-18,2,5488894758,M6K1H9,365-465-8265,,N,2026-07-27 05:08:31
MRN93354483,Mayr,White,1932-02-16,2,6810795887,,289-538-8184,,N,2025-10-02 21:25:54
MRN20600732,Barb,Rodriuez,1968-12-27,2,0837081041,M6H3X0,437-233-9880,,N,2026-08-25 11:39:41
MRN17925497,Priya,Smith,1981-09-30,2,1863716807,,365-805-5520,,N,2026-08-19 09:01:50
MRN18201059,Tomas,Johnsno,1973-09-14,1,,M5B8K5,(289) 298-2870,,N,2026-07-06 16:30:54
MRN41172673,Nadia,Wolliams,1988-03-21,2,,M6G3C4,4167302142,,N,2026-08-12 13:37:33
MRN26789388,Liiz,Steart,1927-01-24,2,,,365-372-2452,,N,2026-08-04 02:57:45
MRN24681697,Ingrid,Jones,2002-07-26,2,9311402532,,4376204953,,N,2026-07-11 02:13:48
MRN87831160,Mohammed,Miler,1954-02-01,1,,l6g4b8,(437) 481-3323,,N,2026-08-29 06:48:53
MRN98948708,Se,Carter,1967-09-02,2,,M4C 8A8,416-761-7338,,N,2026-07-30 00:01:33
MRN48839001,Mei,Johnson,1967-06-20,2,7711165378,M8W 8M7,6477815991,,N,2026-07-20 09:26:45
MRN86580856,Ivan,Oei,1942-06-14,1,,14G4V5,(437) 222-6856,,N,2026-07-05 07:51:06
MRN60080590,Yuki,O'Brien,1974-09-12,2,,M1G 6T7,,,N,2026-08-01 05:06:13
MRN67483042,Mart,Okafor,1929-10-04,1,,M5E 7Z9,437-275-5940,,N,2026-08-29 20:25:50
MRN75906551,Ashlry,Termblay,1984-09-21,2,2072539352,,416-457-1998,,N,2026-08-27 19:26:27
MRN59031862,Daan,Okafor,1976-04-05,1,,M5G 8R3,289-497-0709,,N,2026-08-03 14:43:03
MRN70528828,Omsr,O'Brin,1988-09-10,1,,M5B8C7,4375530284,,N,2025-10-16 23:47:46
MRN70376357,Stven,Ricci,1984-09-26,1,,L6P 8H8,,,N,2026-08-13 05:41:35
MRN84419420,Emliy,Cote,1965-12-22,2,0705457042,M1J1J6,4164568939,,N,2026-08-25 03:24:12
MRN23624223,Betty,Hassan,2004-12-26,2,,11K7A1,3655729352,,N,2026-07-14 12:04:02
MRN87073102,Btety,Carteer,1973-12-04,2,5621741262,,647-419-0125,,N,2026-08-31 04:32:42
MRN96913909,Josha,Rossi,1982-05-01,1,,M5K7M9,(437) 720-9989,,N,2026-08-20 05:31:27
MRN81178483,Amir,Park,1972-02-15,1,5476474134,L4K 0M6,9057754665,,N,2026-07-27 17:43:48
MRN89321587,Chiaa,Fraer,1969-01-31,2,,L5A1R1,2897497389,,N,2026-08-10 05:53:03
MRN36657653,Ivan,Young,1997-07-24,1,1528950296,L5C2K3,(647) 689-1027,,N,2026-07-10 05:26:44
MRN11924696,Amr,Ferrreira,1953-05-07,1,5410588296,,4372568669,,N,2026-07-10 20:17:15
MRN43175595,Hassan,Kumar,1965-04-16,1,0175814532,m2r6m5,437-938-6088,,N,2026-07-09 12:50:08
MRN46887995,Maggie,Kumar,2002-12-29,2,9997311965,L6C 8T0,(365) 366-2250,,N,2026-07-22 04:17:40
MRN11729916,Tm,Gagnon,1961-01-24,1,,,(905) 827-0635,,N,2026-07-06 23:56:37
MRN50707214,Mary,Ferreira,1977-11-23,2,2118619820,L4C9X1,,,N,2026-08-24 23:49:03
MRN91622945,Rick,Gonzalez,1976-06-13,1,8058501696,M5G 1Y3,416-977-5283,,N,2026-07-27 07:42:26
MRN46576328,Olgga,Bouchard,1929-12-05,2,8741616687,M2J 4L1,(416) 498-1145,,N,2026-08-22 09:03:52
MRN18165239,Luc,Tremblay,1972-09-12,1,6352569955,,905-570-6562,,N,2026-08-26 03:08:12
MRN89302810,Ivan,Fraser,1997-01-21,1,0250323193,L6C8H3,4374928401,,N,2026-08-02 09:32:30
MRN33923027,Saah,Ahmde,2003-04-10,2,,00000,(365) 771-1636,,N,2026-07-26 04:23:14
MRN99797790,Yuuki,Nowsk,1981-11-20,2,1625702525,,4374501054,,N,2026-07-09 13:21:49
MRN84044904,Magie,Moore,1939-09-03,2,,,(289) 323-0040,,N,2026-08-29 22:37:20
MRN91775238,Linda,Jackosn,2014-02-28,2,4897587236,,(416) 623-7055,,N,2026-08-10 12:29:05
MRN46876580,Dan,Roy,1980-02-28,1,,M2M,6475355032,,N,2026-08-13 15:45:58
MRN26393116,Mady,Nelsnno,1976-11-18,2,5140867820,M2J 1T0,(905) 645-3938,,N,2026-07-24 06:15:46
MRN31285502,Priya,Garcia,1968-06-29,2,,M8X2R5,4169399909,,N,2025-07-07 06:57:06
MRN91295128,Mary,King,1964-10-20,2,1525280697,M6G9A0,6477487126,,N,2026-07-31 08:59:00
MRN87655400,Ana,Lewis,1974-08-27,2,,L6M 6K5,4375208007,,N,2026-08-20 02:08:34
MRN83559435,Msndy,Osei,1960-09-25,2,,,365-525-7552,,N,2026-07-14 16:24:47
MRN77548730,Bob,Lee,1991-12-26,1,4183773938,L6P0Y7,,,N,2026-08-11 18:15:29
MRN77391357,Amaa,White,1970-05-20,2,2149691467,,647-302-4562,,N,2026-08-15 00:25:31
MRN11414156,Fatia,Yong,1991-09-18,2,,M6J5S4,6476662308,,N,2026-08-30 04:08:29
MRN20296790,Brian,Moore,1952-11-04,1,8503822952,M9M 2W5,647-558-4957,,N,2026-07-26 16:46:40
MRN95598022,Tomas,Gagnon,1987-02-01,1,,M1E5A7,,,N,2026-08-26 01:39:36
MRN54581517,Mtat,Patel,1959-07-18,1,6688737938,M6L 5G2,905-350-4075,,N,2026-08-09 08:53:52
MRN54511010,Rsj,Wright,1944-04-28,1,5210304860,,(437) 874-6871,,N,2026-08-13 09:19:51
MRN44459915,Maroe,Hassan,1939-02-24,2,3789832841,M9L 8C9,(905) 214-7384,,N,2026-08-01 09:56:40
MRN85034098,Marie,Martinez,2006-03-19,2,,M5P 2A0,2897228514,,N,2026-07-10 04:46:28
MRN64753240,Inrgd,Kim,1980-07-22,2,,L5A2T9,(905) 770-3191,,N,2026-07-10 23:08:02
MRN34124597,Wri,Ricci,1998-05-18,1,5877728609,,(647) 264-0067,,N,2026-07-09 06:40:37
MRN45518823,Kevin,O'Brrien,1993-02-18,1,4988975498,M6E1Z6,6476507811,,N,2026-07-29 13:30:24
MRN16617483,Ingrid,Baker,1973-05-18,2,6337080466,L6R1J4,4169218248,,N,2026-07-18 02:49:36
MRN88229070,Mandy,Hernanndez,1926-10-01,2,9184723253,L6R1G1,4165074427,,N,2026-08-29 00:56:07
MRN19916762,Melissa,Li,1974-04-25,2,3652644059,00000,416-949-4601,,N,2026-07-07 13:50:34
MRN15721275,Luc,Hernandez,1991-11-06,1,0591091582,m1m7b3,3653188495,,N,2026-08-18 11:10:35
MRN93918746,Linda,Carter,1991-09-23,2,0161419510,L6B8H2,289-686-5265,,N,2026-07-12 09:52:24
MRN27119965,Chris,Ricci,1952-06-19,1,,L6P 0Z5,(437) 725-3532,,N,2026-07-18 15:02:00
MRN47261212,Proya,Kelly,1978-06-21,2,4868289945,M5P9V7,9058120272,,N,2026-07-09 07:47:30
MRN38989075,Priay,Adams,1964-12-03,2,1201284633,,4168566093,,N,2026-07-26 04:00:36
MRN91138911,Josh,Patel,1948-09-05,1,,L5N 9Y2,647-831-3515,,N,2026-07-11 22:33:32
MRN66355839,Mayr,Ali,1953-10-06,2,1484291602,M1E 7C2,4169823974,,N,2026-08-29 20:37:16
MRN29076622,Hiroshi,Mooore,1960-06-04,1,5714284253,M3C0H1,4168696134,,N,2026-08-27 19:10:32
MRN32410783,Ahmed,Davos,1991-06-06,1,7339066800,11M9H2,437-942-6978,,N,2025-08-28 19:24:44
MRN42662119,Asiha,Nguyen,1976-05-18,2,0908833056,m6l3n7,(905) 834-8034,,N,2025-09-17 17:39:09
MRN96962792,Yusuf,Hill,2016-05-21,1,,M2R 3Z4,437-631-3100,,N,2025-11-03 09:10:19
MRN33037876,Nan,Robinsson,1935-11-08,2,2949740860,M4K 7C2,289-725-8831,,N,2026-07-25 13:24:27
MRN70337783,Nikolai,Javkson,1926-02-09,1,2502960665,,4376217469,,N,2026-07-26 13:17:05
MRN48711562,Brian,Stewwart,1966-02-21,1,,,3659422307,,N,2026-07-24 18:49:21
MRN21299974,Jessiica,Ribinson,1970-01-12,2,2472491576,M6M5L1,,,N,2026-07-03 21:27:33
MRN91572747,Mrat,Garcia,1988-04-10,1,6803142741,M5B 6T7,2898120195,,N,2026-08-16 03:28:36
MRN88665474,Zraa,Osri,1980-01-16,2,9740323986,l5a3g7,437-409-9880,,N,2026-07-28 19:40:09
MRN14876788,Omar,Zhagn,1984-07-10,1,,,437-844-9086,,N,2026-07-28 02:20:51
MRN32433238,Tmoas,Young,1956-09-24,1,0905571055,L4J9Z8,(365) 759-3552,,N,2026-07-19 23:36:09
MRN70991051,Ling,Park,1986-01-04,2,,,(365) 947-6408,,N,2026-07-30 22:16:12
MRN81690917,Mohamemd,Davis,1941-10-11,1,4488114119,L6B0T0,,,N,2026-08-03 14:03:13
MRN74806404,Olga,Bouchard,1976-02-13,2,6744179315,M1K1A0,647-607-9280,,N,2026-08-28 11:02:19
MRN42631124,Melissa,Rodriguez,,2,8298025142,M1M2J4,4375566442,,N,2026-07-05 01:59:33
MRN51511052,Liaa,Gonzalez,2005-02-17,2,0394132385,L6G8E8,,,N,2026-08-18 00:04:04
MRN83988424,Nikoolai,Davis,1975-11-29,1,,l6c6b3,(416) 659-5333,,N,2026-08-23 01:12:03
MRN46624118,Ady,Ail,1949-12-18,1,,,4379350679,,N,2026-08-14 13:52:52
MRN37998544,Claire,Okafor,1984-08-10,2,2570774592,L6B3W2,,,N,2026-07-12 10:57:46
MRN75238637,Cheen,Wright,,1,0592432504,M5K 9P2,,,N,2026-08-18 20:35:39
MRN25536808,Aan,Santos,1945-10-13,2,,M1J9E2,905-989-6674,,N,2026-07-10 05:49:56
MRN51658202,Betty,Kelly,2002-11-22,2,0828119255,,9052511368,,N,2026-08-30 10:28:16
MRN90227601,Tom,Ricci,1931-09-22,1,0605846146,M4K1B2,289-713-3598,,N,2026-08-21 16:20:13
MRN25440370,Josh,Jacckson,1988-08-05,1,8832846532,M4H6P3,(416) 214-5297,,N,2026-08-08 21:42:13
MRN40323906,Amir,Mensah,1997-06-14,1,,,647-238-8306,,N,2026-08-11 01:23:38
MRN93464990,Yusuf,Fraser,1999-02-23,1,1103373625,L5B 1V6,,,N,2026-07-25 15:02:46
MRN63221841,Hasssan,Santoos,2000-12-28,1,8443098960,,,,N,2026-01-27 02:17:12
MRN42027056,Ommmar,Tran,1960-10-19,1,,L4J7L0,4379101386,,N,2026-07-10 13:12:17
MRN88898349,Raj,Smth,1964-05-17,1,9303207725,M1K 4A2,3658396213,,N,2026-07-16 21:52:38
MRN58238466,Lisa,Walker,1986-10-21,2,2878066303,M2H 0N0,(437) 870-7396,,N,2026-08-20 08:08:39
MRN57378731,Yusuf,Thompson,1951-12-10,1,,M4A1X5,3652612829,,N,2026-08-15 19:59:44
MRN43153505,Shelly,Kowalski,1993-12-26,2,2418865800,L6A 9X7,4379501442,,N,2026-07-03 14:29:45
MRN29513309,Josh,Okafor,2000-11-11,1,,M2H0J9,4374071515,,N,2026-08-12 05:02:58
MRN33440184,Maggie,Rodrgiuez,1988-03-27,2,,,(647) 407-4013,,N,2026-04-30 13:25:31
MRN92784287,Msndy,Mensah,1990-11-27,2,,,(289) 302-6567,,N,2026-08-12 15:24:15
MRN97546853,Pedro,Baker,1933-07-13,1,,M6G6G8,(905) 311-6860,,N,2026-08-04 15:49:22
MRN32331271,Bikl,Gonzalez,1950-01-21,1,8731550755,L4J 8J4,(437) 843-0785,,N,2026-08-28 17:56:03
MRN22919241,Aamndda,Hassan,1949-07-30,2,6497949583,L6M5T2,289-922-4768,,N,2026-08-14 23:36:29
MRN28653404,Mandy,Smith,1941-05-01,2,5866844862,,(289) 333-8540,,N,2026-08-22 20:14:48
MRN37264152,Sue,Santos,1991-05-09,2,4105592689,,365-247-7184,,N,2026-07-29 04:16:07
MRN42968415,Ken,Paatel,1985-02-01,1,6779492633,L4B7C6,(289) 627-1032,,N,2026-08-17 00:16:27
MRN61197930,Hiroshi,Wikson,1962-08-07,1,3997474782,m4l2a9,905-314-1943,,N,2026-08-19 05:32:54
MRN15389124,Mandy,Jonse,1997-06-26,2,7342148991,M2K9G1,437-790-7306,,N,2026-02-14 23:30:20
MRN65755031,Mandy,Trna,1968-01-08,2,8331297781,,9053933700,,N,2026-07-17 16:53:19
MRN56261502,Sarh,O'Brien,1950-11-16,2,,L6J 1X3,365-396-0384,,N,2026-08-14 13:14:52
MRN78464770,Marie,Mensah,1958-11-07,2,3634339646,M4M7C7,(289) 612-4311,,N,2026-08-22 04:55:11
MRN60910192,Hasssan,Neson,2019-02-02,1,3664871427,,(365) 604-5991,,N,2026-07-06 01:41:56
MRN78817732,Sue,Kim,1961-10-01,2,3469368843,L6L 1Y8,(365) 272-8312,,N,2026-08-02 12:55:48
MRN51430564,Chiara,Thomas,1956-05-28,2,2473072615,,2895977192,,N,2026-07-24 16:29:13
MRN90484371,Liz,Hill,2024-09-19,2,,L4J 9R5,(905) 880-9851,,N,2026-08-01 15:20:04
MRN14175012,Amara,Oseei,1959-08-08,2,7520343562,M6E 3V4,(437) 272-5806,,N,2026-07-27 07:21:35
MRN47281522,Tny,Hill,2000-05-02,1,6355997849,L4J 5W5,3653601891,,N,2026-08-21 15:39:10
MRN94170580,Naddia,Santos,1976-02-11,2,,15G0R2,(647) 288-0911,,N,2026-08-31 19:02:39
MRN64460232,Maty,Moore,1954-04-01,2,,M9B7P4,4374873980,,N,2026-07-10 05:31:53
MRN24174415,Kevvin,Lewis,1960-06-28,1,5448876069,,905-707-2405,,N,2026-08-22 13:33:27
MRN65975621,Inrid,Gren,1979-04-04,2,,m1n3w9,437-754-6189,,N,2026-07-10 17:41:52
MRN15857216,Priya,Clark,1989-07-25,2,7168715303,M1G 5M5,365-688-4682,,N,2026-08-20 05:18:19
MRN54948779,Hassan,Frrreira,1981-07-13,1,,,647-789-7909,,N,2026-07-26 01:41:52
MRN29200090,Pat,Moroe,1970-07-23,2,6513386406,L6C 2V4,905-943-1604,,N,2026-08-19 06:10:55
MRN90534537,Karen,Tran,1979-03-10,2,0985281757,,3657807288,,N,2026-07-23 20:05:46
MRN71652951,Ammara,Singh,2025-05-16,2,,,437-778-1170,,N,2026-02-28 21:41:09
MRN60296773,Ptiay,Nguyyen,1999-05-12,2,8759851655,M6L1J5,9054688841,,N,2026-08-25 11:32:10
MRN30406503,Tom,Wrigth,1950-08-10,1,5969201440,,647-726-9228,,N,2026-08-03 22:03:56
MRN17483842,Mike,Wrright,1963-01-15,1,,M3A9X4,(905) 915-0710,,N,2026-08-02 14:17:20
MRN33004245,Pat,Oafor,1957-04-24,2,,M1L3W9,(905) 306-5837,,N,2026-08-01 10:45:44
MRN59183406,Aiha,Robinson,1967-10-03,2,0062466191,M3B 5S7,(647) 320-9856,,N,2026-07-12 19:29:25
MRN31900077,Andy,Walker,1983-05-17,1,3440711921,M2J0G0,(905) 767-8508,,N,2026-07-03 06:49:25
MRN30827994,Ysuuf,O'Brien,1967-01-22,1,,M1M0V7,289-513-5052,,N,2026-08-25 15:43:18
MRN59510180,Mandy,MacDonald,1962-06-15,2,2127335442,M4H6H2,647-915-3230,,N,2026-08-03 22:30:46
MRN34875779,Ana,Wright,1991-06-29,2,8910516163,,6474428339,,N,2026-08-15 05:26:41
MRN13909754,Wei,Smith,1994-05-25,1,2169662182,,(905) 801-3315,,N,2026-07-22 12:13:35
MRN80895261,Dna,Grreen,1996-01-28,1,0162568208,M1L6S1,437-253-4323,,N,2026-08-10 16:59:11
MRN37132500,Daan,Wright,1992-07-23,1,4359356419,,,,N,2026-07-11 21:35:05
MRN24265095,Chen,Taylor,1971-07-01,1,6021823213,M6G 9L1,(289) 654-0051,,N,2026-07-29 00:35:27
MRN44294958,Linda,Tomas,1943-09-11,2,8001703365,l6p5y8,2893496135,,N,2026-08-10 05:46:50
MRN27199983,Sue,Adms,1945-11-20,2,,L4L 2V0,(905) 913-3004,,N,2026-08-07 09:55:59
MRN38573987,Karen,Murrphy,1926-04-25,2,4521850521,,(416) 780-7119,,N,2026-07-12 18:24:07
MRN20529825,Steve,Mensah,1963-08-30,1,1610202663,M9A 5K6,905-754-1069,,N,2026-07-17 10:25:07
MRN32253480,Sarah,Boouchard,1950-10-13,2,4084086828,M1H 3R7,(647) 945-2025,,N,2026-08-30 00:18:17
MRN87335318,Bettty,Hill,1999-09-13,2,7297719549,,,,N,2026-08-20 19:45:26
MRN26888251,Sofiia,Scott,1948-12-14,UNK,3257797443,M9N 7Y9,,,N,2026-07-03 15:08:51
MRN53254788,Babra,Wiilliams,1968-10-28,2,6336482515,,647-424-9917,,N,2026-07-31 18:01:30
MRN43166994,Oar,Singh,1991-04-25,1,6719693597,,,,N,2026-01-25 20:08:03
MRN96573167,Nn,Kim,1937-05-25,2,,M6C7B7,416-506-6159,,N,2026-07-14 12:42:01
MRN57860201,Matt,Zhang,1965-11-09,1,,M5N0M0,(289) 578-3203,,N,2026-08-04 20:24:19
MRN70675341,Brisn,Ricci,2005-11-16,1,0660083536,,,,N,2026-07-06 03:42:32
MRN81529174,Sofia,Mitchhell,1968-08-04,2,,L5B 7Z8,(905) 312-9533,,N,2026-08-11 15:04:39
MRN14291539,Mtathew,Ferreira,1940-02-13,1,,,(905) 836-7944,,N,2026-08-26 11:57:32
MRN21882285,Aan,Cambpell,1973-01-09,2,,M1L3C0,6472278548,,N,2026-07-05 17:28:04
MRN80026295,Omar,Thomas,1975-11-29,1,0893022277,L5A6P0,6473170549,,N,2026-05-18 04:57:07
MRN34956282,Jim,Fraser,1985-10-12,1,2469862508,M5K9V6,,,N,2026-07-05 16:32:52
MRN42123922,Sue,Ali,1956-04-02,2,,m6a7z7,4168248614,,N,2026-07-08 18:59:14
MRN65637766,Josh,Martinez,1967-11-11,1,,,,,N,2025-10-08 10:34:44
MRN27427143,Karen,Ricvi,1995-06-04,2,,,(647) 623-4653,,N,2026-08-28 08:57:56
MRN92463471,Ivan,Kwoalskki,1997-03-05,1,8728301451,,(905) 581-5061,,N,2026-07-08 22:23:46
MRN85075085,Pat,Khan,1973-06-25,2,,l6b0k8,647-616-2462,,N,2026-08-29 05:11:03
MRN33890101,Jaen,Zhang,1983-05-21,1,2620765137,M3A6Y4,(905) 251-0074,,N,2026-08-05 19:48:16
MRN36807572,Yusuf,Yung,1951-03-05,1,,M6L 1A0,(365) 890-5191,,N,2026-07-03 22:43:50
MRN79574030,Sofia,Tran,1966-12-31,2,2905824062,,(416) 376-9811,,N,2026-07-21 13:59:31
MRN17385038,George,Harris,1982-11-25,1,4634635140,,2898445012,,N,2026-08-25 23:53:17
MRN45406872,Jean,Green,1970-05-30,1,,L6S 6Z5,(289) 552-7891,,N,2026-07-31 23:42:49
MRN63148453,Ingtid,Brown,1960-11-03,2,,M5E 9A3,(647) 334-6868,,N,2026-07-05 21:09:26
MRN37057721,Liz,Mitchell,1977-12-02,2,,L5C 3N5,647-471-7939,,N,2026-05-15 10:02:23
MRN52185008,Zaa,Clatk,1942-02-28,2,1594953455,,6478102385,,N,2026-07-16 06:09:06
MRN90610913,Ahley,Li,1979-10-09,2,7740309252,L6J 0E9,289-376-8357,,N,2026-08-13 07:52:18
MRN22968659,Jim,Alln,1972-10-26,1,,L6L 5J5,,,N,2026-08-02 20:42:29
MRN71962886,Aisha,Miiller,1963-06-12,2,,,(289) 774-1465,,N,2026-08-28 21:55:48
MRN96945568,Meeei,Rbinson,1956-07-03,2,9777281669,M8Y 9B1,437-617-7160,,N,2026-07-31 01:00:03
MRN64199818,Tomas,Murphy,1983-02-22,1,3269637520,M9L3B6,4162282671,,N,2026-07-14 18:28:11
MRN11294933,Mohammed,Ttan,1945-05-21,1,3833092921,M1J,4167911727,,N,2026-07-29 13:23:31
MRN33991602,Chiara,OB'rien,1949-04-09,2,3236721951,M8Y8V7,6479543283,,N,2026-08-17 21:07:35
MRN73982969,Karen,Greeen,1982-10-17,2,8182215544,,4169722893,,N,2026-07-19 03:41:24
MRN53635103,Melissa,Campell,1961-10-25,2,,M4C 6M5,437-463-7456,,N,2026-08-28 12:28:56
MRN52085062,Sarh,Alen,1985-06-26,2,,L6R2B7,2894389099,,N,2026-08-29 09:54:52
MRN91143936,Jess,Kumr,1993-12-22,2,2514527437,M5A 3T6,905-333-9693,,N,2025-07-18 06:18:11
MRN20388595,Melissa,Silva,1956-08-26,2,7717853076,M5J 4L1,,,N,2026-08-17 05:13:32
MRN58170735,Hasssan,Johnaon,1932-10-01,1,6726389379,L6B4V9,437-437-3958,,N,2026-08-21 19:21:14
MRN35412054,Luc,Singh,1962-03-12,1,2724359282,M2N7C6,(905) 305-3283,,N,2026-08-26 13:30:26
MRN80966864,Pedro,Paetl,1958-11-22,1,,,,,N,2026-07-03 16:05:25
MRN78384576,Yuik,Willaims,1994-11-21,2,,M3H 3E7,437-483-6383,,N,2026-08-06 16:01:06
MRN60652852,Jean,Wilson,1979-08-25,1,3480889074,,289-967-3432,,N,2026-08-20 02:04:25
MRN61365266,Bsrb,Young,1979-08-27,2,6590360415,,,,N,2026-08-19 05:54:32
MRN74897453,Mandy,Baker,2017-03-02,2,7203399162,M3C8J8,,,N,2026-07-31 09:31:13
MRN42792677,Mark,Sutherlad,1953-06-02,1,1072362260,L6J6E3,647-940-1202,,N,2026-07-08 17:38:48
MRN24088640,Boob,King,1986-03-01,1,,,(437) 572-1536,,N,2026-07-21 22:31:56
MRN68237682,Jess,Khan,1974-01-26,2,8392258565,,6477907640,,N,2026-08-19 04:44:19
MRN71492997,Davviid,Ross,1979-02-01,1,0545947400,M6C3G1,,,N,2026-08-20 16:48:00
MRN33954206,Tomas,Davis,2000-04-14,9,,M1J,905-653-2836,,N,2026-07-10 07:32:49
MRN32051086,Priya,Nowwak,2013-02-10,2,1019269818,M1G 9J4,289-656-7050,,N,2026-07-18 13:44:29
MRN14348060,David,Lwis,1964-04-27,1,8568226321,M5R6A9,289-253-2239,,N,2026-07-07 17:37:35
MRN49553511,Mike,Lee,1955-09-03,1,4782586541,M2K 9K4,6478602076,,N,2026-07-30 18:07:17
MRN19016917,Aara,Rossi,2025-02-17,2,,,365-624-3618,,N,2026-08-21 01:34:24
MRN10046882,Ashely,Marrtinez,1951-11-03,2,,,4167818886,,N,2025-06-22 06:31:55
MRN89911448,Maire,Cotte,1976-01-02,2,4332820358,,,,N,2026-07-05 13:40:10
MRN95537989,Pat,Park,,2,4330452584,,365-414-1251,,N,2026-08-06 23:05:52
MRN68619068,Maggei,Nguyen,1957-05-03,2,,M2H 0Y5,905-250-8401,,N,2026-08-19 09:27:50
MRN77545681,Melissa,Mtichell,1967-01-10,2,9142548925,l5a8r4,,,N,2026-08-04 03:16:47
MRN22508563,Ian,Jons,2025-05-11,1,6129953771,M5G5V0,(437) 317-6561,,N,2026-08-27 03:46:39
MRN47293584,Emmily,Kowwalski,1977-02-21,2,,,416-731-2467,,N,2026-07-20 19:34:46
MRN78400795,Anyd,Rodrgiuez,1969-04-25,UNK,6234628565,15A8V6,(416) 554-0930,,N,2026-08-23 15:47:05
MRN79268599,Steve,Li,1962-07-02,1,,M6H7Y0,4167791220,,N,2026-08-16 22:28:00
MRN67935571,Chiara,Harris,2003-09-13,2,,,,,N,2026-08-03 16:48:21
MRN26788509,Priya,Zhanng,1988-10-21,2,3038312553,00000,647-944-6565,,N,2026-08-24 12:18:08
MRN55585304,Diego,Williams,1973-05-10,1,4000580672,M6C,(365) 573-0984,,N,2025-10-19 04:14:03
MRN25308934,Diego,Hernandez,1940-11-29,1,7708892513,M2M 0Y3,905-714-1040,,N,2026-07-25 21:05:34
MRN83723704,Ana,Thimpson,1981-01-07,2,2194202277,,416-478-7598,,N,2025-09-10 21:48:12
MRN50709301,Tom,Green,1977-04-10,1,,M2M 7X2,6475165909,,N,2026-07-10 06:47:43
MRN30356499,Jan,Smith,,1,9224762170,M5R8Z1,416-321-3121,,N,2026-07-19 09:48:27
MRN75724303,Raj,Miller,1974-01-11,1,1376759104,M9C5S0,437-651-0236,,N,2026-07-10 05:20:20
MRN44413229,Linda,Ferreira,1956-06-23,2,,,(647) 224-7193,,N,2026-08-02 13:12:48
MRN70413477,Jeean,Rodriguez,1974-04-26,1,4602494710,M9M 9G9,289-765-8636,,N,2026-07-23 20:54:40
MRN25452739,Chiraa,Stewart,1946-05-24,2,,,905-306-8636,,N,2026-07-05 19:17:08
MRN45828609,Tom,Okafor,1965-09-21,1,4109154080,m6b3v5,(437) 480-2314,,N,2026-08-27 21:59:13
MRN75170070,Diego,Nguyen,1988-11-25,1,,M4L 9K2,(437) 711-2494,,N,2026-08-29 13:37:27
MRN59482731,Pat,Ahmed,1966-06-10,2,7229263285,M9C2K1,,,N,2026-07-09 18:14:09
MRN56561240,Moammed,Green,1960-07-31,1,,L5C 9B7,437-796-8840,,N,2026-07-20 02:03:50
MRN13781320,Liz,Nelson,1961-01-07,2,6413934149,L6P 5V0,905-772-5095,,N,2026-08-02 11:51:03
MRN95497904,Ana,Marttinez,2014-09-28,2,7130475564,L5A,905-545-0515,,N,2026-08-25 13:34:19
MRN76263511,Sarah,Svott,1952-11-14,2,2278335928,M1E 9C2,3653958801,,N,2025-11-09 00:07:43
MRN13721355,Anna,Jakkcson,,2,1839111992,M5R 7N7,(437) 411-5450,,N,2026-08-21 21:56:27
MRN61261685,Jean,Silva,1953-08-07,1,,,(647) 234-3614,,N,2026-07-07 05:51:45
MRN76599034,Davd,Grene,1960-07-16,1,9490295236,,,,N,2026-07-31 08:44:47
MRN94511981,Nadia,Gagnon,2002-10-22,2,,L6B0A1,4373188304,,N,2026-08-12 01:21:14
MRN71670450,Ahed,Klly,1948-01-04,1,2154661512,M9N 9V3,4164100609,,N,2026-07-20 06:59:07
MRN29547558,Jin,Farser,1951-12-15,1,7566646779,M3H 7P3,2892244398,,N,2026-08-19 07:44:04
MRN70203493,Mlissa,Li,1981-03-08,2,1267473484,M4M 2R3,6474363080,,N,2026-07-26 16:41:26
MRN20426609,Elizaeth,Nelson,1963-01-23,2,9187142980,m2k6r6,(289) 715-4329,,N,2026-07-21 18:57:44
MRN88894928,Ahmed,Frraser,1995-10-06,1,,,9059688521,,N,2026-08-23 01:45:40
MRN47007881,Chen,Harris,1950-09-16,1,,,4372520564,,N,2026-07-24 22:40:09
MRN40490374,Hsssan,Fraaer,1948-10-09,1,7228184342,L4B 5S9,4379034864,,N,2026-05-19 11:42:00
MRN30432156,Zara,Hill,1975-05-23,2,6318575260,L6B 0Z5,(416) 294-2390,,N,2026-08-20 13:32:02
MRN41714184,Jeaan,Johnson,1934-02-20,1,,M6M4C1,9053773372,,N,2026-01-21 13:21:52
MRN96229674,Chtis,Johnson,1972-06-07,1,,m5k5v5,416-207-4212,,N,2026-07-18 16:18:31
MRN92247509,Maty,Allen,1958-11-13,2,0509275467,M5P2H1,(437) 228-9929,,N,2026-08-28 19:05:46
MRN92134910,Tony,Core,1961-02-04,1,,M1K 6B1,(905) 547-4470,,N,2026-07-17 14:51:48
MRN27070338,Fatoma,Mitchell,1997-05-20,2,8190352933,M5H3R3,3659126532,,N,2026-07-30 09:41:28
MRN72561087,Niklsi,Wilson,1982-09-16,1,1599161278,,,,N,2026-07-09 10:22:10
MRN40217168,Sarah,Moore,1979-08-21,2,0449677368,M1G 6M2,(905) 325-1586,,N,2026-07-24 23:59:23
MRN21140748,Mary,Jones,1999-11-14,2,3466284076,M9A3S2,4169034193,,N,2026-07-23 03:54:06
MRN38977973,Anthony,Ricci,1973-02-21,1,,M9B0R3,(905) 440-3277,,N,2026-08-16 14:48:52
MRN48326692,Jin,White,1973-04-17,1,,M5E 7B4,416-987-2594,,N,2026-08-13 03:18:18
MRN71942142,Jeaan,Sliva,2025-04-12,1,4446902647,M9B7A2,(647) 550-5277,,N,2026-07-25 10:14:22
MRN54816862,Liz,Singh,1950-06-30,2,,M1N 7E8,365-214-6461,,N,2026-08-24 14:41:02
MRN73095909,Hassan,Ricvi,1974-02-23,1,0449804525,M9C8J6,2896811319,,N,2026-04-14 11:27:26
MRN59483905,Sarah,Walker,2019-01-15,2,,,647-886-2942,,N,2026-08-14 04:32:48
MRN61487792,Mary,Ali,1994-11-14,2,,L6M 0B7,,,N,2026-07-29 08:53:10
MRN56746103,Karen,Wakler,1976-04-12,2,6569530618,L6A 2A0,(437) 861-3840,,N,2026-07-08 08:44:18
MRN56822308,Richsrd,Khan,2007-12-12,1,,M2J7P9,(289) 877-8169,,N,2026-07-10 09:42:21
MRN68126195,Marrk,Allen,2013-04-05,1,4471460594,m6a9m1,(647) 536-9302,,N,2026-08-02 02:06:08
MRN86103905,Pedro,Harris,1979-11-17,1,7222958824,L4J4N0,,,N,2026-08-28 05:46:42
MRN45582057,Melissa,Osei,1988-09-03,2,,,6475431291,,N,2026-08-30 11:56:35
MRN83373066,Joapeh,Ferreira,1926-05-05,1,,,(289) 438-4055,,N,2026-07-05 05:35:47
MRN99308133,Pedro,OB'rien,1970-03-06,1,8157941967,m6k5h8,6476824573,,N,2026-08-30 16:38:34
MRN49190941,Rik,Osei,1926-11-07,1,7530006068,,9059218934,,N,2026-08-31 18:49:38
MRN26785597,Tomas,Moore,1977-01-05,1,5632462932,L5N 5H2,437-825-4737,,N,2026-08-13 06:05:48
MRN94784406,Lsisa,Thompson,1985-04-18,2,5626012164,,,,N,2026-08-30 18:51:59
MRN44951451,Luuc,Li,1975-03-27,1,,l5n6w0,3652926160,,N,2026-07-24 19:07:48
MRN17929402,Moohammed,Kowalski,1948-09-04,1,7899116490,16A0X7,,,N,2026-08-14 11:38:12
MRN35107518,Linda,Milller,1996-07-17,2,,m1n7x5,2892448396,,N,2026-07-31 19:32:40
MRN90412599,Rsj,Ahmed,1983-10-23,1,5796934262,,2895595631,,N,2026-08-26 13:27:48
MRN97331310,Raj,Robinson,1991-04-07,1,4312357652,M8V3W2,(289) 503-2771,,N,2026-08-21 10:55:17
MRN24719866,Jean,Silva,1986-12-15,1,8734597035,,437-934-7737,,N,2026-07-09 09:27:35
MRN44454487,Lnida,Jackson,1965-03-15,2,,,(289) 298-5220,,N,2026-07-21 14:03:02
MRN49569857,Emilly,King,1971-10-25,2,6462846087,,4169933343,,N,2026-08-19 03:35:10
MRN41962355,Yusuf,Okafor,1959-12-13,1,1326101480,M5G 5R0,(365) 972-7914,,N,2026-07-27 22:07:41
MRN70707899,Matt,Mikler,1997-09-14,1,8863372671,m6g1a6,4166856739,,N,2026-07-22 17:04:31
MRN21531920,Boob,Clark,1940-02-23,1,0731918272,M4B7L71,3654377900,,N,2026-08-17 17:56:13
MRN50554151,Melissa,Hassan,1928-05-20,2,,M6H2T8,(289) 918-3983,,N,2026-08-05 23:39:32
MRN63747844,Emily,Krlly,1951-05-24,2,3162483071,,4167012118,,N,2026-07-14 12:31:35
MRN30787621,Mlissa,Garcia,1993-04-15,2,6605434882,M6E8P3,647-203-2562,,N,2026-03-10 03:10:46
MRN15498156,Asiha,Stewat,2005-12-22,2,4742754676,l6a3k6,(365) 463-7698,,N,2025-11-24 07:43:03
MRN92487417,Melissa,Stewart,1982-06-12,2,,M3A3S0,(416) 560-5430,,N,2026-07-13 19:21:24
MRN61342403,Jin,Fraaer,1988-06-21,1,3525089953,,9057412870,,N,2026-08-27 22:48:42
MRN70929747,Saarah,Rodriguez,1977-06-22,2,8779097537,M5G 2Z1,(289) 736-7830,,N,2026-08-28 10:46:12
MRN81664357,Geotge,Moore,1982-12-31,1,3572849861,00000,905-734-9975,,N,2026-07-23 20:56:28
MRN66301563,Kaern,Clark,1965-08-18,2,,,3654143387,,N,2026-08-19 20:48:51
MRN58162120,Manyd,Martin,1992-04-19,2,,,437-732-4992,,N,2026-08-19 23:25:40
MRN57376058,Jooe,Alen,1983-09-09,1,3252459908,M4E7A5,647-279-6972,,N,2026-07-16 04:11:12
MRN13445500,Dna,Grreen,1936-06-09,1,,M4L5B9,416-887-5989,,N,2026-08-17 11:25:25
MRN85898317,Sandy,Lee,1984-01-26,2,2015497171,M6C 5Z8,437-258-5961,,N,2026-07-10 12:38:14
MRN58738422,Loz,Gagnon,1962-01-03,2,,,365-834-4662,,N,2026-07-09 12:47:09
MRN11811366,Jeess,Garcia,1967-11-24,2,3590847962,,4373578667,,N,2026-08-29 04:53:46
MRN69288385,Faima,Neson,,2,9615944247,,(416) 246-1911,,N,2026-07-11 17:36:15
MRN42821661,Hassan,Hill,2025-05-13,1,,M6J2X8,2893815134,,N,2026-08-18 21:11:07
MRN72739785,Amr,Nowak,1982-11-18,1,,M8W7T51,(289) 746-6260,,N,2026-08-14 14:52:25
MRN63083178,Ahmed,Singh,1970-06-06,1,,M9B0R6,(647) 807-4440,,N,2026-08-02 15:10:18
MRN87888061,Pdero,Bown,1996-05-20,1,,M1M,,,N,2026-08-23 09:06:09
MRN71529943,Soifa,Thompson,1929-06-09,2,,M9A 7L5,(289) 406-7708,,N,2026-08-08 17:52:26
MRN32564050,Fatmia,Wilson,,2,8225084592,m3a7r4,(365) 873-0749,,N,2026-07-13 04:29:08
MRN73244219,Mary,Anderson,2016-06-17,2,9857611199,,(289) 337-1603,,N,2026-07-23 08:47:18
MRN60289507,Diego,Hill,1956-07-07,1,4989684297,L6M8B4,416-947-8100,,N,2026-07-15 06:36:58
MRN68895134,Sandy,Chen,2008-06-28,2,,M4M4Z2,905-269-7908,,N,2026-08-11 15:36:51
MRN11918771,Jish,O'Brien,1996-10-10,1,3193313651,M5N 2B0,(905) 572-5794,,N,2026-08-12 18:13:28
MRN35148491,Luc,Campbell,1972-04-24,9,,,3652774159,,N,2026-08-30 16:57:05
MRN23182740,Ashley,Anderson,2003-10-11,2,,,(437) 787-3706,,N,2026-08-11 10:24:56
MRN71793668,Mssry,Cheen,1983-10-11,2,8987798561,m9c5g4,(437) 377-5246,,N,2026-07-28 06:41:56
MRN53161476,Sanndy,Zhang,1994-12-02,2,,M3H 8H2,4169651937,,N,2026-07-21 19:33:01
MRN76749676,Tom,Nguyen,1981-02-16,1,,M6A 3E8,3652180665,,N,2026-08-08 15:59:25
MRN24781514,Mary,Thomas,2000-06-01,2,8967525844,,3658372611,,N,2026-07-27 16:46:05
MRN14988438,Jin,Ferreira,1972-05-30,1,9865711924,,4374248246,,N,2026-07-31 03:02:14
MRN73274314,Shelly,Jackson,1971-06-06,U,,,,,N,2026-08-03 02:24:29
MRN15818717,Mark,Kign,1970-05-16,1,7377718130,M6M 5Z3,4379931987,,N,2026-08-31 15:06:37
MRN26248666,Lisa,Anderson,1977-06-11,2,,M6H 1E1,(647) 445-6147,,N,2026-07-06 17:18:20
MRN42854303,Olga,Smith,1960-10-31,2,,M9L 3W1,905-797-8494,,N,2026-08-05 14:24:51
MRN57138108,Jmi,Harris,1974-04-29,1,5712317881,,4168615834,,N,2026-07-20 11:10:48
MRN82432736,Chrstopher,Ahmed,1937-08-05,1,4880373313,M6B 9E8,289-999-4257,,N,2026-08-10 23:15:49
MRN19250021,Joe,Siingh,1978-10-09,1,6729575230,M4M6J4,(289) 258-6444,,N,2026-07-10 02:50:21
MRN50950420,Mary,Williams,1984-09-16,2,8841721445,L6M 8S8,2898158568,,N,2026-07-26 15:02:12
MRN29821383,Jeo,Martin,1977-01-20,1,,,416-525-2062,,N,2026-07-15 16:11:27
MRN46808117,Mandy,Johnson,1963-08-26,2,,M9L6R0,647-660-8578,,N,2026-08-20 13:49:46
MRN55546930,Ashlye,Kowalski,1977-02-20,2,3401119585,M2M2P1,3659406168,,N,2026-08-21 05:50:27
MRN12700771,Amaar,O'Brien,1934-09-02,2,,M2J1C4,437-339-6874,,N,2026-08-09 19:25:00
MRN53301132,Omar,Wilson,1972-08-09,N,9859172786,,(289) 747-8855,,N,2026-07-29 09:10:11
MRN12497676,Ingrid,Cote,1961-07-24,2,7490006934,,905-367-6348,,N,2026-03-17 21:48:48
MRN72553759,Chen,Fraser,1959-12-18,1,1211079494,M9C2N3,9059208808,,N,2026-08-16 05:10:43
MRN31384305,Mohsmmed,Hassan,1947-10-16,1,,,2899381020,,N,2026-08-28 21:11:37
MRN69005640,Claier,Nowak,1967-03-18,2,7520903597,M2J 0K6,6478713382,,N,2026-07-03 04:31:44
MRN10095895,Nikolai,Adams,2011-06-02,1,3936365661,L6J 6H8,(647) 264-4855,,N,2026-08-23 22:41:39
MRN14449929,Magggie,Campbell,1972-08-17,2,9222234032,L4B7P0,416-885-7134,,N,2026-07-31 10:14:24
MRN59119289,Priay,Khan,1998-07-15,2,,,(365) 452-5604,,N,2026-07-26 19:14:14
MRN48019713,Marie,Lewis,1997-07-20,2,4935621633,M2M 2T7,9052354957,,N,2025-08-15 14:02:42
MRN96757151,Bikl,Anderson,1980-04-26,1,9334423069,M9N 6G0,(437) 424-2601,,N,2026-08-02 19:58:17
MRN27788874,Chara,Harris,1964-04-11,2,6766334459,,9053685840,,N,2026-08-22 08:22:24
MRN88452741,Nadia,Williams,1969-04-04,2,,,(365) 810-1931,,N,2026-08-13 06:01:34
MRN42062783,Nikoolai,Singh,2024-11-15,1,,,365-248-7335,,N,2026-07-14 00:59:44
MRN65542884,Maggie,Neson,1955-04-21,2,3133309157,M8W 2S3,(437) 701-0624,,N,2026-07-06 11:02:29
MRN30806129,Amr,Steart,1985-05-18,1,4150944041,,(437) 573-8548,,N,2026-08-03 06:14:09
MRN90207095,Tmo,Clsrk,1983-02-13,1,1390074597,,(437) 571-6760,,N,2026-07-22 20:48:42
MRN61491571,Jooe,Sutherlad,2005-12-16,1,,,905-757-2174,,N,2026-07-24 01:21:19
MRN30121855,Fstima,Smmith,1965-10-15,2,,m4l6z6,2899483875,,N,2026-08-16 08:23:18
MRN93053347,Shelly,Wilson,1963-11-28,2,8817374849,,905-337-2361,,N,2026-08-21 00:34:47
MRN57350771,Wei,Jackon,1961-03-15,1,,,647-776-5045,,N,2026-08-19 06:24:37
MRN45177047,Luc,Trembkay,1970-06-13,1,6614368279,L6R0H9,,,N,2026-08-21 00:46:25
MRN75451720,Ivan,Jackson,1976-03-10,1,,M5G5N0,4168875273,,N,2026-08-29 19:19:36
MRN99579039,Mady,Jones,1981-10-11,2,4104513157,M1J6C1,,,N,2026-05-21 23:37:05
MRN60276250,Jrn,Tremblay,1965-05-29,2,,,6473171199,,N,2026-08-09 13:57:28
MRN29169772,Dsn,Wlaker,1986-04-22,1,0050351915,L6R 2S2,(905) 301-9382,,N,2026-08-16 16:44:13
MRN23480305,Tom,Baker,1983-04-25,1,,,(365) 997-9709,,N,2026-07-21 06:34:52
MRN24734816,Tomas,Patel,1973-08-09,1,9430954538,M3H4W2,2897020527,,N,2026-08-29 01:57:46
MRN51046732,Tom,Osei,1975-06-09,1,1066070200,M4A4G7,(905) 252-6285,,N,2026-08-31 12:08:36
MRN51743231,Ingrd,Patel,1973-06-20,2,,M3B1X61,437-685-6298,,N,2026-08-11 19:49:58
MRN12873784,Pedro,Jnes,1948-07-31,1,,M9L 6S8,4166763215,,N,2026-07-29 14:17:27
MRN75173386,Bill,Kumar,1964-11-30,1,5641130470,L6L 8E3,365-676-5737,,N,2026-08-22 10:22:38
MRN23305061,Fatima,Pssrk,2003-03-13,2,8728831465,L5N 8X0,(905) 856-1309,,N,2026-01-02 07:08:14
MRN97746757,Tom,Robnson,1952-08-09,1,,M4G2L7,289-972-3762,,N,2026-08-09 10:22:22
MRN77617794,Ling,Tremblay,1979-02-08,2,2078190515,,647-778-4991,,N,2026-07-16 15:52:27
MRN11335466,Hasasn,Harrs,1993-06-11,1,4869162638,L6R 3E3,4162797101,,N,2026-08-05 13:35:24
MRN53936325,Emoly,Chen,1955-10-29,2,,M4L1A2,(437) 996-2672,,N,2026-07-06 18:35:43
MRN78529279,Eimly,Clark,1953-08-26,2,,l5a4t3,416-496-9903,,N,2026-08-04 21:19:00
MRN56964435,Mike,Ricci,2002-11-30,1,4147459467,,9056983568,,N,2026-08-15 17:29:34
MRN55194932,Dan,Thomas,1966-05-31,1,,l6j4r2,647-797-1812,,N,2026-07-12 20:11:04
MRN93591671,Sofia,Clark,1976-08-25,2,8753678914,,3656354889,,N,2026-07-06 13:21:44
MRN20451155,Lc,Zhang,1957-10-10,1,7857653708,M1K 3X3,4379930779,,N,2026-07-15 01:43:20
MRN15655120,Wei,Gagnon,1985-12-28,1,4901418592,,,,N,2025-10-26 04:35:37
MRN29571080,Olga,Clark,1999-01-06,2,,M6C6E0,,,N,2026-08-12 06:05:02
MRN49121121,Joosh,Ricci,1939-05-24,1,6734024893,m1j9x9,(437) 331-8688,,N,2026-08-18 20:13:24
MRN71230328,Nda,Lee,1993-05-27,2,2658594425,,(437) 460-2493,,N,2026-07-25 22:08:35
MRN51589843,Meelissa,Fraser,1983-04-06,2,,,,,N,2026-07-21 17:52:08
MRN85753441,Ana,Bakrr,1992-12-04,2,,,416-834-4803,,N,2026-08-10 06:48:56
MRN69300304,Any,Lopez,1983-04-13,1,7846966492,,4162774887,,N,2026-07-10 06:11:02
MRN85194564,Meei,Ali,1965-08-07,2,9363165979,,(437) 469-0434,,N,2026-07-26 13:48:04
MRN26225778,Nikokai,Hassan,1977-10-27,1,9727928195,m3b3j3,905-271-7626,,N,2026-07-09 14:40:56
MRN80293100,Pria,Garcia,1976-09-25,2,,M1J 0V7,4165819304,,N,2026-07-05 02:07:00
MRN12067216,Clire,Lopez,1983-07-10,2,,,289-496-5237,,N,2026-08-28 06:35:58
MRN71498998,Losa,Rodriguez,1953-07-02,2,6886015012,,905-746-7441,,N,2026-07-05 22:36:52
MRN48653468,Aiaha,Li,1963-11-07,2,8604522295,M1C4J5,,,N,2026-08-11 18:30:48
MRN64962651,Lida,Lews,1977-02-11,2,,M6C2V7,(416) 776-2151,,N,2026-07-25 11:40:12
MRN35181183,Jess,Bouchard,1986-09-22,2,,,4164439586,,N,2026-07-10 23:44:39
MRN69082616,Sandy,Gonzaez,,2,1680798954,L4K 2X4,(647) 404-2403,,N,2026-08-08 01:19:35
MRN88518159,Okga,King,2007-07-23,2,,m5b6k7,4164841812,,N,2026-08-02 11:45:37
MRN55912656,Patriicia,Gonzalez,1927-09-02,2,4901275893,M1B3J9,,English,N,2026-08-20 02:13:13
MRN43197130,Bob,Martinez,1959-06-17,1,6146506339,M6C6V3,(365) 837-9487,Punjabi,N,2026-07-31 05:28:04
MRN11149249,Mandy,Osei,1961-02-20,2,8454671788,,9053330901,English,N,2026-08-08 05:26:23
MRN93969132,Aisha,Cartter,1940-10-10,2,5258009892,M4E 0Y8,289-597-2427,Spanish,N,2026-08-10 18:35:09
MRN63778458,Kevni,Davis,2011-09-23,1,9078030500,M3C 5J3,289-894-6166,Spanish,N,2026-07-20 02:22:20
MRN71905688,Luc,Kgn,1962-02-01,1,7719017183,M5R 2A6,647-430-1027,,N,2026-07-23 19:37:16
MRN16066801,Sandy,Lewis,1973-08-22,2,3115392254,M2J9C7,2894527644,English,N,2026-08-09 15:06:56
MRN27422568,Hiroshi,Sutherland,2005-08-19,M,9259745702,M2J5R9,2893747642,English,N,2026-08-18 06:32:10
MRN15389124,Mandy,Jonse,1997-06-26,2,7342148991,M2K9G1,437-790-7306,,N,2026-02-14 23:30:20
MRN31445123,Amara,Smith,1998-08-18,2,1816366981,L6S9H3,3655591221,English,N,2026-08-29 08:57:22
MRN25776410,Claire,Carter,1998-03-26,F,5481067220,M1L1P2,6473073336,English,N,2026-08-11 18:13:15
MRN99310058,Barbara,Mensah,1969-11-08,F,2759952696,M1H7R3,6478722875,English,N,2026-07-24 13:17:32
MRN27364401,Margaret,Green,1964-06-12,2,3012355305,L5N5A9,,English,N,2026-08-11 23:17:19
MRN27945961,Kenneeth,Ricci,1955-08-27,1,8959134126,M5H4X7,905-379-0240,,N,2026-07-20 01:38:21
MRN96118140,Priya,Miller,1970-05-12,2,4651877831,L4L1V5,(905) 540-7952,English,N,2026-08-03 05:45:18
MRN14988438,Jin,Ferreira,1972-05-30,1,9865711924,,4374248246,,N,2026-07-31 03:02:14
MRN12107964,Joseph,Wang,2004-06-05,M,2830218042,M1G1X2,9052537280,English,N,2026-07-05 05:31:36
MRN90207095,Tmo,Clsrk,1983-02-13,1,1390074597,,(437) 571-6760,,N,2026-07-22 20:48:42
MRN77694138,Jin,Sutherland,2006-07-18,M,5732887194,M4G9C6,2897173005,English,N,2026-07-31 02:13:36
MRN51149109,Lisa,Wiilson,1957-08-21,2,7372623913,M6E 7T8,416-825-6617,,N,2026-07-03 23:43:25
MRN79788150,Michael,Bouchard,1944-01-25,1,8985172991,M4G5G4,(365) 405-7062,Mandarin,N,2026-07-15 13:52:57
MRN11249102,Brian,Kumar,1960-06-09,1,,,289-699-0385,,N,2026-07-15 04:11:32
MRN77288248,Nadia,Walker,1990-10-23,2,7738585103,M5G1Y4,,English,N,2026-08-06 15:10:57
MRN99014401,Ivan,Smith,1950-01-08,M,9639989277,M2K7T0,6477641355,English,N,2026-08-19 07:54:29
MRN40462716,Zara,Allen,1991-05-17,2,8188550332,,6474553653,English,N,2026-08-01 06:41:09
MRN75703062,Sarah,Zhang,1948-08-20,2,6484903007,M5P9A6,2897709884,English,N,2026-07-14 03:43:31
MRN93865341,Tomas,Baker,1981-04-04,1,3515161382,M1N0G8,(437) 487-4851,Mandarin,N,2026-04-09 08:38:57
MRN48362874,Robert,Anderson,1986-12-27,1,1478875543,M4A9N0,4379424142,French,N,2026-08-15 14:37:39
MRN97257342,Daniel,Ricci,1977-01-25,1,4575989142,L6H4A3,(365) 734-1462,English,N,2026-08-20 23:45:32
MRN74856185,Ana,Fraser,1971-09-16,F,3816956720,M4H6S5,4376419304,English,N,2026-08-01 19:57:04
MRN22237580,Jessica,Jones,1941-07-01,2,1618614646,M6A4Z8,(416) 200-4481,English,N,2026-07-30 17:28:37
MRN58073491,Diego,Osei,1958-06-03,M,1495850230,M8X7R2,2892820935,English,N,2026-08-17 12:47:52
MRN58690398,Amanda,Osei,1951-10-03,2,6970718737,M3H8V5,647-292-8896,French,N,2026-08-12 14:26:12
MRN52606818,Sofia,Silva,2001-10-12,F,3181912456,M4H6J2,2896714387,English,N,2026-08-05 14:19:33
MRN50596966,Yuki,O'Brien,1987-05-30,2,9544488464,M5B2Z8,(647) 582-1098,Urdu,N,2026-08-21 11:39:50
MRN33991602,Chiara,OB'rien,1949-04-09,2,3236721951,M8Y8V7,6479543283,,N,2026-08-17 21:07:35
MRN60101643,Kevin,Okafor,1972-10-12,M,1103716039,L6S0E9,2897248320,English,N,2026-08-22 01:31:46
MRN59452659,Betty,Fraser,1975-09-28,2,5569050700,M6A1G1,3655854093,Tagalog,N,2026-07-23 15:14:45
MRN61417896,Wei,Khan,1958-09-28,M,1588476430,M6M5E4,2894495676,English,N,2026-08-28 10:01:33
MRN52169665,Matthew,Osei,1960-07-10,1,1191227261,L6C 5W0,(905) 738-8455,English,N,2026-07-13 22:32:56
MRN81435282,Pedro,Adams,1931-09-10,1,,M2N 7Z3,3652233806,English,N,2026-07-13 16:11:52
MRN40397081,Tomas,Park,1937-01-29,1,3258359730,M4J7K8,3653889211,Mandarin,N,2026-08-13 16:05:30
MRN78322554,Magie,Cote,1969-04-17,2,5925906405,M4E0X7,416-766-2021,,N,2026-07-26 12:12:50
MRN22299753,Bill,Bouchard,1970-04-05,1,3701496568,,(905) 586-0113,Spanish,N,2026-08-26 20:10:57
MRN91622945,Rick,Gonzalez,1976-06-13,1,8058501696,M5G 1Y3,416-977-5283,,N,2026-07-27 07:42:26
MRN49194896,Patricia,Kim,1955-01-19,2,2101370449,L6G6E4,(416) 296-8499,English,N,2026-08-21 04:09:20
MRN52862405,Ana,White,1985-05-25,2,9736366130,M9M4J7,365-650-9079,English,N,2026-08-14 04:42:23
MRN29201176,James,Okafor,1968-05-02,1,7945392004,M5B0V1,(289) 211-4159,English,N,2026-08-10 22:45:06
MRN29396045,Raj,Kowalski,2012-07-07,1,0729469049,m1n3k7,,,N,2026-08-13 21:27:07
MRN31656121,Kevin,Thompson,1926-08-19,1,3649174400,M3H 8C9,647-643-5773,Urdu,N,2026-07-08 20:13:21
MRN73911688,Thomas,Li,2013-08-02,M,7789166860,M2R6K5,4168215211,English,N,2026-08-04 19:13:33
MRN70269104,Nikolai,Wang,1995-05-30,1,7378649706,M4G1Y9,4375864506,English,N,2026-08-09 13:24:47
MRN12770764,Mohammed,Thomas,1998-05-31,1,9308372912,M4B4M9,4163070520,English,N,2026-07-05 23:25:17
MRN60026068,Raj,Thomas,2006-04-23,1,1708289606,L6S5Z4,(437) 311-7144,Mandarin,N,2026-07-25 18:17:45
MRN67231940,Fatima,Park,1973-05-10,2,4159802380,,4373405034,French,N,2026-08-19 13:14:33
MRN63551132,Marie,Park,1997-01-26,2,5890186678,M9L5X7,6479630413,English,N,2026-08-17 04:08:19
MRN11961338,Jessia,Ahmed,1970-10-16,2,,M1H7L9,4375142119,English,N,2026-07-23 01:24:09
MRN93005776,Toas,Smith,1980-10-06,1,,m6k4p8,(289) 828-4329,,N,2026-07-05 06:08:06
MRN24743029,James,Mensah,1982-06-16,1,1367510557,M8X9Z5,2897714378,English,N,2026-10-25 12:00:58
MRN34414466,Joshua,Williams,1963-03-29,M,5230058181,M6A9W9,3655624926,English,N,2026-07-08 04:40:06
MRN26007397,Linda,Lewis,1960-05-01,F,7757384438,L5A0V1,3654696238,English,N,2026-08-13 20:08:33
MRN54607529,Ling,Hatris,1972-04-07,2,9165420937,M5G3C8,365-238-8992,,N,2026-08-07 14:55:37
MRN31869735,Melissa,Kim,1946-09-30,2,4390112862,M5G3T4,6478302762,Punjabi,N,2026-08-17 02:43:07
MRN86212851,Hassan,Garcia,1980-06-18,M,6483936974,L5B4H4,6475679653,English,N,2026-07-09 14:17:00
MRN54986457,Nancy,Kelly,1963-05-17,2,9566121365,M3B3T8,9057661567,English,N,2026-07-12 15:21:07
MRN58680003,Brin,Kim,1981-01-08,1,7930519611,M5G1P3,2899642220,English,N,2026-08-18 21:44:49
MRN66056146,Pta,Okafro,1977-10-12,2,,M4C6L0,(289) 936-6248,,N,2026-08-16 02:56:44
MRN78134354,Sandy,green,1968-05-10,2,,M6E2W0,9052974529,English,N,2026-07-12 18:50:10
MRN97456943,Claire,Stewart,1998-12-02,F,4861340752,L6C1W6,4378230020,English,N,2026-08-19 00:55:33
MRN17162183,Daniel,Ferreira,1962-11-30,1,3663906802,M6E5Y9,4375723814,English,N,2026-07-13 03:41:10
MRN87888652,Betty,Hernandez,1986-10-12,F,4575806551,L4J7Y6,9058814785,English,N,2026-08-15 21:32:40
MRN50046386,Steven,Nelson,1934-11-09,1,8373164014,m1m1a0,,French,N,2026-08-30 08:12:08
MRN44075520,Geoge,Walker,1978-07-19,1,6588455102,M2R8P5,(437) 759-9232,English,N,2026-08-18 12:04:20
MRN67128266,Jean,Cote,1970-09-04,1,5947635040,M9L0S8,4168418093,English,N,2026-08-24 01:41:55
MRN47971870,Diego,Thomas,1937-10-12,1,,M4L3E0,,English,N,2026-07-15 07:56:46
MRN31091357,Daniel,Lewis,1990-04-21,M,2567764283,M6G4K9,6475548594,English,N,2026-07-12 02:34:30
MRN91788140,Ingrid,Hassan,1956-01-28,2,5458342549,M2H0E4,(905) 764-7279,English,N,2026-07-07 01:02:51
MRN39731425,Emily,Zhang,1984-06-11,2,3996097915,M1K 6T4,905-384-9912,Portuguese,N,2026-07-10 23:40:24
MRN46663448,Raj,Fraser,1941-11-06,M,4757260841,M5A2A3,2894336079,English,N,2026-07-03 00:17:22
MRN18953451,Yusuf,Ricci,2002-07-02,M,1472572286,M6L0T5,4162691696,English,N,2026-08-01 15:37:40
MRN47071119,Patricia,Santos,1983-02-05,2,8818525837,M6K1W4,(437) 368-9541,English,N,2026-08-17 13:39:10
MRN71838339,Kenneth,Mitchell,1973-10-07,1,9209429100,M6H,(289) 522-2767,Tamil,N,2026-08-07 12:36:01
MRN91054216,Hiroshi,Taylor,1966-04-19,1,9267986827,,(437) 419-0193,,N,2026-08-20 18:16:04
MRN66762854,Priya,Kig,1990-02-08,2,4981257845,M4A2T5,4378244250,,N,2026-08-20 12:26:03
MRN91387982,Michael,Singh,1977-06-22,M,1253044927,L6M0T3,6479586885,English,N,2026-08-29 01:08:29
MRN14348060,David,Lwis,1964-04-27,1,8568226321,M5R6A9,289-253-2239,,N,2026-07-07 17:37:35
MRN68895134,Sandy,Chen,2008-06-28,2,,M4M4Z2,905-269-7908,,N,2026-08-11 15:36:51
MRN10069506,Olga,Murphy,1951-04-26,2,,,,,N,2026-07-31 18:52:14
MRN23857812,Jin,Rosi,1988-07-27,1,5706032330,,365-841-2919,,N,2026-08-24 14:17:18
MRN21364734,Lccu,Wright,1956-10-28,1,0973667835,M4A 0E3,,,N,2026-08-18 05:24:03
MRN46499548,Fatima,Nowak,2002-05-16,F,5235245387,M2M5R6,2898645261,English,N,2026-07-28 00:52:44
MRN39020083,Hiroshi,Kowalski,1968-08-18,1,2272614302,L6M 0X8,(365) 561-0368,English,N,2026-07-23 10:59:21
MRN67338017,William,Rossi,2000-02-05,1,1097537151,M8W2H3,905-925-0600,Arabic,N,2026-08-18 05:34:21
MRN51051659,Lisa,Nelson,1942-10-29,2,7722159626,M2H5G2,365-711-0534,English,N,2026-08-04 09:40:07
MRN30994648,Ling,Tran,1985-05-18,2,7371791836,M6E1K3,(365) 951-1636,English,N,2026-08-09 14:58:31
MRN19128079,Jnenifer,Sutherland,1944-07-04,2,2713813489,M9L4V7,2895305916,English,N,2026-08-17 19:03:37
MRN95354423,Ivan,Davis,1951-05-09,1,7610147840,M4J2Z2,365-840-7454,English,N,2026-07-21 15:24:12
MRN81604646,Andrew,Li,,1,0519043764,M9L8R1,365-206-4815,English,N,2026-07-08 14:35:33
MRN70707899,Matt,Mikler,1997-09-14,1,8863372671,m6g1a6,4166856739,,N,2026-07-22 17:04:31
MRN25568013,Ivan,Carter,1941-09-01,1,8551425286,M5J0S6,,English,N,2026-08-26 00:48:17
MRN20919738,Nancy,Adams,1964-12-28,2,5962309158,M1L8W4,9058050946,Tamil,N,2026-07-22 18:01:24
MRN74860555,Mei,Zhang,1983-09-03,F,4229524485,M4L2N9,3659835001,English,N,2026-08-27 11:48:20
MRN75940561,Chen,Hassan,1946-03-30,M,4904035658,M6M2E4,9056112334,English,N,2026-07-12 12:45:21
MRN39508140,Emily,Walker,1991-10-22,2,8477325396,M6B3C2,4376598936,English,N,2026-07-19 02:21:28
MRN43754096,Thomas,Mitchell,1961-12-06,M,0333437754,M1C7P8,2898034990,English,N,2026-07-21 18:33:46
MRN44454487,Lnida,Jackson,1965-03-15,2,,,(289) 298-5220,,N,2026-07-21 14:03:02
MRN87204241,Chen,Khan,1963-12-23,1,,L4L0H7,(365) 943-0095,English,N,2026-08-17 04:03:13
MRN12006630,Karen,Martin,1985-10-24,F,6321882810,M4C7W0,6472738579,English,N,2026-03-20 23:17:25
MRN83224139,Katen,Thompson,1947-08-02,2,1139978249,L6C5Z9,(437) 378-5866,English,N,2026-07-11 11:24:07
MRN39875416,Pedro,Wright,1973-10-23,1,4923395752,L4L4C8,(289) 980-9117,English,N,2026-08-20 03:05:42
MRN35026869,Marie,Scoott,1962-01-01,2,8297555248,M9A 2Z6,(905) 684-1864,Spanish,N,2026-08-04 22:49:30
MRN85983264,Amara,Rossi,1959-08-05,F,6052405880,M4J8C5,6475157067,English,N,2026-08-13 17:55:50
MRN49759044,Pedro,Davis,1986-10-26,1,8175161093,L6J7Y8,3656361916,English,N,2026-07-17 07:09:47
MRN57389800,Mary,Lee,1957-10-25,2,9254268684,L4J9Z5,(289) 343-7971,English,N,2026-08-11 04:34:29
MRN84119722,David,Gagnon,1963-02-03,1,0583752423,M5E5J8,(416) 820-1481,Punjabi,N,2026-08-02 13:11:10
MRN18673176,Nancy,Hassan,1972-01-30,F,8848723543,M6A2S6,4164269151,English,N,2026-07-23 16:51:51
MRN61231594,Hassan,Wilson,1992-11-24,1,3904931783,M1E 3Y2,6477275677,Punjabi,N,2026-08-23 17:22:04
MRN23720227,Jean,Rossi,1977-01-19,1,,M2R8E6,365-998-0684,French,N,2026-08-17 17:23:26
MRN86686103,Jessica,Hernandez,1973-06-02,2,7300680878,M5J7Z3,416-871-8386,Mandarin,N,2026-07-03 07:37:14
MRN31199089,Zara,Santos,1954-10-14,2,8165090955,L6A4H7,4379124165,English,N,2026-07-12 00:13:00
MRN47293584,Emmily,Kowwalski,1977-02-21,2,,,416-731-2467,,N,2026-07-20 19:34:46
MRN46184582,Aisha,Hill,1972-01-14,2,6043335394,M1G3M4,647-647-5156,English,N,2026-07-11 13:20:50
MRN52428958,Christopher,Cote,1962-01-27,M,5358825718,M1M4G5,4168584020,English,N,2026-08-22 04:56:44
MRN72543473,Fatma,Anderson,1932-05-02,2,2427521428,M1J8Z9,4379379158,English,N,2026-07-03 18:50:27
MRN34135110,Susan,MacDonald,1943-08-08,2,8748031641,M9C3S8,(289) 782-5887,English,N,2026-08-04 02:01:10
MRN64748131,Kenneth,Adams,1970-08-14,1,4832022554,M9A 4S2,3657979777,Punjabi,N,2026-08-29 15:09:08
