admission_id,encounter_id,bed_id,assignment_start_ts,assignment_end_ts,assignment_reason
ADM00011691,ENC00032167,H003-D07-001,2026-07-08 03:30:08,2026-07-13 08:30:08,Admission
ADM00011692,ENC00032168,H001-D07-001,2026-07-05 03:23:34,2026-07-17 12:23:34,Admission
ADM00011693,ENC00032169,H003-D01-001,2026-08-18 10:20:31,2026-08-18 16:18:16,Admission
ADM00011693,ENC00032169,H003-D01-002,2026-08-18 16:18:16,2026-08-19 04:57:06,Transfer
ADM00011693,ENC00032169,H003-D01-002,2026-08-19 04:57:06,2026-08-21 20:20:31,Transfer
ADM00011694,ENC00032170,H003-D05-002,2026-08-03 13:54:33,2026-08-07 18:54:33,Admission
ADM00011695,ENC00032171,H003-D09-001,2026-07-12 05:39:24,2026-07-17 12:39:24,Admission
ADM00011696,ENC00032172,H003-D04-002,2026-08-13 19:33:06,2026-08-28 02:33:06,Admission
ADM00011698,ENC00032174,H003-D06-001,2026-07-09 23:21:37,2026-07-11 23:21:37,Admission
ADM00011699,ENC00032175,H002-D03-002,2026-07-13 23:07:07,2026-07-20 00:07:07,Admission
ADM00011700,ENC00032176,H002-D06-001,2026-08-01 08:44:19,2026-08-01 16:22:25,Admission
ADM00011700,ENC00032176,H002-D06-002,2026-08-01 16:22:25,2026-08-04 10:44:19,Transfer
ADM00011701,ENC00032177,H002-D09-002,2026-08-01 14:09:16,2026-08-14 23:09:16,Admission
ADM00011702,ENC00032178,H002-D10-003,2026-07-24 22:22:19,2026-07-26 23:22:19,Admission
ADM00011703,ENC00032179,H001-D01-002,2026-07-23 11:34:18,2026-07-25 15:34:18,Admission
ADM00011705,ENC00032181,H001-D10-004,2026-01-23 12:19:14,2026-01-23 23:29:53,Admission
ADM00011705,ENC00032181,H001-D10-001,2026-01-23 23:29:53,2026-01-24 19:04:31,Transfer
ADM00011705,ENC00032181,H001-D10-001,2026-01-24 19:04:31,2026-01-29 20:19:14,Transfer
ADM00011706,ENC00032182,H001-D09-004,2026-07-29 04:42:22,2026-07-30 12:14:41,Admission
ADM00011706,ENC00032182,H001-D09-002,2026-07-30 12:14:41,2026-08-02 11:42:22,Transfer
ADM00011707,ENC00032183,H003-D09-001,2026-07-08 05:55:41,2026-07-09 05:55:14,Admission
ADM00011707,ENC00032183,H003-D09-001,2026-07-09 05:55:14,2026-07-12 16:55:41,Transfer
ADM00011708,ENC00032184,H003-D01-001,2026-08-07 16:57:27,2026-08-22 18:57:27,Admission
ADM00011709,ENC00032185,H002-D06-002,2026-07-15 14:43:48,2026-07-16 15:51:21,Admission
ADM00011709,ENC00032185,H002-D06-003,2026-07-16 15:51:21,2026-07-18 21:43:48,Transfer
ADM00011710,ENC00032186,H003-D05-002,2026-07-12 11:18:51,2026-07-16 19:18:51,Admission
ADM00011711,ENC00032187,H003-D04-001,2025-08-21 19:28:51,2025-08-23 18:15:38,Admission
ADM00011711,ENC00032187,H003-D04-001,2025-08-23 18:15:38,2025-08-29 00:28:51,Transfer
ADM00011712,ENC00032188,H003-D02-002,2026-08-27 16:52:38,2026-08-30 01:52:38,Admission
ADM00011713,ENC00032189,H002-D08-001,2026-07-23 02:08:32,2026-07-26 03:08:32,Admission
ADM00011714,ENC00032190,H001-D01-003,2026-07-25 15:11:01,2026-08-01 21:11:01,Admission
ADM00011716,ENC00032192,H004-D10-001,2026-08-10 01:27:53,2026-08-16 01:27:53,Admission
ADM00011717,ENC00032193,H001-D07-001,2026-08-21 00:42:33,2026-08-22 06:45:03,Admission
ADM00011717,ENC00032193,H001-D07-004,2026-08-22 06:45:03,2026-08-26 01:42:33,Transfer
ADM00011718,ENC00032194,H003-D03-001,2026-07-17 10:16:56,2026-07-20 12:16:56,Admission
ADM00011719,ENC00032195,H003-D10-001,2026-08-27 09:30:12,2026-08-29 09:30:12,Admission
ADM00011721,ENC00032197,H002-D06-003,2026-07-31 04:19:23,2026-08-03 06:19:23,Admission
ADM00011722,ENC00032198,H001-D05-001,2026-08-09 12:09:08,2026-08-10 07:39:42,Admission
ADM00011722,ENC00032198,H001-D05-004,2026-08-10 07:39:42,2026-08-13 17:09:08,Transfer
ADM00011723,ENC00032199,H003-D03-002,2026-08-16 20:58:00,2026-08-27 23:58:00,Admission
ADM00011724,ENC00032200,H003-D02-001,2026-08-16 12:41:50,2026-08-16 20:45:36,Admission
ADM00011724,ENC00032200,H003-D02-002,2026-08-16 20:45:36,2026-08-18 21:41:50,Transfer
ADM00011725,ENC00032201,H001-D09-003,2026-07-21 13:19:41,2026-07-27 20:19:41,Admission
ADM00011726,ENC00032202,H002-D03-002,2026-07-04 22:34:03,2026-07-05 20:45:30,Admission
ADM00011726,ENC00032202,H002-D03-003,2026-07-05 20:45:30,2026-07-07 08:50:47,Transfer
ADM00011726,ENC00032202,H002-D03-002,2026-07-07 08:50:47,2026-07-15 06:34:03,Transfer
ADM00011727,ENC00032203,H004-D03-004,2025-12-19 01:42:18,2025-12-21 08:42:18,Admission
ADM00011728,ENC00032204,H001-D09-002,2026-07-07 03:16:19,2026-07-11 09:16:19,Admission
ADM00011729,ENC00032205,H002-D10-003,2025-08-15 02:36:07,2025-08-17 16:06:48,Admission
ADM00011729,ENC00032205,H002-D10-003,2025-08-17 16:06:48,2025-08-23 09:36:07,Transfer
ADM00011730,ENC00032206,H001-D05-004,2026-08-06 17:21:07,2026-08-14 01:21:07,Admission
ADM00011731,ENC00032207,H003-D06-002,2026-08-01 19:58:50,2026-08-06 05:58:50,Admission
ADM00011732,ENC00032208,H001-D06-001,2026-07-27 06:02:44,2026-08-01 12:02:44,Admission
ADM00011733,ENC00032209,H001-D07-002,2026-07-23 15:09:38,2026-07-26 22:09:38,Admission
ADM00011734,ENC00032210,H002-D01-003,2026-07-25 18:13:56,2026-07-27 04:13:56,Admission
ADM00011735,ENC00032211,H002-D07-003,2026-03-25 04:26:18,2026-03-28 11:26:18,Admission
ADM00011736,ENC00032212,H002-D10-001,2026-07-03 16:01:45,2026-07-08 01:01:45,Admission
ADM00011737,ENC00032213,H001-D05-003,2026-07-27 14:43:14,2026-07-28 22:34:38,Admission
ADM00011737,ENC00032213,H001-D05-002,2026-07-28 22:34:38,2026-08-09 19:43:14,Transfer
ADM00011738,ENC00032214,H001-D07-001,2026-07-16 01:35:19,2026-07-16 07:45:54,Admission
ADM00011738,ENC00032214,H001-D07-002,2026-07-16 07:45:54,2026-07-18 04:35:19,Transfer
ADM00011739,ENC00032215,H002-D09-003,2026-08-16 04:37:12,2026-08-22 08:37:12,Admission
ADM00011740,ENC00032216,H003-D04-001,2026-08-21 01:32:53,2026-08-21 07:39:36,Admission
ADM00011740,ENC00032216,H003-D04-002,2026-08-21 07:39:36,2026-08-23 09:32:53,Transfer
ADM00011741,ENC00032217,H001-D06-003,2026-08-01 09:04:40,2026-08-13 14:04:40,Admission
ADM00011742,ENC00032218,H003-D03-002,2026-07-07 15:39:15,2026-07-12 20:39:15,Admission
ADM00011743,ENC00032219,H002-D08-001,2026-07-08 03:16:09,2026-07-08 23:16:16,Admission
ADM00011743,ENC00032219,H002-D08-001,2026-07-08 23:16:16,2026-07-11 06:16:09,Transfer
ADM00011744,ENC00032220,H002-D08-003,2026-08-18 05:27:20,2026-08-18 14:49:30,Admission
ADM00011744,ENC00032220,H002-D08-003,2026-08-18 14:49:30,2026-08-20 11:27:20,Transfer
ADM00011745,ENC00032221,H001-D09-003,2026-07-16 09:37:25,2026-07-17 09:03:44,Admission
ADM00011745,ENC00032221,H001-D09-003,2026-07-17 09:03:44,2026-07-20 13:37:25,Transfer
ADM00011746,ENC00032222,H003-D03-001,2026-07-28 10:20:50,2026-08-09 10:20:50,Admission
ADM00011747,ENC00032223,H001-D01-004,2026-08-19 14:06:46,2026-08-26 01:06:46,Admission
ADM00011748,ENC00032224,H003-D02-002,2026-08-24 08:38:10,2026-08-28 15:38:10,Admission
ADM00011750,ENC00032226,H002-D10-002,2026-08-22 13:51:25,2026-08-26 17:51:25,Admission
ADM00011751,ENC00032227,H001-D05-002,2026-07-17 16:06:05,2026-07-19 05:04:06,Admission
ADM00011751,ENC00032227,H001-D05-003,2026-07-19 05:04:06,2026-07-23 18:06:05,Transfer
ADM00011752,ENC00032228,H002-D03-003,2026-07-06 20:50:37,2026-07-11 06:50:37,Admission
ADM00011753,ENC00032229,H003-D10-001,2026-08-13 17:53:06,2026-08-19 03:53:06,Admission
ADM00011754,ENC00032230,H004-D03-001,2026-07-05 05:56:30,2026-07-13 11:56:30,Admission
ADM00011755,ENC00032231,H004-D10-004,2026-07-20 05:29:57,2026-07-24 13:29:57,Admission
ADM00011756,ENC00032232,H001-D03-004,2026-08-22 08:25:23,2026-08-23 09:25:23,Admission
ADM00011757,ENC00032233,H002-D09-002,2026-04-19 06:03:09,2026-05-11 16:03:09,Admission
ADM00011758,ENC00032234,H001-D10-002,2026-08-06 08:00:04,2026-08-10 14:00:04,Admission
ADM00011759,ENC00032235,H002-D02-003,2026-07-18 13:57:48,2026-07-21 13:57:48,Admission
ADM00011760,ENC00032236,H002-D09-001,2026-07-28 03:44:29,2026-08-03 13:44:29,Admission
ADM00011761,ENC00032237,H002-D06-003,2026-07-18 20:46:23,2026-07-24 05:46:23,Admission
ADM00011763,ENC00032239,H003-D09-001,2026-08-17 18:18:39,2026-08-22 02:18:39,Admission
ADM00011764,ENC00032240,H003-D06-001,2026-07-24 07:12:54,2026-07-26 07:12:54,Admission
ADM00011765,ENC00032241,H002-D03-001,2025-11-02 10:22:10,2025-11-10 17:22:10,Admission
ADM00011766,ENC00032242,H003-D08-002,2026-08-01 04:12:40,2026-08-05 11:12:40,Admission
ADM00011768,ENC00032244,H003-D09-001,2026-08-07 15:03:29,2026-08-16 20:03:29,Admission
ADM00011769,ENC00032245,H001-D06-004,2026-08-14 11:58:10,2026-08-19 22:58:10,Admission
ADM00011770,ENC00032246,H002-D02-001,2026-08-31 09:36:28,2026-09-09 12:36:28,Admission
ADM00011771,ENC00032247,H003-D07-001,2026-08-28 02:56:46,2026-09-03 03:56:46,Admission
ADM00011772,ENC00032248,H004-D03-001,2026-07-03 13:52:39,2026-07-10 23:52:39,Admission
ADM00011773,ENC00032249,H001-D06-003,2026-08-20 16:30:41,2026-08-22 16:30:41,Admission
ADM00011774,ENC00032250,H002-D01-003,2026-08-20 04:10:55,2026-08-27 08:10:55,Admission
ADM00011775,ENC00032251,H001-D07-003,2026-07-29 22:33:08,2026-08-07 03:33:08,Admission
ADM00011776,ENC00032252,H003-D04-002,2026-07-07 00:35:14,2026-07-21 02:35:14,Admission
ADM00011777,ENC00032253,H003-D04-002,2026-08-17 10:37:42,2026-08-19 13:56:58,Admission
ADM00011777,ENC00032253,H003-D04-002,2026-08-19 13:56:58,2026-08-23 14:37:42,Transfer
ADM00011778,ENC00032254,H001-D07-002,2026-07-22 14:04:14,2026-07-24 15:04:14,Admission
ADM00011779,ENC00032255,H002-D04-003,2026-08-06 17:20:22,2026-08-15 21:20:22,Admission
ADM00011780,ENC00032256,H001-D06-004,2026-08-21 19:45:45,2026-09-03 02:45:45,Admission
ADM00011781,ENC00032257,H001-D09-001,2026-08-03 10:25:26,2026-08-06 13:25:26,Admission
ADM00011782,ENC00032258,H001-D08-001,2026-07-27 06:18:40,2026-08-05 10:18:40,Admission
ADM00011783,ENC00032259,H003-D08-002,2026-08-25 04:26:12,2026-08-29 14:26:12,Admission
ADM00011784,ENC00032260,H003-D04-001,2026-08-13 17:15:14,2026-08-18 01:15:14,Admission
ADM00011785,ENC00032261,H004-D03-002,2026-07-18 22:12:15,2026-07-20 04:12:15,Admission
ADM00011787,ENC00032263,H002-D10-003,2026-08-03 08:57:42,2026-08-15 18:57:42,Admission
ADM00011788,ENC00032264,H002-D04-003,2026-02-08 18:04:57,2026-02-13 04:04:57,Admission
ADM00011789,ENC00032265,H002-D07-002,2026-07-29 08:43:45,2026-08-22 13:43:45,Admission
ADM00011790,ENC00032266,H003-D08-001,2026-07-22 11:05:56,2026-07-31 18:05:56,Admission
ADM00011791,ENC00032267,H003-D09-001,2026-08-09 14:12:12,2026-08-12 22:12:12,Admission
ADM00011792,ENC00032268,H002-D02-001,2026-07-14 21:45:33,2026-07-17 01:45:33,Admission
ADM00011793,ENC00032269,H001-D01-001,2026-07-24 01:03:40,2026-07-27 07:03:40,Admission
ADM00011794,ENC00032270,H002-D08-003,2026-07-15 15:07:23,2026-07-16 17:07:23,Admission
ADM00011795,ENC00032271,H001-D06-003,2026-08-15 07:52:48,2026-08-18 12:52:48,Admission
ADM00011796,ENC00032272,H003-D01-001,2026-08-11 02:13:04,2026-08-12 02:13:04,Admission
ADM00011797,ENC00032273,H001-D04-002,2026-08-17 17:12:26,2026-08-17 23:12:36,Admission
ADM00011797,ENC00032273,H001-D04-001,2026-08-17 23:12:36,2026-08-19 19:12:26,Transfer
ADM00011798,ENC00032274,H001-D04-003,2026-08-03 11:25:26,2026-08-08 12:25:26,Admission
ADM00011799,ENC00032275,H003-D10-001,2026-08-13 10:05:52,2026-08-18 20:05:52,Admission
ADM00011800,ENC00032276,H002-D07-002,2026-08-24 08:42:32,2026-08-26 12:42:32,Admission
ADM00011801,ENC00032277,H001-D05-001,2026-08-17 13:11:12,2026-08-23 23:11:12,Admission
ADM00011802,ENC00032278,H004-D10-001,2026-07-18 23:52:14,2026-07-21 08:37:59,Admission
ADM00011802,ENC00032278,H004-D10-004,2026-07-21 08:37:59,2026-07-27 10:52:14,Transfer
ADM00011803,ENC00032279,H003-D06-002,2026-07-25 21:25:03,2026-07-31 05:25:03,Admission
ADM00011804,ENC00032280,H003-D08-002,2026-08-01 04:43:58,2026-08-05 10:43:58,Admission
ADM00011805,ENC00032281,H002-D03-001,2026-08-09 11:24:12,2026-08-13 12:24:12,Admission
ADM00011807,ENC00032283,H003-D02-002,2026-08-01 05:39:53,2026-08-16 09:39:53,Admission
ADM00011808,ENC00032284,H001-D01-001,2026-07-11 05:37:23,2026-07-13 21:32:15,Admission
ADM00011808,ENC00032284,H001-D01-003,2026-07-13 21:32:15,2026-07-29 15:37:23,Transfer
ADM00011809,ENC00032285,H003-D07-001,2026-08-24 13:06:17,2026-08-25 04:45:04,Admission
ADM00011809,ENC00032285,H003-D07-001,2026-08-25 04:45:04,2026-08-26 19:06:17,Transfer
ADM00011810,ENC00032286,H001-D02-003,2026-07-23 15:11:44,2026-07-25 20:11:44,Admission
ADM00011811,ENC00032287,H002-D10-001,2026-01-16 18:25:00,2026-01-18 22:25:00,Admission
ADM00011812,ENC00032288,H004-D03-004,2026-07-18 19:57:10,2026-07-21 02:09:01,Admission
ADM00011812,ENC00032288,H004-D03-003,2026-07-21 02:09:01,2026-07-27 06:57:10,Transfer
ADM00011813,ENC00032289,H001-D02-002,2026-07-08 13:29:42,2026-07-15 00:29:42,Admission
ADM00011814,ENC00032290,H003-D10-001,2026-08-18 14:48:26,2026-08-22 19:48:26,Admission
ADM00011815,ENC00032291,H001-D06-004,2026-08-26 00:51:28,2026-08-28 00:51:28,Admission
ADM00011816,ENC00032292,H001-D07-001,2026-07-20 12:19:28,2026-07-26 21:19:28,Admission
ADM00011817,ENC00032293,H002-D01-002,2026-08-14 16:41:02,2026-08-17 16:41:02,Admission
ADM00011818,ENC00032294,H003-D01-001,2026-08-17 21:28:05,2026-08-19 12:06:27,Admission
ADM00011818,ENC00032294,H003-D01-002,2026-08-19 12:06:27,2026-08-27 21:28:05,Transfer
ADM00011819,ENC00032295,H001-D10-003,2026-08-15 15:11:59,2026-08-31 19:11:59,Admission
ADM00011820,ENC00032296,H001-D04-001,2026-08-09 00:12:15,2026-08-13 07:12:15,Admission
ADM00011821,ENC00032297,H004-D03-003,2026-07-03 14:03:57,2026-07-05 16:30:37,Admission
ADM00011821,ENC00032297,H004-D03-005,2026-07-05 16:30:37,2026-07-17 19:03:57,Transfer
ADM00011822,ENC00032298,H001-D04-004,2026-07-13 20:33:10,2026-07-17 22:33:10,Admission
ADM00011823,ENC00032299,H003-D01-002,2026-07-28 14:22:58,2026-08-01 19:22:58,Admission
ADM00011824,ENC00032300,H004-D03-006,2026-07-22 15:31:47,2026-07-26 21:31:47,Admission
ADM00011825,ENC00032301,H002-D10-001,2026-07-22 09:15:35,2026-07-28 15:15:35,Admission
ADM00011826,ENC00032302,H001-D04-003,2026-08-01 13:37:54,2026-08-04 15:37:54,Admission
ADM00011827,ENC00032303,H002-D05-002,2026-07-25 21:01:26,2026-07-28 08:13:47,Admission
ADM00011827,ENC00032303,H002-D05-002,2026-07-28 08:13:47,2026-07-30 06:15:56,Transfer
ADM00011827,ENC00032303,H002-D05-001,2026-07-30 06:15:56,2026-08-06 04:01:26,Transfer
ADM00011828,ENC00032304,H001-D06-001,2026-07-23 04:56:18,2026-07-27 06:56:18,Admission
ADM00011829,ENC00032305,H001-D07-001,2026-08-21 13:32:30,2026-08-23 14:32:30,Admission
ADM00011830,ENC00032306,H002-D10-002,2026-08-27 07:34:53,2026-09-15 13:34:53,Admission
ADM00011831,ENC00032307,H002-D09-002,2026-08-30 22:15:44,2026-09-07 07:15:44,Admission
ADM00011832,ENC00032308,H001-D02-002,2026-07-15 22:02:54,2026-07-28 08:02:54,Admission
ADM00011833,ENC00032309,H003-D08-001,2026-07-22 08:21:44,2026-07-25 16:21:44,Admission
ADM00011834,ENC00032310,H003-D01-002,2026-07-18 18:52:31,2026-07-19 04:24:19,Admission
ADM00011834,ENC00032310,H003-D01-001,2026-07-19 04:24:19,2026-07-20 01:52:31,Transfer
ADM00011835,ENC00032311,H003-D08-001,2025-12-24 21:19:37,2025-12-26 12:17:17,Admission
ADM00011835,ENC00032311,H003-D08-002,2025-12-26 12:17:17,2026-01-02 08:19:37,Transfer
ADM00011836,ENC00032312,H002-D05-001,2026-08-30 06:44:22,2026-09-07 11:44:22,Admission
ADM00011837,ENC00032313,H003-D03-001,2026-07-03 08:32:05,2026-07-11 16:32:05,Admission
ADM00011838,ENC00032314,H001-D07-004,2026-07-24 08:54:31,2026-07-26 08:54:31,Admission
ADM00011839,ENC00032315,H003-D05-001,2026-08-17 16:00:56,2026-08-18 00:35:09,Admission
ADM00011839,ENC00032315,H003-D05-001,2026-08-18 00:35:09,2026-08-18 12:45:32,Transfer
ADM00011839,ENC00032315,H003-D05-002,2026-08-18 12:45:32,2026-08-19 23:00:56,Transfer
ADM00011840,ENC00032316,H003-D03-002,2026-07-17 01:49:29,2026-07-25 06:49:29,Admission
ADM00011841,ENC00032317,H002-D03-002,2026-07-12 21:05:34,2026-08-02 08:05:34,Admission
ADM00011842,ENC00032318,H001-D03-001,2026-08-04 06:41:38,2026-08-06 13:41:38,Admission
ADM00011843,ENC00032319,H002-D10-001,2026-08-12 11:14:21,2026-08-14 14:14:21,Admission
ADM00011844,ENC00032320,H004-D10-003,2026-02-14 08:41:03,2026-02-18 18:41:03,Admission
ADM00011845,ENC00032321,H003-D02-001,2026-08-01 09:09:48,2026-08-02 17:47:15,Admission
ADM00011845,ENC00032321,H003-D02-002,2026-08-02 17:47:15,2026-08-07 09:09:48,Transfer
ADM00011846,ENC00032322,H004-D10-001,2026-08-01 01:11:00,2026-08-03 01:11:00,Admission
ADM00011847,ENC00032323,H002-D04-001,2026-07-13 09:52:02,2026-07-16 17:52:02,Admission
ADM00011848,ENC00032324,H003-D06-002,2026-08-04 16:27:48,2026-08-05 15:28:58,Admission
ADM00011848,ENC00032324,H003-D06-001,2026-08-05 15:28:58,2026-08-10 20:27:48,Transfer
ADM00011849,ENC00032325,H002-D09-003,2026-07-06 14:07:20,2026-07-07 00:53:46,Admission
ADM00011849,ENC00032325,H002-D09-002,2026-07-07 00:53:46,2026-07-07 08:14:49,Transfer
ADM00011849,ENC00032325,H002-D09-001,2026-07-07 08:14:49,2026-07-09 16:07:20,Transfer
ADM00011850,ENC00032326,H001-D02-001,2026-07-24 18:01:20,2026-08-06 05:01:20,Admission
ADM00011851,ENC00032327,H003-D05-002,2026-07-16 12:05:22,2026-07-17 03:30:28,Admission
ADM00011851,ENC00032327,H003-D05-001,2026-07-17 03:30:28,2026-07-19 21:05:22,Transfer
ADM00011852,ENC00032328,H002-D02-002,2026-07-04 03:59:22,2026-07-28 12:59:22,Admission
ADM00011853,ENC00032329,H002-D09-002,2026-07-08 15:24:27,2026-07-17 02:24:27,Admission
ADM00011854,ENC00032330,H001-D02-004,2026-08-08 18:32:13,2026-08-13 18:32:13,Admission
ADM00011855,ENC00032331,H001-D05-003,2026-08-11 15:16:47,2026-08-13 11:32:38,Admission
ADM00011855,ENC00032331,H001-D05-004,2026-08-13 11:32:38,2026-08-22 20:16:47,Transfer
ADM00011856,ENC00032332,H001-D02-001,2026-07-11 20:44:57,2026-07-14 23:44:57,Admission
ADM00011857,ENC00032333,H002-D01-003,2026-08-23 23:17:03,2026-08-25 23:17:03,Admission
ADM00011858,ENC00032334,H002-D09-001,2026-08-22 11:56:51,2026-08-29 18:56:51,Admission
ADM00011859,ENC00032335,H001-D05-003,2026-08-15 00:12:54,2026-08-15 20:03:03,Admission
ADM00011859,ENC00032335,H001-D05-002,2026-08-15 20:03:03,2026-08-16 15:42:01,Transfer
ADM00011859,ENC00032335,H001-D05-001,2026-08-16 15:42:01,2026-08-23 03:12:54,Transfer
ADM00011860,ENC00032336,H002-D04-001,2026-07-06 21:12:38,2026-07-11 21:12:38,Admission
ADM00011861,ENC00032337,H002-D08-001,2026-08-17 12:55:33,2026-08-18 16:15:26,Admission
ADM00011861,ENC00032337,H002-D08-002,2026-08-18 16:15:26,2026-08-21 12:55:33,Transfer
ADM00011862,ENC00032338,H003-D04-001,2026-07-29 20:48:10,2026-08-03 04:48:10,Admission
ADM00011863,ENC00032339,H001-D03-002,2026-08-02 03:51:14,2026-08-03 04:24:28,Admission
ADM00011863,ENC00032339,H001-D03-004,2026-08-03 04:24:28,2026-08-04 05:52:13,Transfer
ADM00011863,ENC00032339,H001-D03-003,2026-08-04 05:52:13,2026-08-07 08:51:14,Transfer
ADM00011864,ENC00032340,H002-D01-003,2026-07-30 02:04:00,2026-08-10 09:04:00,Admission
ADM00011865,ENC00032341,H003-D07-002,2026-08-18 16:13:06,2026-08-24 21:13:06,Admission
ADM00011866,ENC00032342,H002-D04-002,2026-08-12 05:15:19,2026-08-15 15:15:19,Admission
ADM00011867,ENC00032343,H001-D01-004,2026-08-06 16:15:03,2026-08-08 15:41:29,Admission
ADM00011867,ENC00032343,H001-D01-003,2026-08-08 15:41:29,2026-08-14 02:15:03,Transfer
ADM00011868,ENC00032344,H001-D06-002,2026-08-31 21:29:32,2026-09-12 23:29:32,Admission
ADM00011869,ENC00032345,H001-D02-001,2026-07-15 19:43:36,2026-07-19 20:43:36,Admission
ADM00011870,ENC00032346,H001-D03-004,2026-07-14 03:57:47,2026-07-17 14:57:47,Admission
ADM00011871,ENC00032347,H002-D04-002,2026-08-07 17:52:02,2026-08-10 00:52:02,Admission
ADM00011872,ENC00032348,H001-D07-002,2026-08-30 03:36:16,2026-08-31 02:04:54,Admission
ADM00011872,ENC00032348,H001-D07-002,2026-08-31 02:04:54,2026-09-08 08:36:16,Transfer
ADM00011873,ENC00032349,H001-D03-001,2026-01-01 12:51:40,2026-01-03 14:51:40,Admission
ADM00011874,ENC00032350,H001-D09-002,2026-07-29 10:21:01,2026-07-31 07:40:19,Admission
ADM00011874,ENC00032350,H001-D09-002,2026-07-31 07:40:19,2026-08-12 18:21:01,Transfer
ADM00011875,ENC00032351,H003-D08-002,2026-08-02 22:43:38,2026-08-04 04:11:49,Admission
ADM00011875,ENC00032351,H003-D08-002,2026-08-04 04:11:49,2026-08-10 22:43:38,Transfer
ADM00011876,ENC00032352,H001-D07-002,2026-07-15 20:12:56,2026-07-23 05:12:56,Admission
ADM00011877,ENC00032353,H002-D07-001,2026-07-18 23:11:27,2026-07-30 09:11:27,Admission
ADM00011878,ENC00032354,H001-D02-003,2026-08-11 13:45:56,2026-08-20 13:45:56,Admission
ADM00011879,ENC00032355,H003-D04-001,2026-08-17 17:43:31,2026-08-19 21:43:31,Admission
ADM00011880,ENC00032356,H001-D08-001,2026-08-08 14:38:47,2026-08-16 22:38:47,Admission
ADM00011881,ENC00032357,H001-D06-001,2026-08-16 16:17:21,2026-08-17 12:43:15,Admission
ADM00011881,ENC00032357,H001-D06-002,2026-08-17 12:43:15,2026-08-23 23:17:21,Transfer
ADM00011882,ENC00032358,H002-D06-002,2026-08-22 20:03:56,2026-08-26 06:03:56,Admission
ADM00011884,ENC00032360,H003-D02-001,2026-07-26 16:06:56,2026-07-29 20:06:56,Admission
ADM00011885,ENC00032361,H003-D01-001,2026-08-12 11:58:22,2026-08-18 13:58:22,Admission
ADM00011886,ENC00032362,H003-D04-002,2026-08-19 07:36:46,2026-08-25 15:36:46,Admission
ADM00011887,ENC00032363,H003-D02-001,2026-07-26 04:13:58,2026-08-05 06:13:58,Admission
ADM00011888,ENC00032364,H001-D03-004,2026-07-05 05:01:26,2026-07-09 11:01:26,Admission
ADM00011889,ENC00032365,H003-D04-001,2026-07-25 15:22:02,2026-07-28 17:22:02,Admission
ADM00011890,ENC00032366,H003-D08-002,2026-08-11 06:07:23,2026-08-14 16:07:23,Admission
ADM00011891,ENC00032367,H002-D04-003,2026-08-06 02:51:50,2026-08-11 13:51:50,Admission
ADM00011892,ENC00032368,H004-D10-001,2026-07-29 11:38:09,2026-08-04 16:38:09,Admission
ADM00011893,ENC00032369,H003-D02-001,2026-07-21 16:30:36,2026-07-23 05:54:48,Admission
ADM00011893,ENC00032369,H003-D02-002,2026-07-23 05:54:48,2026-08-01 19:30:36,Transfer
ADM00011894,ENC00032370,H003-D07-001,2026-07-03 19:44:10,2026-07-05 19:34:52,Admission
ADM00011894,ENC00032370,H003-D07-002,2026-07-05 19:34:52,2026-07-10 02:44:10,Transfer
ADM00011896,ENC00032372,H001-D06-003,2026-07-22 00:11:20,2026-07-24 00:11:20,Admission
ADM00011897,ENC00032373,H002-D05-001,2026-07-19 04:19:46,2026-07-20 03:53:21,Admission
ADM00011897,ENC00032373,H002-D05-003,2026-07-20 03:53:21,2026-07-22 09:19:46,Transfer
ADM00011898,ENC00032374,H001-D06-002,2026-08-20 02:16:01,2026-08-23 07:16:01,Admission
ADM00011899,ENC00032375,H001-D07-002,2026-07-19 08:49:56,2026-07-27 10:49:56,Admission
ADM00011900,ENC00032376,H002-D06-002,2026-08-24 05:17:27,2026-08-25 13:17:27,Admission
ADM00011901,ENC00032377,H001-D02-001,2026-07-28 23:06:29,2026-08-01 01:06:29,Admission
ADM00011902,ENC00032378,H003-D06-001,2026-07-22 10:24:20,2026-07-30 12:24:20,Admission
ADM00011903,ENC00032379,H003-D03-002,2026-08-02 18:24:52,2026-08-07 21:24:52,Admission
ADM00011904,ENC00032380,H002-D10-003,2026-08-10 16:36:43,2026-08-19 00:36:43,Admission
ADM00011906,ENC00032382,H003-D07-002,2026-07-08 03:58:15,2026-07-16 05:58:15,Admission
ADM00011907,ENC00032383,H003-D05-002,2026-07-08 16:20:12,2026-07-14 22:20:12,Admission
ADM00011908,ENC00032384,H004-D10-002,2026-08-28 05:16:48,2026-08-31 06:16:48,Admission
ADM00011909,ENC00032385,H003-D05-002,2026-07-26 14:07:26,2026-07-28 18:07:26,Admission
ADM00011910,ENC00032386,H001-D07-001,2026-07-07 23:29:19,2026-07-08 07:36:21,Admission
ADM00011910,ENC00032386,H001-D07-001,2026-07-08 07:36:21,2026-07-08 15:46:25,Transfer
ADM00011910,ENC00032386,H001-D07-004,2026-07-08 15:46:25,2026-07-10 09:29:19,Transfer
ADM00011911,ENC00032387,H001-D04-002,2026-08-28 07:24:11,2026-08-30 13:24:11,Admission
ADM00011912,ENC00032388,H001-D03-004,2026-08-26 20:57:55,2026-08-28 04:57:55,Admission
ADM00011913,ENC00032389,H001-D05-003,2026-07-28 21:31:23,2026-07-29 14:35:55,Admission
ADM00011913,ENC00032389,H001-D05-004,2026-07-29 14:35:55,2026-08-01 07:31:23,Transfer
ADM00011915,ENC00032391,H001-D06-002,2026-07-04 13:34:25,2026-07-05 00:53:16,Admission
ADM00011915,ENC00032391,H001-D06-004,2026-07-05 00:53:16,2026-07-08 16:34:25,Transfer
ADM00011916,ENC00032392,H001-D10-003,2026-07-20 20:15:07,2026-07-23 07:15:07,Admission
ADM00011917,ENC00032393,H003-D10-001,2026-07-16 07:13:29,2026-07-25 13:13:29,Admission
ADM00011918,ENC00032394,H002-D08-003,2026-08-05 15:52:36,2026-08-14 15:52:36,Admission
ADM00011919,ENC00032395,H001-D09-004,2026-08-13 05:00:14,2026-08-17 14:00:14,Admission
ADM00011920,ENC00032396,H003-D01-002,2026-07-03 13:00:06,2026-07-12 13:00:06,Admission
ADM00011921,ENC00032397,H001-D09-002,2026-07-14 06:19:44,2026-07-30 16:19:44,Admission
ADM00011922,ENC00032398,H001-D07-004,2026-07-05 12:32:54,2026-07-11 15:32:54,Admission
ADM00011923,ENC00032399,H001-D07-002,2026-07-06 08:34:03,2026-07-08 12:15:33,Admission
ADM00011923,ENC00032399,H001-D07-002,2026-07-08 12:15:33,2026-07-19 08:34:03,Transfer
ADM00011924,ENC00032400,H001-D08-004,2026-07-17 18:02:57,2026-07-26 03:02:57,Admission
ADM00011925,ENC00032401,H003-D07-002,2026-07-12 04:33:43,2026-07-13 05:41:06,Admission
ADM00011925,ENC00032401,H003-D07-002,2026-07-13 05:41:06,2026-07-16 14:33:43,Transfer
ADM00011926,ENC00032402,H003-D07-001,2026-07-19 03:19:40,2026-07-23 04:19:40,Admission
ADM00011927,ENC00032403,H003-D03-002,2026-07-23 20:01:24,2026-07-29 01:01:24,Admission
ADM00011928,ENC00032404,H002-D06-003,2026-07-08 15:57:08,2026-07-13 18:57:08,Admission
ADM00011929,ENC00032405,H003-D02-001,2026-07-08 13:23:40,2026-07-12 18:23:40,Admission
ADM00011930,ENC00032406,H002-D02-002,2026-07-26 21:54:02,2026-08-03 07:54:02,Admission
ADM00011931,ENC00032407,H002-D10-001,2026-08-27 05:54:28,2026-09-18 10:54:28,Admission
ADM00011932,ENC00032408,H001-D01-002,2026-07-08 19:33:15,2026-07-20 22:33:15,Admission
ADM00011933,ENC00032409,H002-D09-001,2026-07-29 02:19:15,2026-07-29 15:24:53,Admission
ADM00011933,ENC00032409,H002-D09-003,2026-07-29 15:24:53,2026-08-01 04:19:15,Transfer
ADM00011934,ENC00032410,H001-D01-003,2026-07-16 00:44:47,2026-07-20 04:44:47,Admission
ADM00011935,ENC00032411,H002-D03-003,2026-07-21 09:00:52,2026-07-23 02:10:24,Admission
ADM00011935,ENC00032411,H002-D03-002,2026-07-23 02:10:24,2026-07-30 09:00:52,Transfer
ADM00011936,ENC00032412,H001-D04-001,2025-06-26 19:44:59,2025-06-27 21:10:15,Admission
ADM00011936,ENC00032412,H001-D04-003,2025-06-27 21:10:15,2025-07-01 00:44:59,Transfer
ADM00011937,ENC00032413,H001-D02-004,2026-07-21 07:19:24,2026-07-25 11:19:24,Admission
ADM00011938,ENC00032414,H002-D08-002,2026-07-25 03:01:20,2026-08-04 03:01:20,Admission
ADM00011939,ENC00032415,H001-D03-001,2026-01-10 11:30:05,2026-01-11 09:31:56,Admission
ADM00011939,ENC00032415,H001-D03-002,2026-01-11 09:31:56,2026-01-14 22:30:05,Transfer
ADM00011940,ENC00032416,H003-D10-001,2026-08-08 06:12:41,2026-08-23 10:12:41,Admission
ADM00011941,ENC00032417,H003-D09-001,2026-08-19 11:01:33,2026-08-24 15:01:33,Admission
ADM00011942,ENC00032418,H001-D04-002,2026-08-17 06:13:39,2026-08-25 16:13:39,Admission
ADM00011943,ENC00032419,H002-D03-001,2026-08-21 04:24:18,2026-08-22 07:24:18,Admission
ADM00011945,ENC00032421,H001-D06-001,2026-07-10 19:29:32,2026-07-17 02:29:32,Admission
ADM00011946,ENC00032422,H003-D02-002,2026-08-04 01:53:56,2026-08-04 06:30:02,Admission
ADM00011946,ENC00032422,H003-D02-002,2026-08-04 06:30:02,2026-08-05 01:53:56,Transfer
ADM00011947,ENC00032423,H001-D09-003,2026-08-19 23:47:43,2026-09-05 06:47:43,Admission
ADM00011948,ENC00032424,H003-D01-002,2026-07-26 14:32:46,2026-07-26 23:52:36,Admission
ADM00011948,ENC00032424,H003-D01-002,2026-07-26 23:52:36,2026-07-29 14:32:46,Transfer
ADM00011949,ENC00032425,H003-D09-001,2026-07-21 04:59:09,2026-07-24 08:59:09,Admission
ADM00011950,ENC00032426,H001-D08-002,2026-07-25 10:14:01,2026-07-26 10:47:38,Admission
ADM00011950,ENC00032426,H001-D08-003,2026-07-26 10:47:38,2026-07-31 11:14:01,Transfer
ADM00011951,ENC00032427,H003-D08-002,2026-07-24 15:54:38,2026-07-28 22:54:38,Admission
ADM00011952,ENC00032428,H002-D10-001,2026-07-17 03:00:14,2026-07-20 07:00:14,Admission
ADM00011953,ENC00032429,H003-D05-002,2026-07-04 23:57:08,2026-07-19 01:57:08,Admission
ADM00011954,ENC00032430,H002-D08-002,2026-07-09 07:19:16,2026-07-31 12:19:16,Admission
ADM00011956,ENC00032432,H003-D04-001,2026-07-05 21:48:14,2026-07-18 07:48:14,Admission
ADM00011957,ENC00032433,H003-D05-002,2026-08-25 14:18:34,2026-08-27 20:35:01,Admission
ADM00011957,ENC00032433,H003-D05-001,2026-08-27 20:35:01,2026-09-07 15:18:34,Transfer
ADM00011958,ENC00032434,H002-D08-003,2026-07-11 22:29:00,2026-07-14 22:29:00,Admission
ADM00011959,ENC00032435,H002-D09-001,2026-08-23 09:21:13,2026-08-27 15:21:13,Admission
ADM00011960,ENC00032436,H002-D02-003,2026-07-14 10:12:36,2026-07-14 22:52:31,Admission
ADM00011960,ENC00032436,H002-D02-003,2026-07-14 22:52:31,2026-07-16 17:12:36,Transfer
ADM00011961,ENC00032437,H001-D06-004,2026-04-29 10:36:32,2026-05-03 17:36:32,Admission
ADM00011962,ENC00032438,H003-D07-002,2026-07-12 02:57:05,2026-07-20 06:57:05,Admission
ADM00011963,ENC00032439,H002-D04-002,2026-07-28 03:27:58,2026-08-02 12:27:58,Admission
ADM00011964,ENC00032440,H003-D10-001,2026-08-18 14:51:33,2026-08-29 00:51:33,Admission
ADM00011965,ENC00032441,H002-D01-003,2026-07-03 13:44:55,2026-07-03 21:40:06,Admission
ADM00011965,ENC00032441,H002-D01-003,2026-07-03 21:40:06,2026-07-05 18:44:55,Transfer
ADM00011966,ENC00032442,H002-D06-002,2026-07-12 03:06:30,2026-07-14 03:06:30,Admission
ADM00011967,ENC00032443,H001-D02-002,2026-08-30 19:31:51,2026-09-08 01:31:51,Admission
ADM00011968,ENC00032444,H003-D08-002,2026-07-17 13:28:51,2026-07-18 01:50:14,Admission
ADM00011968,ENC00032444,H003-D08-001,2026-07-18 01:50:14,2026-07-21 18:28:51,Transfer
ADM00011969,ENC00032445,H002-D04-001,2026-08-01 04:56:25,2026-08-03 08:56:25,Admission
ADM00011970,ENC00032446,H003-D03-001,2026-08-26 16:22:32,2026-09-02 01:22:32,Admission
ADM00011971,ENC00032447,H001-D08-003,2026-08-07 22:57:10,2026-08-08 19:22:10,Admission
ADM00011971,ENC00032447,H001-D08-004,2026-08-08 19:22:10,2026-08-15 07:57:10,Transfer
ADM00011972,ENC00032448,H002-D01-003,2026-07-25 12:09:01,2026-07-28 17:09:01,Admission
ADM00011973,ENC00032449,H003-D05-001,2026-07-03 20:51:00,2026-07-08 20:51:00,Admission
ADM00011974,ENC00032450,H003-D04-002,2026-07-07 00:34:58,2026-07-09 03:34:58,Admission
ADM00011975,ENC00032451,H002-D09-002,2026-08-10 06:18:04,2026-08-18 11:18:04,Admission
ADM00011976,ENC00032452,H002-D07-001,2026-07-30 23:08:37,2026-08-09 02:08:37,Admission
ADM00011977,ENC00032453,H001-D06-002,2026-07-21 16:41:22,2026-07-22 19:41:22,Admission
ADM00011978,ENC00032454,H001-D07-002,2026-07-22 02:37:05,2026-07-28 08:37:05,Admission
ADM00011979,ENC00032455,H001-D06-002,2026-08-15 06:55:39,2026-08-16 13:53:12,Admission
ADM00011979,ENC00032455,H001-D06-003,2026-08-16 13:53:12,2026-08-19 16:55:39,Transfer
ADM00011980,ENC00032456,H003-D03-002,2026-07-20 18:30:50,2026-07-25 19:30:50,Admission
ADM00011981,ENC00032457,H003-D09-001,2026-07-25 14:07:17,2026-07-25 23:37:29,Admission
ADM00011981,ENC00032457,H003-D09-001,2026-07-25 23:37:29,2026-07-26 22:07:17,Transfer
ADM00011982,ENC00032458,H002-D01-003,2026-07-27 05:58:46,2026-08-03 08:58:46,Admission
ADM00011983,ENC00032459,H003-D04-001,2026-08-20 03:55:33,2026-08-20 22:22:01,Admission
ADM00011983,ENC00032459,H003-D04-001,2026-08-20 22:22:01,2026-08-21 04:04:13,Transfer
ADM00011983,ENC00032459,H003-D04-001,2026-08-21 04:04:13,2026-08-23 14:55:33,Transfer
ADM00011984,ENC00032460,H002-D01-003,2026-07-04 17:27:45,2026-07-08 20:27:45,Admission
ADM00011985,ENC00032461,H002-D08-003,2026-07-05 21:12:46,2026-07-10 08:12:46,Admission
ADM00011986,ENC00032462,H002-D04-001,2026-07-13 03:54:50,2026-07-15 13:39:21,Admission
ADM00011986,ENC00032462,H002-D04-003,2026-07-15 13:39:21,2026-07-20 06:54:50,Transfer
ADM00011987,ENC00032463,H002-D03-001,2026-07-04 18:57:29,2026-07-06 18:57:29,Admission
ADM00011988,ENC00032464,H002-D05-002,2026-07-28 12:07:16,2026-07-29 08:59:49,Admission
ADM00011988,ENC00032464,H002-D05-003,2026-07-29 08:59:49,2026-08-01 23:07:16,Transfer
ADM00011989,ENC00032465,H001-D05-003,2026-07-25 23:51:22,2026-07-31 06:51:22,Admission
ADM00011990,ENC00032466,H003-D07-001,2026-08-16 02:39:03,2026-08-16 14:41:28,Admission
ADM00011990,ENC00032466,H003-D07-001,2026-08-16 14:41:28,2026-08-20 11:39:03,Transfer
ADM00011991,ENC00032467,H004-D03-004,2026-08-03 15:52:58,2026-08-06 21:52:58,Admission
ADM00011992,ENC00032468,H002-D03-003,2026-08-02 16:38:30,2026-08-05 18:38:30,Admission
ADM00011993,ENC00032469,H001-D04-002,2026-08-02 16:01:10,2026-08-16 16:01:10,Admission
ADM00011994,ENC00032470,H001-D10-003,2025-10-06 08:50:01,2025-10-10 17:50:01,Admission
ADM00011995,ENC00032471,H002-D04-002,2026-07-31 10:33:46,2026-08-13 13:33:46,Admission
ADM00011996,ENC00032472,H002-D08-003,2026-08-18 06:29:57,2026-08-19 03:57:28,Admission
ADM00011996,ENC00032472,H002-D08-001,2026-08-19 03:57:28,2026-08-23 15:29:57,Transfer
ADM00011997,ENC00032473,H002-D10-002,2026-08-01 05:25:34,2026-08-09 05:25:34,Admission
ADM00011998,ENC00032474,H002-D01-001,2026-08-13 22:48:02,2026-08-15 13:26:26,Admission
ADM00011998,ENC00032474,H002-D01-002,2026-08-15 13:26:26,2026-08-22 03:48:02,Transfer
ADM00011999,ENC00032475,H003-D05-001,2026-08-16 11:35:07,2026-08-25 21:35:07,Admission
ADM00012000,ENC00032476,H001-D08-002,2026-07-24 20:23:27,2026-07-27 22:23:27,Admission
ADM00012001,ENC00032477,H003-D09-001,2026-08-27 12:20:35,2026-09-01 15:20:35,Admission
ADM00012002,ENC00032478,H004-D03-004,2026-08-06 23:08:11,2026-08-08 09:58:10,Admission
ADM00012002,ENC00032478,H004-D03-005,2026-08-08 09:58:10,2026-08-12 09:08:11,Transfer
ADM00012003,ENC00032479,H003-D03-002,2026-08-03 05:45:48,2026-08-07 05:45:48,Admission
ADM00012004,ENC00032480,H002-D02-003,2026-07-06 09:05:05,2026-07-08 10:05:05,Admission
ADM00012005,ENC00032481,H003-D06-001,2026-07-14 10:10:48,2026-07-20 17:10:48,Admission
ADM00012006,ENC00032482,H001-D07-001,2026-07-15 14:45:31,2026-07-17 13:54:37,Admission
ADM00012006,ENC00032482,H001-D07-004,2026-07-17 13:54:37,2026-07-22 20:45:31,Transfer
ADM00012007,ENC00032483,H002-D03-002,2026-07-06 23:21:39,2026-07-08 01:08:15,Admission
ADM00012007,ENC00032483,H002-D03-001,2026-07-08 01:08:15,2026-07-11 02:21:39,Transfer
ADM00012008,ENC00032484,H002-D03-002,2026-07-10 07:59:09,2026-07-25 15:59:09,Admission
ADM00012009,ENC00032485,H002-D03-001,2026-07-03 08:20:57,2026-07-11 17:20:57,Admission
ADM00012010,ENC00032486,H001-D01-003,2026-07-07 11:07:12,2026-07-10 08:10:19,Admission
ADM00012010,ENC00032486,H001-D01-005,2026-07-10 08:10:19,2026-07-12 05:11:05,Transfer
ADM00012010,ENC00032486,H001-D01-004,2026-07-12 05:11:05,2026-07-28 13:07:12,Transfer
ADM00012011,ENC00032487,H002-D02-003,2026-08-23 19:28:47,2026-08-25 23:26:17,Admission
ADM00012011,ENC00032487,H002-D02-003,2026-08-25 23:26:17,2026-08-31 19:28:47,Transfer
ADM00012012,ENC00032488,H003-D04-001,2026-08-07 09:28:15,2026-08-09 08:01:53,Admission
ADM00012012,ENC00032488,H003-D04-001,2026-08-09 08:01:53,2026-08-14 15:28:15,Transfer
ADM00012014,ENC00032490,H001-D03-003,2026-08-07 01:02:30,2026-08-09 06:02:30,Admission
ADM00012015,ENC00032491,H001-D03-001,2026-08-24 17:42:07,2026-08-28 03:42:07,Admission
ADM00012016,ENC00032492,H002-D07-002,2026-07-21 11:53:30,2026-08-01 21:53:30,Admission
ADM00012017,ENC00032493,H002-D07-003,2026-08-10 05:56:12,2026-08-13 06:56:12,Admission
ADM00012018,ENC00032494,H001-D05-003,2026-08-29 13:24:26,2026-09-01 14:24:26,Admission
ADM00012019,ENC00032495,H003-D06-002,2026-08-09 16:20:03,2026-08-13 20:20:03,Admission
ADM00012021,ENC00032497,H003-D01-001,2026-07-19 19:36:42,2026-07-24 02:36:42,Admission
ADM00012022,ENC00032498,H003-D07-002,2026-07-29 08:55:27,2026-08-16 13:55:27,Admission
ADM00012023,ENC00032499,H001-D10-002,2026-07-31 19:15:57,2026-08-01 08:10:45,Admission
ADM00012023,ENC00032499,H001-D10-003,2026-08-01 08:10:45,2026-08-04 01:15:57,Transfer
ADM00012024,ENC00032500,H001-D07-004,2026-08-30 07:57:04,2026-08-31 10:08:11,Admission
ADM00012024,ENC00032500,H001-D07-003,2026-08-31 10:08:11,2026-09-06 11:57:04,Transfer
ADM00012025,ENC00032501,H002-D09-001,2026-07-04 10:13:20,2026-07-07 13:13:20,Admission
ADM00012026,ENC00032502,H001-D05-003,2026-07-04 15:46:20,2026-07-08 01:46:20,Admission
ADM00012027,ENC00032503,H002-D05-002,2026-08-04 23:46:30,2026-08-21 00:46:30,Admission
ADM00012028,ENC00032504,H004-D03-005,2026-07-19 18:09:24,2026-07-26 22:09:24,Admission
ADM00012029,ENC00032505,H002-D02-003,2026-07-23 01:37:38,2026-08-06 09:37:38,Admission
ADM00012030,ENC00032506,H003-D09-001,2026-07-08 03:30:12,2026-07-30 04:30:12,Admission
ADM00012031,ENC00032507,H003-D10-001,2026-08-15 05:46:03,2026-08-22 16:46:03,Admission
ADM00012032,ENC00032508,H003-D02-002,2026-08-09 02:51:59,2026-08-11 11:51:59,Admission
ADM00012033,ENC00032509,H004-D03-005,2026-07-17 08:35:49,2026-07-17 21:42:12,Admission
ADM00012033,ENC00032509,H004-D03-006,2026-07-17 21:42:12,2026-07-19 09:35:49,Transfer
ADM00012035,ENC00032511,H001-D01-003,2026-08-12 17:36:38,2026-08-22 20:36:38,Admission
ADM00012037,ENC00032513,H002-D10-003,2026-08-16 20:18:15,2026-08-18 01:34:02,Admission
ADM00012037,ENC00032513,H002-D10-003,2026-08-18 01:34:02,2026-08-24 02:18:15,Transfer
ADM00012038,ENC00032514,H001-D06-002,2026-07-16 11:21:06,2026-07-21 06:04:58,Admission
ADM00012038,ENC00032514,H001-D06-001,2026-07-21 06:04:58,2026-08-11 12:21:06,Transfer
ADM00012039,ENC00032515,H004-D10-001,2026-07-20 17:58:01,2026-07-21 19:50:16,Admission
ADM00012039,ENC00032515,H004-D10-001,2026-07-21 19:50:16,2026-07-24 19:58:01,Transfer
ADM00012040,ENC00032516,H002-D02-001,2026-07-20 01:46:49,2026-07-23 09:46:49,Admission
ADM00012041,ENC00032517,H002-D09-002,2026-07-23 05:06:43,2026-07-29 16:06:43,Admission
ADM00012042,ENC00032518,H001-D09-004,2026-07-31 04:43:48,2026-08-02 08:43:48,Admission
ADM00012043,ENC00032519,H004-D10-006,2026-07-21 15:11:31,2026-07-25 18:11:31,Admission
ADM00012044,ENC00032520,H001-D08-003,2026-08-19 19:10:39,2026-08-23 22:10:39,Admission
ADM00012045,ENC00032521,H001-D06-003,2026-08-27 06:58:37,2026-09-08 12:58:37,Admission
ADM00012046,ENC00032522,H001-D09-004,2026-08-09 06:52:27,2026-08-10 15:52:27,Admission
ADM00012047,ENC00032523,H002-D04-001,2026-07-09 08:32:33,2026-07-11 17:32:33,Admission
ADM00012048,ENC00032524,H003-D08-001,2026-08-27 01:46:36,2026-08-31 10:46:36,Admission
ADM00012049,ENC00032525,H001-D08-002,2026-07-08 12:11:31,2026-07-11 13:11:31,Admission
ADM00012050,ENC00032526,H003-D07-002,2026-07-03 20:53:30,2026-07-05 21:53:30,Admission
ADM00012051,ENC00032527,H003-D03-002,2026-08-11 19:44:00,2026-08-17 03:44:00,Admission
ADM00012053,ENC00032529,H002-D01-001,2026-08-09 05:06:13,2026-08-12 08:06:13,Admission
ADM00012054,ENC00032530,H001-D02-003,2026-08-26 13:24:46,2026-09-06 15:24:46,Admission
ADM00012055,ENC00032531,H001-D07-003,2026-07-13 20:20:31,2026-07-15 04:20:31,Admission
ADM00012056,ENC00032532,H001-D04-003,2026-07-22 02:25:04,2026-07-25 11:25:04,Admission
ADM00012058,ENC00032534,H002-D06-002,2026-08-10 01:57:18,2026-08-11 08:05:08,Admission
ADM00012058,ENC00032534,H002-D06-001,2026-08-11 08:05:08,2026-08-18 10:57:18,Transfer
ADM00012059,ENC00032535,H003-D05-002,2026-07-21 23:35:19,2026-07-22 05:08:13,Admission
ADM00012059,ENC00032535,H003-D05-002,2026-07-22 05:08:13,2026-07-22 21:41:01,Transfer
ADM00012059,ENC00032535,H003-D05-001,2026-07-22 21:41:01,2026-07-25 05:35:19,Transfer
ADM00012060,ENC00032536,H003-D04-002,2026-08-22 11:29:11,2026-08-24 21:29:11,Admission
ADM00012061,ENC00032537,H003-D08-002,2026-08-28 02:59:08,2026-09-02 08:59:08,Admission
ADM00012062,ENC00032538,H004-D03-002,2026-08-28 14:55:23,2026-08-30 15:55:23,Admission
ADM00012063,ENC00032539,H001-D07-002,2026-08-02 05:13:42,2026-08-02 15:58:13,Admission
ADM00012063,ENC00032539,H001-D07-003,2026-08-02 15:58:13,2026-08-04 15:13:42,Transfer
ADM00012065,ENC00032541,H003-D04-001,2026-07-25 11:42:14,2026-07-28 20:42:14,Admission
ADM00012066,ENC00032542,H001-D02-004,2026-07-15 15:11:26,2026-07-19 05:03:47,Admission
ADM00012066,ENC00032542,H001-D02-002,2026-07-19 05:03:47,2026-07-25 23:11:26,Transfer
ADM00012067,ENC00032543,H002-D09-003,2026-07-27 21:36:14,2026-07-29 01:45:16,Admission
ADM00012067,ENC00032543,H002-D09-003,2026-07-29 01:45:16,2026-07-30 03:01:52,Transfer
ADM00012067,ENC00032543,H002-D09-002,2026-07-30 03:01:52,2026-08-02 01:36:14,Transfer
ADM00012068,ENC00032544,H003-D06-001,2026-08-21 12:57:24,2026-08-22 15:25:50,Admission
ADM00012068,ENC00032544,H003-D06-002,2026-08-22 15:25:50,2026-08-24 17:57:24,Transfer
ADM00012069,ENC00032545,H002-D09-001,2026-07-10 19:49:03,2026-07-12 12:54:22,Admission
ADM00012069,ENC00032545,H002-D09-003,2026-07-12 12:54:22,2026-07-18 20:49:03,Transfer
ADM00012070,ENC00032546,H004-D10-005,2026-07-04 07:41:57,2026-07-13 17:41:57,Admission
ADM00012071,ENC00032547,H001-D04-004,2026-07-11 05:14:16,2026-07-14 06:14:16,Admission
ADM00012072,ENC00032548,H003-D09-001,2026-08-10 05:03:55,2026-08-18 06:03:55,Admission
ADM00012073,ENC00032549,H004-D10-006,2026-08-27 19:41:32,2026-09-10 20:41:32,Admission
ADM00012074,ENC00032550,H003-D09-001,2026-07-27 10:47:42,2026-08-04 21:47:42,Admission
ADM00012075,ENC00032551,H003-D08-002,2026-08-14 10:23:26,2026-08-16 10:23:26,Admission
ADM00012076,ENC00032552,H003-D03-001,2026-07-10 15:19:38,2026-07-14 19:19:38,Admission
ADM00012077,ENC00032553,H002-D06-003,2026-08-12 23:08:23,2026-08-23 10:08:23,Admission
ADM00012079,ENC00032555,H001-D10-004,2026-07-09 21:05:57,2026-07-12 23:05:57,Admission
ADM00012081,ENC00032557,H002-D01-003,2026-07-29 07:11:18,2026-07-31 09:11:18,Admission
ADM00012082,ENC00032558,H001-D02-003,2026-08-24 03:53:14,2026-08-26 08:53:14,Admission
ADM00012083,ENC00032559,H001-D01-004,2026-08-23 17:51:57,2026-08-24 22:23:58,Admission
ADM00012083,ENC00032559,H001-D01-001,2026-08-24 22:23:58,2026-08-30 19:51:57,Transfer
ADM00012084,ENC00032560,H001-D01-004,2026-07-03 01:24:41,2026-07-12 06:24:41,Admission
ADM00012085,ENC00032561,H003-D02-002,2026-07-19 14:58:26,2026-07-23 18:58:26,Admission
ADM00012086,ENC00032562,H002-D03-001,2026-07-12 21:28:36,2026-07-18 23:28:36,Admission
ADM00012088,ENC00032564,H002-D03-003,2026-08-06 13:24:49,2026-08-08 09:03:43,Admission
ADM00012088,ENC00032564,H002-D03-002,2026-08-08 09:03:43,2026-08-11 22:24:49,Transfer
ADM00012090,ENC00032566,H001-D01-001,2026-07-06 18:38:06,2026-07-07 04:17:25,Admission
ADM00012090,ENC00032566,H001-D01-004,2026-07-07 04:17:25,2026-07-08 23:38:06,Transfer
ADM00012091,ENC00032567,H002-D07-002,2026-07-22 14:04:48,2026-07-27 19:04:48,Admission
ADM00012092,ENC00032568,H003-D04-001,2026-08-10 07:12:49,2026-08-12 09:12:49,Admission
ADM00012093,ENC00032569,H002-D04-001,2026-08-06 22:36:56,2026-08-09 05:36:56,Admission
ADM00012096,ENC00032572,H003-D10-001,2026-08-12 03:15:09,2026-08-14 10:21:20,Admission
ADM00012096,ENC00032572,H003-D10-001,2026-08-14 10:21:20,2026-08-24 11:15:09,Transfer
ADM00012097,ENC00032573,H002-D05-003,2026-07-14 07:30:45,2026-07-28 11:30:45,Admission
ADM00012098,ENC00032574,H003-D09-001,2026-07-18 22:38:17,2026-07-19 07:16:36,Admission
ADM00012098,ENC00032574,H003-D09-001,2026-07-19 07:16:36,2026-07-21 00:38:17,Transfer
ADM00012099,ENC00032575,H003-D06-001,2026-08-19 20:46:26,2026-08-30 07:46:26,Admission
ADM00012100,ENC00032576,H003-D07-001,2026-07-19 09:18:02,2026-07-25 19:18:02,Admission
ADM00012101,ENC00032577,H003-D08-001,2025-09-28 07:10:51,2025-10-08 07:10:51,Admission
ADM00012102,ENC00032578,H002-D08-003,2026-07-16 08:36:08,2026-07-30 13:36:08,Admission
ADM00012104,ENC00032580,H001-D10-003,2026-07-04 18:42:13,2026-07-05 12:04:20,Admission
ADM00012104,ENC00032580,H001-D10-002,2026-07-05 12:04:20,2026-07-08 01:42:13,Transfer
ADM00012105,ENC00032581,H001-D05-001,2026-08-28 16:08:08,2026-09-07 02:08:08,Admission
ADM00012107,ENC00032583,H001-D08-001,2026-08-03 22:27:13,2026-08-08 00:27:13,Admission
ADM00012108,ENC00032584,H001-D08-001,2026-05-16 09:26:06,2026-05-19 14:26:06,Admission
ADM00012109,ENC00032585,H001-D06-001,2026-08-06 12:04:58,2026-08-21 21:04:58,Admission
ADM00012110,ENC00032586,H003-D03-002,2026-07-22 19:18:04,2026-07-27 22:18:04,Admission
ADM00012111,ENC00032587,H003-D08-002,2026-08-02 23:04:15,2026-08-08 00:04:15,Admission
ADM00012112,ENC00032588,H002-D01-002,2026-08-25 13:49:53,2026-08-25 23:22:10,Admission
ADM00012112,ENC00032588,H002-D01-002,2026-08-25 23:22:10,2026-08-26 08:53:55,Transfer
ADM00012112,ENC00032588,H002-D01-003,2026-08-26 08:53:55,2026-08-28 21:49:53,Transfer
ADM00012113,ENC00032589,H003-D05-001,2026-08-02 08:26:43,2026-08-08 12:26:43,Admission
ADM00012114,ENC00032590,H001-D01-002,2026-07-27 13:30:27,2026-08-04 21:30:27,Admission
ADM00012115,ENC00032591,H002-D04-003,2026-08-25 20:58:57,2026-08-26 10:37:29,Admission
ADM00012115,ENC00032591,H002-D04-002,2026-08-26 10:37:29,2026-08-26 21:19:22,Transfer
ADM00012115,ENC00032591,H002-D04-001,2026-08-26 21:19:22,2026-08-29 23:58:57,Transfer
ADM00012116,ENC00032592,H001-D05-004,2026-08-20 14:49:57,2026-08-21 22:16:49,Admission
ADM00012116,ENC00032592,H001-D05-003,2026-08-21 22:16:49,2026-08-25 17:49:57,Transfer
ADM00012118,ENC00032594,H002-D08-003,2026-07-20 20:54:23,2026-07-22 01:56:16,Admission
ADM00012118,ENC00032594,H002-D08-001,2026-07-22 01:56:16,2026-07-24 21:54:23,Transfer
ADM00012119,ENC00032595,H002-D10-003,2026-07-20 03:05:50,2026-07-25 12:05:50,Admission
ADM00012120,ENC00032596,H002-D09-001,2026-08-01 03:02:02,2026-08-13 05:02:02,Admission
ADM00012121,ENC00032597,H001-D05-004,2026-07-20 02:06:55,2026-07-20 07:31:10,Admission
ADM00012121,ENC00032597,H001-D05-001,2026-07-20 07:31:10,2026-07-20 13:15:20,Transfer
ADM00012121,ENC00032597,H001-D05-001,2026-07-20 13:15:20,2026-07-22 09:06:55,Transfer
ADM00012122,ENC00032598,H002-D01-002,2026-07-17 05:54:46,2026-08-01 09:54:46,Admission
ADM00012123,ENC00032599,H002-D01-002,2026-07-17 09:57:54,2026-07-28 20:57:54,Admission
ADM00012124,ENC00032600,H001-D04-002,2026-08-24 19:51:54,2026-09-01 20:51:54,Admission
ADM00012125,ENC00032601,H001-D04-004,2026-07-27 18:50:59,2026-07-29 10:01:49,Admission
ADM00012125,ENC00032601,H001-D04-001,2026-07-29 10:01:49,2026-08-02 05:50:59,Transfer
ADM00012126,ENC00032602,H004-D10-003,2026-08-15 03:45:19,2026-08-20 09:45:19,Admission
ADM00012127,ENC00032603,H003-D06-001,2026-08-04 22:04:03,2026-08-06 22:04:03,Admission
ADM00012128,ENC00032604,H001-D03-001,2026-07-04 16:53:29,2026-07-07 01:53:29,Admission
ADM00012129,ENC00032605,H001-D02-002,2026-08-24 10:45:04,2026-08-24 19:28:38,Admission
ADM00012129,ENC00032605,H001-D02-001,2026-08-24 19:28:38,2026-08-27 11:45:04,Transfer
ADM00012130,ENC00032606,H001-D10-003,2026-07-18 05:23:29,2026-07-21 14:23:29,Admission
ADM00012131,ENC00032607,H001-D08-002,2026-08-30 02:05:48,2026-09-22 05:05:48,Admission
ADM00012132,ENC00032608,H001-D03-004,2026-08-11 00:34:07,2026-08-12 04:34:07,Admission
ADM00012133,ENC00032609,H003-D01-002,2026-08-24 04:44:51,2026-09-03 12:44:51,Admission
ADM00012134,ENC00032610,H003-D04-001,2026-08-31 10:37:57,2026-08-31 20:35:09,Admission
ADM00012134,ENC00032610,H003-D04-002,2026-08-31 20:35:09,2026-09-04 12:37:57,Transfer
ADM00012135,ENC00032611,H002-D03-002,2026-08-13 20:40:04,2026-08-16 01:40:04,Admission
ADM00012136,ENC00032612,H002-D03-001,2026-08-01 03:02:50,2026-08-18 14:02:50,Admission
ADM00012137,ENC00032613,H002-D03-002,2026-07-14 06:16:12,2026-07-29 12:16:12,Admission
ADM00012138,ENC00032614,H002-D07-002,2026-07-24 05:53:35,2026-07-29 14:53:35,Admission
ADM00012139,ENC00032615,H002-D05-002,2026-07-20 14:56:15,2026-07-21 13:50:49,Admission
ADM00012139,ENC00032615,H002-D05-001,2026-07-21 13:50:49,2026-07-27 01:56:15,Transfer
ADM00012140,ENC00032616,H003-D05-001,2026-08-11 20:37:09,2026-08-14 00:32:44,Admission
ADM00012140,ENC00032616,H003-D05-001,2026-08-14 00:32:44,2026-08-21 07:37:09,Transfer
ADM00012141,ENC00032617,H002-D09-002,2026-07-07 20:33:16,2026-07-13 23:33:16,Admission
ADM00012142,ENC00032618,H004-D03-003,2026-08-10 18:21:45,2026-08-16 02:21:45,Admission
ADM00012143,ENC00032619,H003-D01-001,2026-07-05 23:58:00,2026-07-07 07:53:50,Admission
ADM00012143,ENC00032619,H003-D01-002,2026-07-07 07:53:50,2026-07-10 10:58:00,Transfer
ADM00012144,ENC00032620,H001-D08-001,2026-07-12 20:51:35,2026-07-14 15:55:12,Admission
ADM00012144,ENC00032620,H001-D08-001,2026-07-14 15:55:12,2026-07-18 00:51:35,Transfer
ADM00012145,ENC00032621,H001-D10-003,2026-08-18 04:59:56,2026-08-18 20:25:16,Admission
ADM00012145,ENC00032621,H001-D10-002,2026-08-18 20:25:16,2026-08-20 07:59:56,Transfer
ADM00012146,ENC00032622,H002-D05-001,2025-11-04 17:37:02,2025-11-08 00:37:02,Admission
ADM00012147,ENC00032623,H003-D06-002,2026-07-16 02:56:06,2026-07-23 03:56:06,Admission
ADM00012148,ENC00032624,H001-D08-003,2026-08-12 13:59:38,2026-08-22 22:59:38,Admission
ADM00012149,ENC00032625,H004-D03-004,2026-07-30 15:31:43,2026-08-01 17:31:43,Admission
ADM00012150,ENC00032626,H003-D02-002,2026-07-28 04:06:17,2026-08-14 09:06:17,Admission
ADM00012151,ENC00032627,H002-D08-002,2026-08-10 01:37:14,2026-08-13 04:37:14,Admission
ADM00012152,ENC00032628,H002-D06-001,2026-08-05 05:13:00,2026-08-17 08:13:00,Admission
ADM00012153,ENC00032629,H001-D06-004,2026-08-31 22:21:45,2026-09-09 00:21:45,Admission
ADM00012154,ENC00032630,H002-D03-001,2026-08-23 02:57:55,2026-09-04 14:20:06,Admission
ADM00012154,ENC00032630,H002-D03-003,2026-09-04 14:20:06,2026-09-29 11:57:55,Transfer
ADM00012155,ENC00032631,H003-D05-001,2026-08-20 15:24:37,2026-08-22 02:24:37,Admission
ADM00012156,ENC00032632,H002-D06-003,2025-08-22 14:00:07,2025-08-23 20:05:25,Admission
ADM00012156,ENC00032632,H002-D06-001,2025-08-23 20:05:25,2025-08-29 21:00:07,Transfer
ADM00012157,ENC00032633,H002-D10-002,2026-07-26 08:23:46,2026-08-05 12:23:46,Admission
ADM00012158,ENC00032634,H001-D02-002,2026-07-06 19:09:16,2026-07-09 04:09:16,Admission
ADM00012159,ENC00032635,H001-D03-004,2025-07-12 19:53:08,2025-07-13 23:14:17,Admission
ADM00012159,ENC00032635,H001-D03-003,2025-07-13 23:14:17,2025-07-22 22:53:08,Transfer
ADM00012160,ENC00032636,H003-D04-001,2026-07-30 07:11:32,2026-08-02 19:24:16,Admission
ADM00012160,ENC00032636,H003-D04-001,2026-08-02 19:24:16,2026-08-13 11:11:32,Transfer
ADM00012162,ENC00032638,H001-D02-004,2026-07-31 23:29:41,2026-08-03 23:54:36,Admission
ADM00012162,ENC00032638,H001-D02-004,2026-08-03 23:54:36,2026-08-11 07:29:41,Transfer
ADM00012163,ENC00032639,H002-D01-002,2026-07-09 20:04:45,2026-07-14 20:04:45,Admission
ADM00012164,ENC00032640,H003-D10-001,2026-07-18 21:10:46,2026-07-22 18:47:04,Admission
ADM00012164,ENC00032640,H003-D10-001,2026-07-22 18:47:04,2026-07-25 12:23:28,Transfer
ADM00012164,ENC00032640,H003-D10-001,2026-07-25 12:23:28,2026-08-12 22:10:46,Transfer
ADM00012165,ENC00032641,H003-D08-002,2026-07-27 14:50:31,2026-07-28 12:15:27,Admission
ADM00012165,ENC00032641,H003-D08-002,2026-07-28 12:15:27,2026-07-29 11:08:18,Transfer
ADM00012165,ENC00032641,H003-D08-002,2026-07-29 11:08:18,2026-08-01 20:50:31,Transfer
ADM00012166,ENC00032642,H003-D05-001,2026-08-16 15:57:55,2026-08-22 18:57:55,Admission
ADM00012167,ENC00032643,H003-D03-001,2026-07-19 02:28:46,2026-07-21 03:28:46,Admission
ADM00012169,ENC00032645,H001-D02-002,2026-07-20 00:11:47,2026-07-24 00:11:47,Admission
ADM00012170,ENC00032646,H001-D02-003,2026-07-06 06:33:44,2026-07-11 07:33:44,Admission
ADM00012171,ENC00032647,H002-D03-001,2026-08-07 20:14:26,2026-08-12 23:14:26,Admission
ADM00012172,ENC00032648,H001-D06-003,2026-08-20 11:00:13,2026-08-21 06:32:03,Admission
ADM00012172,ENC00032648,H001-D06-003,2026-08-21 06:32:03,2026-08-26 12:00:13,Transfer
ADM00012173,ENC00032649,H002-D09-003,2026-08-09 20:54:12,2026-08-16 22:54:12,Admission
ADM00012174,ENC00032650,H003-D03-002,2025-10-10 19:17:44,2025-10-15 02:17:44,Admission
ADM00012175,ENC00032651,H002-D01-002,2026-08-20 10:33:18,2026-08-21 08:12:49,Admission
ADM00012175,ENC00032651,H002-D01-003,2026-08-21 08:12:49,2026-08-22 23:17:19,Transfer
ADM00012175,ENC00032651,H002-D01-001,2026-08-22 23:17:19,2026-08-30 19:33:18,Transfer
ADM00012176,ENC00032652,H002-D06-002,2026-08-10 16:49:27,2026-08-15 21:49:27,Admission
ADM00012177,ENC00032653,H002-D03-002,2026-08-19 10:01:29,2026-08-29 14:01:29,Admission
ADM00012178,ENC00032654,H003-D07-002,2026-08-10 11:57:41,2026-08-18 18:57:41,Admission
ADM00012179,ENC00032655,H003-D02-001,2026-08-21 15:24:34,2026-08-22 10:16:43,Admission
ADM00012179,ENC00032655,H003-D02-001,2026-08-22 10:16:43,2026-08-23 22:24:34,Transfer
ADM00012181,ENC00032657,H001-D01-005,2026-08-10 12:17:31,2026-08-11 01:48:06,Admission
ADM00012181,ENC00032657,H001-D01-003,2026-08-11 01:48:06,2026-08-15 12:17:31,Transfer
ADM00012182,ENC00032658,H003-D06-002,2026-07-31 18:06:44,2026-08-06 04:06:44,Admission
ADM00012183,ENC00032659,H001-D06-004,2026-07-10 10:39:19,2026-07-12 21:39:19,Admission
ADM00012184,ENC00032660,H003-D01-001,2026-07-31 19:38:28,2026-08-07 21:38:28,Admission
ADM00012185,ENC00032661,H002-D09-001,2026-08-16 21:19:01,2026-08-17 17:14:59,Admission
ADM00012185,ENC00032661,H002-D09-003,2026-08-17 17:14:59,2026-08-22 06:19:01,Transfer
ADM00012186,ENC00032662,H002-D05-002,2026-07-26 22:29:22,2026-07-29 23:29:22,Admission
ADM00012187,ENC00032663,H001-D06-002,2026-07-29 22:51:55,2026-08-02 09:51:55,Admission
ADM00012188,ENC00032664,H001-D10-003,2026-08-16 23:35:48,2026-08-17 15:17:04,Admission
ADM00012188,ENC00032664,H001-D10-002,2026-08-17 15:17:04,2026-08-20 01:35:48,Transfer
ADM00012189,ENC00032665,H001-D04-002,2026-08-15 16:54:02,2026-08-16 07:11:31,Admission
ADM00012189,ENC00032665,H001-D04-003,2026-08-16 07:11:31,2026-08-17 17:54:02,Transfer
ADM00012190,ENC00032666,H002-D03-002,2026-08-20 00:58:32,2026-08-23 01:58:32,Admission
ADM00012191,ENC00032667,H001-D02-002,2026-07-11 11:18:38,2026-07-17 14:18:38,Admission
ADM00012192,ENC00032668,H002-D08-002,2026-08-26 23:03:56,2026-09-01 04:03:56,Admission
ADM00012194,ENC00032670,H003-D01-002,2026-07-08 20:04:42,2026-07-18 20:04:42,Admission
ADM00012195,ENC00032671,H001-D10-001,2026-08-18 11:55:51,2026-08-20 15:55:51,Admission
ADM00012196,ENC00032672,H003-D02-001,2025-10-31 22:29:15,2025-11-06 00:29:15,Admission
ADM00012197,ENC00032673,H004-D10-004,2026-08-08 04:18:14,2026-08-09 10:05:53,Admission
ADM00012197,ENC00032673,H004-D10-006,2026-08-09 10:05:53,2026-08-12 14:18:14,Transfer
ADM00012198,ENC00032674,H001-D08-002,2026-08-03 21:52:33,2026-08-09 08:52:33,Admission
ADM00012199,ENC00032675,H004-D03-004,2026-08-21 04:21:20,2026-08-27 04:21:20,Admission
ADM00012200,ENC00032676,H002-D05-001,2026-07-18 16:23:15,2026-07-21 09:27:00,Admission
ADM00012200,ENC00032676,H002-D05-002,2026-07-21 09:27:00,2026-07-28 01:23:15,Transfer
ADM00012201,ENC00032677,H002-D06-002,2026-07-31 20:42:13,2026-08-02 20:23:46,Admission
ADM00012201,ENC00032677,H002-D06-001,2026-08-02 20:23:46,2026-08-13 06:42:13,Transfer
ADM00012202,ENC00032678,H001-D03-001,2026-08-01 18:26:48,2026-08-04 20:26:48,Admission
ADM00012205,ENC00032681,H002-D02-001,2026-08-01 16:04:20,2026-08-10 18:04:20,Admission
ADM00012208,ENC00032684,H001-D03-003,2026-08-30 09:56:46,2026-09-08 12:56:46,Admission
ADM00012209,ENC00032685,H001-D04-004,2026-07-15 01:23:52,2026-07-26 08:23:52,Admission
ADM00012210,ENC00032686,H003-D07-002,2026-08-15 08:14:09,2026-08-16 02:32:53,Admission
ADM00012210,ENC00032686,H003-D07-002,2026-08-16 02:32:53,2026-08-19 11:14:09,Transfer
ADM00012211,ENC00032687,H003-D03-002,2026-07-17 21:25:18,2026-07-19 07:25:18,Admission
ADM00012212,ENC00032688,H001-D04-001,2026-07-31 02:08:21,2026-08-03 04:08:21,Admission
ADM00012213,ENC00032689,H002-D04-001,2026-08-09 16:15:02,2026-08-09 23:11:15,Admission
ADM00012213,ENC00032689,H002-D04-003,2026-08-09 23:11:15,2026-08-10 04:06:25,Transfer
ADM00012213,ENC00032689,H002-D04-002,2026-08-10 04:06:25,2026-08-12 03:15:02,Transfer
ADM00012214,ENC00032690,H002-D05-002,2026-07-09 05:06:41,2026-07-13 05:06:41,Admission
ADM00012215,ENC00032691,H002-D07-002,2026-07-12 12:21:12,2026-07-13 13:47:06,Admission
ADM00012215,ENC00032691,H002-D07-003,2026-07-13 13:47:06,2026-07-18 14:21:12,Transfer
ADM00012216,ENC00032692,H001-D03-001,2026-07-07 01:36:24,2026-07-09 14:03:20,Admission
ADM00012216,ENC00032692,H001-D03-002,2026-07-09 14:03:20,2026-07-17 02:36:24,Transfer
ADM00012217,ENC00032693,H001-D05-001,2026-08-07 07:54:01,2026-08-12 12:54:01,Admission
ADM00012218,ENC00032694,H001-D03-001,2026-07-09 06:04:21,2026-07-15 13:04:21,Admission
ADM00012219,ENC00032695,H001-D01-001,2026-08-31 17:59:04,2026-09-17 04:59:04,Admission
ADM00012220,ENC00032696,H001-D05-001,2026-07-24 07:47:15,2026-07-26 02:47:03,Admission
ADM00012220,ENC00032696,H001-D05-002,2026-07-26 02:47:03,2026-07-31 12:47:15,Transfer
ADM00012221,ENC00032697,H003-D05-001,2026-07-23 12:46:20,2026-07-25 09:14:27,Admission
ADM00012221,ENC00032697,H003-D05-001,2026-07-25 09:14:27,2026-08-07 14:46:20,Transfer
ADM00012222,ENC00032698,H003-D04-001,2026-08-04 04:41:04,2026-08-13 11:41:04,Admission
ADM00012223,ENC00032699,H003-D02-001,2026-08-26 07:13:04,2026-08-28 18:13:04,Admission
ADM00012224,ENC00032700,H001-D10-003,2026-08-23 12:29:46,2026-08-25 20:09:58,Admission
ADM00012224,ENC00032700,H001-D10-004,2026-08-25 20:09:58,2026-09-02 17:29:46,Transfer
ADM00012225,ENC00032701,H002-D07-002,2026-08-23 03:21:48,2026-08-27 13:21:48,Admission
ADM00012226,ENC00032702,H002-D04-002,2026-07-24 22:59:55,2026-07-26 23:59:55,Admission
ADM00012227,ENC00032703,H002-D06-002,2026-07-27 09:01:18,2026-07-30 17:01:18,Admission
ADM00012228,ENC00032704,H002-D08-002,2026-08-19 16:42:31,2026-08-26 02:42:31,Admission
ADM00012229,ENC00032705,H002-D02-003,2026-08-21 16:40:06,2026-08-26 03:40:06,Admission
ADM00012230,ENC00032706,H002-D01-001,2026-08-23 20:23:09,2026-08-25 02:23:09,Admission
ADM00012231,ENC00032707,H003-D07-001,2026-08-06 22:02:24,2026-08-11 22:02:24,Admission
ADM00012232,ENC00032708,H004-D10-005,2026-08-01 10:04:02,2026-08-06 15:04:02,Admission
ADM00012233,ENC00032709,H003-D01-001,2026-08-01 16:50:45,2026-08-08 02:50:45,Admission
ADM00012234,ENC00032710,H003-D03-001,2026-08-28 12:28:17,2026-09-11 16:28:17,Admission
ADM00012235,ENC00032711,H002-D04-003,2026-07-13 02:51:53,2026-07-17 07:51:53,Admission
ADM00012236,ENC00032712,H001-D02-001,2026-07-06 11:01:27,2026-07-09 13:01:27,Admission
ADM00012237,ENC00032713,H003-D10-001,2026-07-04 08:30:50,2026-07-29 16:30:50,Admission
ADM00012238,ENC00032714,H003-D03-001,2026-07-23 11:16:43,2026-07-25 13:16:43,Admission
ADM00012239,ENC00032715,H002-D05-003,2026-07-08 04:47:21,2026-07-09 12:47:21,Admission
ADM00012241,ENC00032717,H001-D10-001,2026-08-23 04:56:02,2026-08-25 11:56:02,Admission
ADM00012242,ENC00032718,H003-D02-001,2026-07-28 00:11:48,2026-08-04 03:11:48,Admission
ADM00012243,ENC00032719,H004-D03-004,2026-08-10 22:41:19,2026-08-18 01:41:19,Admission
ADM00012244,ENC00032720,H001-D01-003,2026-08-31 04:45:25,2026-09-10 10:45:25,Admission
ADM00012245,ENC00032721,H001-D04-002,2026-07-16 02:40:40,2026-07-20 03:40:40,Admission
ADM00012246,ENC00032722,H003-D05-001,2026-08-22 03:18:51,2026-08-26 13:18:51,Admission
ADM00012247,ENC00032723,H002-D07-001,2026-08-24 00:52:46,2026-08-26 01:52:46,Admission
ADM00012248,ENC00032724,H003-D05-001,2026-08-24 06:47:32,2026-08-29 15:47:32,Admission
ADM00012249,ENC00032725,H003-D08-002,2026-08-12 16:30:08,2026-08-19 19:30:08,Admission
ADM00012250,ENC00032726,H001-D01-005,2026-08-22 01:21:35,2026-08-25 07:22:51,Admission
ADM00012250,ENC00032726,H001-D01-004,2026-08-25 07:22:51,2026-08-31 10:21:35,Transfer
ADM00012251,ENC00032727,H002-D02-002,2026-07-25 02:48:49,2026-08-03 03:48:49,Admission
ADM00012252,ENC00032728,H001-D09-003,2026-07-22 14:34:00,2026-07-28 19:34:00,Admission
ADM00012253,ENC00032729,H001-D01-003,2026-08-27 15:43:46,2026-08-28 01:50:34,Admission
ADM00012253,ENC00032729,H001-D01-005,2026-08-28 01:50:34,2026-08-29 21:43:46,Transfer
ADM00012254,ENC00032730,H002-D08-001,2026-08-22 19:24:54,2026-08-31 06:24:54,Admission
ADM00012255,ENC00032731,H002-D08-001,2026-07-10 07:25:26,2026-07-12 08:25:26,Admission
ADM00012256,ENC00032732,H002-D01-003,2026-08-03 18:44:45,2026-08-04 09:57:09,Admission
ADM00012256,ENC00032732,H002-D01-003,2026-08-04 09:57:09,2026-08-04 23:01:54,Transfer
ADM00012256,ENC00032732,H002-D01-003,2026-08-04 23:01:54,2026-08-08 05:44:45,Transfer
ADM00012257,ENC00032733,H001-D08-004,2026-08-27 12:43:39,2026-09-01 14:43:39,Admission
ADM00012258,ENC00032734,H004-D10-001,2026-07-27 01:45:51,2026-07-29 02:52:26,Admission
ADM00012258,ENC00032734,H004-D10-004,2026-07-29 02:52:26,2026-08-02 10:45:51,Transfer
ADM00012259,ENC00032735,H001-D03-001,2026-08-20 06:27:33,2026-08-21 06:11:02,Admission
ADM00012259,ENC00032735,H001-D03-004,2026-08-21 06:11:02,2026-08-24 07:27:33,Transfer
ADM00012260,ENC00032736,H002-D06-001,2026-07-27 12:04:33,2026-07-31 19:04:33,Admission
ADM00012261,ENC00032737,H002-D10-002,2026-08-12 02:56:52,2026-08-16 04:56:52,Admission
ADM00012262,ENC00032738,H003-D05-002,2026-08-09 16:57:43,2026-08-16 02:57:43,Admission
ADM00012264,ENC00032740,H001-D03-004,2026-07-27 17:00:15,2026-08-11 01:00:15,Admission
ADM00012266,ENC00032742,H002-D04-001,2026-07-31 22:54:10,2026-08-02 01:48:53,Admission
ADM00012266,ENC00032742,H002-D04-002,2026-08-02 01:48:53,2026-08-09 06:54:10,Transfer
ADM00012267,ENC00032743,H002-D05-002,2026-08-22 17:40:33,2026-08-28 02:40:33,Admission
ADM00012268,ENC00032744,H001-D03-002,2026-07-11 07:24:17,2026-07-13 14:24:17,Admission
ADM00012270,ENC00032746,H001-D09-004,2026-08-28 11:47:55,2026-08-29 01:21:24,Admission
ADM00012270,ENC00032746,H001-D09-002,2026-08-29 01:21:24,2026-08-31 21:47:55,Transfer
ADM00012271,ENC00032747,H003-D09-001,2026-08-31 02:08:43,2026-09-04 05:08:43,Admission
ADM00012272,ENC00032748,H001-D03-003,2026-08-21 10:48:42,2026-08-29 14:48:42,Admission
ADM00012273,ENC00032749,H002-D04-002,2026-08-04 00:25:14,2026-08-07 11:25:14,Admission
ADM00012274,ENC00032750,H001-D05-001,2026-08-22 20:39:21,2026-08-29 03:39:21,Admission
ADM00012276,ENC00032752,H001-D01-002,2026-07-21 13:14:34,2026-07-22 12:00:54,Admission
ADM00012276,ENC00032752,H001-D01-001,2026-07-22 12:00:54,2026-07-24 14:14:34,Transfer
ADM00012277,ENC00032753,H002-D10-002,2026-07-25 16:13:39,2026-07-26 22:40:52,Admission
ADM00012277,ENC00032753,H002-D10-001,2026-07-26 22:40:52,2026-07-31 03:13:39,Transfer
ADM00012278,ENC00032754,H003-D07-002,2026-08-08 03:15:58,2026-08-09 04:01:54,Admission
ADM00012278,ENC00032754,H003-D07-002,2026-08-09 04:01:54,2026-08-15 05:15:58,Transfer
ADM00012279,ENC00032755,H001-D03-004,2026-08-21 06:02:03,2026-08-23 10:02:03,Admission
ADM00012280,ENC00032756,H003-D02-002,2026-08-11 08:40:11,2026-08-27 08:40:11,Admission
ADM00012282,ENC00032758,H004-D03-005,2026-08-24 01:09:41,2026-09-06 07:09:41,Admission
ADM00012283,ENC00032759,H001-D04-001,2026-08-02 08:38:45,2026-08-04 03:43:35,Admission
ADM00012283,ENC00032759,H001-D04-003,2026-08-04 03:43:35,2026-08-11 10:38:45,Transfer
ADM00012284,ENC00032760,H001-D01-003,2026-07-22 20:33:06,2026-07-28 07:33:06,Admission
ADM00012285,ENC00032761,H003-D04-002,2026-07-08 14:59:26,2026-07-09 02:23:06,Admission
ADM00012285,ENC00032761,H003-D04-001,2026-07-09 02:23:06,2026-07-13 01:59:26,Transfer
ADM00012286,ENC00032762,H003-D06-001,2026-07-16 20:14:44,2026-07-23 06:14:44,Admission
ADM00012287,ENC00032763,H003-D10-001,2026-07-18 15:43:10,2026-07-27 22:43:10,Admission
ADM00012288,ENC00032764,H001-D02-001,2026-07-28 09:37:52,2026-08-05 13:37:52,Admission
ADM00012289,ENC00032765,H003-D09-001,2026-08-01 05:26:22,2026-08-05 08:26:22,Admission
ADM00012291,ENC00032767,H003-D06-002,2026-07-22 20:47:58,2026-07-27 22:47:58,Admission
ADM00012292,ENC00032768,H001-D07-001,2026-01-27 12:27:17,2026-02-01 23:27:17,Admission
ADM00012293,ENC00032769,H001-D09-004,2026-07-06 10:54:22,2026-07-09 18:54:22,Admission
ADM00012295,ENC00032771,H001-D05-002,2025-05-30 13:53:14,2025-06-06 20:53:14,Admission
ADM00012296,ENC00032772,H001-D01-003,2026-07-23 10:34:14,2026-08-01 19:34:14,Admission
ADM00012297,ENC00032773,H003-D03-002,2026-07-16 09:32:54,2026-07-17 00:28:18,Admission
ADM00012297,ENC00032773,H003-D03-001,2026-07-17 00:28:18,2026-07-17 19:07:14,Transfer
ADM00012297,ENC00032773,H003-D03-002,2026-07-17 19:07:14,2026-07-20 16:32:54,Transfer
ADM00012298,ENC00032774,H002-D05-001,2026-08-27 17:13:29,2026-08-28 06:08:52,Admission
ADM00012298,ENC00032774,H002-D05-002,2026-08-28 06:08:52,2026-08-28 14:56:35,Transfer
ADM00012298,ENC00032774,H002-D05-002,2026-08-28 14:56:35,2026-08-30 22:13:29,Transfer
ADM00012299,ENC00032775,H002-D02-001,2026-07-28 09:59:26,2026-08-04 11:59:26,Admission
ADM00012300,ENC00032776,H003-D02-001,2026-08-12 20:03:03,2026-08-18 00:03:03,Admission
ADM00012301,ENC00032777,H001-D02-003,2026-07-07 20:24:11,2026-07-12 02:24:11,Admission
ADM00012302,ENC00032778,H004-D03-005,2026-07-09 10:34:55,2026-07-15 12:34:55,Admission
ADM00012303,ENC00032779,H002-D03-002,2026-07-08 16:07:14,2026-07-11 21:07:14,Admission
ADM00012304,ENC00032780,H002-D10-001,2026-07-31 18:59:45,2026-08-03 03:59:45,Admission
ADM00012305,ENC00032781,H003-D10-001,2026-07-20 00:22:30,2026-07-23 06:22:30,Admission
ADM00012306,ENC00032782,H001-D09-001,2026-07-11 21:16:52,2026-07-21 01:16:52,Admission
ADM00012308,ENC00032784,H002-D06-001,2026-07-07 21:16:21,2026-07-14 00:16:21,Admission
ADM00012309,ENC00032785,H003-D03-001,2026-08-23 06:35:22,2026-08-28 12:35:22,Admission
ADM00012310,ENC00032786,H001-D06-002,2026-08-10 08:53:19,2026-08-16 09:53:19,Admission
ADM00012311,ENC00032787,H003-D07-001,2026-08-24 05:03:16,2026-08-25 14:38:16,Admission
ADM00012311,ENC00032787,H003-D07-002,2026-08-25 14:38:16,2026-08-31 11:03:16,Transfer
ADM00012312,ENC00032788,H001-D09-002,2026-08-24 02:17:10,2026-09-18 04:17:10,Admission
ADM00012313,ENC00032789,H001-D07-002,2026-08-19 17:07:44,2026-09-07 04:07:44,Admission
ADM00012314,ENC00032790,H001-D06-001,2026-07-30 05:34:09,2026-07-31 06:32:31,Admission
ADM00012314,ENC00032790,H001-D06-004,2026-07-31 06:32:31,2026-08-09 06:34:09,Transfer
ADM00012315,ENC00032791,H001-D01-003,2026-08-30 21:31:20,2026-08-31 11:51:37,Admission
ADM00012315,ENC00032791,H001-D01-003,2026-08-31 11:51:37,2026-09-05 04:31:20,Transfer
ADM00012316,ENC00032792,H004-D03-003,2026-01-26 12:10:38,2026-02-04 23:10:38,Admission
ADM00012317,ENC00032793,H003-D08-001,2026-07-08 05:42:55,2026-07-08 23:00:17,Admission
ADM00012317,ENC00032793,H003-D08-002,2026-07-08 23:00:17,2026-07-14 15:42:55,Transfer
ADM00012318,ENC00032794,H002-D04-001,2026-05-10 02:25:49,2026-05-15 03:25:49,Admission
ADM00012319,ENC00032795,H002-D01-001,2026-07-11 14:38:18,2026-07-13 14:19:08,Admission
ADM00012319,ENC00032795,H002-D01-001,2026-07-13 14:19:08,2026-07-23 01:38:18,Transfer
ADM00012320,ENC00032796,H003-D04-002,2026-06-03 13:42:06,2026-06-07 17:42:06,Admission
ADM00012321,ENC00032797,H002-D03-001,2026-07-06 16:07:38,2026-07-12 18:07:38,Admission
ADM00012322,ENC00032798,H002-D07-001,2026-07-06 01:55:54,2026-07-08 12:55:54,Admission
ADM00012323,ENC00032799,H003-D04-002,2026-07-04 20:56:35,2026-07-05 08:43:46,Admission
ADM00012323,ENC00032799,H003-D04-002,2026-07-05 08:43:46,2026-07-08 03:56:35,Transfer
ADM00012324,ENC00032800,H003-D06-001,2026-08-12 11:48:26,2026-08-21 15:48:26,Admission
ADM00012325,ENC00032801,H003-D01-002,2026-08-01 07:08:44,2026-08-06 13:08:44,Admission
ADM00012326,ENC00032802,H003-D02-002,2026-07-11 20:22:52,2026-07-18 21:22:52,Admission
ADM00012327,ENC00032803,H002-D10-002,2026-07-04 17:22:42,2026-07-07 06:36:18,Admission
ADM00012327,ENC00032803,H002-D10-001,2026-07-07 06:36:18,2026-07-14 21:22:42,Transfer
ADM00012328,ENC00032804,H001-D01-002,2026-08-29 15:59:00,2026-09-07 02:59:00,Admission
ADM00012329,ENC00032805,H002-D04-001,2026-07-31 18:47:03,2026-08-05 03:47:03,Admission
ADM00012330,ENC00032806,H002-D04-003,2026-07-20 11:10:52,2026-07-28 20:10:52,Admission
ADM00012331,ENC00032807,H002-D07-002,2026-08-13 10:06:03,2026-08-13 20:51:55,Admission
ADM00012331,ENC00032807,H002-D07-003,2026-08-13 20:51:55,2026-08-14 08:03:31,Transfer
ADM00012331,ENC00032807,H002-D07-001,2026-08-14 08:03:31,2026-08-16 18:06:03,Transfer
ADM00012332,ENC00032808,H003-D01-001,2026-07-04 08:46:26,2026-07-15 16:46:26,Admission
ADM00012333,ENC00032809,H002-D08-002,2026-06-01 18:31:04,2026-06-02 13:11:07,Admission
ADM00012333,ENC00032809,H002-D08-001,2026-06-02 13:11:07,2026-06-03 07:37:46,Transfer
ADM00012333,ENC00032809,H002-D08-002,2026-06-03 07:37:46,2026-06-11 00:31:04,Transfer
ADM00012334,ENC00032810,H001-D09-002,2026-08-30 17:51:29,2026-09-02 17:51:29,Admission
ADM00012336,ENC00032812,H002-D05-002,2026-07-11 05:14:37,2026-07-13 14:14:37,Admission
ADM00012337,ENC00032813,H002-D07-003,2025-07-11 00:56:41,2025-07-12 13:53:49,Admission
ADM00012337,ENC00032813,H002-D07-001,2025-07-12 13:53:49,2025-07-16 08:56:41,Transfer
ADM00012338,ENC00032814,H004-D10-005,2026-07-23 15:23:55,2026-07-29 01:23:55,Admission
ADM00012339,ENC00032815,H001-D09-001,2026-07-23 09:16:52,2026-08-09 10:16:52,Admission
ADM00012340,ENC00032816,H003-D09-001,2026-07-09 15:34:24,2026-07-30 15:34:24,Admission
ADM00012341,ENC00032817,H003-D09-001,2026-08-07 03:50:19,2026-08-12 07:50:19,Admission
ADM00012342,ENC00032818,H002-D10-003,2026-08-09 20:32:41,2026-08-23 22:32:41,Admission
ADM00012343,ENC00032819,H001-D10-003,2026-08-05 06:13:33,2026-08-06 08:43:05,Admission
ADM00012343,ENC00032819,H001-D10-003,2026-08-06 08:43:05,2026-08-10 10:13:33,Transfer
ADM00012344,ENC00032820,H003-D06-001,2026-08-08 23:55:28,2026-08-15 02:55:28,Admission
ADM00012345,ENC00032821,H002-D07-001,2026-08-06 06:29:05,2026-08-10 14:29:05,Admission
ADM00012346,ENC00032822,H002-D03-003,2026-02-08 03:38:34,2026-02-10 04:38:34,Admission
ADM00012347,ENC00032823,H001-D10-002,2026-08-27 04:47:40,2026-09-01 14:47:40,Admission
ADM00012348,ENC00032824,H002-D05-001,2026-08-12 21:52:06,2026-08-15 23:52:06,Admission
ADM00012349,ENC00032825,H001-D03-002,2026-07-09 13:39:25,2026-07-12 19:39:25,Admission
ADM00012350,ENC00032826,H002-D05-002,2026-07-24 14:43:36,2026-07-25 01:01:37,Admission
ADM00012350,ENC00032826,H002-D05-001,2026-07-25 01:01:37,2026-07-27 21:43:36,Transfer
ADM00012351,ENC00032827,H003-D04-002,2026-08-31 22:39:58,2026-09-11 06:39:58,Admission
ADM00012352,ENC00032828,H001-D03-003,2025-11-18 08:46:24,2025-11-21 17:46:24,Admission
ADM00012353,ENC00032829,H001-D08-003,2026-07-26 03:28:41,2026-07-27 07:25:35,Admission
ADM00012353,ENC00032829,H001-D08-001,2026-07-27 07:25:35,2026-07-29 12:28:41,Transfer
ADM00012354,ENC00032830,H003-D03-001,2026-01-15 13:09:18,2026-01-23 18:09:18,Admission
ADM00012355,ENC00032831,H004-D10-004,2026-10-03 15:02:46,2026-10-06 12:55:17,Admission
ADM00012355,ENC00032831,H004-D10-002,2026-10-06 12:55:17,2026-10-12 00:02:46,Transfer
ADM00012356,ENC00032832,H003-D10-001,2026-07-03 04:53:13,2026-07-08 06:53:13,Admission
ADM00012357,ENC00032833,H004-D10-002,2026-08-20 00:24:11,2026-08-28 11:24:11,Admission
ADM00012358,ENC00032834,H004-D03-004,2026-08-10 20:41:50,2026-08-13 20:41:50,Admission
ADM00012359,ENC00032835,H003-D08-001,2026-08-13 20:08:32,2026-08-14 20:44:08,Admission
ADM00012359,ENC00032835,H003-D08-001,2026-08-14 20:44:08,2026-08-17 20:08:32,Transfer
ADM00012360,ENC00032836,H004-D03-002,2026-07-27 18:11:36,2026-07-28 01:34:29,Admission
ADM00012360,ENC00032836,H004-D03-005,2026-07-28 01:34:29,2026-07-29 22:11:36,Transfer
ADM00012361,ENC00032837,H001-D01-002,2026-07-08 06:29:03,2026-07-21 13:29:03,Admission
ADM00012362,ENC00032838,H003-D05-002,2026-04-18 14:17:43,2026-04-28 01:17:43,Admission
ADM00012363,ENC00032839,H002-D07-003,2026-07-09 01:24:41,2026-07-25 10:24:41,Admission
ADM00012364,ENC00032840,H002-D02-002,2026-07-25 05:38:54,2026-07-27 14:38:54,Admission
ADM00012365,ENC00032841,H002-D04-002,2026-07-05 08:23:35,2026-07-14 15:23:35,Admission
ADM00012366,ENC00032842,H002-D07-002,2026-07-29 22:45:08,2026-08-06 06:45:08,Admission
ADM00012367,ENC00032843,H001-D09-002,2026-05-26 03:38:13,2026-06-03 08:38:13,Admission
ADM00012368,ENC00032844,H002-D07-003,2026-07-11 22:05:40,2026-07-14 02:05:40,Admission
ADM00012369,ENC00032845,H001-D07-002,2026-08-08 11:30:36,2026-08-13 22:30:36,Admission
ADM00012370,ENC00032846,H001-D04-001,2026-08-26 14:53:58,2026-08-27 02:29:43,Admission
ADM00012370,ENC00032846,H001-D04-001,2026-08-27 02:29:43,2026-08-31 01:53:58,Transfer
ADM00012371,ENC00032847,H002-D04-003,2026-07-06 17:27:14,2026-07-07 17:03:27,Admission
ADM00012371,ENC00032847,H002-D04-002,2026-07-07 17:03:27,2026-07-08 08:05:43,Transfer
ADM00012371,ENC00032847,H002-D04-002,2026-07-08 08:05:43,2026-07-11 03:27:14,Transfer
ADM00012372,ENC00032848,H003-D03-001,2026-07-28 13:12:36,2026-07-31 16:12:36,Admission
ADM00012373,ENC00032849,H002-D10-002,2026-08-29 03:26:12,2026-09-02 11:26:12,Admission
ADM00012374,ENC00032850,H003-D03-001,2026-08-25 10:46:47,2026-08-30 12:46:47,Admission
ADM00012375,ENC00032851,H003-D10-001,2026-08-29 13:28:49,2026-09-01 16:28:49,Admission
ADM00012376,ENC00032852,H004-D03-004,2026-08-03 00:27:16,2026-08-04 10:27:16,Admission
ADM00012377,ENC00032853,H002-D04-003,2025-10-16 07:02:16,2025-10-17 08:16:02,Admission
ADM00012377,ENC00032853,H002-D04-002,2025-10-17 08:16:02,2025-10-21 13:02:16,Transfer
ADM00012378,ENC00032854,H003-D09-001,2026-08-29 23:24:43,2026-09-02 03:24:43,Admission
ADM00012380,ENC00032856,H002-D08-003,2026-08-13 22:57:34,2026-08-15 13:11:38,Admission
ADM00012380,ENC00032856,H002-D08-003,2026-08-15 13:11:38,2026-08-18 22:57:34,Transfer
ADM00012381,ENC00032857,H002-D10-002,2026-08-01 03:30:11,2026-08-12 06:30:11,Admission
ADM00012382,ENC00032858,H002-D04-001,2026-08-21 19:51:31,2026-08-24 06:51:31,Admission
ADM00012383,ENC00032859,H002-D10-003,2026-08-12 16:17:49,2026-08-24 21:17:49,Admission
ADM00012384,ENC00032860,H003-D10-001,2026-07-31 09:23:14,2026-08-10 16:23:14,Admission
ADM00012385,ENC00032861,H003-D04-001,2026-08-13 22:58:40,2026-08-17 08:58:40,Admission
ADM00012386,ENC00032862,H001-D10-004,2026-08-13 13:33:29,2026-08-13 20:03:19,Admission
ADM00012386,ENC00032862,H001-D10-004,2026-08-13 20:03:19,2026-08-14 00:24:32,Transfer
ADM00012386,ENC00032862,H001-D10-003,2026-08-14 00:24:32,2026-08-15 21:33:29,Transfer
ADM00012387,ENC00032863,H001-D03-002,2026-08-14 06:28:10,2026-08-20 17:28:10,Admission
ADM00012388,ENC00032864,H003-D06-002,2026-08-03 16:33:32,2026-08-04 14:09:00,Admission
ADM00012388,ENC00032864,H003-D06-001,2026-08-04 14:09:00,2026-08-07 19:33:32,Transfer
ADM00012389,ENC00032865,H003-D09-001,2026-07-23 03:05:02,2026-08-04 07:05:02,Admission
ADM00012390,ENC00032866,H003-D05-002,2026-07-15 20:13:56,2026-07-19 02:13:56,Admission
ADM00012391,ENC00032867,H001-D06-004,2026-08-28 01:46:10,2026-09-01 09:46:10,Admission
ADM00012392,ENC00032868,H002-D07-001,2026-07-24 11:31:44,2026-07-26 15:31:44,Admission
ADM00012394,ENC00032870,H003-D07-002,2026-07-24 00:04:56,2026-07-31 05:04:56,Admission
ADM00012395,ENC00032871,H003-D04-001,2026-07-05 00:26:35,2026-07-26 11:26:35,Admission
ADM00012396,ENC00032872,H001-D04-002,2026-07-30 09:49:36,2026-08-03 10:49:36,Admission
ADM00012397,ENC00032873,H002-D05-003,2026-07-25 07:45:14,2026-07-26 16:45:14,Admission
ADM00012398,ENC00032874,H002-D04-002,2026-08-26 01:17:00,2026-08-31 10:17:00,Admission
ADM00012399,ENC00032875,H004-D10-006,2026-07-28 20:35:06,2026-08-07 07:35:06,Admission
ADM00012400,ENC00032876,H003-D01-002,2026-07-08 13:09:56,2026-07-16 23:09:56,Admission
ADM00012401,ENC00032877,H001-D03-003,2026-07-08 12:37:43,2026-07-12 12:37:43,Admission
ADM00012402,ENC00032878,H002-D03-003,2026-07-03 00:09:11,2026-07-10 10:09:11,Admission
ADM00012403,ENC00032879,H003-D02-002,2026-07-31 12:11:57,2026-08-01 23:11:57,Admission
ADM00012404,ENC00032880,H004-D03-004,2026-07-10 23:06:49,2026-07-14 03:06:49,Admission
ADM00012405,ENC00032881,H002-D10-001,2026-07-21 02:18:25,2026-07-25 10:18:25,Admission
ADM00012406,ENC00032882,H002-D01-002,2026-07-16 06:49:32,2026-07-23 12:49:32,Admission
ADM00012407,ENC00032883,H002-D05-001,2026-08-13 06:15:37,2026-08-17 10:15:37,Admission
ADM00012408,ENC00032884,H003-D05-002,2026-08-10 01:19:20,2026-08-12 04:45:19,Admission
ADM00012408,ENC00032884,H003-D05-001,2026-08-12 04:45:19,2026-08-18 11:19:20,Transfer
ADM00012409,ENC00032885,H002-D10-003,2026-08-15 21:59:50,2026-08-18 00:59:50,Admission
ADM00012410,ENC00032886,H001-D04-003,2026-07-26 04:00:58,2026-08-01 11:00:58,Admission
ADM00012411,ENC00032887,H002-D07-003,2026-07-27 14:40:24,2026-07-30 21:40:24,Admission
ADM00012412,ENC00032888,H002-D04-003,2026-07-08 04:02:27,2026-07-09 05:00:54,Admission
ADM00012412,ENC00032888,H002-D04-002,2026-07-09 05:00:54,2026-07-09 18:44:41,Transfer
ADM00012412,ENC00032888,H002-D04-003,2026-07-09 18:44:41,2026-07-13 06:02:27,Transfer
ADM00012413,ENC00032889,H003-D10-001,2026-07-23 07:24:09,2026-07-29 13:24:09,Admission
ADM00012414,ENC00032890,H002-D06-001,2026-08-18 08:45:46,2026-08-21 10:45:46,Admission
ADM00012415,ENC00032891,H004-D03-002,2026-07-31 13:11:12,2026-08-02 14:11:12,Admission
ADM00012416,ENC00032892,H001-D02-004,2026-08-24 18:25:38,2026-09-01 01:25:38,Admission
ADM00012417,ENC00032893,H002-D03-001,2026-01-09 22:17:48,2026-01-13 05:10:40,Admission
ADM00012417,ENC00032893,H002-D03-002,2026-01-13 05:10:40,2026-02-08 08:17:48,Transfer
ADM00012418,ENC00032894,H003-D02-002,2026-07-25 08:19:22,2026-07-27 17:19:22,Admission
ADM00012419,ENC00032895,H002-D03-003,2026-08-05 02:50:37,2026-08-07 03:50:37,Admission
ADM00012420,ENC00032896,H002-D05-003,2026-08-13 08:58:41,2026-08-14 01:29:26,Admission
ADM00012420,ENC00032896,H002-D05-001,2026-08-14 01:29:26,2026-08-14 15:19:39,Transfer
ADM00012420,ENC00032896,H002-D05-002,2026-08-14 15:19:39,2026-08-17 19:58:41,Transfer
ADM00012421,ENC00032897,H002-D06-001,2026-08-20 21:53:27,2026-08-25 07:53:27,Admission
ADM00012422,ENC00032898,H002-D09-001,2026-08-02 20:17:18,2026-08-07 23:17:18,Admission
ADM00012423,ENC00032899,H002-D02-002,2026-08-10 23:05:34,2026-08-13 18:11:52,Admission
ADM00012423,ENC00032899,H002-D02-001,2026-08-13 18:11:52,2026-08-15 11:13:54,Transfer
ADM00012423,ENC00032899,H002-D02-002,2026-08-15 11:13:54,2026-09-02 01:05:34,Transfer
ADM00012424,ENC00032900,H004-D10-005,2026-07-16 13:23:40,2026-07-21 16:23:40,Admission
ADM00012425,ENC00032901,H003-D07-002,2026-08-29 21:08:59,2026-09-01 04:08:59,Admission
ADM00012426,ENC00032902,H003-D05-002,2026-07-07 12:30:27,2026-07-14 18:30:27,Admission
ADM00012429,ENC00032905,H001-D05-004,2026-07-19 13:28:27,2026-08-05 21:28:27,Admission
ADM00012430,ENC00032906,H003-D04-002,2026-07-21 08:10:14,2026-07-23 15:10:14,Admission
ADM00012431,ENC00032907,H002-D04-001,2026-08-21 13:14:41,2026-08-22 19:47:38,Admission
ADM00012431,ENC00032907,H002-D04-001,2026-08-22 19:47:38,2026-08-28 16:14:41,Transfer
ADM00012433,ENC00032909,H003-D07-001,2026-08-03 12:28:11,2026-08-09 18:28:11,Admission
ADM00012434,ENC00032910,H003-D03-001,2026-08-20 19:03:56,2026-09-02 03:03:56,Admission
ADM00012435,ENC00032911,H002-D03-001,2026-08-01 01:34:19,2026-08-05 11:34:19,Admission
ADM00012437,ENC00032913,H003-D08-002,2026-08-19 16:00:57,2026-08-20 03:00:57,Admission
ADM00012437,ENC00032913,H003-D08-002,2026-08-20 03:00:57,2026-08-20 14:08:04,Transfer
ADM00012437,ENC00032913,H003-D08-001,2026-08-20 14:08:04,2026-08-24 23:00:57,Transfer
ADM00012438,ENC00032914,H003-D09-001,2026-08-26 10:36:32,2026-08-27 11:23:32,Admission
ADM00012438,ENC00032914,H003-D09-001,2026-08-27 11:23:32,2026-08-29 20:36:32,Transfer
ADM00012439,ENC00032915,H004-D10-006,2026-08-16 13:51:24,2026-08-20 23:51:24,Admission
ADM00012440,ENC00032916,H001-D01-004,2026-07-16 07:19:30,2026-07-18 01:49:17,Admission
ADM00012440,ENC00032916,H001-D01-003,2026-07-18 01:49:17,2026-07-26 16:19:30,Transfer
ADM00012441,ENC00032917,H002-D09-002,2026-07-16 11:08:30,2026-07-18 17:02:09,Admission
ADM00012441,ENC00032917,H002-D09-002,2026-07-18 17:02:09,2026-07-23 14:08:30,Transfer
ADM00012442,ENC00032918,H001-D05-003,2026-07-17 11:22:14,2026-07-21 14:22:14,Admission
ADM00012443,ENC00032919,H001-D03-004,2026-08-17 06:55:48,2026-08-25 09:55:48,Admission
ADM00012444,ENC00032920,H001-D06-001,2026-07-23 06:01:27,2026-08-05 11:01:27,Admission
ADM00012445,ENC00032921,H003-D10-001,2026-07-22 10:55:46,2026-07-24 13:55:46,Admission
ADM00012446,ENC00032922,H003-D08-001,2026-08-30 01:37:26,2026-08-30 14:41:17,Admission
ADM00012446,ENC00032922,H003-D08-002,2026-08-30 14:41:17,2026-09-03 10:37:26,Transfer
ADM00012447,ENC00032923,H003-D01-001,2026-08-13 14:30:15,2026-08-14 05:52:39,Admission
ADM00012447,ENC00032923,H003-D01-001,2026-08-14 05:52:39,2026-08-16 16:30:15,Transfer
ADM00012448,ENC00032924,H001-D08-004,2026-08-31 04:54:47,2026-08-31 08:56:44,Admission
ADM00012448,ENC00032924,H001-D08-002,2026-08-31 08:56:44,2026-08-31 19:17:58,Transfer
ADM00012448,ENC00032924,H001-D08-003,2026-08-31 19:17:58,2026-09-02 04:54:47,Transfer
ADM00012449,ENC00032925,H002-D09-001,2026-08-12 05:01:34,2026-08-23 07:01:34,Admission
ADM00012450,ENC00032926,H003-D05-002,2026-07-07 07:58:14,2026-07-14 17:58:14,Admission
ADM00012451,ENC00032927,H002-D02-001,2026-07-13 21:53:24,2026-07-21 03:53:24,Admission
ADM00012452,ENC00032928,H002-D05-001,2026-07-11 18:46:26,2026-07-18 19:46:26,Admission
ADM00012453,ENC00032929,H001-D05-001,2026-08-11 15:21:22,2026-08-13 16:58:09,Admission
ADM00012453,ENC00032929,H001-D05-002,2026-08-13 16:58:09,2026-08-18 02:21:22,Transfer
ADM00012454,ENC00032930,H002-D01-002,2026-08-11 07:57:49,2026-08-14 13:57:49,Admission
ADM00012455,ENC00032931,H001-D01-002,2026-08-17 20:04:20,2026-08-23 02:04:20,Admission
ADM00012456,ENC00032932,H001-D10-004,2026-07-04 01:25:25,2026-07-04 17:18:56,Admission
ADM00012456,ENC00032932,H001-D10-003,2026-07-04 17:18:56,2026-07-07 11:25:25,Transfer
ADM00012457,ENC00032933,H003-D04-002,2026-08-07 09:09:37,2026-08-08 13:02:15,Admission
ADM00012457,ENC00032933,H003-D04-002,2026-08-08 13:02:15,2026-08-11 09:09:37,Transfer
ADM00012458,ENC00032934,H002-D06-003,2025-09-17 11:57:17,2025-09-20 00:46:25,Admission
ADM00012458,ENC00032934,H002-D06-002,2025-09-20 00:46:25,2025-09-25 13:57:17,Transfer
ADM00012459,ENC00032935,H002-D05-002,2026-07-11 09:06:55,2026-07-18 09:06:55,Admission
ADM00012460,ENC00032936,H003-D01-001,2026-08-08 23:27:07,2026-08-12 06:27:07,Admission
ADM00012461,ENC00032937,H002-D02-001,2026-08-08 23:54:48,2026-08-15 04:54:48,Admission
ADM00012462,ENC00032938,H001-D06-004,2025-12-04 14:48:20,2025-12-13 19:48:20,Admission
ADM00012463,ENC00032939,H002-D07-002,2026-08-16 17:16:01,2026-08-17 07:24:59,Admission
ADM00012463,ENC00032939,H002-D07-002,2026-08-17 07:24:59,2026-08-18 09:23:51,Transfer
ADM00012463,ENC00032939,H002-D07-003,2026-08-18 09:23:51,2026-08-23 22:16:01,Transfer
ADM00012464,ENC00032940,H002-D07-003,2026-08-02 02:07:02,2026-08-02 19:58:38,Admission
ADM00012464,ENC00032940,H002-D07-002,2026-08-02 19:58:38,2026-08-03 21:29:08,Transfer
ADM00012464,ENC00032940,H002-D07-003,2026-08-03 21:29:08,2026-08-08 08:07:02,Transfer
ADM00012465,ENC00032941,H004-D10-001,2026-07-16 21:59:45,2026-07-23 08:59:45,Admission
ADM00012466,ENC00032942,H003-D08-002,2026-08-11 21:56:28,2026-08-20 01:56:28,Admission
ADM00012469,ENC00032945,H003-D06-001,2026-07-27 13:41:42,2026-07-30 14:41:42,Admission
ADM00012470,ENC00032946,H002-D06-003,2026-07-06 14:02:53,2026-07-18 18:02:53,Admission
ADM00012471,ENC00032947,H002-D01-003,2026-08-25 01:08:29,2026-09-03 01:08:29,Admission
ADM00012472,ENC00032948,H003-D04-001,2026-07-25 14:25:19,2026-07-29 18:25:19,Admission
ADM00012473,ENC00032949,H001-D05-002,2026-08-29 09:04:02,2026-09-03 12:04:02,Admission
ADM00012474,ENC00032950,H002-D08-003,2026-08-17 18:54:43,2026-08-19 19:54:43,Admission
ADM00012476,ENC00032952,H002-D08-003,2026-08-14 09:58:37,2026-08-17 17:58:37,Admission
ADM00012477,ENC00032953,H002-D10-001,2026-07-14 10:19:42,2026-07-29 17:19:42,Admission
ADM00012478,ENC00032954,H001-D04-004,2026-08-03 05:49:46,2026-08-07 09:49:46,Admission
ADM00012479,ENC00032955,H001-D03-003,2026-08-31 03:32:48,2026-09-03 08:32:48,Admission
ADM00012480,ENC00032956,H002-D01-003,2025-11-26 04:47:49,2025-12-02 05:47:49,Admission
ADM00012481,ENC00032957,H002-D09-001,2026-07-26 03:14:10,2026-07-27 04:22:56,Admission
ADM00012481,ENC00032957,H002-D09-002,2026-07-27 04:22:56,2026-08-03 13:14:10,Transfer
ADM00012483,ENC00032959,H001-D06-004,2026-07-17 15:13:03,2026-07-18 07:38:54,Admission
ADM00012483,ENC00032959,H001-D06-003,2026-07-18 07:38:54,2026-07-19 18:13:03,Transfer
ADM00012484,ENC00032960,H002-D08-001,2026-08-30 13:58:59,2026-08-31 04:04:55,Admission
ADM00012484,ENC00032960,H002-D08-003,2026-08-31 04:04:55,2026-09-02 14:58:59,Transfer
ADM00012485,ENC00032961,H003-D10-001,2026-07-25 11:04:38,2026-07-26 20:04:38,Admission
ADM00012486,ENC00032962,H003-D01-001,2026-07-13 06:24:25,2026-07-16 16:24:25,Admission
ADM00012487,ENC00032963,H003-D09-001,2026-07-14 22:42:00,2026-07-19 01:42:00,Admission
ADM00012488,ENC00032964,H001-D07-003,2025-11-15 16:13:15,2025-11-17 22:13:15,Admission
ADM00012489,ENC00032965,H002-D07-002,2026-07-15 16:08:39,2026-07-21 16:08:39,Admission
ADM00012490,ENC00032966,H001-D05-002,2026-08-19 16:41:23,2026-08-21 22:58:29,Admission
ADM00012490,ENC00032966,H001-D05-002,2026-08-21 22:58:29,2026-08-29 20:41:23,Transfer
ADM00012491,ENC00032967,H002-D08-003,2026-07-09 03:38:21,2026-07-10 05:12:32,Admission
ADM00012491,ENC00032967,H002-D08-001,2026-07-10 05:12:32,2026-07-14 03:38:21,Transfer
ADM00012492,ENC00032968,H002-D09-003,2026-07-12 06:28:40,2026-07-18 06:28:40,Admission
ADM00012493,ENC00032969,H001-D10-002,2026-08-19 09:34:54,2026-08-24 18:34:54,Admission
ADM00012494,ENC00032970,H003-D05-001,2026-07-10 23:51:10,2026-07-14 00:51:10,Admission
ADM00012495,ENC00032971,H003-D07-001,2026-08-11 18:24:23,2026-08-12 04:56:56,Admission
ADM00012495,ENC00032971,H003-D07-001,2026-08-12 04:56:56,2026-08-15 18:24:23,Transfer
ADM00012496,ENC00032972,H002-D01-002,2026-07-18 10:24:33,2026-07-26 11:24:33,Admission
ADM00012497,ENC00032973,H004-D10-003,2026-07-19 15:57:50,2026-07-22 00:57:50,Admission
ADM00012498,ENC00032974,H003-D01-001,2026-08-14 11:50:24,2026-08-15 03:26:40,Admission
ADM00012498,ENC00032974,H003-D01-001,2026-08-15 03:26:40,2026-08-15 15:03:20,Transfer
ADM00012498,ENC00032974,H003-D01-001,2026-08-15 15:03:20,2026-08-17 14:50:24,Transfer
ADM00012500,ENC00032976,H004-D03-005,2026-08-22 07:54:47,2026-08-26 18:54:47,Admission
ADM00012502,ENC00032978,H001-D02-003,2026-07-27 19:36:27,2026-08-02 04:36:27,Admission
ADM00012503,ENC00032979,H001-D05-003,2026-08-07 11:38:38,2026-08-09 12:14:40,Admission
ADM00012503,ENC00032979,H001-D05-003,2026-08-09 12:14:40,2026-08-10 16:54:51,Transfer
ADM00012503,ENC00032979,H001-D05-001,2026-08-10 16:54:51,2026-08-19 19:38:38,Transfer
ADM00012504,ENC00032980,H002-D03-001,2026-07-22 00:40:39,2026-07-23 09:40:39,Admission
ADM00012505,ENC00032981,H002-D08-002,2026-07-13 13:03:22,2026-07-16 14:03:22,Admission
ADM00012506,ENC00032982,H002-D01-001,2026-07-26 22:31:56,2026-07-30 07:31:56,Admission
ADM00012507,ENC00032983,H001-D07-003,2026-08-05 16:50:04,2026-08-08 02:50:04,Admission
ADM00012508,ENC00032984,H001-D01-005,2026-08-12 18:14:54,2026-08-24 00:14:54,Admission
ADM00012509,ENC00032985,H002-D04-002,2026-08-31 00:28:30,2026-09-03 11:28:30,Admission
ADM00012510,ENC00032986,H001-D06-002,2026-07-11 06:38:37,2026-07-18 11:38:37,Admission
ADM00012511,ENC00032987,H001-D04-001,2026-08-13 10:02:15,2026-08-16 23:50:35,Admission
ADM00012511,ENC00032987,H001-D04-004,2026-08-16 23:50:35,2026-08-26 18:02:15,Transfer
ADM00012512,ENC00032988,H004-D03-006,2026-08-27 08:25:36,2026-09-03 09:25:36,Admission
ADM00012513,ENC00032989,H002-D06-002,2026-08-26 10:15:09,2026-09-01 15:15:09,Admission
ADM00012514,ENC00032990,H002-D03-002,2026-08-16 22:04:15,2026-08-24 00:04:15,Admission
ADM00012515,ENC00032991,H002-D06-003,2026-07-06 02:42:56,2026-07-18 11:42:56,Admission
ADM00012517,ENC00032993,H003-D09-001,2026-08-11 07:43:50,2026-08-13 08:43:50,Admission
ADM00012518,ENC00032994,H001-D08-001,2026-07-20 22:50:17,2026-07-26 08:50:17,Admission
ADM00012519,ENC00032995,H001-D08-004,2026-08-29 04:56:33,2026-08-31 23:02:10,Admission
ADM00012519,ENC00032995,H001-D08-002,2026-08-31 23:02:10,2026-09-03 11:30:05,Transfer
ADM00012519,ENC00032995,H001-D08-003,2026-09-03 11:30:05,2026-09-10 15:56:33,Transfer
ADM00012520,ENC00032996,H001-D09-003,2026-08-31 10:29:24,2026-09-09 21:29:24,Admission
ADM00012521,ENC00032997,H003-D03-002,2026-07-30 10:32:02,2026-08-01 20:32:02,Admission
ADM00012522,ENC00032998,H001-D10-004,2026-08-05 05:28:06,2026-08-13 06:28:06,Admission
ADM00012523,ENC00032999,H003-D01-002,2026-07-16 20:53:07,2026-07-23 22:53:07,Admission
ADM00012524,ENC00033000,H002-D02-003,2026-07-23 21:24:06,2026-07-26 03:08:52,Admission
ADM00012524,ENC00033000,H002-D02-002,2026-07-26 03:08:52,2026-08-01 08:24:06,Transfer
ADM00012525,ENC00033001,H002-D01-001,2026-07-27 16:06:08,2026-08-08 03:06:08,Admission
ADM00012526,ENC00033002,H002-D09-002,2026-07-31 01:23:46,2026-08-04 01:23:46,Admission
ADM00012527,ENC00033003,H002-D06-003,2026-07-07 15:36:46,2026-07-12 02:36:46,Admission
ADM00012528,ENC00033004,H003-D07-002,2026-08-30 06:31:44,2026-09-04 07:31:44,Admission
ADM00012529,ENC00033005,H003-D03-002,2026-08-05 00:39:59,2026-08-12 10:39:59,Admission
ADM00012530,ENC00033006,H002-D05-002,2026-08-25 19:49:45,2026-08-29 19:49:45,Admission
ADM00012531,ENC00033007,H001-D10-002,2026-07-28 22:11:02,2026-07-30 03:49:03,Admission
ADM00012531,ENC00033007,H001-D10-003,2026-07-30 03:49:03,2026-08-03 04:11:02,Transfer
ADM00012532,ENC00033008,H002-D09-002,2026-07-13 08:05:26,2026-07-14 00:04:13,Admission
ADM00012532,ENC00033008,H002-D09-001,2026-07-14 00:04:13,2026-07-14 17:42:59,Transfer
ADM00012532,ENC00033008,H002-D09-001,2026-07-14 17:42:59,2026-07-17 15:05:26,Transfer
ADM00012533,ENC00033009,H002-D05-003,2026-08-15 13:18:52,2026-08-22 17:18:52,Admission
ADM00012534,ENC00033010,H003-D03-002,2026-07-16 13:54:51,2026-07-23 22:54:51,Admission
ADM00012535,ENC00033011,H001-D01-005,2026-07-17 01:12:36,2026-07-22 05:12:36,Admission
ADM00012536,ENC00033012,H001-D07-004,2026-08-17 03:03:17,2026-08-25 10:03:17,Admission
ADM00012537,ENC00033013,H002-D08-003,2026-08-01 16:16:36,2026-08-15 17:16:36,Admission
ADM00012538,ENC00033014,H002-D06-001,2025-11-13 09:54:25,2025-11-14 11:08:37,Admission
ADM00012538,ENC00033014,H002-D06-001,2025-11-14 11:08:37,2025-11-19 16:54:25,Transfer
ADM00012539,ENC00033015,H003-D08-002,2026-07-23 17:46:52,2026-07-27 23:46:52,Admission
ADM00012540,ENC00033016,H001-D03-002,2026-07-14 03:53:48,2026-07-24 04:53:48,Admission
ADM00012542,ENC00033018,H003-D07-002,2026-08-21 01:47:39,2026-08-27 06:47:39,Admission
ADM00012543,ENC00033019,H001-D05-001,2026-07-26 14:31:58,2026-08-01 01:31:58,Admission
ADM00012544,ENC00033020,H003-D06-002,2025-12-06 06:34:41,2025-12-08 13:12:42,Admission
ADM00012544,ENC00033020,H003-D06-002,2025-12-08 13:12:42,2025-12-14 11:34:41,Transfer
ADM00012545,ENC00033021,H002-D01-003,2026-08-28 17:17:04,2026-09-06 00:17:04,Admission
ADM00012546,ENC00033022,H003-D06-001,2026-07-27 03:45:31,2026-07-31 04:45:31,Admission
ADM00012547,ENC00033023,H003-D05-002,2026-07-07 12:18:21,2026-07-13 23:18:21,Admission
ADM00012548,ENC00033024,H002-D04-003,2026-07-12 10:41:31,2026-07-14 00:07:31,Admission
ADM00012548,ENC00033024,H002-D04-002,2026-07-14 00:07:31,2026-07-17 12:41:31,Transfer
ADM00012549,ENC00033025,H004-D03-006,2026-07-24 03:34:22,2026-07-28 07:34:22,Admission
ADM00012550,ENC00033026,H002-D01-002,2025-11-20 20:19:32,2025-12-01 00:19:32,Admission
ADM00012551,ENC00033027,H001-D04-001,2026-07-07 14:58:30,2026-07-08 21:58:30,Admission
ADM00012552,ENC00033028,H001-D04-001,2026-07-09 00:44:05,2026-07-29 01:44:05,Admission
ADM00012553,ENC00033029,H003-D09-001,2026-08-19 01:00:37,2026-08-24 09:00:37,Admission
ADM00012554,ENC00033030,H002-D03-003,2026-07-08 17:34:58,2026-07-13 00:34:58,Admission
ADM00012555,ENC00033031,H001-D02-003,2026-07-17 01:35:37,2026-07-22 06:35:37,Admission
ADM00012556,ENC00033032,H003-D09-001,2026-08-10 11:09:09,2026-09-02 12:09:09,Admission
ADM00012557,ENC00033033,H003-D10-001,2026-07-14 23:41:29,2026-07-20 09:41:29,Admission
ADM00012559,ENC00033035,H001-D05-004,2026-08-13 19:36:43,2026-08-16 20:36:43,Admission
ADM00012560,ENC00033036,H002-D10-003,2026-08-24 05:43:48,2026-08-27 10:43:48,Admission
ADM00012561,ENC00033037,H002-D02-003,2026-07-27 10:19:27,2026-07-29 12:19:27,Admission
ADM00012562,ENC00033038,H003-D08-002,2026-08-16 17:16:38,2026-08-19 21:16:38,Admission
ADM00012563,ENC00033039,H003-D07-001,2026-07-21 13:05:58,2026-08-06 21:05:58,Admission
ADM00012564,ENC00033040,H002-D03-003,2026-08-28 14:30:34,2026-08-30 08:37:07,Admission
ADM00012564,ENC00033040,H002-D03-003,2026-08-30 08:37:07,2026-09-12 21:30:34,Transfer
ADM00012565,ENC00033041,H002-D05-002,2026-08-25 22:06:08,2026-08-30 07:06:08,Admission
ADM00012566,ENC00033042,H002-D07-002,2026-07-07 13:59:36,2026-07-21 14:59:36,Admission
ADM00012567,ENC00033043,H002-D04-002,2026-07-11 14:55:21,2026-07-15 20:55:21,Admission
ADM00012568,ENC00033044,H002-D03-003,2026-08-23 01:59:15,2026-08-28 08:59:15,Admission
ADM00012569,ENC00033045,H002-D06-001,2025-08-14 14:41:17,2025-08-16 19:41:17,Admission
ADM00012570,ENC00033046,H002-D01-003,2026-09-09 19:22:30,2026-09-15 04:22:30,Admission
ADM00012571,ENC00033047,H001-D07-001,2026-08-04 14:21:07,2026-08-16 00:21:07,Admission
ADM00012572,ENC00033048,H002-D02-003,2026-08-21 18:18:40,2026-08-22 17:28:16,Admission
ADM00012572,ENC00033048,H002-D02-003,2026-08-22 17:28:16,2026-08-24 20:18:40,Transfer
ADM00012573,ENC00033049,H003-D04-001,2026-07-10 16:30:56,2026-07-10 22:01:58,Admission
ADM00012573,ENC00033049,H003-D04-001,2026-07-10 22:01:58,2026-07-12 01:30:56,Transfer
ADM00012574,ENC00033050,H001-D01-002,2026-08-09 10:55:19,2026-08-19 12:55:19,Admission
ADM00012575,ENC00033051,H002-D03-002,2026-08-02 13:05:46,2026-08-06 17:05:46,Admission
ADM00012576,ENC00033052,H001-D06-003,2026-08-21 08:59:27,2026-08-21 17:44:46,Admission
ADM00012576,ENC00033052,H001-D06-001,2026-08-21 17:44:46,2026-08-22 10:39:24,Transfer
ADM00012576,ENC00033052,H001-D06-001,2026-08-22 10:39:24,2026-08-25 09:59:27,Transfer
ADM00012577,ENC00033053,H001-D10-004,2026-07-27 07:43:47,2026-07-31 13:43:47,Admission
ADM00012578,ENC00033054,H003-D05-002,2026-08-12 23:33:33,2026-08-18 06:33:33,Admission
ADM00012579,ENC00033055,H002-D01-001,2026-08-25 16:39:22,2026-08-26 21:24:14,Admission
ADM00012579,ENC00033055,H002-D01-001,2026-08-26 21:24:14,2026-08-29 10:30:41,Transfer
ADM00012579,ENC00033055,H002-D01-002,2026-08-29 10:30:41,2026-09-06 17:39:22,Transfer
ADM00012580,ENC00033056,H004-D10-001,2026-08-07 15:23:25,2026-08-12 21:23:25,Admission
ADM00012581,ENC00033057,H003-D06-001,2026-07-19 20:37:10,2026-07-24 01:37:10,Admission
ADM00012582,ENC00033058,H003-D09-001,2026-07-05 16:26:40,2026-07-19 20:26:40,Admission
ADM00012583,ENC00033059,H001-D04-004,2026-08-03 15:20:24,2026-08-04 04:56:55,Admission
ADM00012583,ENC00033059,H001-D04-002,2026-08-04 04:56:55,2026-08-06 02:20:24,Transfer
ADM00012584,ENC00033060,H002-D05-001,2026-08-05 16:40:57,2026-08-07 19:40:57,Admission
ADM00012585,ENC00033061,H002-D09-002,2026-08-27 06:01:42,2026-09-04 12:01:42,Admission
ADM00012586,ENC00033062,H001-D04-001,2026-08-13 17:45:47,2026-08-21 01:45:47,Admission
ADM00012587,ENC00033063,H003-D09-001,2026-08-12 00:08:49,2026-08-12 14:33:52,Admission
ADM00012587,ENC00033063,H003-D09-001,2026-08-12 14:33:52,2026-08-12 23:53:45,Transfer
ADM00012587,ENC00033063,H003-D09-001,2026-08-12 23:53:45,2026-08-16 08:08:49,Transfer
ADM00012588,ENC00033064,H004-D03-006,2026-08-19 07:32:35,2026-08-21 11:26:36,Admission
ADM00012588,ENC00033064,H004-D03-003,2026-08-21 11:26:36,2026-08-29 18:32:35,Transfer
ADM00012589,ENC00033065,H002-D08-003,2026-07-08 17:17:15,2026-07-09 00:20:49,Admission
ADM00012589,ENC00033065,H002-D08-001,2026-07-09 00:20:49,2026-07-09 09:46:41,Transfer
ADM00012589,ENC00033065,H002-D08-003,2026-07-09 09:46:41,2026-07-10 20:17:15,Transfer
ADM00012590,ENC00033066,H002-D08-003,2026-07-30 00:45:58,2026-08-11 11:45:58,Admission
ADM00012591,ENC00033067,H003-D06-002,2026-08-19 13:52:54,2026-08-20 12:49:24,Admission
ADM00012591,ENC00033067,H003-D06-001,2026-08-20 12:49:24,2026-08-22 22:52:54,Transfer
ADM00012592,ENC00033068,H002-D06-001,2026-07-18 04:36:20,2026-07-18 18:35:32,Admission
ADM00012592,ENC00033068,H002-D06-002,2026-07-18 18:35:32,2026-07-23 06:36:20,Transfer
ADM00012593,ENC00033069,H001-D08-003,2026-08-06 19:27:51,2026-08-08 06:52:46,Admission
ADM00012593,ENC00033069,H001-D08-002,2026-08-08 06:52:46,2026-08-12 02:27:51,Transfer
ADM00012594,ENC00033070,H001-D05-004,2026-08-13 21:42:00,2026-08-19 02:42:00,Admission
ADM00012595,ENC00033071,H003-D08-001,2026-07-08 09:54:57,2026-07-14 16:54:57,Admission
ADM00012596,ENC00033072,H003-D01-002,2026-08-07 01:11:29,2026-08-10 08:11:29,Admission
ADM00012597,ENC00033073,H002-D06-001,2026-07-16 20:56:33,2026-07-27 00:56:33,Admission
ADM00012598,ENC00033074,H001-D01-003,2026-08-18 18:32:08,2026-08-24 21:32:08,Admission
ADM00012600,ENC00033076,H001-D05-004,2026-07-25 02:57:46,2026-07-27 06:57:46,Admission
ADM00012601,ENC00033077,H003-D03-001,2026-08-13 10:37:23,2026-08-16 17:37:23,Admission
ADM00012602,ENC00033078,H001-D02-004,2026-07-09 11:14:27,2026-07-16 14:14:27,Admission
ADM00012604,ENC00033080,H002-D07-002,2026-07-08 08:08:10,2026-07-11 09:08:10,Admission
ADM00012605,ENC00033081,H001-D06-001,2025-12-01 10:14:12,2025-12-13 20:14:12,Admission
ADM00012606,ENC00033082,H003-D02-001,2026-07-22 00:01:13,2026-07-28 10:01:13,Admission
ADM00012607,ENC00033083,H001-D05-004,2026-08-14 21:33:13,2026-08-15 18:04:04,Admission
ADM00012607,ENC00033083,H001-D05-004,2026-08-15 18:04:04,2026-08-17 04:58:08,Transfer
ADM00012607,ENC00033083,H001-D05-001,2026-08-17 04:58:08,2026-08-24 07:33:13,Transfer
ADM00012608,ENC00033084,H001-D04-003,2026-08-03 01:55:58,2026-08-11 09:55:58,Admission
ADM00012609,ENC00033085,H001-D07-003,2026-07-05 20:12:54,2026-07-10 05:12:54,Admission
ADM00012610,ENC00033086,H001-D06-003,2026-08-21 04:37:45,2026-08-27 15:37:45,Admission
ADM00012611,ENC00033087,H002-D05-003,2026-07-03 06:25:28,2026-07-09 08:25:28,Admission
ADM00012612,ENC00033088,H003-D06-001,2026-08-15 02:26:08,2026-08-17 08:41:21,Admission
ADM00012612,ENC00033088,H003-D06-002,2026-08-17 08:41:21,2026-08-22 07:26:08,Transfer
ADM00012613,ENC00033089,H004-D03-002,2026-08-27 02:18:59,2026-08-28 06:48:54,Admission
ADM00012613,ENC00033089,H004-D03-004,2026-08-28 06:48:54,2026-09-03 10:18:59,Transfer
ADM00012614,ENC00033090,H002-D04-003,2026-03-27 12:21:07,2026-03-29 22:21:07,Admission
ADM00012615,ENC00033091,H002-D10-001,2026-07-20 19:07:20,2026-07-23 02:07:20,Admission
ADM00012616,ENC00033092,H003-D07-001,2026-04-15 01:20:43,2026-04-16 02:20:43,Admission
ADM00012617,ENC00033093,H003-D07-002,2026-08-18 04:04:17,2026-08-18 11:31:46,Admission
ADM00012617,ENC00033093,H003-D07-001,2026-08-18 11:31:46,2026-08-18 20:22:49,Transfer
ADM00012617,ENC00033093,H003-D07-002,2026-08-18 20:22:49,2026-08-22 12:04:17,Transfer
ADM00012618,ENC00033094,H003-D09-001,2026-08-06 16:01:31,2026-08-12 23:01:31,Admission
ADM00012619,ENC00033095,H002-D05-002,2026-07-06 17:49:54,2026-07-11 15:31:35,Admission
ADM00012619,ENC00033095,H002-D05-002,2026-07-11 15:31:35,2026-08-03 23:49:54,Transfer
ADM00012620,ENC00033096,H002-D01-003,2026-08-18 06:58:05,2026-08-19 08:34:20,Admission
ADM00012620,ENC00033096,H002-D01-002,2026-08-19 08:34:20,2026-08-28 09:58:05,Transfer
ADM00012621,ENC00033097,H002-D02-002,2026-07-18 16:42:26,2026-07-21 16:42:26,Admission
ADM00012622,ENC00033098,H002-D08-001,2026-08-30 16:55:38,2026-09-08 17:55:38,Admission
ADM00012623,ENC00033099,H003-D05-002,2026-08-26 20:21:12,2026-09-03 23:21:12,Admission
ADM00012625,ENC00033101,H002-D10-003,2026-08-04 03:52:21,2026-08-09 14:52:21,Admission
ADM00012626,ENC00033102,H002-D04-001,2026-07-26 07:52:24,2026-07-30 07:52:24,Admission
ADM00012627,ENC00033103,H001-D09-001,2026-07-21 07:43:37,2026-07-26 13:43:37,Admission
ADM00012628,ENC00033104,H001-D09-003,2026-07-30 16:37:41,2026-08-03 18:37:41,Admission
ADM00012629,ENC00033105,H003-D06-002,2026-08-11 14:38:04,2026-08-16 00:38:04,Admission
ADM00012631,ENC00033107,H001-D02-003,2026-07-07 02:34:36,2026-07-09 00:37:25,Admission
ADM00012631,ENC00033107,H001-D02-004,2026-07-09 00:37:25,2026-07-15 13:34:36,Transfer
ADM00012632,ENC00033108,H004-D10-003,2026-08-01 12:53:01,2026-08-20 17:53:01,Admission
ADM00012633,ENC00033109,H001-D06-004,2026-08-17 02:05:01,2026-08-20 02:05:01,Admission
ADM00012634,ENC00033110,H002-D09-001,2026-07-21 11:16:45,2026-07-24 12:16:45,Admission
ADM00012635,ENC00033111,H003-D03-001,2026-07-31 20:47:33,2026-08-13 02:47:33,Admission
ADM00012636,ENC00033112,H001-D08-002,2026-07-25 11:34:52,2026-07-28 11:34:52,Admission
ADM00012637,ENC00033113,H004-D10-005,2026-07-28 20:00:33,2026-08-06 03:00:33,Admission
ADM00012638,ENC00033114,H004-D10-002,2026-08-10 17:15:13,2026-08-16 01:15:13,Admission
ADM00012639,ENC00033115,H003-D07-001,2026-07-12 21:08:26,2026-07-25 02:08:26,Admission
ADM00012640,ENC00033116,H003-D10-001,2026-07-16 23:50:00,2026-07-22 01:50:00,Admission
ADM00012641,ENC00033117,H001-D10-003,2026-07-17 03:46:06,2026-07-19 14:46:06,Admission
ADM00012642,ENC00033118,H001-D05-004,2026-07-15 11:35:15,2026-07-16 03:46:38,Admission
ADM00012642,ENC00033118,H001-D05-001,2026-07-16 03:46:38,2026-07-21 14:35:15,Transfer
ADM00012644,ENC00033120,H001-D08-001,2026-08-24 18:22:16,2026-09-02 05:22:16,Admission
ADM00012645,ENC00033121,H002-D01-003,2026-08-11 13:05:23,2026-08-11 22:33:03,Admission
ADM00012645,ENC00033121,H002-D01-002,2026-08-11 22:33:03,2026-08-12 21:05:23,Transfer
ADM00012646,ENC00033122,H002-D03-001,2026-07-15 04:13:17,2026-07-19 03:43:57,Admission
ADM00012646,ENC00033122,H002-D03-003,2026-07-19 03:43:57,2026-07-26 15:13:17,Transfer
ADM00012647,ENC00033123,H001-D01-004,2026-08-06 06:48:56,2026-08-06 13:34:10,Admission
ADM00012647,ENC00033123,H001-D01-003,2026-08-06 13:34:10,2026-08-08 08:48:56,Transfer
ADM00012648,ENC00033124,H001-D06-003,2026-08-06 12:25:35,2026-08-10 19:25:35,Admission
ADM00012649,ENC00033125,H001-D05-002,2026-08-23 23:13:01,2026-08-26 03:08:39,Admission
ADM00012649,ENC00033125,H001-D05-003,2026-08-26 03:08:39,2026-09-01 07:13:01,Transfer
ADM00012650,ENC00033126,H004-D03-005,2026-08-27 16:58:36,2026-08-31 21:58:36,Admission
ADM00012651,ENC00033127,H002-D04-001,2026-08-03 12:58:04,2026-08-09 21:58:04,Admission
ADM00012652,ENC00033128,H003-D05-001,2026-07-05 11:36:27,2026-07-06 09:29:10,Admission
ADM00012652,ENC00033128,H003-D05-001,2026-07-06 09:29:10,2026-07-08 22:36:27,Transfer
ADM00012653,ENC00033129,H001-D01-003,2026-08-31 21:04:40,2026-09-01 12:51:58,Admission
ADM00012653,ENC00033129,H001-D01-004,2026-09-01 12:51:58,2026-09-05 01:04:40,Transfer
ADM00012654,ENC00033130,H003-D07-002,2026-08-27 08:40:17,2026-09-10 18:40:17,Admission
ADM00012655,ENC00033131,H001-D06-002,2026-07-23 11:08:35,2026-07-28 21:08:35,Admission
ADM00012656,ENC00033132,H003-D10-001,2026-07-11 14:12:33,2026-07-15 16:12:33,Admission
ADM00012657,ENC00033133,H001-D01-003,2026-08-26 23:06:26,2026-09-06 08:06:26,Admission
ADM00012658,ENC00033134,H001-D08-002,2026-07-22 21:23:32,2026-07-28 06:23:32,Admission
ADM00012659,ENC00033135,H002-D07-003,2026-08-17 20:52:04,2026-08-22 04:52:04,Admission
ADM00012660,ENC00033136,H003-D01-002,2026-07-05 00:54:16,2026-07-10 06:54:16,Admission
ADM00012661,ENC00033137,H003-D05-002,2026-08-06 17:30:01,2026-08-08 18:17:57,Admission
ADM00012661,ENC00033137,H003-D05-001,2026-08-08 18:17:57,2026-08-16 19:30:01,Transfer
ADM00012663,ENC00033139,H002-D02-002,2026-07-05 00:58:21,2026-07-10 11:58:21,Admission
ADM00012664,ENC00033140,H001-D06-002,2026-08-06 19:47:43,2026-08-07 11:41:56,Admission
ADM00012664,ENC00033140,H001-D06-003,2026-08-07 11:41:56,2026-08-10 21:47:43,Transfer
ADM00012665,ENC00033141,H001-D07-003,2026-07-30 23:59:45,2026-08-01 04:59:45,Admission
ADM00012666,ENC00033142,H003-D03-001,2026-08-09 00:26:32,2026-08-12 03:26:32,Admission
ADM00012667,ENC00033143,H001-D03-001,2026-07-15 13:44:50,2026-07-24 21:44:50,Admission
ADM00012668,ENC00033144,H001-D08-003,2026-08-24 04:27:41,2026-08-28 12:27:41,Admission
ADM00012669,ENC00033145,H001-D05-001,2026-08-10 11:52:28,2026-08-11 00:22:57,Admission
ADM00012669,ENC00033145,H001-D05-003,2026-08-11 00:22:57,2026-08-14 16:52:28,Transfer
ADM00012670,ENC00033146,H001-D10-001,2026-07-18 21:58:13,2026-07-20 22:58:13,Admission
ADM00012671,ENC00033147,H004-D03-001,2026-07-21 10:05:32,2026-07-22 18:05:13,Admission
ADM00012671,ENC00033147,H004-D03-005,2026-07-22 18:05:13,2026-07-27 18:05:32,Transfer
ADM00012672,ENC00033148,H003-D09-001,2026-07-26 15:17:52,2026-07-29 00:17:52,Admission
ADM00012673,ENC00033149,H002-D03-002,2026-07-18 20:35:24,2026-07-19 22:53:54,Admission
ADM00012673,ENC00033149,H002-D03-003,2026-07-19 22:53:54,2026-07-21 13:37:28,Transfer
ADM00012673,ENC00033149,H002-D03-002,2026-07-21 13:37:28,2026-07-29 06:35:24,Transfer
ADM00012674,ENC00033150,H001-D05-004,2026-07-06 15:02:23,2026-07-08 15:02:23,Admission
ADM00012675,ENC00033151,H002-D02-003,2026-07-29 20:39:28,2026-09-01 06:39:28,Admission
ADM00012676,ENC00033152,H001-D05-004,2026-08-21 09:07:46,2026-08-28 11:07:46,Admission
ADM00012677,ENC00033153,H002-D07-002,2026-07-08 06:55:14,2026-07-14 13:55:14,Admission
ADM00012678,ENC00033154,H003-D01-001,2026-08-09 18:09:26,2026-08-15 09:12:34,Admission
ADM00012678,ENC00033154,H003-D01-001,2026-08-15 09:12:34,2026-09-01 22:09:26,Transfer
ADM00012679,ENC00033155,H003-D09-001,2026-07-10 04:56:52,2026-07-16 05:56:52,Admission
ADM00012680,ENC00033156,H001-D03-002,2026-08-25 18:41:59,2026-08-27 13:56:49,Admission
ADM00012680,ENC00033156,H001-D03-002,2026-08-27 13:56:49,2026-08-28 15:33:15,Transfer
ADM00012680,ENC00033156,H001-D03-003,2026-08-28 15:33:15,2026-09-05 05:41:59,Transfer
ADM00012681,ENC00033157,H002-D10-003,2026-08-10 09:22:59,2026-08-18 09:22:59,Admission
ADM00012682,ENC00033158,H002-D03-003,2026-08-07 20:48:39,2026-08-13 07:48:39,Admission
ADM00012683,ENC00033159,H003-D09-001,2026-01-16 12:35:41,2026-01-21 13:35:41,Admission
ADM00012684,ENC00033160,H003-D05-002,2026-08-17 04:43:28,2026-09-03 07:43:28,Admission
ADM00012686,ENC00033162,H002-D05-001,2026-08-18 22:30:13,2026-08-20 12:14:51,Admission
ADM00012686,ENC00033162,H002-D05-002,2026-08-20 12:14:51,2026-08-29 06:30:13,Transfer
ADM00012687,ENC00033163,H001-D08-001,2026-03-21 18:54:44,2026-03-22 17:25:22,Admission
ADM00012687,ENC00033163,H001-D08-001,2026-03-22 17:25:22,2026-03-24 22:54:44,Transfer
ADM00012688,ENC00033164,H003-D01-002,2026-07-27 12:31:52,2026-07-30 16:31:52,Admission
ADM00012690,ENC00033166,H002-D09-002,2026-07-04 11:18:28,2026-07-09 13:18:28,Admission
ADM00012691,ENC00033167,H001-D01-005,2026-07-20 03:16:49,2026-07-21 08:16:49,Admission
ADM00012692,ENC00033168,H003-D05-001,2026-07-26 10:31:28,2026-07-29 13:12:00,Admission
ADM00012692,ENC00033168,H003-D05-002,2026-07-29 13:12:00,2026-08-06 10:31:28,Transfer
ADM00012693,ENC00033169,H001-D07-004,2026-07-14 08:00:48,2026-07-16 19:00:48,Admission
ADM00012694,ENC00033170,H002-D10-002,2026-08-21 02:01:30,2026-08-23 04:01:30,Admission
ADM00012695,ENC00033171,H001-D09-001,2026-08-11 11:53:54,2026-08-17 15:53:54,Admission
ADM00012696,ENC00033172,H001-D05-002,2026-08-16 15:16:41,2026-08-20 17:16:41,Admission
ADM00012697,ENC00033173,H002-D05-003,2026-07-03 13:53:39,2026-07-13 17:53:39,Admission
ADM00012698,ENC00033174,H003-D10-001,2026-07-26 01:02:45,2026-07-26 09:42:22,Admission
ADM00012698,ENC00033174,H003-D10-001,2026-07-26 09:42:22,2026-07-26 23:22:44,Transfer
ADM00012698,ENC00033174,H003-D10-001,2026-07-26 23:22:44,2026-07-29 08:02:45,Transfer
ADM00012699,ENC00033175,H002-D05-003,2026-07-18 15:27:40,2026-07-19 22:27:40,Admission
ADM00012700,ENC00033176,H002-D02-002,2026-07-04 19:24:12,2026-07-08 05:24:12,Admission
ADM00012701,ENC00033177,H002-D03-001,2026-07-10 15:13:32,2026-07-11 06:19:30,Admission
ADM00012701,ENC00033177,H002-D03-003,2026-07-11 06:19:30,2026-07-13 19:13:32,Transfer
ADM00012702,ENC00033178,H002-D02-001,2026-07-20 08:34:18,2026-07-21 00:46:24,Admission
ADM00012702,ENC00033178,H002-D02-002,2026-07-21 00:46:24,2026-07-25 17:34:18,Transfer
ADM00012703,ENC00033179,H001-D05-003,2026-07-20 03:47:47,2026-08-04 07:47:47,Admission
ADM00012704,ENC00033180,H001-D04-002,2026-01-10 13:33:24,2026-01-12 23:33:24,Admission
ADM00012706,ENC00033182,H002-D10-001,2026-08-21 21:04:02,2026-08-28 07:04:02,Admission
ADM00012707,ENC00033183,H002-D10-002,2025-10-17 00:14:35,2025-11-06 00:14:35,Admission
ADM00012708,ENC00033184,H003-D09-001,2025-06-02 08:02:10,2025-06-12 19:02:10,Admission
ADM00012709,ENC00033185,H001-D09-002,2026-07-22 18:51:25,2026-07-25 20:51:25,Admission
ADM00012711,ENC00033187,H001-D01-002,2026-08-21 20:13:55,2026-08-24 23:13:55,Admission
ADM00012712,ENC00033188,H002-D08-003,2026-07-28 16:55:49,2026-08-01 22:55:49,Admission
ADM00012713,ENC00033189,H001-D10-001,2026-07-04 19:15:14,2026-07-30 23:15:14,Admission
ADM00012714,ENC00033190,H001-D02-001,2026-08-13 21:07:52,2026-08-15 04:20:14,Admission
ADM00012714,ENC00033190,H001-D02-001,2026-08-15 04:20:14,2026-08-17 21:07:52,Transfer
ADM00012715,ENC00033191,H001-D02-003,2026-08-29 16:43:58,2026-09-05 01:43:58,Admission
ADM00012716,ENC00033192,H004-D10-001,2026-07-05 23:21:11,2026-07-18 02:21:11,Admission
ADM00012717,ENC00033193,H003-D09-001,2026-08-17 16:44:49,2026-08-21 02:44:49,Admission
ADM00012718,ENC00033194,H001-D10-002,2026-08-01 03:41:31,2026-08-07 03:41:31,Admission
ADM00012719,ENC00033195,H002-D10-002,2026-08-14 16:56:42,2026-08-20 20:56:42,Admission
ADM00012720,ENC00033196,H003-D02-002,2026-08-31 10:32:45,2026-09-04 18:32:45,Admission
ADM00012721,ENC00033197,H001-D06-001,2026-07-05 16:32:39,2026-07-07 21:32:39,Admission
ADM00012722,ENC00033198,H002-D04-003,2026-07-16 04:29:41,2026-07-24 06:29:41,Admission
ADM00012723,ENC00033199,H003-D01-001,2026-07-22 02:54:07,2026-07-28 04:54:07,Admission
ADM00012724,ENC00033200,H001-D07-001,2026-08-07 14:07:04,2026-08-15 23:07:04,Admission
ADM00012725,ENC00033201,H003-D02-002,2026-08-13 17:12:14,2026-08-16 04:12:14,Admission
ADM00012726,ENC00033202,H002-D05-002,2026-07-27 18:20:05,2026-07-31 22:20:05,Admission
ADM00012727,ENC00033203,H001-D02-001,2026-08-19 03:12:34,2026-08-20 13:12:34,Admission
ADM00012728,ENC00033204,H002-D06-002,2026-08-02 14:17:57,2026-08-07 23:17:57,Admission
ADM00012729,ENC00033205,H001-D08-001,2026-08-25 17:33:24,2026-08-28 19:33:24,Admission
ADM00012730,ENC00033206,H001-D09-002,2026-08-26 20:02:43,2026-09-02 02:02:43,Admission
ADM00012731,ENC00033207,H004-D03-003,2026-08-24 04:15:53,2026-08-29 05:15:53,Admission
ADM00012733,ENC00033209,H002-D09-003,2026-07-29 21:48:29,2026-07-31 02:09:38,Admission
ADM00012733,ENC00033209,H002-D09-002,2026-07-31 02:09:38,2026-08-04 07:48:29,Transfer
ADM00012734,ENC00033210,H001-D04-002,2026-08-19 22:24:36,2026-08-24 03:24:36,Admission
ADM00012735,ENC00033211,H002-D06-003,2026-07-09 18:07:19,2026-07-13 21:07:19,Admission
ADM00012736,ENC00033212,H001-D05-001,2026-07-18 19:14:10,2026-07-22 02:14:10,Admission
ADM00012737,ENC00033213,H002-D07-002,2026-07-16 05:20:00,2026-07-27 15:20:00,Admission
ADM00012738,ENC00033214,H003-D01-001,2026-08-01 00:18:04,2026-08-01 17:02:37,Admission
ADM00012738,ENC00033214,H003-D01-001,2026-08-01 17:02:37,2026-08-04 01:18:04,Transfer
ADM00012739,ENC00033215,H001-D01-002,2026-07-29 13:22:22,2026-08-07 14:22:22,Admission
ADM00012740,ENC00033216,H004-D03-004,2026-07-22 13:42:47,2026-07-23 10:37:35,Admission
ADM00012740,ENC00033216,H004-D03-003,2026-07-23 10:37:35,2026-07-25 19:42:47,Transfer
ADM00012741,ENC00033217,H001-D05-001,2026-08-10 15:17:15,2026-08-11 22:17:15,Admission
ADM00012742,ENC00033218,H001-D03-001,2026-08-08 21:02:28,2026-08-17 02:02:28,Admission
ADM00012744,ENC00033220,H003-D06-002,2026-08-06 18:10:59,2026-08-16 00:10:59,Admission
ADM00012745,ENC00033221,H003-D06-001,2026-08-15 05:44:24,2026-08-17 06:44:24,Admission
ADM00012746,ENC00033222,H003-D09-001,2026-05-03 21:37:14,2026-05-09 00:37:14,Admission
ADM00012747,ENC00033223,H001-D06-003,2026-07-31 13:49:56,2026-08-05 15:49:56,Admission
ADM00012748,ENC00033224,H002-D09-002,2026-07-26 04:01:44,2026-07-30 12:01:44,Admission
ADM00012749,ENC00033225,H003-D02-002,2026-07-26 05:44:05,2026-07-26 16:39:25,Admission
ADM00012749,ENC00033225,H003-D02-001,2026-07-26 16:39:25,2026-07-29 16:44:05,Transfer
ADM00012750,ENC00033226,H002-D06-003,2026-07-27 14:11:10,2026-07-29 00:40:04,Admission
ADM00012750,ENC00033226,H002-D06-001,2026-07-29 00:40:04,2026-08-03 16:11:10,Transfer
ADM00012751,ENC00033227,H003-D04-002,2026-07-07 16:10:48,2026-07-16 01:10:48,Admission
ADM00012752,ENC00033228,H003-D07-002,2026-08-17 07:29:38,2026-08-20 01:19:19,Admission
ADM00012752,ENC00033228,H003-D07-002,2026-08-20 01:19:19,2026-08-27 18:29:38,Transfer
ADM00012753,ENC00033229,H002-D03-001,2026-07-15 14:39:01,2026-07-16 02:07:49,Admission
ADM00012753,ENC00033229,H002-D03-003,2026-07-16 02:07:49,2026-07-16 23:39:56,Transfer
ADM00012753,ENC00033229,H002-D03-002,2026-07-16 23:39:56,2026-07-19 15:39:01,Transfer
ADM00012754,ENC00033230,H001-D05-003,2026-07-06 19:33:21,2026-07-08 03:33:21,Admission
ADM00012755,ENC00033231,H001-D02-004,2026-08-31 11:10:49,2026-09-02 20:10:49,Admission
ADM00012756,ENC00033232,H003-D08-002,2026-07-13 20:30:36,2026-07-16 05:30:36,Admission
ADM00012757,ENC00033233,H001-D02-001,2026-08-06 10:15:20,2026-08-07 11:41:54,Admission
ADM00012757,ENC00033233,H001-D02-002,2026-08-07 11:41:54,2026-08-08 00:09:35,Transfer
ADM00012757,ENC00033233,H001-D02-002,2026-08-08 00:09:35,2026-08-13 12:15:20,Transfer
ADM00012758,ENC00033234,H003-D06-001,2026-04-03 17:12:44,2026-04-09 22:12:44,Admission
ADM00012759,ENC00033235,H004-D10-004,2026-08-16 12:56:07,2026-08-18 21:45:27,Admission
ADM00012759,ENC00033235,H004-D10-005,2026-08-18 21:45:27,2026-08-23 14:56:07,Transfer
ADM00012760,ENC00033236,H001-D04-001,2026-07-09 08:57:50,2026-07-15 19:57:50,Admission
ADM00012761,ENC00033237,H004-D03-003,2026-08-18 22:41:43,2026-08-21 01:41:43,Admission
ADM00012762,ENC00033238,H001-D06-004,2026-07-16 12:51:31,2026-07-16 23:23:07,Admission
ADM00012762,ENC00033238,H001-D06-001,2026-07-16 23:23:07,2026-07-17 21:51:31,Transfer
ADM00012763,ENC00033239,H001-D02-001,2026-08-15 20:51:57,2026-08-24 02:51:57,Admission
ADM00012764,ENC00033240,H003-D05-002,2026-07-11 17:20:39,2026-07-14 04:20:39,Admission
ADM00012765,ENC00033241,H002-D09-001,2026-07-19 15:51:35,2026-07-22 02:24:08,Admission
ADM00012765,ENC00033241,H002-D09-002,2026-07-22 02:24:08,2026-07-29 22:51:35,Transfer
ADM00012766,ENC00033242,H002-D02-003,2026-07-29 04:44:58,2026-08-08 15:44:58,Admission
ADM00012767,ENC00033243,H003-D02-002,2026-01-02 18:29:25,2026-01-08 01:29:25,Admission
ADM00012768,ENC00033244,H002-D09-003,2026-07-28 07:30:24,2026-08-03 10:30:24,Admission
ADM00012769,ENC00033245,H001-D08-003,2026-07-23 21:02:20,2026-07-27 21:02:20,Admission
ADM00012770,ENC00033246,H002-D05-003,2026-08-06 00:39:24,2026-08-07 02:39:03,Admission
ADM00012770,ENC00033246,H002-D05-002,2026-08-07 02:39:03,2026-08-09 04:39:24,Transfer
ADM00012771,ENC00033247,H001-D06-002,2026-08-31 22:23:55,2026-09-11 08:23:55,Admission
ADM00012772,ENC00033248,H003-D07-001,2026-08-16 19:07:00,2026-08-19 05:07:00,Admission
ADM00012773,ENC00033249,H003-D01-001,2026-07-13 23:12:18,2026-07-16 02:12:18,Admission
ADM00012774,ENC00033250,H004-D10-004,2026-08-10 16:13:36,2026-08-15 00:13:36,Admission
ADM00012776,ENC00033252,H001-D01-002,2026-07-08 02:31:22,2026-07-09 16:02:02,Admission
ADM00012776,ENC00033252,H001-D01-005,2026-07-09 16:02:02,2026-07-13 03:31:22,Transfer
ADM00012777,ENC00033253,H003-D05-001,2026-08-02 06:14:45,2026-08-02 10:14:40,Admission
ADM00012777,ENC00033253,H003-D05-001,2026-08-02 10:14:40,2026-08-03 10:14:45,Transfer
ADM00012778,ENC00033254,H001-D09-001,2026-07-22 09:16:29,2026-07-27 15:16:29,Admission
ADM00012779,ENC00033255,H002-D03-002,2025-07-14 04:45:39,2025-07-25 10:45:39,Admission
ADM00012780,ENC00033256,H002-D09-002,2026-08-05 03:09:07,2026-08-09 12:09:07,Admission
ADM00012781,ENC00033257,H002-D07-001,2026-07-10 13:53:51,2026-07-12 00:53:51,Admission
ADM00012782,ENC00033258,H002-D05-001,2026-07-20 17:44:39,2026-07-21 03:40:42,Admission
ADM00012782,ENC00033258,H002-D05-002,2026-07-21 03:40:42,2026-07-23 00:44:39,Transfer
ADM00012783,ENC00033259,H001-D02-002,2026-07-08 04:10:35,2026-07-08 08:41:43,Admission
ADM00012783,ENC00033259,H001-D02-004,2026-07-08 08:41:43,2026-07-09 04:10:35,Transfer
ADM00012784,ENC00033260,H002-D06-002,2026-08-05 07:37:41,2026-08-08 09:37:41,Admission
ADM00012785,ENC00033261,H001-D07-004,2026-07-22 13:19:38,2026-07-26 19:19:38,Admission
ADM00012786,ENC00033262,H003-D06-002,2026-07-13 21:42:44,2026-07-14 20:28:52,Admission
ADM00012786,ENC00033262,H003-D06-002,2026-07-14 20:28:52,2026-07-15 06:39:03,Transfer
ADM00012786,ENC00033262,H003-D06-001,2026-07-15 06:39:03,2026-07-18 07:42:44,Transfer
ADM00012787,ENC00033263,H003-D05-002,2026-07-26 18:09:55,2026-07-30 04:09:55,Admission
ADM00012788,ENC00033264,H004-D03-005,2026-07-20 05:07:29,2026-07-22 09:07:29,Admission
ADM00012789,ENC00033265,H001-D08-001,2026-08-29 04:47:30,2026-09-08 06:47:30,Admission
ADM00012790,ENC00033266,H003-D05-001,2026-08-05 12:14:32,2026-08-07 02:30:41,Admission
ADM00012790,ENC00033266,H003-D05-001,2026-08-07 02:30:41,2026-08-14 17:14:32,Transfer
ADM00012791,ENC00033267,H003-D09-001,2026-08-24 20:15:01,2026-09-11 04:15:01,Admission
ADM00012792,ENC00033268,H003-D06-002,2026-08-15 04:32:52,2026-08-17 04:32:52,Admission
ADM00012793,ENC00033269,H002-D08-002,2026-08-12 06:51:35,2026-08-16 16:51:35,Admission
ADM00012794,ENC00033270,H003-D01-001,2026-08-02 03:58:32,2026-08-04 11:58:32,Admission
ADM00012795,ENC00033271,H002-D08-001,2026-08-19 04:00:54,2026-08-24 14:00:54,Admission
ADM00012796,ENC00033272,H001-D05-003,2026-08-01 08:41:27,2026-08-02 17:41:27,Admission
ADM00012797,ENC00033273,H002-D03-002,2026-07-13 19:11:44,2026-07-19 03:11:44,Admission
ADM00012798,ENC00033274,H001-D06-003,2026-08-01 07:42:47,2026-08-04 18:42:47,Admission
ADM00012799,ENC00033275,H001-D04-003,2026-07-30 10:04:03,2026-08-09 20:04:03,Admission
ADM00012800,ENC00033276,H002-D06-001,2026-08-19 03:24:13,2026-08-22 20:15:11,Admission
ADM00012800,ENC00033276,H002-D06-001,2026-08-22 20:15:11,2026-09-06 08:24:13,Transfer
ADM00012801,ENC00033277,H003-D04-002,2026-08-13 04:37:08,2026-08-16 09:37:08,Admission
ADM00012802,ENC00033278,H001-D10-004,2026-08-15 06:35:23,2026-08-16 12:35:23,Admission
ADM00012803,ENC00033279,H002-D01-002,2026-08-24 16:03:36,2026-08-25 00:53:02,Admission
ADM00012803,ENC00033279,H002-D01-003,2026-08-25 00:53:02,2026-08-26 01:03:36,Transfer
ADM00012804,ENC00033280,H001-D08-001,2026-07-29 19:59:31,2026-08-02 03:59:31,Admission
ADM00012805,ENC00033281,H003-D07-001,2026-07-23 18:37:02,2026-08-17 00:37:02,Admission
ADM00012806,ENC00033282,H002-D09-003,2026-08-19 16:32:56,2026-08-21 17:32:56,Admission
ADM00012807,ENC00033283,H001-D09-003,2026-08-18 15:15:11,2026-08-19 18:56:25,Admission
ADM00012807,ENC00033283,H001-D09-004,2026-08-19 18:56:25,2026-08-22 01:15:11,Transfer
ADM00012808,ENC00033284,H003-D06-001,2026-08-10 00:19:10,2026-08-13 09:19:10,Admission
ADM00012809,ENC00033285,H002-D09-001,2026-08-24 01:24:02,2026-08-28 07:24:02,Admission
ADM00012810,ENC00033286,H002-D02-003,2026-08-22 21:41:16,2026-08-27 07:41:16,Admission
ADM00012811,ENC00033287,H004-D10-001,2026-07-14 08:13:50,2026-07-23 15:13:50,Admission
ADM00012812,ENC00033288,H003-D06-002,2025-11-03 21:33:43,2025-11-12 00:33:43,Admission
ADM00012813,ENC00033289,H001-D04-004,2026-07-19 21:44:51,2026-07-24 02:44:51,Admission
ADM00012814,ENC00033290,H003-D05-002,2026-08-24 10:39:15,2026-08-28 00:31:32,Admission
ADM00012814,ENC00033290,H003-D05-002,2026-08-28 00:31:32,2026-09-08 21:39:15,Transfer
ADM00012815,ENC00033291,H002-D10-002,2026-08-13 16:31:56,2026-08-30 23:31:56,Admission
ADM00012816,ENC00033292,H004-D10-001,2026-07-20 23:45:06,2026-07-21 13:26:02,Admission
ADM00012816,ENC00033292,H004-D10-004,2026-07-21 13:26:02,2026-07-24 09:45:06,Transfer
ADM00012817,ENC00033293,H001-D05-002,2025-07-28 08:42:51,2025-07-30 10:42:51,Admission
ADM00012818,ENC00033294,H001-D04-002,2026-07-28 22:09:09,2026-08-05 02:09:09,Admission
ADM00012819,ENC00033295,H003-D07-002,2026-08-29 21:32:47,2026-09-03 03:32:47,Admission
ADM00012820,ENC00033296,H004-D03-002,2026-07-04 23:51:51,2026-07-13 09:51:51,Admission
ADM00012821,ENC00033297,H002-D08-001,2026-08-18 06:41:40,2026-08-24 06:41:40,Admission
ADM00012822,ENC00033298,H002-D08-001,2026-07-09 01:15:50,2026-07-21 05:15:50,Admission
ADM00012823,ENC00033299,H003-D08-001,2026-07-27 19:26:55,2026-08-03 20:26:55,Admission
ADM00012824,ENC00033300,H004-D10-005,2026-08-22 19:59:13,2026-08-26 02:59:13,Admission
ADM00012825,ENC00033301,H003-D06-002,2026-08-19 09:21:46,2026-08-19 20:37:58,Admission
ADM00012825,ENC00033301,H003-D06-001,2026-08-19 20:37:58,2026-08-20 21:39:56,Transfer
ADM00012825,ENC00033301,H003-D06-002,2026-08-20 21:39:56,2026-08-26 09:21:46,Transfer
ADM00012826,ENC00033302,H001-D07-002,2026-07-16 20:24:05,2026-07-23 07:24:05,Admission
ADM00012827,ENC00033303,H001-D10-003,2026-07-21 07:14:24,2026-07-27 17:14:24,Admission
ADM00012828,ENC00033304,H001-D07-002,2026-07-26 05:26:59,2026-07-29 14:26:59,Admission
ADM00012829,ENC00033305,H002-D03-002,2026-08-20 09:22:58,2026-08-21 09:22:58,Admission
ADM00012830,ENC00033306,H001-D01-001,2026-08-09 09:55:35,2026-08-18 16:55:35,Admission
ADM00012831,ENC00033307,H001-D08-001,2026-08-29 09:16:48,2026-09-02 13:16:48,Admission
ADM00012832,ENC00033308,H001-D06-002,2026-07-29 20:37:34,2026-08-01 03:37:34,Admission
ADM00012833,ENC00033309,H002-D09-002,2026-07-08 10:15:24,2026-07-11 20:15:24,Admission
ADM00012834,ENC00033310,H002-D10-002,2026-07-16 05:42:29,2026-07-18 15:42:29,Admission
ADM00012835,ENC00033311,H003-D09-001,2026-08-11 08:57:15,2026-08-12 18:57:15,Admission
ADM00012836,ENC00033312,H001-D04-002,2026-07-15 12:44:37,2026-07-15 23:18:00,Admission
ADM00012836,ENC00033312,H001-D04-002,2026-07-15 23:18:00,2026-07-18 12:44:37,Transfer
ADM00012837,ENC00033313,H004-D10-004,2026-08-19 05:39:24,2026-08-19 20:06:09,Admission
ADM00012837,ENC00033313,H004-D10-005,2026-08-19 20:06:09,2026-08-21 05:39:24,Transfer
ADM00012838,ENC00033314,H003-D07-002,2026-08-19 20:36:14,2026-08-24 20:36:14,Admission
ADM00012839,ENC00033315,H001-D06-001,2026-08-10 07:02:17,2026-08-25 11:02:17,Admission
ADM00012840,ENC00033316,H003-D09-001,2026-07-05 04:12:56,2026-07-08 08:12:56,Admission
ADM00012841,ENC00033317,H002-D10-001,2026-08-25 14:26:54,2026-08-27 15:26:54,Admission
ADM00012842,ENC00033318,H001-D09-002,2026-08-08 10:47:53,2026-08-09 03:14:15,Admission
ADM00012842,ENC00033318,H001-D09-002,2026-08-09 03:14:15,2026-08-13 20:47:53,Transfer
ADM00012843,ENC00033319,H003-D05-001,2026-08-01 15:34:04,2026-08-03 10:37:07,Admission
ADM00012843,ENC00033319,H003-D05-002,2026-08-03 10:37:07,2026-08-04 23:21:48,Transfer
ADM00012843,ENC00033319,H003-D05-001,2026-08-04 23:21:48,2026-08-21 23:34:04,Transfer
ADM00012844,ENC00033320,H003-D08-001,2026-07-09 09:12:02,2026-07-20 19:12:02,Admission
ADM00012845,ENC00033321,H002-D02-002,2026-08-07 03:02:01,2026-08-07 19:23:11,Admission
ADM00012845,ENC00033321,H002-D02-003,2026-08-07 19:23:11,2026-08-10 12:02:01,Transfer
ADM00012846,ENC00033322,H003-D08-002,2026-07-04 11:52:55,2026-07-12 18:52:55,Admission
ADM00012847,ENC00033323,H002-D08-003,2025-06-21 09:01:09,2025-06-25 18:01:09,Admission
ADM00012848,ENC00033324,H002-D08-002,2026-08-14 21:13:14,2026-08-27 05:13:14,Admission
ADM00012849,ENC00033325,H001-D05-004,2026-07-28 18:32:59,2026-08-01 04:32:59,Admission
ADM00012850,ENC00033326,H001-D09-003,2026-07-18 11:51:26,2026-07-22 13:32:04,Admission
ADM00012850,ENC00033326,H001-D09-001,2026-07-22 13:32:04,2026-08-01 16:51:26,Transfer
ADM00012851,ENC00033327,H001-D01-004,2026-08-22 16:21:45,2026-08-22 21:40:02,Admission
ADM00012851,ENC00033327,H001-D01-004,2026-08-22 21:40:02,2026-08-23 07:23:50,Transfer
ADM00012851,ENC00033327,H001-D01-003,2026-08-23 07:23:50,2026-08-24 21:21:45,Transfer
ADM00012852,ENC00033328,H002-D08-003,2026-08-17 08:57:29,2026-08-22 18:57:29,Admission
ADM00012853,ENC00033329,H001-D10-001,2026-07-09 10:23:12,2026-07-18 21:23:12,Admission
ADM00012854,ENC00033330,H003-D01-001,2026-07-17 19:25:56,2026-07-22 13:35:45,Admission
ADM00012854,ENC00033330,H003-D01-001,2026-07-22 13:35:45,2026-08-07 04:25:56,Transfer
ADM00012855,ENC00033331,H003-D07-002,2026-08-22 13:47:43,2026-08-26 14:47:43,Admission
ADM00012856,ENC00033332,H001-D07-001,2026-08-18 03:22:23,2026-08-24 14:22:23,Admission
ADM00012857,ENC00033333,H002-D04-001,2026-08-11 10:04:21,2026-08-15 19:04:21,Admission
ADM00012858,ENC00033334,H002-D05-002,2025-12-22 15:03:56,2026-01-06 18:03:56,Admission
ADM00012859,ENC00033335,H002-D06-002,2026-08-30 20:45:33,2026-09-05 05:45:33,Admission
ADM00012861,ENC00033337,H003-D06-002,2026-07-13 11:16:54,2026-07-19 19:16:54,Admission
ADM00012862,ENC00033338,H002-D01-003,2026-07-04 13:00:35,2026-07-08 19:00:35,Admission
ADM00012863,ENC00033339,H003-D02-002,2026-08-13 19:58:41,2026-08-15 04:58:41,Admission
ADM00012864,ENC00033340,H001-D09-004,2026-08-27 02:06:15,2026-09-02 12:06:15,Admission
ADM00012865,ENC00033341,H001-D03-002,2026-07-19 15:41:17,2026-07-24 15:41:17,Admission
ADM00012866,ENC00033342,H001-D08-004,2026-08-07 00:07:00,2026-08-14 04:07:00,Admission
ADM00012867,ENC00033343,H001-D04-003,2026-08-23 04:30:12,2026-08-30 12:30:12,Admission
ADM00012868,ENC00033344,H003-D04-001,2026-08-10 11:33:37,2026-08-17 16:33:37,Admission
ADM00012869,ENC00033345,H003-D04-001,2026-07-31 15:36:48,2026-08-01 04:44:29,Admission
ADM00012869,ENC00033345,H003-D04-001,2026-08-01 04:44:29,2026-08-02 19:36:48,Transfer
ADM00012870,ENC00033346,H001-D04-003,2026-07-10 13:01:54,2026-07-13 21:01:54,Admission
ADM00012871,ENC00033347,H002-D02-002,2026-08-31 15:00:10,2026-09-05 23:00:10,Admission
ADM00012872,ENC00033348,H001-D07-003,2026-07-05 02:20:18,2026-07-05 10:25:26,Admission
ADM00012872,ENC00033348,H001-D07-004,2026-07-05 10:25:26,2026-07-07 09:20:18,Transfer
ADM00012873,ENC00033349,H003-D09-001,2026-08-03 19:00:15,2026-08-07 03:00:15,Admission
ADM00012875,ENC00033351,H002-D09-003,2026-07-21 21:53:45,2026-07-23 02:35:38,Admission
ADM00012875,ENC00033351,H002-D09-002,2026-07-23 02:35:38,2026-07-23 19:52:33,Transfer
ADM00012875,ENC00033351,H002-D09-002,2026-07-23 19:52:33,2026-07-27 01:53:45,Transfer
ADM00012877,ENC00033353,H001-D02-001,2026-07-29 08:16:48,2026-07-30 05:31:07,Admission
ADM00012877,ENC00033353,H001-D02-001,2026-07-30 05:31:07,2026-08-06 16:16:48,Transfer
ADM00012878,ENC00033354,H003-D02-001,2026-07-09 15:33:18,2026-07-12 23:33:18,Admission
ADM00012879,ENC00033355,H001-D07-001,2026-07-09 11:16:32,2026-07-14 22:16:32,Admission
ADM00012880,ENC00033356,H004-D03-003,2026-02-21 22:55:14,2026-03-02 09:55:14,Admission
ADM00012882,ENC00033358,H002-D07-002,2026-07-08 15:16:00,2026-07-12 19:16:00,Admission
ADM00012883,ENC00033359,H002-D03-003,2026-07-18 02:42:53,2026-07-20 12:42:53,Admission
ADM00012884,ENC00033360,H002-D02-003,2025-11-03 23:12:23,2025-11-10 06:12:23,Admission
ADM00012885,ENC00033361,H002-D04-003,2026-07-24 14:27:21,2026-07-28 17:27:21,Admission
ADM00012886,ENC00033362,H003-D03-002,2026-08-29 12:39:52,2026-09-03 21:39:52,Admission
ADM00012887,ENC00033363,H002-D06-002,2026-07-24 19:30:23,2026-07-29 03:30:23,Admission
ADM00012888,ENC00033364,H003-D10-001,2026-07-12 18:38:30,2026-07-24 19:38:30,Admission
ADM00012889,ENC00033365,H003-D09-001,2026-07-03 10:23:37,2026-07-06 15:23:37,Admission
ADM00012890,ENC00033366,H002-D04-001,2026-08-26 01:44:39,2026-08-30 09:44:39,Admission
ADM00012891,ENC00033367,H003-D04-002,2026-07-28 02:23:12,2026-07-30 09:23:12,Admission
ADM00012892,ENC00033368,H001-D03-002,2026-08-31 12:35:29,2026-09-02 03:55:19,Admission
ADM00012892,ENC00033368,H001-D03-004,2026-09-02 03:55:19,2026-09-05 15:35:29,Transfer
ADM00012893,ENC00033369,H001-D10-004,2026-07-17 08:17:35,2026-07-20 16:26:57,Admission
ADM00012893,ENC00033369,H001-D10-004,2026-07-20 16:26:57,2026-08-05 15:17:35,Transfer
ADM00012894,ENC00033370,H001-D09-003,2025-06-11 13:17:02,2025-06-11 23:59:32,Admission
ADM00012894,ENC00033370,H001-D09-003,2025-06-11 23:59:32,2025-06-14 22:17:02,Transfer
ADM00012895,ENC00033371,H001-D02-004,2026-08-24 13:42:27,2026-08-25 01:49:44,Admission
ADM00012895,ENC00033371,H001-D02-003,2026-08-25 01:49:44,2026-08-26 14:42:27,Transfer
ADM00012896,ENC00033372,H002-D09-002,2026-08-04 00:36:30,2026-08-05 20:59:57,Admission
ADM00012896,ENC00033372,H002-D09-003,2026-08-05 20:59:57,2026-08-10 08:36:30,Transfer
ADM00012897,ENC00033373,H002-D08-001,2025-06-29 00:42:36,2025-07-09 07:42:36,Admission
ADM00012898,ENC00033374,H002-D07-002,2026-07-10 23:57:43,2026-07-13 03:57:43,Admission
ADM00012899,ENC00033375,H003-D01-002,2026-05-23 15:27:48,2026-05-26 16:27:48,Admission
ADM00012901,ENC00033377,H002-D07-002,2026-07-30 09:15:55,2026-08-07 19:15:55,Admission
ADM00012902,ENC00033378,H002-D07-001,2026-08-28 16:23:31,2026-09-02 17:23:31,Admission
ADM00012903,ENC00033379,H001-D05-002,2026-08-20 17:34:42,2026-08-21 17:47:21,Admission
ADM00012903,ENC00033379,H001-D05-004,2026-08-21 17:47:21,2026-08-22 10:48:45,Transfer
ADM00012903,ENC00033379,H001-D05-003,2026-08-22 10:48:45,2026-08-25 20:34:42,Transfer
ADM00012904,ENC00033380,H003-D01-001,2026-08-11 17:08:30,2026-08-22 01:08:30,Admission
ADM00012905,ENC00033381,H003-D04-001,2026-07-18 17:37:49,2026-07-22 03:37:49,Admission
ADM00012906,ENC00033382,H001-D05-002,2026-08-30 13:08:47,2026-09-03 23:08:47,Admission
ADM00012907,ENC00033383,H002-D07-001,2026-07-24 10:23:41,2026-07-30 12:23:41,Admission
ADM00012908,ENC00033384,H001-D06-001,2026-08-25 08:13:56,2026-08-25 19:16:53,Admission
ADM00012908,ENC00033384,H001-D06-004,2026-08-25 19:16:53,2026-08-26 07:18:19,Transfer
ADM00012908,ENC00033384,H001-D06-003,2026-08-26 07:18:19,2026-08-30 17:13:56,Transfer
ADM00012909,ENC00033385,H001-D08-003,2026-08-18 23:54:29,2026-08-19 12:16:53,Admission
ADM00012909,ENC00033385,H001-D08-002,2026-08-19 12:16:53,2026-08-21 05:54:29,Transfer
ADM00012910,ENC00033386,H001-D06-004,2026-07-12 18:07:05,2026-07-13 15:25:42,Admission
ADM00012910,ENC00033386,H001-D06-003,2026-07-13 15:25:42,2026-07-19 19:07:05,Transfer
ADM00012911,ENC00033387,H001-D01-001,2026-07-04 01:08:32,2026-07-06 12:08:32,Admission
ADM00012912,ENC00033388,H003-D03-001,2026-08-18 00:13:01,2026-08-23 02:13:01,Admission
ADM00012913,ENC00033389,H002-D01-002,2026-07-05 00:20:15,2026-07-12 01:05:54,Admission
ADM00012913,ENC00033389,H002-D01-002,2026-07-12 01:05:54,2026-07-31 01:20:15,Transfer
ADM00012914,ENC00033390,H002-D01-001,2026-08-05 15:20:55,2026-08-08 21:20:55,Admission
ADM00012915,ENC00033391,H001-D01-002,2026-08-23 20:04:07,2026-08-24 07:52:27,Admission
ADM00012915,ENC00033391,H001-D01-001,2026-08-24 07:52:27,2026-08-27 23:04:07,Transfer
ADM00012916,ENC00033392,H001-D04-004,2026-08-30 04:06:26,2026-09-04 13:06:26,Admission
ADM00012917,ENC00033393,H002-D04-002,2026-08-04 06:23:28,2026-08-07 07:23:28,Admission
ADM00012918,ENC00033394,H002-D08-003,2026-07-23 06:53:22,2026-07-30 09:53:22,Admission
ADM00012919,ENC00033395,H001-D01-004,2026-04-09 18:02:56,2026-04-19 22:02:56,Admission
ADM00012920,ENC00033396,H003-D05-001,2026-07-28 13:28:13,2026-08-01 16:28:13,Admission
ADM00012921,ENC00033397,H001-D05-004,2026-08-02 06:00:19,2026-08-06 11:00:19,Admission
ADM00012922,ENC00033398,H003-D10-001,2026-08-29 17:39:37,2026-09-04 04:39:37,Admission
ADM00012923,ENC00033399,H001-D01-002,2026-07-22 00:44:47,2026-07-23 21:10:50,Admission
ADM00012923,ENC00033399,H001-D01-005,2026-07-23 21:10:50,2026-07-28 10:44:47,Transfer
ADM00012924,ENC00033400,H003-D05-001,2026-07-18 11:27:11,2026-07-18 15:39:45,Admission
ADM00012924,ENC00033400,H003-D05-002,2026-07-18 15:39:45,2026-07-18 20:57:07,Transfer
ADM00012924,ENC00033400,H003-D05-001,2026-07-18 20:57:07,2026-07-19 11:27:11,Transfer
ADM00012925,ENC00033401,H003-D10-001,2026-07-19 00:51:11,2026-07-24 01:51:11,Admission
ADM00012927,ENC00033403,H003-D09-001,2026-07-12 07:46:04,2026-07-15 18:38:23,Admission
ADM00012927,ENC00033403,H003-D09-001,2026-07-15 18:38:23,2026-07-22 10:46:04,Transfer
ADM00012928,ENC00033404,H001-D10-004,2026-07-18 10:49:26,2026-07-26 20:49:26,Admission
ADM00012929,ENC00033405,H001-D07-002,2026-08-03 19:24:19,2026-08-08 04:24:19,Admission
ADM00012930,ENC00033406,H004-D03-006,2026-07-20 17:00:50,2026-07-28 17:00:50,Admission
ADM00012931,ENC00033407,H003-D10-001,2026-08-02 01:27:24,2026-08-03 07:19:35,Admission
ADM00012931,ENC00033407,H003-D10-001,2026-08-03 07:19:35,2026-08-06 12:27:24,Transfer
ADM00012932,ENC00033408,H003-D05-002,2025-09-13 20:59:56,2025-09-16 06:23:59,Admission
ADM00012932,ENC00033408,H003-D05-002,2025-09-16 06:23:59,2025-09-20 05:17:30,Transfer
ADM00012932,ENC00033408,H003-D05-002,2025-09-20 05:17:30,2025-10-01 07:59:56,Transfer
ADM00012933,ENC00033409,H003-D10-001,2026-08-07 07:19:09,2026-08-17 09:19:09,Admission
ADM00012934,ENC00033410,H001-D03-001,2026-08-31 07:31:31,2026-09-01 18:31:31,Admission
ADM00012935,ENC00033411,H001-D10-004,2026-08-12 14:45:03,2026-08-13 17:45:03,Admission
ADM00012936,ENC00033412,H001-D08-002,2025-12-28 03:26:28,2026-01-03 05:26:28,Admission
ADM00012937,ENC00033413,H002-D07-003,2026-07-31 20:25:53,2026-08-02 07:29:33,Admission
ADM00012937,ENC00033413,H002-D07-002,2026-08-02 07:29:33,2026-08-05 07:28:53,Transfer
ADM00012937,ENC00033413,H002-D07-002,2026-08-05 07:28:53,2026-08-16 07:25:53,Transfer
ADM00012938,ENC00033414,H002-D06-003,2026-07-22 17:49:03,2026-07-24 15:00:44,Admission
ADM00012938,ENC00033414,H002-D06-001,2026-07-24 15:00:44,2026-07-31 17:49:03,Transfer
ADM00012939,ENC00033415,H003-D07-002,2026-08-10 06:09:56,2026-08-10 14:16:45,Admission
ADM00012939,ENC00033415,H003-D07-002,2026-08-10 14:16:45,2026-08-13 08:09:56,Transfer
ADM00012940,ENC00033416,H003-D08-001,2026-07-29 06:23:21,2026-08-06 12:23:21,Admission
ADM00012941,ENC00033417,H002-D04-002,2026-08-28 00:51:52,2026-08-30 03:51:52,Admission
ADM00012942,ENC00033418,H003-D03-001,2026-07-10 17:25:02,2026-07-11 11:49:35,Admission
ADM00012942,ENC00033418,H003-D03-002,2026-07-11 11:49:35,2026-07-12 14:51:16,Transfer
ADM00012942,ENC00033418,H003-D03-001,2026-07-12 14:51:16,2026-07-20 04:25:02,Transfer
ADM00012943,ENC00033419,H001-D05-003,2026-07-11 09:05:37,2026-07-14 10:05:37,Admission
ADM00012944,ENC00033420,H001-D04-004,2026-08-28 09:46:42,2026-08-31 22:52:26,Admission
ADM00012944,ENC00033420,H001-D04-002,2026-08-31 22:52:26,2026-09-02 21:14:15,Transfer
ADM00012944,ENC00033420,H001-D04-002,2026-09-02 21:14:15,2026-09-14 18:46:42,Transfer
ADM00012945,ENC00033421,H003-D08-001,2026-08-14 09:14:45,2026-08-27 18:14:45,Admission
ADM00012946,ENC00033422,H001-D10-003,2026-07-13 16:15:03,2026-07-15 01:40:57,Admission
ADM00012946,ENC00033422,H001-D10-001,2026-07-15 01:40:57,2026-07-15 19:39:23,Transfer
ADM00012946,ENC00033422,H001-D10-001,2026-07-15 19:39:23,2026-07-19 21:15:03,Transfer
ADM00012947,ENC00033423,H003-D02-002,2026-08-24 20:22:16,2026-08-28 01:22:16,Admission
ADM00012948,ENC00033424,H003-D04-001,2026-08-01 17:51:49,2026-08-03 18:51:49,Admission
ADM00012949,ENC00033425,H001-D10-001,2026-08-31 22:03:01,2026-09-06 00:03:01,Admission
ADM00012950,ENC00033426,H002-D09-001,2026-07-08 16:23:56,2026-07-10 05:51:46,Admission
ADM00012950,ENC00033426,H002-D09-002,2026-07-10 05:51:46,2026-07-13 23:23:56,Transfer
ADM00012951,ENC00033427,H002-D07-003,2026-07-06 02:30:11,2026-07-10 06:30:11,Admission
ADM00012952,ENC00033428,H003-D09-001,2026-08-19 09:55:24,2026-08-21 11:55:24,Admission
ADM00012953,ENC00033429,H002-D05-001,2026-07-13 23:54:04,2026-07-16 02:54:04,Admission
ADM00012954,ENC00033430,H004-D10-004,2026-07-17 10:09:16,2026-07-30 16:09:16,Admission
ADM00012955,ENC00033431,H003-D06-001,2026-07-06 09:25:32,2026-07-10 15:25:32,Admission
ADM00012956,ENC00033432,H001-D03-004,2026-08-17 01:42:52,2026-08-25 06:42:52,Admission
ADM00012957,ENC00033433,H001-D03-004,2026-07-06 14:23:32,2026-07-18 18:23:32,Admission
ADM00012958,ENC00033434,H001-D09-003,2026-08-11 03:53:09,2026-08-14 04:53:09,Admission
ADM00012959,ENC00033435,H001-D04-004,2026-08-03 22:26:25,2026-08-11 02:26:25,Admission
ADM00012960,ENC00033436,H001-D07-001,2026-07-20 13:32:42,2026-07-28 23:32:42,Admission
ADM00012961,ENC00033437,H003-D08-002,2026-07-06 16:32:15,2026-07-15 03:32:15,Admission
ADM00012962,ENC00033438,H002-D06-002,2026-08-25 08:33:13,2026-08-27 14:33:13,Admission
ADM00012963,ENC00033439,H002-D01-001,2026-08-25 01:09:45,2026-08-26 11:58:14,Admission
ADM00012963,ENC00033439,H002-D01-003,2026-08-26 11:58:14,2026-09-03 05:09:45,Transfer
ADM00012964,ENC00033440,H001-D02-001,2026-08-28 14:33:56,2026-09-06 15:33:56,Admission
ADM00012965,ENC00033441,H002-D05-003,2026-08-20 00:07:28,2026-08-29 10:07:28,Admission
ADM00012966,ENC00033442,H003-D05-001,2026-07-14 20:38:07,2026-07-19 22:38:07,Admission
ADM00012967,ENC00033443,H001-D07-002,2026-07-18 10:47:18,2026-07-30 16:47:18,Admission
ADM00012968,ENC00033444,H004-D03-002,2026-08-17 19:47:37,2026-09-02 02:47:37,Admission
ADM00012969,ENC00033445,H002-D08-002,2026-08-18 08:59:40,2026-08-18 21:50:45,Admission
ADM00012969,ENC00033445,H002-D08-003,2026-08-18 21:50:45,2026-08-20 13:59:40,Transfer
ADM00012970,ENC00033446,H004-D03-004,2026-07-31 06:59:34,2026-08-05 16:59:34,Admission
ADM00012971,ENC00033447,H001-D09-002,2026-07-27 21:22:27,2026-07-30 01:22:27,Admission
ADM00012972,ENC00033448,H003-D05-001,2026-02-24 10:24:05,2026-02-28 11:24:05,Admission
ADM00012973,ENC00033449,H003-D08-001,2026-07-09 06:37:56,2026-07-09 21:30:01,Admission
ADM00012973,ENC00033449,H003-D08-001,2026-07-09 21:30:01,2026-07-13 09:37:56,Transfer
ADM00012974,ENC00033450,H002-D05-001,2026-08-27 20:06:56,2026-09-17 22:06:56,Admission
ADM00012975,ENC00033451,H001-D05-002,2026-08-09 01:46:43,2026-08-14 02:46:43,Admission
ADM00012976,ENC00033452,H002-D06-003,2026-07-06 12:08:37,2026-07-10 23:08:37,Admission
ADM00012977,ENC00033453,H003-D01-002,2026-08-14 00:22:30,2026-08-15 08:15:39,Admission
ADM00012977,ENC00033453,H003-D01-002,2026-08-15 08:15:39,2026-08-18 02:22:30,Transfer
ADM00012978,ENC00033454,H001-D10-002,2026-07-16 15:57:04,2026-07-18 05:07:17,Admission
ADM00012978,ENC00033454,H001-D10-002,2026-07-18 05:07:17,2026-07-22 15:57:04,Transfer
ADM00012979,ENC00033455,H002-D02-001,2026-08-20 21:18:36,2026-08-24 05:18:36,Admission
ADM00012980,ENC00033456,H002-D06-002,2026-07-27 12:17:11,2026-07-30 13:17:11,Admission
ADM00012981,ENC00033457,H001-D08-001,2026-08-31 04:43:31,2026-09-02 13:43:31,Admission
ADM00012982,ENC00033458,H002-D06-003,2026-08-01 20:00:09,2026-08-06 20:00:09,Admission
ADM00012983,ENC00033459,H002-D03-002,2026-07-28 23:08:31,2026-07-31 05:08:31,Admission
ADM00012984,ENC00033460,H001-D02-004,2026-08-08 07:28:31,2026-08-18 16:28:31,Admission
ADM00012985,ENC00033461,H001-D04-004,2026-07-17 01:44:01,2026-07-24 11:44:01,Admission
ADM00012987,ENC00033463,H001-D08-001,2026-08-09 14:26:39,2026-08-22 14:26:39,Admission
ADM00012988,ENC00033464,H001-D02-003,2026-08-12 04:32:36,2026-08-13 05:32:36,Admission
ADM00012989,ENC00033465,H001-D09-001,2026-07-28 20:53:45,2026-07-29 19:44:14,Admission
ADM00012989,ENC00033465,H001-D09-003,2026-07-29 19:44:14,2026-07-30 22:42:33,Transfer
ADM00012989,ENC00033465,H001-D09-004,2026-07-30 22:42:33,2026-08-03 04:53:45,Transfer
ADM00012990,ENC00033466,H001-D07-004,2026-08-28 10:38:55,2026-08-29 14:38:21,Admission
ADM00012990,ENC00033466,H001-D07-003,2026-08-29 14:38:21,2026-09-08 13:38:55,Transfer
ADM00012992,ENC00033468,H002-D04-002,2026-08-01 04:57:41,2026-08-07 05:57:41,Admission
ADM00012993,ENC00033469,H001-D07-001,2026-07-22 04:28:36,2026-07-24 11:28:36,Admission
ADM00012994,ENC00033470,H004-D10-004,2026-08-17 12:09:09,2026-08-18 08:11:57,Admission
ADM00012994,ENC00033470,H004-D10-001,2026-08-18 08:11:57,2026-08-22 19:09:09,Transfer
ADM00012995,ENC00033471,H002-D07-002,2025-07-13 22:58:20,2025-07-20 09:58:20,Admission
ADM00012996,ENC00033472,H001-D06-001,2026-07-03 19:12:28,2026-07-11 22:12:28,Admission
ADM00012997,ENC00033473,H003-D02-001,2026-07-15 01:37:27,2026-07-27 12:37:27,Admission
ADM00012998,ENC00033474,H003-D05-001,2026-07-30 00:05:53,2026-08-06 00:05:53,Admission
ADM00012999,ENC00033475,H001-D04-004,2026-08-30 07:54:52,2026-09-06 13:54:52,Admission
ADM00013000,ENC00033476,H004-D10-001,2025-07-09 02:05:35,2025-08-10 06:05:35,Admission
ADM00013001,ENC00033477,H002-D10-001,2026-07-07 12:21:09,2026-07-11 16:21:09,Admission
ADM00013002,ENC00033478,H002-D03-003,2026-08-03 04:35:10,2026-08-08 10:35:10,Admission
ADM00013003,ENC00033479,H002-D07-003,2026-07-17 18:31:27,2026-07-30 19:31:27,Admission
ADM00013004,ENC00033480,H002-D02-002,2026-08-28 08:55:21,2026-08-30 14:55:21,Admission
ADM00013005,ENC00033481,H001-D10-001,2026-07-19 06:06:16,2026-08-03 07:06:16,Admission
ADM00013006,ENC00033482,H001-D07-003,2026-07-15 18:54:06,2026-07-22 22:54:06,Admission
ADM00013007,ENC00033483,H002-D03-001,2026-07-09 00:01:19,2026-07-11 00:01:19,Admission
ADM00013008,ENC00033484,H002-D08-003,2026-08-27 01:48:53,2026-08-27 14:02:31,Admission
ADM00013008,ENC00033484,H002-D08-002,2026-08-27 14:02:31,2026-08-28 06:55:05,Transfer
ADM00013008,ENC00033484,H002-D08-002,2026-08-28 06:55:05,2026-08-30 07:48:53,Transfer
ADM00013009,ENC00033485,H003-D09-001,2026-03-27 05:23:34,2026-04-02 15:23:34,Admission
ADM00013010,ENC00033486,H003-D10-001,2026-07-05 05:35:28,2026-07-06 06:12:25,Admission
ADM00013010,ENC00033486,H003-D10-001,2026-07-06 06:12:25,2026-07-12 15:35:28,Transfer
ADM00013011,ENC00033487,H003-D08-001,2026-08-04 02:59:35,2026-08-11 04:59:35,Admission
ADM00013012,ENC00033488,H001-D09-001,2026-07-03 15:40:21,2026-07-04 12:28:27,Admission
ADM00013012,ENC00033488,H001-D09-001,2026-07-04 12:28:27,2026-07-10 20:40:21,Transfer
ADM00013013,ENC00033489,H003-D04-002,2026-08-22 08:00:49,2026-08-26 01:16:09,Admission
ADM00013013,ENC00033489,H003-D04-002,2026-08-26 01:16:09,2026-09-03 08:00:49,Transfer
ADM00013014,ENC00033490,H001-D10-003,2026-08-24 10:01:31,2026-08-28 17:01:31,Admission
ADM00013015,ENC00033491,H003-D06-001,2026-07-31 20:07:06,2026-08-02 05:07:06,Admission
ADM00013016,ENC00033492,H003-D04-001,2026-08-18 09:34:51,2026-08-27 13:34:51,Admission
ADM00013017,ENC00033493,H004-D03-006,2026-07-14 17:40:19,2026-07-26 21:40:19,Admission
ADM00013018,ENC00033494,H002-D01-003,2026-07-23 01:31:34,2026-07-27 09:31:34,Admission
ADM00013019,ENC00033495,H003-D05-002,2026-08-13 20:04:48,2026-08-18 05:04:48,Admission
ADM00013020,ENC00033496,H002-D05-003,2026-08-30 19:40:21,2026-09-04 05:22:13,Admission
ADM00013020,ENC00033496,H002-D05-001,2026-09-04 05:22:13,2026-09-19 04:40:21,Transfer
ADM00013021,ENC00033497,H002-D07-002,2026-07-10 11:37:11,2026-07-13 17:37:11,Admission
ADM00013022,ENC00033498,H003-D06-002,2026-08-18 23:19:33,2026-08-20 01:19:33,Admission
ADM00013023,ENC00033499,H003-D09-001,2026-07-31 14:28:36,2026-08-03 17:28:36,Admission
ADM00013024,ENC00033500,H001-D03-004,2026-08-30 01:08:02,2026-08-31 20:48:07,Admission
ADM00013024,ENC00033500,H001-D03-003,2026-08-31 20:48:07,2026-09-05 02:08:02,Transfer
ADM00013026,ENC00033502,H001-D10-004,2026-08-04 13:54:19,2026-08-11 18:54:19,Admission
ADM00013027,ENC00033503,H002-D02-002,2026-08-10 01:25:11,2026-08-24 06:25:11,Admission
ADM00013028,ENC00033504,H004-D03-004,2026-07-04 13:12:18,2026-07-11 00:12:18,Admission
ADM00013029,ENC00033505,H001-D01-002,2026-07-10 21:59:02,2026-07-23 22:59:02,Admission
ADM00013030,ENC00033506,H001-D09-004,2026-08-09 07:34:47,2026-08-11 16:41:02,Admission
ADM00013030,ENC00033506,H001-D09-004,2026-08-11 16:41:02,2026-08-21 08:34:47,Transfer
ADM00013031,ENC00033507,H003-D09-001,2026-07-18 05:26:13,2026-07-28 05:26:13,Admission
ADM00013033,ENC00033509,H002-D09-001,2026-07-06 19:12:56,2026-07-13 04:12:56,Admission
ADM00013034,ENC00033510,H003-D08-002,2026-07-27 06:36:42,2026-07-29 10:36:42,Admission
ADM00013035,ENC00033511,H003-D02-002,2026-07-05 00:09:00,2026-07-15 11:09:00,Admission
ADM00013036,ENC00033512,H003-D07-001,2026-07-26 15:39:33,2026-07-26 19:13:43,Admission
ADM00013036,ENC00033512,H003-D07-002,2026-07-26 19:13:43,2026-07-26 23:44:52,Transfer
ADM00013036,ENC00033512,H003-D07-002,2026-07-26 23:44:52,2026-07-28 00:39:33,Transfer
ADM00013037,ENC00033513,H003-D08-001,2026-07-21 16:37:20,2026-07-25 02:37:20,Admission
ADM00013038,ENC00033514,H001-D07-001,2026-08-21 07:20:27,2026-08-25 15:20:27,Admission
ADM00013039,ENC00033515,H003-D01-002,2026-07-25 12:05:13,2026-07-30 21:05:13,Admission
ADM00013041,ENC00033517,H002-D04-002,2026-07-25 19:49:44,2026-07-26 09:38:52,Admission
ADM00013041,ENC00033517,H002-D04-003,2026-07-26 09:38:52,2026-07-29 02:49:44,Transfer
ADM00013042,ENC00033518,H004-D10-003,2026-08-08 11:42:08,2026-08-08 20:15:58,Admission
ADM00013042,ENC00033518,H004-D10-003,2026-08-08 20:15:58,2026-08-10 18:42:08,Transfer
ADM00013043,ENC00033519,H003-D04-002,2026-07-31 21:28:09,2026-08-01 07:33:14,Admission
ADM00013043,ENC00033519,H003-D04-002,2026-08-01 07:33:14,2026-08-01 14:38:33,Transfer
ADM00013043,ENC00033519,H003-D04-002,2026-08-01 14:38:33,2026-08-03 06:28:09,Transfer
ADM00013044,ENC00033520,H003-D02-002,2026-07-09 04:56:25,2026-07-15 13:56:25,Admission
ADM00013045,ENC00033521,H001-D09-001,2026-08-20 19:49:40,2026-08-24 06:49:40,Admission
ADM00013046,ENC00033522,H001-D09-002,2026-08-08 05:01:47,2026-08-14 06:01:47,Admission
ADM00013047,ENC00033523,H002-D01-003,2026-08-30 04:26:21,2026-09-01 13:26:21,Admission
ADM00013049,ENC00033525,H002-D04-001,2026-07-12 22:11:31,2026-07-16 22:11:31,Admission
ADM00013050,ENC00033526,H003-D07-002,2026-08-18 04:44:12,2026-08-22 12:44:12,Admission
ADM00013051,ENC00033527,H003-D07-002,2026-07-28 04:57:22,2026-07-30 15:57:22,Admission
ADM00013053,ENC00033529,H002-D06-001,2025-06-13 04:09:32,2025-06-14 11:09:34,Admission
ADM00013053,ENC00033529,H002-D06-003,2025-06-14 11:09:34,2025-06-16 00:49:30,Transfer
ADM00013053,ENC00033529,H002-D06-001,2025-06-16 00:49:30,2025-06-20 09:09:32,Transfer
ADM00013054,ENC00033530,H003-D06-002,2026-08-06 12:35:06,2026-08-09 16:35:06,Admission
ADM00013055,ENC00033531,H001-D05-004,2026-08-15 23:30:34,2026-08-16 12:46:54,Admission
ADM00013055,ENC00033531,H001-D05-003,2026-08-16 12:46:54,2026-08-20 08:30:34,Transfer
ADM00013056,ENC00033532,H002-D01-003,2026-08-10 05:48:43,2026-08-12 10:48:43,Admission
ADM00013057,ENC00033533,H002-D01-002,2026-08-21 15:15:04,2026-08-23 19:15:04,Admission
ADM00013058,ENC00033534,H003-D04-001,2026-07-26 08:30:54,2026-07-28 03:59:13,Admission
ADM00013058,ENC00033534,H003-D04-002,2026-07-28 03:59:13,2026-08-01 16:30:54,Transfer
ADM00013059,ENC00033535,H002-D01-002,2026-07-31 18:01:12,2026-08-04 18:01:12,Admission
ADM00013060,ENC00033536,H003-D04-002,2026-07-12 16:07:07,2026-07-16 16:07:07,Admission
ADM00013061,ENC00033537,H002-D08-002,2026-08-01 09:16:56,2026-08-08 09:16:56,Admission
ADM00013062,ENC00033538,H001-D10-003,2026-08-15 12:33:05,2026-08-21 20:33:05,Admission
ADM00013063,ENC00033539,H002-D05-001,2025-06-04 16:42:42,2025-06-06 20:42:42,Admission
ADM00013064,ENC00033540,H003-D07-001,2026-08-07 21:02:43,2026-08-09 04:02:43,Admission
ADM00013065,ENC00033541,H001-D06-001,2026-08-12 20:24:46,2026-08-22 03:24:46,Admission
ADM00013066,ENC00033542,H002-D10-003,2026-07-12 09:07:06,2026-08-19 09:07:06,Admission
ADM00013067,ENC00033543,H004-D10-006,2026-08-19 12:39:08,2026-08-22 13:39:08,Admission
ADM00013070,ENC00033546,H003-D03-002,2026-07-28 22:41:43,2026-08-02 01:41:43,Admission
ADM00013071,ENC00033547,H003-D02-001,2026-08-10 19:03:03,2026-08-15 22:03:03,Admission
ADM00013072,ENC00033548,H003-D02-002,2026-08-05 03:25:26,2026-08-20 07:25:26,Admission
ADM00013073,ENC00033549,H002-D07-001,2026-07-11 01:35:41,2026-07-23 02:35:41,Admission
ADM00013074,ENC00033550,H003-D10-001,2026-08-01 20:34:14,2026-08-06 21:34:14,Admission
ADM00013075,ENC00033551,H002-D05-001,2026-08-22 10:26:14,2026-09-03 15:26:14,Admission
ADM00013076,ENC00033552,H001-D02-002,2026-07-08 19:49:04,2026-07-09 14:05:50,Admission
ADM00013076,ENC00033552,H001-D02-001,2026-07-09 14:05:50,2026-07-12 03:49:04,Transfer
ADM00013077,ENC00033553,H003-D07-002,2026-07-12 03:37:13,2026-07-17 06:37:13,Admission
ADM00013078,ENC00033554,H001-D07-002,2026-08-27 12:34:08,2026-09-03 19:34:08,Admission
ADM00013079,ENC00033555,H001-D04-003,2026-08-06 09:16:23,2026-08-07 17:29:10,Admission
ADM00013079,ENC00033555,H001-D04-003,2026-08-07 17:29:10,2026-08-16 12:16:23,Transfer
ADM00013080,ENC00033556,H003-D10-001,2026-08-23 03:25:33,2026-08-23 11:01:52,Admission
ADM00013080,ENC00033556,H003-D10-001,2026-08-23 11:01:52,2026-08-25 10:25:33,Transfer
ADM00013082,ENC00033558,H002-D01-001,2026-07-20 21:25:36,2026-07-28 04:25:36,Admission
ADM00013083,ENC00033559,H001-D02-001,2026-07-04 04:07:11,2026-07-06 05:07:11,Admission
ADM00013084,ENC00033560,H002-D05-001,2026-08-13 22:37:45,2026-08-14 22:02:34,Admission
ADM00013084,ENC00033560,H002-D05-001,2026-08-14 22:02:34,2026-08-22 00:37:45,Transfer
ADM00013085,ENC00033561,H001-D03-004,2026-10-15 17:03:59,2026-10-24 02:03:59,Admission
ADM00013086,ENC00033562,H003-D02-001,2026-07-05 22:09:44,2026-07-09 06:09:44,Admission
ADM00013088,ENC00033564,H003-D04-002,2026-08-17 08:44:49,2026-08-22 13:44:49,Admission
ADM00013089,ENC00033565,H003-D04-002,2026-07-18 03:49:22,2026-07-21 09:49:22,Admission
ADM00013090,ENC00033566,H003-D01-002,2026-07-10 09:02:11,2026-07-12 19:31:58,Admission
ADM00013090,ENC00033566,H003-D01-001,2026-07-12 19:31:58,2026-07-15 09:03:47,Transfer
ADM00013090,ENC00033566,H003-D01-001,2026-07-15 09:03:47,2026-07-21 10:02:11,Transfer
ADM00013091,ENC00033567,H003-D01-001,2025-08-01 19:21:59,2025-08-05 23:21:59,Admission
ADM00013093,ENC00033569,H003-D02-001,2026-08-01 04:20:29,2026-08-02 07:20:29,Admission
ADM00013094,ENC00033570,H002-D04-002,2026-07-17 09:13:18,2026-07-26 10:13:18,Admission
ADM00013095,ENC00033571,H001-D03-002,2026-08-14 21:21:02,2026-08-22 05:21:02,Admission
ADM00013096,ENC00033572,H002-D08-001,2026-08-16 23:06:00,2026-08-19 01:06:00,Admission
ADM00013097,ENC00033573,H001-D01-002,2026-07-24 10:06:00,2026-07-28 19:06:00,Admission
ADM00013099,ENC00033575,H003-D03-001,2026-07-21 18:57:22,2026-08-08 18:57:22,Admission
ADM00013100,ENC00033576,H001-D09-004,2026-07-15 02:22:01,2026-07-15 13:46:23,Admission
ADM00013100,ENC00033576,H001-D09-004,2026-07-15 13:46:23,2026-07-15 22:30:22,Transfer
ADM00013100,ENC00033576,H001-D09-002,2026-07-15 22:30:22,2026-07-18 05:22:01,Transfer
ADM00013101,ENC00033577,H001-D05-003,2026-07-03 22:45:01,2026-07-12 09:45:01,Admission
ADM00013102,ENC00033578,H002-D02-002,2026-07-10 14:42:01,2026-07-19 22:42:01,Admission
ADM00013104,ENC00033580,H002-D02-001,2026-08-28 05:12:53,2026-08-31 08:12:53,Admission
ADM00013105,ENC00033581,H002-D01-003,2026-07-12 21:57:13,2026-07-20 04:57:13,Admission
ADM00013106,ENC00033582,H002-D01-003,2026-08-22 23:01:06,2026-08-23 10:03:59,Admission
ADM00013106,ENC00033582,H002-D01-002,2026-08-23 10:03:59,2026-08-23 21:06:52,Transfer
ADM00013106,ENC00033582,H002-D01-003,2026-08-23 21:06:52,2026-08-25 03:01:06,Transfer
ADM00013107,ENC00033583,H003-D10-001,2026-08-24 15:20:21,2026-08-25 03:48:18,Admission
ADM00013107,ENC00033583,H003-D10-001,2026-08-25 03:48:18,2026-08-26 21:20:21,Transfer
ADM00013108,ENC00033584,H002-D03-001,2026-07-29 07:56:11,2026-08-03 09:56:11,Admission
ADM00013109,ENC00033585,H002-D09-003,2026-08-29 22:03:23,2026-09-01 06:03:23,Admission
ADM00013112,ENC00033588,H001-D05-002,2026-07-09 20:27:17,2026-07-16 02:27:17,Admission
ADM00013114,ENC00033590,H003-D08-001,2026-08-21 23:04:56,2026-08-22 08:12:39,Admission
ADM00013114,ENC00033590,H003-D08-002,2026-08-22 08:12:39,2026-08-22 19:17:15,Transfer
ADM00013114,ENC00033590,H003-D08-002,2026-08-22 19:17:15,2026-08-24 03:04:56,Transfer
ADM00013115,ENC00033591,H001-D04-001,2026-08-12 23:47:13,2026-08-14 04:47:13,Admission
ADM00013116,ENC00033592,H003-D02-001,2026-08-04 07:19:12,2026-08-08 16:19:12,Admission
ADM00013117,ENC00033593,H004-D03-003,2026-08-30 23:59:46,2026-09-02 08:59:46,Admission
ADM00013118,ENC00033594,H002-D06-003,2026-07-08 20:31:51,2026-07-09 04:07:57,Admission
ADM00013118,ENC00033594,H002-D06-002,2026-07-09 04:07:57,2026-07-11 03:31:51,Transfer
ADM00013119,ENC00033595,H003-D05-002,2026-07-16 17:48:18,2026-07-18 12:57:01,Admission
ADM00013119,ENC00033595,H003-D05-002,2026-07-18 12:57:01,2026-07-22 01:48:18,Transfer
ADM00013120,ENC00033596,H003-D05-001,2026-08-30 05:33:53,2026-09-05 14:33:53,Admission
ADM00013121,ENC00033597,H002-D07-003,2026-07-08 08:31:17,2026-07-11 17:31:17,Admission
ADM00013122,ENC00033598,H004-D03-001,2026-07-10 07:52:50,2026-07-11 13:38:17,Admission
ADM00013122,ENC00033598,H004-D03-005,2026-07-11 13:38:17,2026-07-14 11:52:50,Transfer
ADM00013124,ENC00033600,H001-D02-003,2026-08-08 09:15:29,2026-08-09 13:25:00,Admission
ADM00013124,ENC00033600,H001-D02-002,2026-08-09 13:25:00,2026-08-14 11:15:29,Transfer
ADM00013125,ENC00033601,H003-D01-002,2026-07-29 12:28:38,2026-08-03 15:28:38,Admission
ADM00013126,ENC00033602,H003-D02-002,2026-07-05 13:42:57,2026-07-10 18:42:57,Admission
ADM00013127,ENC00033603,H003-D09-001,2026-08-09 21:04:54,2026-08-12 11:20:35,Admission
ADM00013127,ENC00033603,H003-D09-001,2026-08-12 11:20:35,2026-08-18 00:04:54,Transfer
ADM00013128,ENC00033604,H003-D06-001,2026-08-08 09:40:15,2026-08-09 11:37:25,Admission
ADM00013128,ENC00033604,H003-D06-002,2026-08-09 11:37:25,2026-08-18 11:40:15,Transfer
ADM00013129,ENC00033605,H003-D07-002,2026-08-25 14:12:23,2026-08-26 21:44:13,Admission
ADM00013129,ENC00033605,H003-D07-001,2026-08-26 21:44:13,2026-09-05 20:12:23,Transfer
ADM00013130,ENC00033606,H004-D03-005,2026-07-09 03:58:32,2026-07-09 16:04:15,Admission
ADM00013130,ENC00033606,H004-D03-002,2026-07-09 16:04:15,2026-07-10 03:22:47,Transfer
ADM00013130,ENC00033606,H004-D03-001,2026-07-10 03:22:47,2026-07-14 13:58:32,Transfer
ADM00013131,ENC00033607,H003-D10-001,2026-08-27 18:46:53,2026-08-28 20:46:53,Admission
ADM00013132,ENC00033608,H001-D02-004,2026-08-04 10:03:14,2026-08-09 11:03:14,Admission
ADM00013133,ENC00033609,H002-D07-003,2026-07-28 13:21:42,2026-07-30 00:42:23,Admission
ADM00013133,ENC00033609,H002-D07-002,2026-07-30 00:42:23,2026-08-07 19:21:42,Transfer
ADM00013134,ENC00033610,H002-D05-002,2026-07-15 03:13:34,2026-07-22 12:13:34,Admission
ADM00013135,ENC00033611,H002-D09-003,2026-08-21 17:57:24,2026-08-25 23:57:24,Admission
ADM00013136,ENC00033612,H001-D01-001,2026-08-22 21:25:17,2026-08-28 07:25:17,Admission
ADM00013137,ENC00033613,H003-D03-002,2025-09-04 00:48:50,2025-09-10 05:48:50,Admission
ADM00013138,ENC00033614,H001-D07-001,2026-07-13 02:14:39,2026-07-24 02:14:39,Admission
ADM00013139,ENC00033615,H001-D10-003,2026-07-09 19:34:32,2026-07-15 20:34:32,Admission
ADM00013140,ENC00033616,H001-D02-001,2026-08-28 15:00:29,2026-09-03 20:00:29,Admission
ADM00013142,ENC00033618,H001-D01-003,2026-08-31 16:51:11,2026-09-02 18:03:30,Admission
ADM00013142,ENC00033618,H001-D01-005,2026-09-02 18:03:30,2026-09-08 16:51:11,Transfer
ADM00013143,ENC00033619,H003-D04-002,2026-07-03 18:24:55,2026-07-07 22:55:42,Admission
ADM00013143,ENC00033619,H003-D04-001,2026-07-07 22:55:42,2026-07-17 02:24:55,Transfer
ADM00013144,ENC00033620,H001-D05-001,2026-07-09 23:27:05,2026-07-13 10:27:05,Admission
ADM00013145,ENC00033621,H003-D09-001,2026-08-30 01:16:16,2026-09-07 06:16:16,Admission
ADM00013146,ENC00033622,H001-D08-004,2026-07-20 06:57:44,2026-07-25 06:57:44,Admission
ADM00013147,ENC00033623,H001-D04-002,2026-07-03 23:37:26,2026-07-11 05:37:26,Admission
ADM00013148,ENC00033624,H002-D02-002,2026-07-28 18:06:04,2026-08-14 21:06:04,Admission
ADM00013149,ENC00033625,H003-D10-001,2026-08-14 14:44:30,2026-08-14 23:22:42,Admission
ADM00013149,ENC00033625,H003-D10-001,2026-08-14 23:22:42,2026-08-17 18:44:30,Transfer
ADM00013150,ENC00033626,H001-D09-001,2026-07-12 01:31:02,2026-07-16 03:31:02,Admission
ADM00013151,ENC00033627,H001-D08-001,2026-07-08 19:36:14,2026-07-16 06:36:14,Admission
ADM00013152,ENC00033628,H001-D04-002,2026-07-16 21:11:05,2026-07-20 21:11:05,Admission
ADM00013153,ENC00033629,H002-D07-002,2026-07-30 11:17:59,2026-08-01 13:17:59,Admission
ADM00013154,ENC00033630,H001-D09-001,2026-08-04 14:04:53,2026-08-14 17:04:53,Admission
ADM00013155,ENC00033631,H001-D07-004,2026-08-18 14:30:44,2026-09-11 18:30:44,Admission
ADM00013156,ENC00033632,H002-D06-001,2025-06-12 07:31:16,2025-06-14 10:31:16,Admission
ADM00013157,ENC00033633,H004-D10-006,2026-08-02 20:58:41,2026-08-07 06:58:41,Admission
ADM00013158,ENC00033634,H001-D04-003,2026-08-04 21:30:56,2026-08-14 02:30:56,Admission
ADM00013159,ENC00033635,H003-D10-001,2026-07-22 21:15:51,2026-07-28 21:15:51,Admission
ADM00013160,ENC00033636,H003-D02-001,2026-07-03 03:13:44,2026-07-04 19:19:22,Admission
ADM00013160,ENC00033636,H003-D02-001,2026-07-04 19:19:22,2026-07-15 13:13:44,Transfer
ADM00013161,ENC00033637,H001-D09-004,2026-08-07 09:19:08,2026-08-11 09:19:08,Admission
ADM00013162,ENC00033638,H002-D10-001,2026-07-04 04:19:52,2026-07-14 04:19:52,Admission
ADM00013163,ENC00033639,H003-D08-002,2026-07-09 23:41:15,2026-07-14 00:41:15,Admission
ADM00013164,ENC00033640,H003-D10-001,2026-07-08 10:17:57,2026-07-14 12:17:57,Admission
ADM00013165,ENC00033641,H002-D05-003,2026-08-29 08:09:38,2026-09-01 11:09:38,Admission
ADM00013166,ENC00033642,H002-D03-003,2026-07-16 00:02:34,2026-07-20 15:33:12,Admission
ADM00013166,ENC00033642,H002-D03-001,2026-07-20 15:33:12,2026-07-31 04:02:34,Transfer
ADM00013167,ENC00033643,H001-D08-003,2026-07-05 04:28:53,2026-07-06 09:40:35,Admission
ADM00013167,ENC00033643,H001-D08-004,2026-07-06 09:40:35,2026-07-08 16:32:10,Transfer
ADM00013167,ENC00033643,H001-D08-001,2026-07-08 16:32:10,2026-07-17 07:28:53,Transfer
ADM00013168,ENC00033644,H001-D07-001,2026-07-08 23:03:15,2026-07-15 10:03:15,Admission
ADM00013169,ENC00033645,H001-D10-004,2026-08-23 11:28:52,2026-08-27 18:28:52,Admission
ADM00013170,ENC00033646,H003-D04-002,2026-07-26 01:17:02,2026-07-30 12:17:02,Admission
ADM00013171,ENC00033647,H004-D10-006,2026-07-30 15:14:44,2026-08-03 02:14:44,Admission
ADM00013173,ENC00033649,H002-D10-003,2025-06-24 13:46:11,2025-07-02 18:46:11,Admission
ADM00013174,ENC00033650,H003-D09-001,2026-07-28 22:00:23,2026-07-30 11:28:20,Admission
ADM00013174,ENC00033650,H003-D09-001,2026-07-30 11:28:20,2026-08-04 04:00:23,Transfer
ADM00013175,ENC00033651,H002-D05-003,2026-08-28 03:55:18,2026-08-28 22:27:44,Admission
ADM00013175,ENC00033651,H002-D05-002,2026-08-28 22:27:44,2026-08-31 03:55:18,Transfer
ADM00013176,ENC00033652,H001-D02-002,2026-07-11 19:01:49,2026-07-12 08:41:27,Admission
ADM00013176,ENC00033652,H001-D02-002,2026-07-12 08:41:27,2026-07-12 20:00:55,Transfer
ADM00013176,ENC00033652,H001-D02-003,2026-07-12 20:00:55,2026-07-15 05:01:49,Transfer
ADM00013177,ENC00033653,H002-D09-001,2025-07-21 19:06:38,2025-07-26 01:06:38,Admission
ADM00013178,ENC00033654,H002-D02-003,2026-07-19 08:31:25,2026-08-05 14:31:25,Admission
ADM00013179,ENC00033655,H003-D04-002,2026-07-29 15:31:37,2026-08-02 21:31:37,Admission
ADM00013180,ENC00033656,H001-D01-002,2026-07-14 20:12:36,2026-07-22 01:12:36,Admission
ADM00013181,ENC00033657,H001-D04-004,2026-07-11 22:43:35,2026-07-16 04:43:35,Admission
ADM00013182,ENC00033658,H003-D07-001,2026-04-26 10:28:44,2026-04-27 13:11:42,Admission
ADM00013182,ENC00033658,H003-D07-002,2026-04-27 13:11:42,2026-05-01 13:28:44,Transfer
ADM00013183,ENC00033659,H001-D03-003,2026-07-31 06:50:43,2026-08-08 10:50:43,Admission
ADM00013184,ENC00033660,H001-D01-001,2026-07-14 05:21:31,2026-07-16 05:21:31,Admission
ADM00013185,ENC00033661,H002-D01-002,2026-08-24 00:04:21,2026-08-27 07:04:21,Admission
ADM00013186,ENC00033662,H002-D05-002,2026-07-24 01:47:04,2026-07-26 06:47:04,Admission
ADM00013187,ENC00033663,H001-D05-003,2026-08-14 11:02:18,2026-08-16 00:46:24,Admission
ADM00013187,ENC00033663,H001-D05-001,2026-08-16 00:46:24,2026-08-22 11:02:18,Transfer
ADM00013188,ENC00033664,H003-D05-001,2026-08-06 10:29:44,2026-08-07 15:25:18,Admission
ADM00013188,ENC00033664,H003-D05-001,2026-08-07 15:25:18,2026-08-16 10:29:44,Transfer
ADM00013189,ENC00033665,H002-D01-001,2026-08-22 21:34:46,2026-08-26 07:27:59,Admission
ADM00013189,ENC00033665,H002-D01-003,2026-08-26 07:27:59,2026-09-03 06:34:46,Transfer
ADM00013190,ENC00033666,H002-D02-003,2026-08-12 20:26:53,2026-08-14 10:12:29,Admission
ADM00013190,ENC00033666,H002-D02-001,2026-08-14 10:12:29,2026-08-18 21:26:53,Transfer
ADM00013191,ENC00033667,H001-D05-004,2026-07-14 14:58:14,2026-07-27 20:58:14,Admission
ADM00013192,ENC00033668,H001-D02-002,2026-07-17 04:47:42,2026-07-19 15:47:42,Admission
ADM00013193,ENC00033669,H002-D08-001,2026-07-31 20:34:27,2026-08-07 04:34:27,Admission
ADM00013194,ENC00033670,H003-D08-001,2026-07-26 10:13:30,2026-07-27 16:13:30,Admission
ADM00013195,ENC00033671,H001-D06-002,2026-08-28 08:32:36,2026-09-02 13:32:36,Admission
ADM00013196,ENC00033672,H002-D05-002,2026-07-18 17:44:27,2026-07-26 21:44:27,Admission
ADM00013197,ENC00033673,H003-D02-001,2026-08-05 13:55:23,2026-08-15 00:55:23,Admission
ADM00013198,ENC00033674,H003-D07-002,2026-07-19 04:50:29,2026-07-25 08:50:29,Admission
ADM00013200,ENC00033676,H001-D06-002,2026-07-12 10:13:21,2026-07-15 19:13:21,Admission
ADM00013201,ENC00033677,H001-D08-003,2025-11-29 16:08:00,2025-11-29 22:52:43,Admission
ADM00013201,ENC00033677,H001-D08-004,2025-11-29 22:52:43,2025-11-30 04:57:01,Transfer
ADM00013201,ENC00033677,H001-D08-002,2025-11-30 04:57:01,2025-12-02 02:08:00,Transfer
ADM00013202,ENC00033678,H002-D06-002,2026-07-09 12:12:18,2026-07-11 19:12:18,Admission
ADM00013203,ENC00033679,H002-D01-001,2026-07-05 04:30:36,2026-07-09 03:58:53,Admission
ADM00013203,ENC00033679,H002-D01-001,2026-07-09 03:58:53,2026-07-18 08:30:36,Transfer
ADM00013204,ENC00033680,H001-D07-002,2026-07-11 06:08:05,2026-08-24 17:08:05,Admission
ADM00013205,ENC00033681,H003-D09-001,2026-08-24 23:30:08,2026-08-25 13:01:11,Admission
ADM00013205,ENC00033681,H003-D09-001,2026-08-25 13:01:11,2026-08-28 01:30:08,Transfer
ADM00013206,ENC00033682,H004-D10-001,2026-08-15 02:09:28,2026-08-15 15:23:19,Admission
ADM00013206,ENC00033682,H004-D10-003,2026-08-15 15:23:19,2026-08-15 22:06:21,Transfer
ADM00013206,ENC00033682,H004-D10-006,2026-08-15 22:06:21,2026-08-18 07:09:28,Transfer
ADM00013207,ENC00033683,H001-D01-004,2026-08-12 13:49:59,2026-08-22 11:04:22,Admission
ADM00013207,ENC00033683,H001-D01-003,2026-08-22 11:04:22,2026-09-10 00:49:59,Transfer
ADM00013208,ENC00033684,H001-D07-003,2026-07-26 21:17:00,2026-08-07 04:17:00,Admission
ADM00013209,ENC00033685,H002-D08-002,2026-08-13 12:54:33,2026-08-14 11:53:52,Admission
ADM00013209,ENC00033685,H002-D08-001,2026-08-14 11:53:52,2026-08-18 22:54:33,Transfer
ADM00013210,ENC00033686,H003-D01-002,2026-07-05 05:39:00,2026-07-05 19:46:27,Admission
ADM00013210,ENC00033686,H003-D01-001,2026-07-05 19:46:27,2026-07-08 07:39:00,Transfer
ADM00013211,ENC00033687,H003-D05-001,2026-07-18 16:23:33,2026-07-22 03:29:45,Admission
ADM00013211,ENC00033687,H003-D05-001,2026-07-22 03:29:45,2026-08-02 21:23:33,Transfer
ADM00013212,ENC00033688,H001-D02-002,2026-07-22 03:51:52,2026-07-28 08:51:52,Admission
ADM00013213,ENC00033689,H002-D04-001,2026-08-31 02:18:13,2026-09-02 11:18:13,Admission
ADM00013214,ENC00033690,H002-D07-002,2026-08-14 15:30:22,2026-08-16 15:30:22,Admission
ADM00013215,ENC00033691,H003-D05-001,2026-08-21 05:03:30,2026-08-28 15:03:30,Admission
ADM00013216,ENC00033692,H002-D01-002,2026-07-08 14:05:53,2026-07-11 01:05:53,Admission
ADM00013217,ENC00033693,H002-D03-001,2026-08-23 09:06:38,2026-08-23 22:33:19,Admission
ADM00013217,ENC00033693,H002-D03-003,2026-08-23 22:33:19,2026-08-26 12:06:38,Transfer
ADM00013218,ENC00033694,H002-D04-001,2026-08-15 22:50:16,2026-08-16 23:06:36,Admission
ADM00013218,ENC00033694,H002-D04-002,2026-08-16 23:06:36,2026-08-19 02:50:16,Transfer
ADM00013219,ENC00033695,H002-D02-003,2026-08-10 23:46:35,2026-08-11 11:37:51,Admission
ADM00013219,ENC00033695,H002-D02-002,2026-08-11 11:37:51,2026-08-15 10:46:35,Transfer
ADM00013220,ENC00033696,H003-D08-002,2025-12-04 00:23:21,2025-12-08 00:23:21,Admission
ADM00013221,ENC00033697,H003-D04-001,2026-08-01 12:35:10,2026-08-02 12:59:30,Admission
ADM00013221,ENC00033697,H003-D04-002,2026-08-02 12:59:30,2026-08-02 20:21:16,Transfer
ADM00013221,ENC00033697,H003-D04-001,2026-08-02 20:21:16,2026-08-05 21:35:10,Transfer
ADM00013222,ENC00033698,H003-D06-002,2026-08-13 04:07:03,2026-08-14 14:57:56,Admission
ADM00013222,ENC00033698,H003-D06-001,2026-08-14 14:57:56,2026-08-19 10:07:03,Transfer
ADM00013223,ENC00033699,H002-D05-002,2026-08-01 19:47:25,2026-08-07 22:47:25,Admission
ADM00013224,ENC00033700,H003-D10-001,2026-08-15 14:35:24,2026-08-20 00:35:24,Admission
ADM00013225,ENC00033701,H001-D09-002,2026-07-05 12:27:05,2026-07-08 14:27:05,Admission
ADM00013226,ENC00033702,H002-D10-002,2026-07-18 21:30:48,2026-07-22 07:30:48,Admission
ADM00013227,ENC00033703,H001-D03-001,2026-08-23 15:57:20,2026-08-25 01:30:55,Admission
ADM00013227,ENC00033703,H001-D03-002,2026-08-25 01:30:55,2026-08-29 21:57:20,Transfer
ADM00013228,ENC00033704,H002-D09-001,2026-07-20 16:35:25,2026-07-22 17:35:25,Admission
ADM00013229,ENC00033705,H002-D01-003,2026-03-13 08:40:26,2026-03-22 18:40:26,Admission
ADM00013230,ENC00033706,H001-D10-002,2026-07-03 11:46:09,2026-07-13 20:46:09,Admission
ADM00013231,ENC00033707,H003-D08-002,2026-08-27 05:34:02,2026-09-14 08:34:02,Admission
ADM00013232,ENC00033708,H001-D04-001,2026-07-08 20:10:08,2026-07-16 04:10:08,Admission
ADM00013233,ENC00033709,H002-D06-001,2026-07-19 00:45:06,2026-07-27 04:45:06,Admission
ADM00013234,ENC00033710,H001-D07-004,2026-07-29 11:52:59,2026-07-31 03:17:11,Admission
ADM00013234,ENC00033710,H001-D07-002,2026-07-31 03:17:11,2026-08-12 17:52:59,Transfer
ADM00013235,ENC00033711,H003-D06-001,2026-07-26 20:29:20,2026-07-28 12:49:04,Admission
ADM00013235,ENC00033711,H003-D06-001,2026-07-28 12:49:04,2026-07-29 04:57:27,Transfer
ADM00013235,ENC00033711,H003-D06-001,2026-07-29 04:57:27,2026-08-03 23:29:20,Transfer
ADM00013236,ENC00033712,H003-D09-001,2026-07-25 14:25:21,2026-08-03 22:25:21,Admission
ADM00013237,ENC00033713,H002-D10-002,2026-08-28 18:17:56,2026-09-02 19:17:56,Admission
ADM00013238,ENC00033714,H002-D01-003,2026-08-08 00:04:48,2026-08-08 15:58:12,Admission
ADM00013238,ENC00033714,H002-D01-002,2026-08-08 15:58:12,2026-08-11 03:04:48,Transfer
ADM00013239,ENC00033715,H003-D04-001,2026-08-10 12:01:06,2026-08-12 12:01:06,Admission
ADM00013240,ENC00033716,H001-D10-002,2026-07-25 14:14:07,2026-08-18 00:14:07,Admission
ADM00013241,ENC00033717,H003-D03-002,2025-11-19 13:00:12,2025-11-20 04:03:35,Admission
ADM00013241,ENC00033717,H003-D03-001,2025-11-20 04:03:35,2025-11-21 21:00:12,Transfer
ADM00013242,ENC00033718,H003-D09-001,2026-07-29 11:28:36,2026-08-05 13:28:36,Admission
ADM00013243,ENC00033719,H003-D01-001,2026-08-04 05:02:49,2026-08-10 12:02:49,Admission
ADM00013244,ENC00033720,H002-D05-002,2026-07-08 17:01:37,2026-07-12 02:01:37,Admission
ADM00013245,ENC00033721,H003-D05-001,2026-07-21 09:54:38,2026-07-24 18:54:38,Admission
ADM00013246,ENC00033722,H003-D01-002,2026-07-26 10:18:33,2026-08-04 18:18:33,Admission
ADM00013247,ENC00033723,H002-D02-002,2026-08-21 20:49:23,2026-08-25 00:49:23,Admission
ADM00013248,ENC00033724,H002-D01-002,2026-07-17 02:11:58,2026-07-18 04:11:58,Admission
ADM00013249,ENC00033725,H002-D10-002,2026-08-14 01:52:30,2026-08-21 04:52:30,Admission
ADM00013250,ENC00033726,H001-D08-002,2026-07-07 01:31:19,2026-07-11 09:31:19,Admission
ADM00013251,ENC00033727,H003-D09-001,2026-07-27 17:00:07,2026-07-31 02:00:07,Admission
ADM00013252,ENC00033728,H002-D09-001,2026-07-05 03:56:11,2026-07-13 07:56:11,Admission
ADM00013253,ENC00033729,H004-D03-005,2026-07-27 17:08:22,2026-08-02 20:08:22,Admission
ADM00013254,ENC00033730,H002-D04-001,2026-07-30 18:55:41,2026-08-03 04:55:41,Admission
ADM00013257,ENC00033733,H003-D01-001,2026-05-22 13:47:27,2026-05-30 14:47:27,Admission
ADM00013259,ENC00033735,H003-D08-002,2026-07-07 06:29:05,2026-07-11 16:29:05,Admission
ADM00013260,ENC00033736,H003-D05-002,2026-07-10 00:11:04,2026-07-15 10:11:04,Admission
ADM00013261,ENC00033737,H002-D06-002,2026-07-25 17:46:07,2026-07-30 20:46:07,Admission
ADM00013262,ENC00033738,H003-D02-002,2026-08-06 13:08:11,2026-08-07 05:19:05,Admission
ADM00013262,ENC00033738,H003-D02-001,2026-08-07 05:19:05,2026-08-12 13:08:11,Transfer
ADM00013264,ENC00033740,H003-D02-001,2026-07-30 00:53:02,2026-07-31 02:53:02,Admission
ADM00013265,ENC00033741,H002-D10-002,2026-08-13 20:03:19,2026-08-22 03:03:19,Admission
ADM00013266,ENC00033742,H003-D03-002,2026-07-24 07:29:21,2026-07-25 10:29:21,Admission
ADM00013267,ENC00033743,H003-D02-001,2026-08-10 19:44:31,2026-08-14 05:44:31,Admission
ADM00013268,ENC00033744,H002-D08-003,2026-07-08 07:33:55,2026-07-08 17:31:15,Admission
ADM00013268,ENC00033744,H002-D08-001,2026-07-08 17:31:15,2026-07-09 16:33:55,Transfer
ADM00013269,ENC00033745,H003-D02-002,2026-05-13 03:53:10,2026-05-14 00:16:27,Admission
ADM00013269,ENC00033745,H003-D02-002,2026-05-14 00:16:27,2026-05-17 06:53:10,Transfer
ADM00013270,ENC00033746,H002-D01-002,2026-08-20 23:58:45,2026-08-24 02:58:45,Admission
ADM00013271,ENC00033747,H003-D09-001,2026-07-15 08:26:24,2026-07-17 13:26:24,Admission
ADM00013273,ENC00033749,H001-D10-004,2026-07-14 19:00:57,2026-07-22 05:00:57,Admission
ADM00013274,ENC00033750,H002-D09-003,2025-11-10 06:38:18,2025-11-19 14:38:18,Admission
ADM00013275,ENC00033751,H002-D01-003,2026-08-03 07:43:21,2026-08-04 08:28:32,Admission
ADM00013275,ENC00033751,H002-D01-003,2026-08-04 08:28:32,2026-08-10 18:43:21,Transfer
ADM00013276,ENC00033752,H002-D08-003,2026-07-15 23:11:57,2026-07-22 00:11:57,Admission
ADM00013277,ENC00033753,H001-D07-003,2025-06-13 08:52:40,2025-06-16 14:52:40,Admission
ADM00013278,ENC00033754,H003-D01-001,2026-08-01 12:14:20,2026-08-13 17:14:20,Admission
ADM00013279,ENC00033755,H001-D01-003,2026-07-26 20:59:09,2026-08-07 04:59:09,Admission
ADM00013280,ENC00033756,H001-D04-004,2026-07-07 21:23:35,2026-07-18 21:23:35,Admission
ADM00013281,ENC00033757,H001-D07-004,2026-07-27 15:20:49,2026-07-30 17:20:49,Admission
ADM00013282,ENC00033758,H003-D02-002,2026-08-05 20:34:55,2026-08-06 07:19:53,Admission
ADM00013282,ENC00033758,H003-D02-001,2026-08-06 07:19:53,2026-08-09 01:34:55,Transfer
ADM00013283,ENC00033759,H002-D08-002,2026-08-06 20:12:47,2026-08-08 03:12:47,Admission
ADM00013284,ENC00033760,H002-D04-002,2026-08-02 12:47:44,2026-08-08 14:47:44,Admission
ADM00013285,ENC00033761,H003-D03-002,2026-07-03 14:09:41,2026-07-09 21:09:41,Admission
ADM00013286,ENC00033762,H002-D08-003,2026-08-30 00:14:19,2026-09-01 08:14:19,Admission
ADM00013287,ENC00033763,H003-D01-001,2026-07-11 10:47:34,2026-08-02 15:47:34,Admission
ADM00013288,ENC00033764,H003-D10-001,2026-07-21 05:01:35,2026-07-23 02:12:35,Admission
ADM00013288,ENC00033764,H003-D10-001,2026-07-23 02:12:35,2026-07-24 13:09:45,Transfer
ADM00013288,ENC00033764,H003-D10-001,2026-07-24 13:09:45,2026-08-03 14:01:35,Transfer
ADM00013289,ENC00033765,H002-D03-002,2026-08-10 21:59:34,2026-08-15 22:59:34,Admission
ADM00013290,ENC00033766,H002-D06-003,2026-07-30 10:37:29,2026-08-03 15:37:29,Admission
ADM00013291,ENC00033767,H001-D03-004,2026-08-25 08:51:56,2026-09-02 10:51:56,Admission
ADM00013292,ENC00033768,H003-D03-002,2026-07-12 07:11:15,2026-07-23 09:11:15,Admission
ADM00013293,ENC00033769,H002-D06-001,2026-08-05 03:15:08,2026-08-06 07:15:08,Admission
ADM00013294,ENC00033770,H001-D10-003,2026-08-25 08:47:17,2026-09-02 18:47:17,Admission
ADM00013295,ENC00033771,H001-D10-001,2026-08-21 20:23:54,2026-08-23 11:35:07,Admission
ADM00013295,ENC00033771,H001-D10-003,2026-08-23 11:35:07,2026-08-25 14:22:49,Transfer
ADM00013295,ENC00033771,H001-D10-003,2026-08-25 14:22:49,2026-08-31 03:23:54,Transfer
ADM00013296,ENC00033772,H002-D10-002,2026-08-21 00:27:38,2026-08-27 05:27:38,Admission
ADM00013297,ENC00033773,H003-D05-002,2026-07-24 15:51:40,2026-07-30 23:51:40,Admission
ADM00013298,ENC00033774,H001-D08-002,2026-07-09 14:35:43,2026-07-10 10:55:17,Admission
ADM00013298,ENC00033774,H001-D08-003,2026-07-10 10:55:17,2026-07-16 22:35:43,Transfer
ADM00013299,ENC00033775,H004-D03-004,2026-07-20 16:02:03,2026-07-25 23:02:03,Admission
ADM00013300,ENC00033776,H001-D04-004,2026-07-17 17:32:17,2026-07-23 23:32:17,Admission
ADM00013302,ENC00033778,H002-D06-002,2026-08-12 09:48:12,2026-08-14 16:48:12,Admission
ADM00013303,ENC00033779,H002-D08-002,2026-08-13 21:38:23,2026-08-17 14:56:16,Admission
ADM00013303,ENC00033779,H002-D08-003,2026-08-17 14:56:16,2026-08-24 22:38:23,Transfer
ADM00013304,ENC00033780,H001-D04-001,2026-08-15 16:52:04,2026-08-16 09:55:28,Admission
ADM00013304,ENC00033780,H001-D04-001,2026-08-16 09:55:28,2026-08-17 20:52:04,Transfer
ADM00013306,ENC00033782,H001-D05-001,2026-08-28 05:17:37,2026-08-28 14:41:33,Admission
ADM00013306,ENC00033782,H001-D05-003,2026-08-28 14:41:33,2026-08-30 10:17:37,Transfer
ADM00013308,ENC00033784,H002-D09-001,2026-08-10 08:39:19,2026-08-17 15:39:19,Admission
ADM00013309,ENC00033785,H001-D05-002,2026-08-15 05:32:03,2026-08-19 16:32:03,Admission
ADM00013310,ENC00033786,H003-D01-001,2026-07-21 03:24:03,2026-07-21 22:41:57,Admission
ADM00013310,ENC00033786,H003-D01-002,2026-07-21 22:41:57,2026-07-23 14:24:03,Transfer
ADM00013313,ENC00033789,H001-D01-001,2026-08-29 05:10:21,2026-08-31 10:10:21,Admission
ADM00013314,ENC00033790,H001-D06-001,2026-08-10 20:49:08,2026-08-14 02:56:03,Admission
ADM00013314,ENC00033790,H001-D06-002,2026-08-14 02:56:03,2026-08-23 21:49:08,Transfer
ADM00013315,ENC00033791,H001-D03-002,2026-07-08 13:08:48,2026-07-21 17:08:48,Admission
ADM00013316,ENC00033792,H001-D03-001,2026-08-05 12:02:49,2026-08-09 19:02:49,Admission
ADM00013317,ENC00033793,H003-D08-002,2026-08-22 18:17:06,2026-09-02 04:17:06,Admission
ADM00013318,ENC00033794,H001-D06-003,2026-07-03 19:16:41,2026-07-08 00:16:41,Admission
ADM00013319,ENC00033795,H003-D01-002,2026-08-04 19:41:09,2026-08-06 00:18:27,Admission
ADM00013319,ENC00033795,H003-D01-002,2026-08-06 00:18:27,2026-08-08 21:41:09,Transfer
ADM00013320,ENC00033796,H002-D01-002,2026-08-24 19:37:53,2026-08-27 00:37:53,Admission
ADM00013322,ENC00033798,H002-D05-001,2026-08-20 11:24:22,2026-08-26 23:13:35,Admission
ADM00013322,ENC00033798,H002-D05-002,2026-08-26 23:13:35,2026-09-23 16:24:22,Transfer
ADM00013323,ENC00033799,H001-D06-002,2026-08-12 07:21:23,2026-08-26 14:21:23,Admission
ADM00013324,ENC00033800,H003-D03-001,2026-08-08 16:48:54,2026-08-15 18:48:54,Admission
ADM00013325,ENC00033801,H003-D10-001,2026-08-31 03:48:19,2026-09-01 03:24:26,Admission
ADM00013325,ENC00033801,H003-D10-001,2026-09-01 03:24:26,2026-09-04 08:48:19,Transfer
ADM00013326,ENC00033802,H003-D05-002,2026-08-12 15:00:55,2026-08-18 17:00:55,Admission
ADM00013327,ENC00033803,H001-D04-004,2026-07-04 04:35:42,2026-07-07 05:35:42,Admission
ADM00013328,ENC00033804,H003-D06-002,2026-08-29 23:06:39,2026-09-04 06:06:39,Admission
ADM00013329,ENC00033805,H001-D06-002,2026-07-18 14:04:35,2026-07-24 21:04:35,Admission
ADM00013330,ENC00033806,H001-D03-002,2026-07-16 00:01:03,2026-07-18 01:01:03,Admission
ADM00013331,ENC00033807,H002-D08-003,2026-08-15 01:29:09,2026-08-19 12:29:09,Admission
ADM00013332,ENC00033808,H001-D10-002,2026-07-22 09:15:49,2026-07-23 10:21:55,Admission
ADM00013332,ENC00033808,H001-D10-003,2026-07-23 10:21:55,2026-07-25 14:15:49,Transfer
ADM00013333,ENC00033809,H003-D06-002,2025-10-23 21:12:32,2025-10-31 01:12:32,Admission
ADM00013334,ENC00033810,H003-D06-002,2026-07-28 14:48:13,2026-08-02 21:48:13,Admission
ADM00013335,ENC00033811,H001-D07-004,2026-08-14 19:35:47,2026-08-21 02:35:47,Admission
ADM00013336,ENC00033812,H004-D03-001,2026-07-27 01:50:27,2026-07-30 01:50:27,Admission
ADM00013337,ENC00033813,H002-D06-002,2026-08-27 19:39:49,2026-09-03 01:39:49,Admission
ADM00013338,ENC00033814,H003-D09-001,2025-11-26 17:54:17,2025-11-29 03:54:17,Admission
ADM00013340,ENC00033816,H001-D02-004,2025-08-23 19:14:50,2025-08-26 22:14:50,Admission
ADM00013341,ENC00033817,H001-D09-003,2026-07-24 23:19:19,2026-07-27 11:20:20,Admission
ADM00013341,ENC00033817,H001-D09-004,2026-07-27 11:20:20,2026-08-02 00:19:19,Transfer
ADM00013342,ENC00033818,H004-D10-001,2025-11-25 20:31:02,2025-12-04 02:31:02,Admission
ADM00013343,ENC00033819,H003-D07-001,2026-08-15 20:34:13,2026-08-17 07:50:45,Admission
ADM00013343,ENC00033819,H003-D07-002,2026-08-17 07:50:45,2026-08-20 23:34:13,Transfer
ADM00013345,ENC00033821,H003-D02-002,2026-08-20 18:59:46,2026-08-25 04:59:46,Admission
ADM00013346,ENC00033822,H002-D09-003,2026-07-27 18:12:29,2026-08-15 22:12:29,Admission
ADM00013347,ENC00033823,H003-D04-001,2026-08-17 14:39:18,2026-08-18 02:20:16,Admission
ADM00013347,ENC00033823,H003-D04-002,2026-08-18 02:20:16,2026-08-20 23:39:18,Transfer
ADM00013349,ENC00033825,H002-D03-001,2026-07-24 02:59:45,2026-07-24 16:01:33,Admission
ADM00013349,ENC00033825,H002-D03-001,2026-07-24 16:01:33,2026-07-27 13:59:45,Transfer
ADM00013352,ENC00033828,H003-D01-001,2026-08-20 18:08:04,2026-08-22 07:01:27,Admission
ADM00013352,ENC00033828,H003-D01-001,2026-08-22 07:01:27,2026-08-26 01:08:04,Transfer
ADM00013353,ENC00033829,H002-D03-002,2026-08-06 00:15:55,2026-08-06 17:29:34,Admission
ADM00013353,ENC00033829,H002-D03-002,2026-08-06 17:29:34,2026-08-10 11:15:55,Transfer
ADM00013354,ENC00033830,H004-D10-003,2026-08-25 16:21:52,2026-09-01 03:21:52,Admission
ADM00013355,ENC00033831,H001-D01-005,2026-07-25 20:11:43,2026-07-30 21:11:43,Admission
ADM00013356,ENC00033832,H003-D01-002,2026-07-16 12:43:24,2026-07-18 13:49:25,Admission
ADM00013356,ENC00033832,H003-D01-002,2026-07-18 13:49:25,2026-07-25 18:43:24,Transfer
ADM00013357,ENC00033833,H003-D08-002,2026-08-14 10:26:30,2026-09-10 10:26:30,Admission
ADM00013358,ENC00033834,H003-D03-001,2026-08-08 01:30:31,2026-08-09 19:40:09,Admission
ADM00013358,ENC00033834,H003-D03-001,2026-08-09 19:40:09,2026-08-15 09:30:31,Transfer
ADM00013359,ENC00033835,H003-D08-002,2026-07-14 05:37:06,2026-07-20 10:37:06,Admission
ADM00013360,ENC00033836,H002-D08-001,2026-08-11 09:44:03,2026-08-12 01:34:47,Admission
ADM00013360,ENC00033836,H002-D08-003,2026-08-12 01:34:47,2026-08-16 13:44:03,Transfer
ADM00013362,ENC00033838,H004-D10-004,2026-08-04 15:24:41,2026-08-08 19:24:41,Admission
