account_holder_id,first_nm,last_nm,birth_dt,gender_cd,hc_number,zip_postal,phone_number,update_dt
ACC73505983,Willaim,Mitchell,2016-09-12,1,8728-110-597,M1C 3Z5,6474212309,2026-08-09 12:02:30
ACC38352174,Tomas,Park,1979-01-30,1,6425-356-208,m3b7t1,4163104770,2026-08-25 13:45:15
ACC75362922,Karen,Smith,1981-06-12,2,9631-401-628,L4J1N3,9054976463,2026-08-19 11:03:42
ACC92336796,Yuki,Brown,1965-02-10,2,6550-987-835,M6K8A6,9056947326,2026-08-11 16:31:08
ACC95513344,Brian,Tremmblay,1996-02-12,1,7109-731-278,L5A2T3,6479815443,2026-07-09 11:32:29
ACC74937580,Barbara,King,2007-03-10,2,4722-379-452,M4L 3A9,9052531640,2026-08-27 20:59:03
ACC64903652,Susan,Mensah,1999-12-17,2,8898-671-345,M1H1L2,9055661751,2026-07-24 18:01:34
ACC20039991,Patricia,Nelson,1939-12-07,2,3245-716-497,M6K2A9,2899277741,2026-07-03 19:45:33
ACC94474414,Marie,MacDonald,1994-05-25,2,9037-467-603,M5H 4B2,(416) 471-7423,2026-07-06 06:28:07
ACC68142676,Olga,Tremblay,1995-06-13,2,0903-712-644,M1G3E2,9055181631,2026-07-31 10:46:55
ACC13751405,Claire,Silva,1940-01-14,2,2924-506-476,L6A 0R7,4378717051,2026-07-24 07:50:06
ACC53498417,Ivan,Tremblay,1974-11-29,1,7468-059-683,m1h3p2,289-413-5294,2026-07-20 12:41:29
ACC88709491,Amir,Bouchard,1968-12-08,1,6380-704-541,M9N 9L7,4373109268,2026-08-09 07:49:19
ACC17391473,Linda,Brown,1997-01-14,2,6292-600-126,L6A8W6,(647) 874-4305,2026-08-22 00:29:58
ACC36842575,Chen,Willson,1969-09-10,1,1975-910-223,M4C 2Z5,4378668435,2025-12-20 04:03:11
ACC87192980,Fatima,MacDonald,1977-10-17,2,5212-644-495,M1E3E2,6476505217,2026-07-11 22:45:57
ACC39131987,Yuki,Green,1978-11-20,2,8350-594-167,M8V7J6,6479966550,2026-07-18 15:40:58
ACC27813864,Jessica,Li,2025-06-17,2,4052-621-655,M6J2N1,(905) 791-3494,2026-07-11 12:04:59
ACC91735318,Pedro,Nelson,,1,2094-593-544,M3C9J4,4378760478,2026-08-29 01:47:33
ACC57630083,Nadia,Rossi,2003-07-14,2,4796-596-221,m1j4x0,416-748-7299,2026-07-07 00:15:40
ACC77874576,Matthew,Ferreira,1940-01-11,1,7887-769-136,M5R8H5,9057095176,2026-08-10 22:12:31
ACC69707332,Sofia,Osei,1994-09-19,2,4676-778-881,M6J 4S6,,2026-08-14 16:26:25
ACC64271179,Ahmd,O'Brien,1926-06-12,1,3622-726-267,,(905) 656-6588,2026-07-10 22:40:09
ACC55146142,Zara,Williams,1996-07-31,2,0295-366-645,M9C 6S5,,2026-08-13 18:27:18
ACC57589451,Lia,Ricci,1943-08-02,2,5572-865-797,M1E2Z6,6477640039,2026-07-21 19:30:02
ACC82585177,Liz,Robinson,1959-08-06,2,0089-843-361,M4E 8E1,416-391-0209,2026-08-22 18:55:04
ACC42551525,Limg,Anderson,1961-09-11,2,9734-592-406,M1H 9C2,365-386-3344,2026-08-27 17:18:51
ACC24038702,Priya,Rordiguez,1983-11-04,u,7977-182-083,m1m6c3,6473802663,2026-07-21 14:27:59
ACC95748877,Marie,Murphy,1985-06-21,2,4917-744-197,M1G 9X7,289-919-2108,2026-07-15 02:22:51
ACC34243803,Anthoony,Lopez,1961-04-21,1,1569-303-280,l6m6w2,(416) 507-0945,2026-08-20 00:58:53
ACC35542938,Nadia,Osei,1990-03-12,2,9521-034-158,M8V8C2,437-319-3155,2026-08-07 10:24:15
ACC50098445,Marie,Sutherland,1961-11-29,u,0483-445-169,M6G 6L0,(647) 543-2938,2026-07-21 11:20:43
ACC84079285,Luc,Walker,1987-11-06,1,0578-751-059,M5A3S9,289-674-6224,2026-08-10 05:54:18
ACC76631748,Daniel,Tran,1928-11-05,1,3250-700-543,L6C7T5,437-836-8732,2026-07-29 21:47:53
ACC25778768,Ivn,Brown,1965-09-10,1,0703-472-555,M3A 5C9,9058157279,2026-07-08 06:14:05
ACC85576240,Daniel,Fraser,1989-09-22,1,6249-818-789,M1G 5E3,,2026-07-20 13:13:51
ACC75768766,Joseph,Miller,2005-12-09,1,8328-110-005,M1H 5G1,416-467-9362,2025-08-14 03:31:17
ACC51942605,Patricia,Bouchard,1984-02-26,2,9199-462-194,M5A,(437) 540-7391,2026-07-29 05:00:04
ACC12386795,Diego,Williams,1967-04-22,1,4303-826-498,,(289) 755-0197,2026-07-23 10:30:37
ACC21397490,Asha,Hassan,1983-08-02,2,4601-598-727,M3H5W4,(647) 886-5951,2026-08-15 09:52:23
ACC25160105,William,Ckark,1931-02-27,1,5106-371-734,M9M4G7,905-816-8245,2026-08-05 04:25:10
ACC68234619,Linda,Jackson,1996-05-18,2,8594-265-830,L6R 5A6,365-218-4432,2026-08-06 12:37:34
ACC55143141,Sarah,Martinez,1974-04-17,2,9515-459-395,,4374560387,2026-07-19 04:14:12
ACC16318026,Patricia,Martin,1926-02-01,2,1315-965-226,M8X3E0,437-871-0249,2026-07-10 06:41:42
ACC38603150,Brian,Baker,1973-11-10,1,1172-186-056,L6B4B1,647-759-2530,2026-07-22 20:43:21
ACC11657919,Jin,Hasasn,1994-06-27,1,4110-841-816,M8X2C4,(647) 378-6065,2026-08-14 12:35:04
ACC96779092,Mei,Wilson,1992-04-08,2,9018-607-128,M1C 7C8,289-772-6804,2026-08-02 11:12:56
ACC10374268,Claire,Singh,1980-08-23,2,8845-657-009,M1E 3Y3,437-859-1587,2026-05-27 13:02:07
ACC46060421,Chen,Hassan,1899-01-01,1,2874-690-783,L5C1Y7,647-487-8748,2026-07-25 15:11:14
ACC62433485,Ivan,Thomas,1957-07-12,1,2202-300-501,M6B,,2026-08-09 07:51:45
ACC65915242,Joseph,Bouchard,1949-12-08,1,3443-493-220,M2M8L1,2894361361,2026-08-02 05:23:35
ACC93513588,James,Anderson,1982-12-17,1,9646-666-207,M4H 9K9,9052961924,2026-08-06 08:00:58
ACC15475217,Wi,Rossi,1994-05-23,1,3137-119-107,L5A 1S0,9053070022,2026-07-08 12:10:19
ACC16182043,Jennifer,Davis,1941-08-05,2,7074-329-686,M5R0H4,437-860-3613,2026-08-23 21:34:27
ACC85571587,Jess,Murphy,1981-08-22,2,2278-441-825,L6L5Z2,(365) 806-0098,2026-08-15 10:54:30
ACC34171761,Nadia,Garcia,1965-09-07,2,7421-768-065,m6b5r3,905-323-1958,2026-08-24 22:27:17
ACC56909612,Margatet,Li,1958-08-23,2,0735-471-625,L6S 7G3,2892072052,2026-07-18 23:05:27
ACC80082863,Luc,Harris,1961-12-09,1,8662-939-076,M8W 2J5,4376476718,2026-08-08 14:53:41
ACC88158649,George,Santos,1962-02-11,1,6011-390-504,M4K3S4,4376135582,2026-08-26 22:42:35
ACC10570947,Susan,Kelly,1989-10-16,2,4172-790-786,M5J 7E1,4373011067,2026-08-22 07:25:28
ACC27236563,Michael,Ricci,1985-12-06,1,1782-924-938,M5K 2H1,365-835-4743,2026-08-12 19:08:17
ACC21589343,Yuki,Fraser,1926-05-05,2,5366-612-518,M8Y4G6,(416) 823-3740,2026-07-09 00:22:30
ACC79895633,Aisha,Kumar,1994-11-25,2,8622-196-213,L4J 4P9,,2026-08-12 01:09:25
ACC53649605,Joseph,Green,1992-04-12,1,6941-791-359,00000,(365) 667-1936,2026-08-11 18:38:23
ACC11213993,Mohammed,Fraser,1979-11-07,1,1915-754-640,M4H9P1,4168321338,2026-08-04 08:04:24
ACC64986612,Margaret,Green,1992-02-10,2,4198-178-834,m4a8t4,4168438334,2026-08-07 15:35:35
ACC93552084,Prya,Brown,1968-01-09,2,1959-223-460,L4K6R4,2894204586,2026-08-29 12:44:36
ACC81180417,Luc,Smith,1993-06-26,1,0072-569-155,M4J 0B5,2899082763,2026-03-09 17:26:00
ACC17627362,Niolai,White,1967-01-09,1,6489-721-396,,9056866601,2026-08-18 04:13:20
ACC18158915,Claire,Wright,1930-09-28,2,0500-642-772,M4B 7T6,365-861-4100,2026-01-03 09:26:45
ACC92642263,Lcu,Zhang,1954-10-30,1,3969-307-325,L4L 4J1,4374886069,2026-08-25 01:19:09
ACC13191938,Omar,Nowak,1990-03-26,1,5869-429-778,L4C 1E5,(905) 790-3053,2026-07-08 05:59:28
ACC63131377,Jessica,Davis,1962-09-11,2,1220-917-700,M6J4G8,6476378966,2026-07-29 07:51:32
ACC95154893,Jim,Ali,1980-11-11,1,3140-902-358,M1E 8K0,416-434-0531,2026-08-01 15:46:50
ACC53141602,Jess,Singh,1993-05-20,2,9701-708-464,L4B 5W2,2896208325,2026-07-20 19:31:37
ACC93335413,Tomas,Tremblay,1981-06-07,1,5873-909-690,L6H 1B1,437-550-5722,2026-08-05 12:21:16
ACC38749303,Ling,Harris,1972-04-07,2,9165-420-937,M5G3C8,365-238-8992,2026-07-08 06:57:54
ACC92500125,Yusuf,Walker,1954-07-28,1,8891-956-149,L5B 8R2,437-536-7993,2026-07-19 08:33:04
ACC30803615,Omar,Nowak,1976-04-12,1,1565-242-664,M1C9Y8,(437) 526-4931,2026-08-31 20:35:31
ACC95298192,Claire,Kim,1979-12-28,2,7488-963-914,M3C 2Z7,365-520-0114,2026-08-14 13:31:23
ACC90112935,Ahmed,Nguyen,1937-10-10,1,9784-242-720,M4L7J8,3656829014,2026-08-28 20:31:14
ACC13026697,Margaret,Martinez,1981-04-19,2,0279-467-617,M3B 5Z5,3654086006,2026-07-04 05:38:28
ACC24007926,Emily,Youg,1938-11-10,2,0845-596-634,M8V 2W9,(416) 284-8925,2026-07-23 02:27:00
ACC85799611,Anthony,Nguyen,1978-11-24,1,1728-455-146,M9A 3B4,,2026-07-25 13:00:28
ACC84590308,George,Hassan,2006-10-05,1,8289-031-000,M6L 3J8,905-850-4791,2026-08-13 11:07:04
ACC60560254,Lisa,Wilson,1957-08-21,2,7372-623-913,M6E 7T8,416-825-6617,2026-07-18 02:27:14
ACC19511346,Patricia,Ahmed,1940-04-26,2,9468-663-167,M2N 0N7,6476004548,2026-07-27 11:40:55
ACC47007488,Chen,Rodriguez,2025-10-27,1,6896-280-747,M2K3B6,,2026-08-08 08:00:08
ACC33370517,Amara,Okafor,2006-03-09,2,8753-727-893,M4J8Y4,289-903-4715,2026-08-04 20:27:06
ACC30389485,Hiroshi,Nguyen,1992-02-24,1,2535-553-917,M8V2M6,365-617-7548,2026-08-09 00:14:42
ACC15792884,Linda,Martin,1931-07-12,2,9449-608-000,M6K 3R7,3658264164,2026-07-04 17:31:15
ACC38408551,Diego,Scott,1968-08-29,1,8998-455-334,,4164897489,2026-08-17 09:20:37
ACC19032098,Jennifer,Jones,1957-07-01,2,0570-099-374,M6H5G8,647-571-8906,2026-08-03 03:55:03
ACC68568415,Diego,Tran,1976-05-23,1,7340-621-718,M9L9R9,,2026-07-24 17:13:44
ACC96504867,Brian,Tran,2008-10-10,1,8377-392-082,m3c3p9,416-454-7093,2026-07-11 06:46:45
ACC57662711,Barb,Jones,1955-08-21,2,0180-792-194,M4K 3B0,3654381722,2026-07-31 00:52:38
ACC94708930,Yuki,Borwn,2001-06-22,2,3939-193-649,M5P8S1,365-864-1833,2026-07-21 18:27:52
ACC41525203,Jen,Jackson,1945-10-31,2,2316-800-586,m4g8g8,(416) 946-1417,2025-12-16 10:39:08
ACC61811504,Mary,Nowak,1990-09-20,2,2250-534-837,M2R 8C0,2892669793,2026-07-26 04:29:24
ACC55632221,Betty,Park,1985-12-26,2,1383-260-138,M6M5Y21,(289) 894-9271,2026-07-11 10:25:58
ACC43514901,Amara,Park,1958-11-08,2,8570-450-224,,9054120302,2026-08-30 09:33:38
ACC13010389,Amir,Gonzlez,1968-11-06,1,0371-038-936,M8V 0G5,365-215-1579,2026-08-15 08:44:38
ACC13135220,Yuki,Okafor,1967-10-18,2,8468-668-895,M4K 0X1,(289) 295-0363,2026-08-10 14:43:33
ACC47242281,Priya,Kim,1964-09-06,2,1508-664-701,M6K 3B3,4164684219,2026-07-18 08:16:11
ACC44842822,Jean,Ahmed,1998-05-05,1,5818-536-285,M1B4A1,416-950-4370,2026-08-15 11:31:53
ACC70821912,Emily,Silva,1946-01-13,2,6249-530-657,M1L 0M5,(416) 790-7057,2026-08-25 05:35:07
ACC21759717,Mei,Ahmed,1926-07-24,2,0875-824-252,M6A 8Y6,,2026-07-22 00:53:09
ACC27222183,Joshua,Smith,2005-04-26,1,2983-849-668,M1C0N7,4168749326,2026-08-08 03:01:12
ACC34272645,Jean,Williams,1990-11-09,1,8593-487-690,M8V 7B7,4378312951,2026-08-01 12:18:50
ACC33092311,Thomas,Li,1985-03-22,1,6621-643-037,,,2026-08-25 16:29:20
ACC45217526,Michael,Davis,1979-03-17,1,9285-205-978,M5B 6L1,3652776585,2026-07-26 21:07:24
ACC32614090,Mohammed,Davis,1992-11-02,1,6388-120-815,M4C1B21,(365) 795-9931,2026-08-27 06:45:15
ACC22720539,Karen,Ferreira,1979-06-30,2,2083-498-861,,365-488-9848,2026-07-05 11:09:47
ACC60093423,Sandy,Martinez,1941-05-30,2,2293-816-944,M4K 4J0,437-665-4425,2026-08-09 19:10:48
ACC36356400,Barbara,Gagnon,1965-07-21,2,3380-940-092,M6J7P0,365-246-4753,2026-08-19 19:58:53
ACC26327346,Mark,Bouchard,1992-02-21,1,9325-770-346,L6M7K0,6475558726,2026-07-11 23:17:09
ACC86632719,Hroshi,Nguyen,2008-08-25,1,1024-885-863,M6A 0X0,(647) 502-5518,2026-07-22 03:23:10
ACC10283441,Steven,Lopez,1955-08-22,1,1986-787-339,M2K8L2,(647) 744-6463,2026-07-10 20:28:42
ACC60208276,Sarah,Li,1990-02-02,2,3957-949-062,,6472549589,2026-08-22 20:11:28
ACC32641883,Andy,Johnson,1982-07-23,1,7225-596-696,M3B 3J4,6474948530,2026-07-04 09:51:54
ACC36047728,Jiin,Allen,1971-11-04,1,1587-626-167,,,2026-10-19 13:37:14
ACC71769830,Wei,Osei,1993-10-19,1,3719-118-394,L6C0L01,(647) 549-8246,2026-07-28 17:38:42
ACC92557971,Brian,Harris,2015-10-31,1,6931-079-864,M4K 4C7,9058692212,2026-08-26 01:29:15
ACC17796635,Barbara,Wang,1969-01-10,2,2611-453-305,M6A7P8,365-357-6726,2026-08-11 17:09:31
ACC74966085,Linda,Ahmed,1932-10-06,2,3239-524-063,M8Y0S1,,2026-08-10 08:21:49
ACC99817730,Claire,Campbell,1971-06-11,2,5273-690-619,L6M 4P2,,2026-08-30 09:09:45
ACC22086309,Joseph,Silva,2015-11-18,1,1273-400-844,m6a2l2,365-855-0114,2026-07-04 19:02:32
ACC42316218,Sarah,Anderson,1955-06-07,2,5976-766-518,M5R,(289) 992-7671,2026-08-27 19:17:55
ACC28279830,Thomas,Williams,1954-05-14,1,9709-325-659,M6H8E5,9052344312,2026-07-22 17:04:15
ACC80283903,Olga,Murphy,1951-04-26,2,0422-465-328,M4B 7J0,,2026-07-14 18:09:32
ACC93877492,Luc,O'Brien,1978-02-01,1,1874-095-951,M9M7X4,416-889-7204,2026-07-18 23:04:56
ACC76364783,William,Brown,1948-09-23,1,5637-531-566,M4G3W5,(365) 302-4404,2026-08-25 08:18:10
ACC85882997,Mark,Li,1974-06-07,1,1354-544-379,M3B6R71,(365) 993-1422,2026-07-05 19:56:16
ACC69053697,Susan,Santos,1998-10-15,2,0742-966-831,M8W 4A7,647-667-0225,2026-07-10 04:24:42
ACC19219740,Tom,Jones,1932-06-29,1,5239-772-147,M3C 7Y3,4166833206,2026-08-16 16:56:57
ACC99158280,Chiara,Osei,1986-12-24,2,4180-719-249,M6E 3P8,(365) 878-3571,2026-07-10 15:42:55
ACC20728666,Nancy,MacDonald,1930-04-09,2,2124-252-301,M1N 8L8,9058647383,2026-08-04 15:03:08
ACC74338146,Tomas,Kumar,1960-10-05,1,0316-884-824,M4H5Y6,437-557-2686,2025-07-24 02:00:39
ACC67949482,Ana,Kowalski,1992-10-08,2,4925-145-858,M5H 8E8,2898021052,2026-08-12 14:19:48
ACC26706090,Emily,Singh,1999-02-21,2,1341-079-380,M5N4J2,6478005558,2026-08-04 17:55:17
ACC39111478,Karen,Kowalski,1949-04-01,2,2146-290-149,M6G7L5,416-627-9708,2026-08-24 10:03:44
ACC20112359,Margsret,Chen,2023-08-31,2,2118-198-148,L4B2T0,6473701692,2026-07-18 00:04:47
ACC85734223,Margaret,Fraser,1966-08-01,2,2594-098-473,M9C 5B3,4169210905,2026-07-21 09:50:37
ACC98230341,Mohammed,Tremblay,1985-07-08,1,0231-925-587,L4J 4S1,(437) 228-3430,2026-08-03 06:41:50
ACC61144592,Sarah,Thomas,2004-11-14,2,3090-504-808,00000,(437) 838-4335,2026-07-08 14:58:02
ACC29849246,Hassan,Thompson,1984-08-15,1,9963-481-271,M1B 6V3,6475182529,2026-07-24 02:45:27
ACC84861890,Yuki,Osie,1992-09-21,2,3128-971-060,M6B 1T0,(365) 787-9577,2026-08-25 09:01:50
ACC44909276,Barb,Patel,1965-03-12,2,2065-359-313,M5E 6A6,,2026-07-04 05:15:56
ACC77251743,Melissa,Nguyen,1954-03-28,2,7443-148-080,L5N7N7,6475743534,2026-08-27 16:24:32
ACC35440716,Omaar,Khan,1970-07-21,1,2507-353-137,m1j1l8,,2026-07-14 02:38:59
ACC58745546,Shelly,Sutherland,1972-12-29,2,8025-998-694,L6A2N3,647-673-2580,2026-07-09 13:32:37
ACC95300152,Amanda,Ferreira,1958-02-08,2,2210-565-558,M8Y0W0,905-690-4867,2026-08-10 16:22:53
ACC38185301,Lcu,Wright,1956-10-28,1,0973-667-835,M4A 0E3,,2026-07-29 22:26:14
ACC73656285,Marie,Scott,1956-04-17,2,7761-944-920,L4J6S3,(437) 635-8787,2026-07-25 21:50:47
ACC96988446,Priya,Kig,1990-02-08,2,4981-257-845,M4A2T5,4378244250,2026-08-02 02:53:27
ACC84508920,Andrew,Park,1996-12-16,1,6233-052-871,M2R 9M3,(289) 540-3259,2026-07-18 19:33:13
ACC80271660,Jennifer,Singh,1989-07-01,2,1563-043-494,M5J6K6,(416) 494-3486,2026-07-13 16:38:18
ACC90079356,Ingrid,Anderson,1964-01-29,2,2785-545-860,m2k1p0,4163242266,2026-08-14 09:54:04
ACC19274144,Marie,Smith,1952-10-09,2,7105-358-977,M8Y 5K6,(365) 301-3230,2026-04-08 06:42:52
ACC24769922,Olga,Martinez,1997-08-05,2,1406-066-157,M4K 9W5,,2026-07-07 00:38:39
ACC74172541,Brian,Kumar,1960-06-09,1,7070-703-108,M4M 2P3,289-699-0385,2026-07-08 08:20:52
ACC19798149,Patricia,Chen,1968-08-12,2,6383-854-236,L5A 9M4,437-489-6286,2026-08-10 09:19:01
ACC73851771,Amara,Mitchell,2014-01-19,2,6244-766-264,M8W4P61,4163596759,2026-07-17 10:20:19
ACC20932338,Zara,Nelsn,1967-10-11,2,2140-861-432,,(905) 521-8241,2026-08-22 16:27:49
ACC87201864,Nadia,Hernandez,1975-05-19,2,1207-788-702,m5h1x2,,2026-07-27 02:46:20
ACC12541538,Priya,Jackson,1958-01-09,2,9950-641-218,M4A 4K1,(437) 569-1044,2026-08-25 10:39:09
ACC14395026,Karen,Ali,1950-01-01,2,6355-564-409,M2M7B7,6477395310,2026-08-09 07:17:28
ACC64783268,Toms,Roy,1963-05-20,1,4632-393-742,M6E8W3,289-262-7114,2026-08-24 15:20:24
ACC31770357,Linda,Ahmed,1973-11-30,2,3235-211-202,M5G 9E0,4372253181,2026-08-12 10:31:04
ACC35824377,Linda,Miller,1978-06-15,u,3390-865-768,m1j8a3,2896457669,2026-03-26 23:07:50
ACC42707717,Chiara,Murphy,1983-09-27,2,6216-881-430,L6R 7E2,365-534-9066,2026-07-17 10:33:54
ACC13394363,James,Brown,1971-11-08,1,0848-529-160,M9A 2X6,(365) 355-6691,2026-07-16 19:37:23
ACC74049941,Margaret,Cote,1969-04-17,2,5925-906-405,M4E0X7,416-766-2021,2026-08-08 07:52:12
ACC33491389,Ivan,Allen,2001-04-26,1,2597-543-855,M6G 2P9,9055293882,2026-07-12 21:53:49
ACC72041555,Olga,Ail,1990-11-20,2,3032-777-843,L5A 1R1,(647) 258-1825,2026-08-09 00:26:30
ACC24496709,Claire,Patel,1964-11-20,2,4876-044-118,l4j8c6,(905) 341-9350,2026-08-03 03:50:23
ACC85853888,Chen,Santos,1936-02-15,1,1519-723-710,,(416) 250-5581,2026-08-25 20:13:55
ACC81109196,Rick,Hassan,1933-08-02,1,9081-143-555,M4E 2H7,(416) 686-8561,2026-07-06 10:51:57
ACC49959441,Jessica,Davis,1956-12-05,2,1462-631-456,,(416) 259-8962,2026-07-03 16:11:33
ACC12843582,Mohammed,King,1959-11-02,1,8183-323-602,,(365) 764-1572,2026-07-27 20:48:17
ACC61343875,Brian,Nguyen,1975-05-17,1,0142-564-863,M9N1A3,(437) 374-9343,2026-08-24 14:34:25
ACC26398743,Tomas,Fraser,2016-10-29,1,6472-187-886,m5g2l8,(437) 780-2721,2026-07-13 18:49:11
ACC13609424,Karen,Moore,1963-06-23,2,5156-015-991,M6L7T5,(416) 481-3874,2026-07-25 07:46:10
ACC38745726,Brian,Nowak,1949-08-10,1,7870-802-860,M9M 2Y8,289-499-6575,2026-07-07 23:37:50
ACC16833195,Stevn,Harris,1962-10-21,1,2323-036-075,M4J 2B0,2897384291,2026-08-14 07:29:10
ACC11378801,Thomas,Taylor,1955-03-07,1,5613-073-302,M5H 3R8,(437) 761-7147,2026-08-30 03:16:41
ACC20457360,Andrew,Sutherland,1973-05-28,1,9792-031-810,L6L1N2,4169976047,2026-07-27 02:31:52
ACC21452806,Michelle,Osei,1965-01-15,2,4939-783-439,M4K 5G9,9055182709,2026-07-07 20:33:06
ACC51399853,Meliasa,Anderson,1967-06-03,2,7684-131-274,,6478784831,2026-08-03 12:30:07
ACC97770017,Makr,Ross,,1,6007-180-885,M1K 9C2,3659328590,2026-08-20 21:46:18
ACC38491227,Mark,Silva,1971-01-02,1,2374-812-812,M4K3L8,(416) 597-7480,2026-07-05 12:38:41
ACC72581060,Ivan,Smith,1990-09-14,1,8754-803-107,M9N 9Z2,2896214349,2026-07-24 11:17:03
ACC38497574,Wei,Kumar,2025-06-13,1,5293-580-105,M4K3M0,9055514451,2026-08-31 11:41:00
ACC77347566,Ashley,Lopez,2009-05-11,2,8138-961-704,M4H5K8,289-668-6342,2026-08-12 10:55:01
ACC59450547,Sofia,Park,1926-09-12,2,3357-021-603,M4L 1T9,(289) 314-6347,2026-07-15 07:55:07
ACC18114191,Aishha,Baker,1972-07-03,2,4282-727-587,L4B 8E0,416-387-1672,2026-08-19 09:11:41
ACC47462881,Thomas,Mensah,1994-09-02,1,4035-054-669,,437-608-2817,2026-07-31 21:54:17
ACC99307044,Fatima,Zhang,1981-04-19,2,2121-754-812,M6M2Y0,,2026-07-22 18:04:03
ACC35082878,Mark,Wright,1985-10-15,1,1629-463-421,L4C 6M4,3652902640,2026-08-23 11:13:52
ACC44195163,Ashleey,Johnson,1968-02-25,2,3207-407-382,m5j1x0,289-777-7142,2026-08-07 21:10:56
ACC56604684,Pedro,Lee,1999-01-16,1,0152-667-879,M1J 2Z2,4373696527,2026-08-06 21:31:06
ACC46281596,James,Allen,1959-01-11,1,6687-088-697,M1N1V7,2893951700,2026-07-22 16:47:34
ACC43126215,Raj,Lewis,2002-05-03,1,4697-161-166,M6G 3P0,(905) 870-8601,2026-07-28 18:05:34
ACC34586128,Sandar,Rodriguez,2013-02-19,2,3687-958-284,M1K 4Z2,9057339358,2026-07-08 17:43:40
ACC96893986,Raaj,Roy,1968-11-09,1,7243-585-465,M2M6G5,(365) 624-4041,2026-07-14 12:15:44
ACC71331110,Ingrid,Taylor,1962-06-13,2,9266-403-816,M2J 1S2,,2026-02-07 01:20:42
ACC84858249,Diego,Walker,1986-11-28,1,5196-944-747,M6A 4J3,(905) 424-6777,2026-08-10 11:41:52
ACC49488959,Fatima,Campbell,2014-12-24,2,2135-529-671,M3B8A0,905-549-8794,2026-07-13 06:04:54
ACC98403466,Mary,Nowsk,1956-03-18,2,3942-263-769,,365-950-4180,2026-07-22 15:27:41
ACC54112600,Chrn,Ahmmed,1963-01-29,1,5248-487-034,M4A1H6,365-207-3001,2026-08-21 15:44:39
ACC37078974,Jess,Jackson,1987-01-23,2,4357-459-918,M2K8E9,289-233-8610,2026-07-08 20:34:34
ACC14838993,Nadia,Khan,1994-02-07,2,3056-550-795,M9L 3J2,9053945093,2026-08-06 06:43:37
ACC26254226,Priya,Gagnon,1986-02-15,2,2739-601-322,M8Y0S6,(437) 893-2021,2026-07-09 01:20:50
ACC88081431,Karen,Park,2025-04-11,2,1111-951-099,M1E6N9,905-613-0601,2026-08-13 02:54:13
ACC79344999,Priya,Moore,1989-02-16,2,7470-297-156,M5B 3P2,,2026-07-13 20:29:39
ACC17918761,Brian,Khsn,1998-01-21,1,9038-464-377,m6a6p5,(647) 662-5490,2026-07-14 18:34:57
ACC94433646,Diego,Moore,1945-02-11,1,8372-043-250,L6R 0E0,(365) 781-8136,2026-08-14 11:40:44
ACC55099340,Joseph,Stewart,1936-01-27,1,9783-921-654,M4C0B0,3657058141,2026-07-23 11:45:58
ACC10299310,Patricia,Jones,1979-10-09,2,0788-489-581,M9A 6Y8,6473222483,2026-08-30 22:41:57
ACC34604423,Susan,Kelly,1984-03-19,2,2762-949-911,M1C 5J9,(905) 987-4345,2026-07-18 20:20:01
ACC12805655,Imgrid,Taylor,1962-06-13,2,9266-403-816,M2J 1S2,3655038621,2026-07-19 09:48:36
ACC75254173,Daniel,Davis,2020-12-28,?,4906-751-609,L5A 4P3,416-772-5369,2026-08-15 06:18:57
ACC68339901,Nadia,Jones,1957-04-07,2,7190-780-523,M5J 3Y6,3654301622,2026-07-21 04:21:18
ACC73216102,Marie,Fraser,1926-04-29,2,2860-383-385,M1G8C3,(437) 680-5182,2026-07-26 02:44:24
ACC21662264,Amir,Hassan,1959-03-12,1,2644-783-280,L4J8W3,,2026-04-16 10:08:34
ACC86795314,Amir,Walker,1977-09-16,1,9711-676-966,M9N,6472658460,2026-08-28 13:24:24
ACC74696220,Rick,Thompson,1957-05-02,1,7582-917-410,M1H1N4,,2026-07-17 05:02:01
ACC82049580,Karen,Nelson,1986-11-03,2,7081-915-303,M2K8E9,6473992906,2026-08-30 17:06:51
ACC85369972,Raj,Carter,1981-11-29,1,5402-241-599,M6H4X7,,2026-08-12 19:23:21
ACC23051975,Karen,Kim,1961-08-09,2,5836-399-328,L6P 3R1,,2026-07-06 15:10:17
ACC67967119,Ingrid,Mitchell,1964-11-16,2,1945-455-481,m8w7m6,3657659360,2026-08-25 22:28:42
ACC96121087,Mary,White,1932-02-16,2,6810-795-887,M5N 7R2,289-538-8184,2026-07-11 00:37:57
ACC93158764,Barbara,Rodriguez,1968-12-27,2,0837-081-041,M6H3X0,437-233-9880,2026-08-19 10:20:39
ACC20127980,Nadia,Williams,1988-03-21,2,5642-281-835,M6G3C4,4167302142,2026-08-14 17:09:01
ACC31853099,Ivan,Oesi,1942-06-14,1,6749-058-829,14G4V5,(437) 222-6856,2026-07-26 08:58:13
ACC83142317,Ashley,Tremblay,1984-09-21,2,2072-539-352,M6L9G1,416-457-1998,2026-08-01 21:27:43
ACC85487480,Daan,Okafor,1976-04-05,1,4602-730-667,M5G 8R3,289-497-0709,2026-07-26 13:09:10
ACC50170209,Omar,O'Brien,1988-09-10,1,3621-246-912,M5B8C7,4375530284,2026-08-27 03:39:34
ACC56357524,Stven,Ricci,1984-09-26,1,0775-891-799,L6P 8H8,,2026-08-23 22:55:24
ACC72115364,Emliy,Cote,1965-12-22,2,0705-457-042,M1J1J6,4164568939,2026-08-15 15:20:27
ACC57557399,Betty,Carter,1973-12-04,2,5621-741-262,M9A 6Y1,647-419-0125,2026-07-14 10:47:57
ACC15783975,Ivan,Young,1997-07-24,1,1528-950-296,L5C2K3,(647) 689-1027,2026-08-17 02:10:12
ACC85652751,Hassan,Kumar,1965-04-16,1,0175-814-532,m2r6m5,437-938-6088,2026-08-22 19:05:25
ACC52605675,Margaret,Kumar,2002-12-29,2,9997-311-965,L6C 8T0,(365) 366-2250,2026-07-28 00:00:51
ACC16305456,Thomas,Gagnon,1961-01-24,1,8643-435-715,,(905) 827-0635,2026-07-26 12:51:38
ACC28202387,Olgga,Bouchard,1929-12-05,2,8741-616-687,M2J 4L1,(416) 498-1145,2026-07-16 19:06:12
ACC27664062,Luc,Tremblay,1972-09-12,1,6352-569-955,L5N 5G9,905-570-6562,2026-07-12 02:11:05
ACC95100999,Sarah,Ahmed,2003-04-10,2,4053-375-129,00000,(365) 771-1636,2026-07-04 01:51:47
ACC35224520,Yuuki,Nowak,1981-11-20,2,1625-702-525,L5A 7H4,4374501054,2026-07-14 22:29:56
ACC44490226,Linda,Jackson,2014-02-28,2,4897-587-236,M1H 0Y4,(416) 623-7055,2026-08-15 00:16:47
ACC53646570,Daniel,Roy,1980-02-28,1,5043-775-942,M2M,6475355032,2026-08-06 18:42:31
ACC66159088,Ana,Lewis,1974-08-27,2,5337-990-351,L6M 6K5,4375208007,2026-08-09 21:52:42
ACC30333764,Amara,White,1970-05-20,2,2149-691-467,,647-302-4562,2026-08-01 10:02:00
ACC98591848,Fatima,Young,1991-09-18,2,5680-023-503,M6J5S4,6476662308,2026-08-08 01:02:50
ACC99394170,Tomas,Gagnon,1987-02-01,1,5005-739-981,M1E5A7,,2026-07-18 20:39:10
ACC65022804,Maroe,Hassan,1939-02-24,2,3789-832-841,M9L 8C9,(905) 214-7384,2026-07-10 01:59:28
ACC56323194,Ingrd,Kim,1980-07-22,2,1108-545-805,L5A2T9,(905) 770-3191,2026-08-08 00:14:59
ACC41501360,Wei,Ricci,1998-05-18,1,5877-728-609,M4E 2X2,(647) 264-0067,2025-11-17 10:47:35
ACC31549858,Kevin,O'Brrien,1993-02-18,1,4988-975-498,M6E1Z6,6476507811,2026-08-25 02:37:25
ACC70744187,Ingrid,Baker,1973-05-18,2,6337-080-466,L6R1J4,4169218248,2026-07-28 09:59:21
ACC46469862,Melissa,Li,1974-04-25,2,3652-644-059,00000,416-949-4601,2026-08-07 10:26:15
ACC48047667,Christopher,Ricci,1952-06-19,1,9045-199-032,L6P 0Z5,(437) 725-3532,2026-07-04 00:12:16
ACC65856247,Priya,Kelly,1978-06-21,2,4868-289-945,M5P9V7,9058120272,2026-07-27 19:45:00
ACC66902390,Priya,Adams,1964-12-03,2,1201-284-633,,4168566093,2026-08-26 00:08:18
ACC84624871,Joshua,Patel,1948-09-05,1,2450-705-021,L5N 9Y2,647-831-3515,2026-08-07 00:28:19
ACC88962522,Mary,Ali,1953-10-06,2,1484-291-602,M1E 7C2,4169823974,2026-08-28 04:21:00
ACC15159504,Asiha,Nguyen,1976-05-18,2,0908-833-056,m6l3n7,(905) 834-8034,2026-08-09 07:09:41
ACC82344505,Yusuf,Hill,2016-05-21,1,2154-420-117,M2R 3Z4,437-631-3100,2026-08-23 01:58:40
ACC71095048,Nancy,Robinson,1935-11-08,2,2949-740-860,M4K 7C2,289-725-8831,2026-08-01 13:56:57
ACC94889542,Nikolai,Jackson,1926-02-09,1,2502-960-665,l5b3a4,4376217469,2026-08-02 08:29:42
ACC40899442,Brian,Stewart,1966-02-21,1,9511-514-698,M1C 5W6,3659422307,2026-08-08 14:41:39
ACC94451862,Jessiica,Robinson,1970-01-12,2,2472-491-576,M6M5L1,,2026-08-17 02:09:54
ACC86575123,Zraa,Osei,1980-01-16,2,9740-323-986,l5a3g7,437-409-9880,2026-08-15 01:25:12
ACC71745736,Tmoas,Young,1956-09-24,1,0905-571-055,L4J9Z8,(365) 759-3552,2026-08-08 09:19:39
ACC89231661,Ling,Park,1986-01-04,2,6820-548-169,M4J 0S6,(365) 947-6408,2026-07-05 21:15:24
ACC83076827,Olga,Bouchard,1976-02-13,2,6744-179-315,M1K1A0,647-607-9280,2026-08-15 12:51:04
ACC97789111,Melissa,Rodriguez,,2,8298-025-142,M1M2J4,4375566442,2026-07-25 03:41:25
ACC49302272,Claire,Okafor,1984-08-10,2,2570-774-592,L6B3W2,,2026-07-17 00:27:06
ACC69841720,Aan,Santos,1945-10-13,2,3686-640-248,M1J9E2,905-989-6674,2026-07-24 16:16:42
ACC32180238,Thomas,Ricci,1931-09-22,1,0605-846-146,M4K1B2,289-713-3598,2026-08-26 00:49:03
ACC56452860,Amir,Mensah,1997-06-14,1,9656-163-178,M1E3N8,647-238-8306,2026-07-31 14:11:50
ACC54672935,Hassan,Santos,2000-12-28,1,8443-098-960,M4A 4Z1,,2026-08-17 16:28:35
ACC42870342,Ommar,Tran,1960-10-19,1,1741-651-796,L4J7L0,4379101386,2026-07-13 07:25:53
ACC93958646,Aamnda,Hassan,1949-07-30,2,6497-949-583,L6M5T2,289-922-4768,2026-07-29 01:39:15
ACC93082435,Amanda,Smith,1941-05-01,2,5866-844-862,M6H5E4,(289) 333-8540,2026-07-05 09:11:28
ACC12645327,Kenneth,Patel,1985-02-01,1,6779-492-633,L4B7C6,(289) 627-1032,2026-08-28 11:37:01
ACC91093725,Marie,Mensah,1958-11-07,2,3634-339-646,M4M7C7,(289) 612-4311,2026-07-06 13:55:03
ACC75290048,Elizabeth,Hill,2024-09-19,2,5054-697-627,L4J 9R5,(905) 880-9851,2026-08-03 11:38:31
ACC88520318,Anthony,Hill,2000-05-02,1,6355-997-849,L4J 5W5,3653601891,2026-08-18 13:36:19
ACC66322599,Kevin,Lewis,1960-06-28,1,5448-876-069,M4K 9N5,905-707-2405,2026-08-20 11:03:42
ACC52533094,Ingrid,Geen,1979-04-04,2,9832-809-108,m1n3w9,437-754-6189,2026-07-18 09:43:09
ACC66784708,Priya,Clark,1989-07-25,2,7168-715-303,M1G 5M5,365-688-4682,2026-08-14 10:24:14
ACC47898150,Hassan,Ferreira,1981-07-13,1,7741-055-961,l5n8r2,647-789-7909,2026-08-02 18:52:59
ACC63039711,Patricia,Moore,1970-07-23,2,6513-386-406,L6C 2V4,905-943-1604,2026-07-11 09:49:42
ACC93336279,Amara,Singh,2025-05-16,2,0890-365-125,M6M 2V0,437-778-1170,2026-08-11 13:18:45
ACC65648886,Ptiya,Nguyyen,1999-05-12,2,8759-851-655,M6L1J5,9054688841,2026-08-17 02:34:55
ACC81848097,Thomas,Wright,1950-08-10,1,5969-201-440,M6H0G4,647-726-9228,2026-08-28 06:10:16
ACC98160676,Michael,Wright,1963-01-15,1,7994-639-248,M3A9X4,(905) 915-0710,2026-08-26 12:25:22
ACC38303003,Amanda,MacDonald,1962-06-15,2,2127-335-442,M4H6H2,647-915-3230,2026-03-26 08:32:19
ACC59598132,Ana,Wright,1991-06-29,2,8910-516-163,L4K5T8,6474428339,2026-07-28 23:50:42
ACC86308634,Dna,Grreen,1996-01-28,1,0162-568-208,M1L6S1,437-253-4323,2026-08-08 23:13:15
ACC89395725,Daniel,Wright,1992-07-23,1,4359-356-419,,,2026-07-25 02:35:43
ACC46506352,Karen,Murphy,1926-04-25,2,4521-850-521,,(416) 780-7119,2026-08-27 16:54:02
ACC41966457,Steve,Mensah,1963-08-30,1,1610-202-663,M9A 5K6,905-754-1069,2026-08-17 19:55:07
ACC88055773,Bettty,Hill,1999-09-13,2,7297-719-549,,,2026-08-12 11:49:00
ACC13657579,Oar,Singh,1991-04-25,1,6719-693-597,M9M 6W3,,2026-08-20 15:13:51
ACC83944043,Nancy,Kim,1937-05-25,2,9436-974-779,M6C7B7,416-506-6159,2025-07-23 13:43:56
ACC44702511,Matthew,Zhang,1965-11-09,1,3537-508-404,M5N0M0,(289) 578-3203,2026-07-29 10:10:02
ACC68389044,Mtathew,Ferreira,1940-02-13,1,6505-063-856,L4J0G2,(905) 836-7944,2026-08-30 18:07:56
ACC73171242,Ana,Campbell,1973-01-09,2,9042-927-223,M1L3C0,6472278548,2026-08-26 05:40:54
ACC74651935,James,Fraser,1985-10-12,1,2469-862-508,M5K9V6,,2026-07-28 13:30:59
ACC47241321,Joshua,Martinez,1967-11-11,1,2064-672-782,M2N1V1,,2026-07-25 18:38:45
ACC48147278,Patricia,Khan,1973-06-25,2,4872-071-644,l6b0k8,647-616-2462,2026-07-30 07:07:04
ACC80277618,Sofia,Tran,1966-12-31,2,2905-824-062,M1M9V61,(416) 376-9811,2025-11-03 09:51:32
ACC78836409,George,Harris,1982-11-25,1,4634-635-140,M5H 9E9,2898445012,2026-08-12 14:06:52
ACC68085526,Zara,Clark,1942-02-28,2,1594-953-455,l6g3j0,6478102385,2026-08-05 22:20:15
ACC54971962,Ashley,Li,1979-10-09,2,7740-309-252,L6J 0E9,289-376-8357,2026-08-30 17:23:15
ACC63734529,Aisha,Miller,1963-06-12,2,3554-270-771,,(289) 774-1465,2026-08-07 11:39:12
ACC41556776,Tomas,Murphy,1983-02-22,1,3269-637-520,M9L3B6,4162282671,2026-07-26 04:09:10
ACC99564541,Mohammed,Tran,1945-05-21,1,3833-092-921,M1J,4167911727,2026-07-12 22:43:55
ACC62897411,Melissa,Campbell,1961-10-25,2,9602-589-955,M4C 6M5,437-463-7456,2026-08-08 07:41:20
ACC92067944,Sarah,Allen,1985-06-26,2,6316-216-453,L6R2B7,2894389099,2026-08-28 23:30:47
ACC75513501,Hassan,Johnson,1932-10-01,1,6726-389-379,L6B4V9,437-437-3958,2026-08-28 17:14:47
ACC33782098,Pedro,Patel,1958-11-22,1,8224-564-289,m5n0e4,,2026-08-24 04:22:12
ACC83292222,Yuki,Willaims,1994-11-21,2,2355-099-579,M3H 3E7,437-483-6383,2026-07-28 13:36:23
ACC52314750,Jean,Wilson,1979-08-25,1,3480-889-074,L5C1T6,289-967-3432,2026-08-19 14:13:35
ACC88127203,Barbara,Young,1979-08-27,2,6590-360-415,,,2026-08-25 13:41:20
ACC19692508,Amanda,Baker,2017-03-02,2,7203-399-162,M3C8J8,,2026-07-31 22:57:51
ACC43924850,Robert,King,1986-03-01,1,5709-977-424,M9L,(437) 572-1536,2026-08-15 02:21:19
ACC77789621,Jessica,Khan,1974-01-26,2,8392-258-565,L6B5W2,6477907640,2026-07-16 05:23:02
ACC65959219,Daviid,Ross,1979-02-01,1,0545-947-400,M6C3G1,,2026-08-08 19:54:09
ACC75304709,Tomas,Davis,2000-04-14,9,4647-949-397,M1J,905-653-2836,2026-08-08 20:14:22
ACC54222143,Priya,Nowak,2013-02-10,2,1019-269-818,M1G 9J4,289-656-7050,2025-12-14 04:55:21
ACC21612168,Michael,Lee,1955-09-03,1,4782-586-541,M2K 9K4,6478602076,2026-08-04 09:58:38
ACC11845942,Marie,Cote,1976-01-02,2,4332-820-358,L5C9P2,,2026-07-15 22:21:20
ACC88903513,Patricia,Park,,2,4330-452-584,M1B 6R3,365-414-1251,2026-07-09 18:30:35
ACC32188600,Maggie,Nguyen,1957-05-03,2,2031-397-389,M2H 0Y5,905-250-8401,2026-08-04 21:50:11
ACC92193993,Emily,Kowalski,1977-02-21,2,5265-599-695,M9A6G5,416-731-2467,2026-07-19 08:28:03
ACC78497442,Andrew,Rodriguez,1969-04-25,unk,6234-628-565,15A8V6,(416) 554-0930,2026-07-12 17:39:12
ACC70357390,Steven,Li,1962-07-02,1,9411-164-651,M6H7Y0,4167791220,2026-08-28 21:08:06
ACC33078492,Chiara,Harris,2003-09-13,2,9472-248-575,M4E 4E8,,2026-07-19 06:25:13
ACC60039138,Priya,Zhang,1988-10-21,2,3038-312-553,00000,647-944-6565,2026-07-05 04:41:08
ACC14549430,Diego,Hernandez,1940-11-29,1,7708-892-513,M2M 0Y3,905-714-1040,2026-08-22 09:14:10
ACC12652464,Ana,Thimpson,1981-01-07,2,2194-202-277,M1J8J3,416-478-7598,2026-08-31 21:45:30
ACC75614238,Thomas,Green,1977-04-10,1,2054-437-856,M2M 7X2,6475165909,2026-07-16 04:28:48
ACC70720032,Jean,Smith,,1,9224-762-170,M5R8Z1,416-321-3121,2025-07-02 20:21:44
ACC15045818,Diego,Nguyen,1988-11-25,1,8276-681-296,M4L 9K2,(437) 711-2494,2026-08-09 17:22:53
ACC64328037,Mohammed,Green,1960-07-31,1,4857-465-589,L5C 9B7,437-796-8840,2026-07-08 10:54:52
ACC99904015,Ana,Marttinez,2014-09-28,2,7130-475-564,L5A,905-545-0515,2026-07-24 06:34:34
ACC41726286,Sarah,Scott,1952-11-14,2,2278-335-928,M1E 9C2,3653958801,2026-07-22 12:32:21
ACC67647921,Jin,Farser,1951-12-15,1,7566-646-779,M3H 7P3,2892244398,2026-07-10 04:25:07
ACC54582143,Elizaeth,Nelson,1963-01-23,2,9187-142-980,m2k6r6,(289) 715-4329,2026-07-05 13:10:05
ACC19126120,Chen,Harris,1950-09-16,1,0126-156-165,M5G1M1,4372520564,2026-08-11 15:12:21
ACC54921346,Hassan,Fraaer,1948-10-09,1,7228-184-342,L4B 5S9,4379034864,2026-07-19 16:53:15
ACC53843142,Christopher,Johnson,1972-06-07,1,2828-919-908,m5k5v5,416-207-4212,2026-08-08 00:32:27
ACC44630976,Mary,Allen,1958-11-13,2,0509-275-467,M5P2H1,(437) 228-9929,2026-07-08 14:34:36
ACC86582575,Fatima,Mitchell,1997-05-20,2,8190-352-933,M5H3R3,3659126532,2026-07-30 13:26:44
ACC41595787,Niklai,Wilson,1982-09-16,1,1599-161-278,L6P,,2026-07-13 12:07:26
ACC34747570,Anthiny,Ricci,1973-02-21,1,1723-523-864,M9B0R3,(905) 440-3277,2026-07-28 17:37:18
ACC47207998,Elizabeth,Singh,1950-06-30,2,6783-011-416,M1N 7E8,365-214-6461,2026-07-18 20:54:06
ACC47205382,Hassan,Ricvi,1974-02-23,1,0449-804-525,M9C8J6,2896811319,2026-07-16 08:59:28
ACC79533744,Sarah,Walker,2019-01-15,2,5746-421-402,L5C7J1,647-886-2942,2026-08-09 19:55:31
ACC39713936,Mary,Ali,1994-11-14,2,8080-022-711,L6M 0B7,,2026-08-21 18:35:51
ACC17285838,Karen,Walker,1976-04-12,2,6569-530-618,L6A 2A0,(437) 861-3840,2026-07-29 21:26:57
ACC48180140,Pedro,Harris,1979-11-17,1,7222-958-824,L4J4N0,,2026-07-28 02:17:34
ACC10071241,Pedro,O'Brien,1970-03-06,1,8157-941-967,m6k5h8,6476824573,2026-08-03 20:14:50
ACC55917634,Richard,Osei,1926-11-07,1,7530-006-068,M6H 2G2,9059218934,2026-07-08 16:57:40
ACC57066451,Lissa,Thompson,1985-04-18,2,5626-012-164,M2N9X8,,2026-08-24 02:27:10
ACC64672410,Linda,Miller,1996-07-17,2,3375-110-990,m1n7x5,2892448396,2026-07-19 12:38:13
ACC51714686,Raj,Robinson,1991-04-07,1,4312-357-652,M8V3W2,(289) 503-2771,2026-08-20 06:23:08
ACC34843995,Jean,Silva,1986-12-15,1,8734-597-035,M6K 3A0,437-934-7737,2026-07-08 04:32:02
ACC73071061,Linda,Jackson,1965-03-15,2,9647-366-740,,(289) 298-5220,2026-08-21 13:04:33
ACC27047359,Emily,King,1971-10-25,2,6462-846-087,M1N4J0,4169933343,2026-07-22 20:01:37
ACC52090577,Robert,Clark,1940-02-23,1,0731-918-272,M4B7L71,3654377900,2026-08-07 03:25:08
ACC46564590,Melissa,Hassan,1928-05-20,2,0388-401-531,M6H2T8,(289) 918-3983,2026-08-27 15:21:03
ACC11976915,Emily,Kelly,1951-05-24,2,3162-483-071,m1b9c0,4167012118,2026-08-16 07:27:42
ACC55651034,Melissa,Garcia,1993-04-15,2,6605-434-882,M6E8P3,647-203-2562,2026-08-27 22:24:31
ACC77057957,Melissa,Stewart,1982-06-12,2,7200-994-973,M3A3S0,(416) 560-5430,2026-07-17 15:44:50
ACC79053122,Saarah,Rodriguez,1977-06-22,2,8779-097-537,M5G 2Z1,(289) 736-7830,2026-07-22 05:10:17
ACC94981222,Karen,Clark,1965-08-18,2,6465-004-502,l6p0m7,3654143387,2026-08-24 03:19:18
ACC37388270,Joseph,Allen,1983-09-09,1,3252-459-908,M4E7A5,647-279-6972,2026-08-22 23:13:43
ACC79610229,Daniel,Grreen,1936-06-09,1,4052-008-895,M4L5B9,416-887-5989,2026-07-03 15:27:49
ACC98108352,Elizabeth,Gagnon,1962-01-03,2,2007-375-955,L6P9W6,365-834-4662,2026-07-09 06:11:45
ACC14059613,Jessica,Garcia,1967-11-24,2,3590-847-962,M5E7S0,4373578667,2026-07-26 04:02:43
ACC20688042,Fatima,Neson,,2,9615-944-247,M1G 8M0,(416) 246-1911,2026-07-04 08:27:23
ACC30905698,Amir,Nowak,1982-11-18,1,3644-875-977,M8W7T51,(289) 746-6260,2026-08-12 08:16:54
ACC94384132,Ahmed,Singh,1970-06-06,1,1168-356-093,M9B0R6,(647) 807-4440,2026-08-30 14:10:27
ACC91011832,Mary,Anderson,2016-06-17,2,9857-611-199,M6A3Y7,(289) 337-1603,2026-08-17 02:19:56
ACC41274743,Diego,Hill,1956-07-07,1,4989-684-297,L6M8B4,416-947-8100,2026-08-16 15:50:03
ACC89950978,Sandra,Chen,2008-06-28,2,2764-536-518,M4M4Z2,905-269-7908,2026-07-23 05:16:22
ACC16153451,Ashley,Anderson,2003-10-11,2,0006-835-219,m2n4k7,(437) 787-3706,2026-07-14 12:18:32
ACC49927908,Thomas,Nguyen,1981-02-16,1,3002-875-064,M6A 3E8,3652180665,2026-07-03 05:29:26
ACC98059292,Mary,Thomas,2000-06-01,2,8967-525-844,,3658372611,2026-08-05 12:39:09
ACC55679260,Shelly,Jackson,1971-06-06,u,2823-666-637,L6A6K8,,2026-08-08 13:05:06
ACC30715178,Mark,King,1970-05-16,1,7377-718-130,M6M 5Z3,4379931987,2026-08-14 19:40:47
ACC66634537,Chrstopher,Ahmed,1937-08-05,1,4880-373-313,M6B 9E8,289-999-4257,2026-08-10 08:22:33
ACC23139094,Mary,Williams,1984-09-16,2,8841-721-445,L6M 8S8,2898158568,2026-07-04 16:22:40
ACC22486346,Amanda,Johnson,1963-08-26,2,1254-328-360,M9L6R0,647-660-8578,2026-07-31 19:22:20
ACC54635050,Ashley,Kowalski,1977-02-20,2,3401-119-585,M2M2P1,3659406168,2026-07-28 18:41:28
ACC85735567,Amara,O'Brien,1934-09-02,2,3736-892-377,M2J1C4,437-339-6874,2026-08-04 07:04:03
ACC27927393,Chne,Fraser,1959-12-18,1,1211-079-494,M9C2N3,9059208808,2026-08-17 09:21:42
ACC64844337,Claier,Nowak,1967-03-18,2,7520-903-597,M2J 0K6,6478713382,2026-08-13 23:31:59
ACC52251882,Priya,Khan,1998-07-15,2,8026-454-481,m4k8y3,(365) 452-5604,2026-08-07 16:08:11
ACC53182018,Marie,Lewis,1997-07-20,2,4935-621-633,M2M 2T7,9052354957,2025-06-22 19:38:36
ACC59755850,Nikolai,Singh,2024-11-15,1,7546-186-797,M3A1L9,365-248-7335,2026-03-02 08:11:25
ACC24799033,Margaret,Nelson,1955-04-21,2,3133-309-157,M8W 2S3,(437) 701-0624,2025-07-28 16:03:43
ACC52300206,Amir,Steart,1985-05-18,1,4150-944-041,M1N 0L5,(437) 573-8548,2026-08-03 21:49:25
ACC45824104,Thomas,Clark,1983-02-13,1,1390-074-597,,(437) 571-6760,2026-08-14 00:34:09
ACC21514127,Jooe,Sutherland,2005-12-16,1,8533-557-214,11E1Z3,905-757-2174,2026-07-27 17:03:57
ACC24857730,Fatima,Smith,1965-10-15,2,7453-119-708,m4l6z6,2899483875,2026-07-10 19:52:33
ACC59033012,Jennifer,Tremblay,1965-05-29,2,2542-846-098,,6473171199,2025-06-27 18:01:09
ACC61780611,Daniel,Walker,1986-04-22,1,0050-351-915,L6R 2S2,(905) 301-9382,2026-07-10 16:08:26
ACC32712334,Ingrd,Patel,1973-06-20,2,6062-465-130,M3B1X61,437-685-6298,2026-07-06 07:25:55
ACC31558776,Fatima,Psrk,2003-03-13,2,8728-831-465,L5N 8X0,(905) 856-1309,2026-07-27 23:18:31
ACC78747804,Thomas,Robinson,1952-08-09,1,2773-367-889,M4G2L7,289-972-3762,2026-07-11 19:22:18
ACC60238664,Ling,Tremblay,1979-02-08,2,2078-190-515,M2J 4N6,647-778-4991,2026-08-20 06:30:25
ACC47802403,Michael,Ricci,2002-11-30,1,4147-459-467,L4K 0W6,9056983568,2026-07-04 02:45:15
ACC53800160,Sofia,Clark,1976-08-25,2,8753-678-914,M4K 5V3,3656354889,2026-08-31 14:12:00
ACC49551005,Ndia,Lee,1993-05-27,2,2658-594-425,M8W7W0,(437) 460-2493,2026-08-18 09:49:05
ACC20320601,Melissa,Fraser,1983-04-06,2,5951-124-436,M2H 7L2,,2026-08-12 11:06:50
ACC88121240,Meei,Ali,1965-08-07,2,9363-165-979,M9L6L9,(437) 469-0434,2026-08-06 10:17:02
ACC48423632,Claire,Lopez,1983-07-10,2,9925-226-947,m1h0s5,289-496-5237,2026-08-21 16:45:54
ACC77087436,Aisha,Li,1963-11-07,2,8604-522-295,M1C4J5,,2026-07-05 04:04:28
ACC43154419,Okga,King,2007-07-23,2,7213-236-578,m5b6k7,4164841812,2026-08-08 12:52:29
ACC30403144,Jennifer,Ahmed,1942-06-23,2,1151-021-563,M6E 6B1,647-321-9044,2026-07-28 10:39:34
ACC38326615,Hassan,White,1995-07-25,1,3950-414-825,,(905) 531-6567,2026-07-13 13:50:05
ACC68824137,Lisa,Wang,1969-10-06,2,2684-278-902,M6K3X8,(416) 354-5065,2026-07-08 07:07:07
ACC79180049,Mary,Rossi,1968-01-24,2,4129-796-639,L6R6G6,(289) 406-2425,2026-08-16 15:06:05
ACC36168539,Amanda,Roy,1964-05-30,2,9403-966-568,M4H0N7,437-566-5813,2026-08-30 05:57:24
ACC39309991,George,Young,1974-03-10,1,3199-856-661,M6A 4N5,4165500104,2026-08-09 00:41:24
ACC23025606,Marie,Smith,1979-02-14,2,4353-761-754,M6C5W8,(365) 695-0848,2026-08-11 09:16:36
ACC92418956,Sandra,Osei,1997-07-24,2,0031-680-416,M5A7A6,(416) 304-3663,2026-08-17 10:31:46
ACC80738208,Karen,Smith,1960-07-13,2,1301-085-005,L6G,365-705-9399,2026-08-11 20:26:29
ACC34909865,Chen,King,1927-01-05,1,9498-783-522,M6E1H2,3656067075,2026-08-02 07:18:01
ACC35346515,Amara,Johnson,2002-05-13,u,7242-644-768,L6M 6N4,,2026-08-25 13:32:50
ACC24272348,Linng,Talyor,1963-04-08,2,9157-759-011,L4C 4N6,(905) 838-9164,2026-07-19 20:58:33
ACC72597396,Steven,Hill,1983-08-08,1,3151-890-914,M4J 0M5,(416) 221-6144,2026-07-28 20:19:51
ACC25646556,Sue,Johnson,1987-12-20,2,1548-958-956,M5E,(289) 212-3930,2026-07-06 14:58:44
ACC76521734,Wei,Smith,1964-11-24,1,2862-389-091,M1J9K2,(647) 827-2405,2026-08-28 09:28:29
ACC63533130,Yuki,Bouchhard,1965-11-08,2,1325-348-017,L6M 0S6,(365) 638-1956,2026-08-08 03:14:37
ACC98905735,Ana,Carter,1988-06-27,2,9052-759-124,m9l7s6,(365) 543-8215,2026-07-08 23:07:56
ACC75283460,Jessica,Khan,1968-01-31,2,3041-224-324,M3A 5A0,9053749246,2026-08-08 13:35:48
ACC37711649,Ken,Scott,1986-10-24,1,9898-401-485,L6M 7B2,(647) 773-4680,2026-07-05 06:33:10
ACC84644289,Aamra,Kowalski,2014-12-07,2,2442-340-465,M4G 8E5,4166699428,2026-08-28 02:47:35
ACC51856082,Luc,Silva,2008-10-31,1,2930-557-034,m5b1n6,(289) 586-5141,2026-08-22 20:14:33
ACC34661370,Raj,Adans,1973-11-25,1,3608-908-103,15B9R8,3658336237,2026-07-14 15:50:28
ACC98234428,Thomas,Rossi,1943-12-26,1,6847-520-050,M5K3N7,905-795-8959,2026-08-30 09:20:02
ACC37647278,Ling,Chen,2023-03-06,2,6611-577-187,L4K 2Z0,2894858717,2026-08-26 09:18:49
ACC48839740,Patricia,Murphy,1977-05-30,2,3276-651-738,M2H4M71,,2026-07-10 19:40:34
ACC88549486,Chen,Stewart,2025-08-31,1,4415-699-034,M2M2R4,(437) 879-9743,2026-07-25 19:37:28
ACC74953353,Jean,Kowalski,1987-10-18,1,9864-562-062,M6G6V6,9052905543,2026-07-19 15:31:25
ACC31110574,Aisha,Gonzalez,1991-01-02,2,3191-538-788,L6P1C0,,2026-08-22 15:03:11
ACC96604537,Michelle,Walker,1983-11-01,2,0153-249-057,m4k9n1,6474824463,2026-07-23 20:15:39
ACC56425493,Jessica,Millrr,2011-04-28,2,6481-456-264,l5n5y8,9059717507,2026-08-26 01:50:30
ACC27888931,Aisha,Mitchhell,1993-08-13,2,4565-038-710,L4K5L7,,2026-07-12 04:05:25
ACC95112127,Kenneth,Garcia,1958-12-23,1,7174-782-461,M3H 5A1,4375279258,2026-08-30 17:42:56
ACC70381993,Ivan,Nelson,1959-08-18,1,8569-401-410,M4E2S2,905-306-9687,2026-07-05 09:49:31
ACC42205907,Nancy,Chen,1971-03-02,2,0398-638-973,M5B 6M4,4373118233,2026-07-17 10:03:11
ACC23818792,Sandra,Park,1987-01-19,2,2787-731-146,M8V9K3,905-676-6373,2026-07-17 17:25:43
ACC41724016,Nikolai,Nelson,1974-06-21,1,9426-732-096,M8W 0Y6,437-977-2800,2026-08-15 15:08:04
ACC16817800,Linda,Allen,2001-03-22,2,3314-926-563,L4K8S9,289-345-2648,2026-07-21 11:53:28
ACC43501208,George,Thompson,1926-12-29,1,1306-711-704,m1m0c1,2895849128,2026-08-29 08:15:50
ACC43471102,Nancy,Lewis,1971-06-10,2,7050-522-114,L6B2J6,905-397-6066,2026-07-09 01:51:51
ACC13382312,Jennifer,White,2010-11-21,2,7179-091-793,M8V 0L9,,2026-07-27 16:29:12
ACC82170545,Steven,Gagnon,1959-08-21,1,6763-928-766,M9B8R8,(289) 732-8019,2026-07-09 16:14:01
ACC89784101,Olga,Campbell,1967-01-10,2,6522-742-508,M1H3A5,4162286116,2026-08-12 09:24:14
ACC37222858,Marie,Silva,1982-03-02,2,0506-281-179,M1C 5C3,905-471-8531,2026-08-02 10:27:44
ACC94728753,Elizabeth,Wilson,1967-10-09,2,1359-145-487,,416-632-5945,2025-06-29 22:40:37
ACC54867207,Priya,Ross,1958-08-17,2,8781-479-715,M5R 7N4,437-612-2763,2026-08-23 17:51:55
ACC82068463,Pat,Williams,1979-01-13,2,1479-613-422,M3B 4P5,905-269-1190,2026-08-30 17:18:14
ACC67062041,Amara,Tran,1996-04-24,?,1355-117-886,L6A9P4,2899680784,2026-07-15 01:27:26
ACC84425762,Barbara,Harris,1982-02-10,2,8432-109-364,M8X1A4,(365) 322-5598,2026-08-19 03:15:30
ACC62021672,Ingrid,Kelly,1981-07-24,2,5942-256-560,,647-655-3813,2026-08-13 14:36:51
ACC88051114,Joseph,Singh,1999-08-17,1,9081-305-345,M6L5T6,(647) 666-5749,2026-07-14 18:13:02
ACC73679965,Linda,Roy,1975-03-16,2,5670-715-753,M6K 0Z0,416-898-9910,2026-07-23 22:48:12
ACC93595619,Maggie,Mensah,1987-01-31,2,3573-899-501,M2R2B4,2893389687,2026-07-30 00:09:08
ACC84437996,Sandra,Mitchell,1997-11-04,2,8108-835-904,M6C2T9,(416) 295-5050,2026-08-06 17:37:10
ACC94957285,Betty,Bouchard,1971-11-19,2,5090-554-857,L5C3H3,2898524934,2026-07-18 07:54:56
ACC87229999,Mark,Mitchell,1984-06-09,1,9693-867-542,L5C 9T8,(437) 279-3393,2026-08-12 16:25:22
ACC86949692,Fatima,Harris,1999-10-06,2,0537-832-768,M4A 7N3,(289) 281-5816,2026-07-31 22:33:24
ACC35447035,Ivan,Tremblay,1994-11-24,1,1644-750-084,M6M 5C4,(647) 973-9832,2026-05-13 04:37:36
ACC13815819,Hassan,Ross,1976-08-13,1,1640-605-174,L4L8J4,6472768548,2026-08-05 14:23:37
ACC61353349,Amanda,Lopez,2004-05-01,2,5102-145-884,M5P 2K3,(416) 314-2815,2026-10-20 02:28:07
ACC81282120,Karen,Garcia,1942-05-17,2,9065-188-402,L6H8T8,4377351238,2026-07-07 08:16:27
ACC24731309,Jessica,Lopez,1984-06-15,2,7571-484-547,M4J6G1,365-430-0305,2025-08-16 14:11:59
ACC29838812,Yusuf,Daivs,1998-10-16,1,4322-828-643,M2R 7M0,416-552-0161,2026-07-03 18:45:58
ACC48987139,Raj,Campbell,1977-12-22,1,8929-882-283,M1E 4N2,9058663418,2026-08-21 00:52:54
ACC42091558,Ivan,Jackson,1944-01-20,1,7290-574-347,M3A8R7,(365) 415-9620,2026-07-26 03:05:46
ACC32584524,Piya,Nguyen,1961-06-14,2,1545-246-835,M2K3C5,(437) 619-0249,2026-07-25 09:37:11
ACC64429311,Ashley,Nguyen,1976-03-01,2,8231-883-649,,365-305-4623,2026-08-19 10:30:53
ACC62709431,Pedto,Tran,1926-05-14,1,5473-471-760,M1E 6N2,365-492-0968,2025-07-28 15:28:04
ACC22999523,Barbara,Khna,1961-12-05,2,3867-963-278,M8X5Z8,,2026-07-31 00:36:22
ACC55356042,Margaret,Martin,1956-03-18,2,6696-234-381,M1E2B4,289-494-0853,2026-08-02 19:13:57
ACC88708308,Ivan,Patel,2015-09-22,1,9476-822-102,M1N 0Z8,647-853-2711,2026-08-02 03:12:07
ACC49071997,Pedro,Wang,2025-09-08,1,9719-688-393,L6J 8M3,3657284708,2026-08-13 17:44:58
ACC42740721,Susan,Gagnon,2002-12-08,2,7742-269-298,M1M6A1,437-976-7254,2026-07-09 19:45:10
ACC94457492,Jin,Miller,1978-10-29,1,2282-297-684,M2H4G9,416-789-7158,2026-07-14 14:09:55
ACC87381017,Daniel,Gonzalez,1962-09-26,1,0265-021-659,L6P5M0,647-998-2033,2025-10-22 10:40:50
ACC26332600,Ashley,Stewart,1978-03-27,2,7003-278-376,L4B 9N4,416-600-7783,2026-08-06 01:47:46
ACC19768943,Linda,Clark,1938-03-16,2,1201-781-315,L5N 1K5,,2026-08-15 07:54:20
ACC14843287,Ingrid,Zhang,1985-09-10,2,0166-377-747,L6B2J2,(289) 745-4617,2026-07-28 11:27:41
ACC59113550,Nikolai,Rodriguez,1976-10-31,1,4580-347-542,M1E 3R4,,2026-07-13 20:23:31
ACC54709860,Ashley,Walker,2002-03-24,2,6487-383-231,L4C 0N0,(437) 431-0814,2026-07-20 17:38:13
ACC83642840,Aisha,Miller,1968-07-31,2,8891-815-576,M4J 0W1,6472263165,2026-08-25 13:47:15
ACC29344776,Yuki,Cote,1926-03-27,2,0731-780-391,M6J 7Z1,6474125935,2026-08-19 23:17:26
ACC16939337,Pedro,Li,1944-09-02,1,5614-643-830,M5B3L3,4167048666,2026-08-03 20:22:48
ACC37019692,Nadia,Singh,1984-06-01,2,8943-589-682,L4L1B5,(647) 470-7262,2026-08-12 19:53:25
ACC83310331,Yusuf,Thomas,1946-12-08,1,7592-580-497,L6S 3K4,(437) 850-0990,2026-07-14 03:12:28
ACC69007515,Pedro,Moller,1991-03-13,1,4164-628-531,M4L7X01,6475738080,2026-07-14 23:29:24
ACC20086322,Anthony,White,2007-08-25,1,3661-041-854,m5e2g5,905-305-0686,2026-07-28 14:18:34
ACC85582654,Jean,Scott,1971-08-13,1,8492-112-571,M5P 4M2,437-638-4754,2026-08-28 23:42:28
ACC87247026,Keviin,Taylor,1926-03-21,1,9147-934-120,M6H7T5,647-679-9921,2026-08-02 13:11:18
ACC72604617,Chen,Murphy,1970-12-23,1,0412-810-269,l4b0n5,(289) 207-9260,2026-07-13 16:40:31
ACC62925469,Hiroshi,Kim,1976-11-14,1,9848-396-801,,437-376-0117,2026-08-16 13:00:50
ACC89643792,Chiaara,Stewart,1949-12-30,2,9435-908-125,M5N8B8,905-536-0157,2026-07-10 08:31:42
ACC56908660,Ivan,Tran,1981-01-04,1,5536-446-767,M1L1T4,(416) 265-5187,2026-08-04 09:40:23
ACC20120234,Jmi,Cote,2018-04-10,1,2357-850-367,M4J 7S4,,2026-08-09 11:04:08
ACC79909853,Zaa,Baker,1988-05-25,2,2459-644-205,M4B 4N3,(289) 695-0323,2026-07-28 19:37:20
ACC38332254,Ahmmed,Santos,1967-01-04,1,5943-206-879,M5K 5T6,(437) 732-5002,2026-08-27 20:06:27
ACC83837960,Matthew,Walker,1985-04-13,1,0401-145-800,L4K 2N5,(437) 246-9058,2026-07-15 17:04:34
ACC66699350,Mary,Santos,1964-01-03,2,2452-239-656,M2N 3M4,9054889669,2026-07-18 07:46:37
ACC96444947,Amanda,White,1983-05-26,2,9991-663-460,m5p9r4,(647) 490-3844,2026-04-16 04:11:26
ACC16711725,Elizabeth,Roy,1926-08-25,2,6297-436-245,L4K7H7,(647) 516-3597,2026-08-06 11:48:34
ACC45525896,Anthony,White,1926-07-09,1,3095-680-033,M4E7T4,4166053801,2026-07-25 18:01:13
ACC50797197,Lsa,Fraser,1994-10-31,2,5475-001-524,m4j3t1,(905) 429-9440,2026-08-12 10:23:12
ACC59329202,Suue,White,1954-04-10,2,8656-826-776,l4j8t5,4169547935,2026-07-18 11:34:41
ACC40159863,Susan,Baker,1987-09-27,2,0716-622-453,M9M4J1,4166718372,2026-07-09 12:38:36
ACC33070278,Liaa,Tran,1982-04-29,2,1029-525-316,l5n0a8,(905) 212-3669,2026-07-27 06:45:52
ACC54947570,Zara,Ricci,1950-06-16,2,2380-184-602,M4G0T8,3657864234,2026-08-05 08:08:15
ACC18052383,Priya,Wang,1978-10-04,2,8808-555-737,M9C3R8,437-842-9200,2026-08-20 07:35:34
ACC24998893,Christopher,Rodriguez,1964-03-21,1,9347-916-778,M5H7W5,2893817477,2026-08-05 00:09:02
ACC28710628,Shelly,King,1978-04-25,2,6763-004-816,M1H7H21,416-630-3877,2026-07-08 07:39:24
ACC95050338,Yusuf,Gagnon,1995-02-23,1,7364-814-439,M6L9W3,416-850-7164,2026-07-20 18:44:21
ACC88590397,Aisha,Roy,1937-08-02,2,5147-739-543,m2h0y2,905-607-0484,2026-08-25 15:06:06
ACC62940056,George,Bouchard,1979-05-03,1,1788-381-034,M4G7T5,(289) 580-9755,2026-08-19 02:30:47
ACC98437888,Danirl,Hernandez,1961-12-18,1,1542-163-769,M6G4K6,,2025-07-21 09:50:43
ACC34106464,Brian,Gonzalez,1970-10-06,1,2362-446-573,16C8K7,4162703662,2026-08-28 17:59:18
ACC26635480,Elizaeth,Bouchard,1981-10-21,2,1330-354-465,M6H4Y2,365-556-7819,2026-08-29 11:35:52
ACC12497714,David,Roy,2008-02-23,1,9971-263-018,M1E 6W7,416-368-0928,2026-07-31 14:59:28
ACC61313797,Lisa,Ross,1950-01-04,2,8479-624-358,,437-533-2217,2025-10-28 23:20:22
ACC60140442,Amanda,White,2015-12-15,2,7253-126-614,L6R 4S2,3652113557,2026-08-03 02:56:57
ACC84712969,David,Miller,1980-06-19,1,8556-625-278,M4J 7B4,4162102015,2026-07-20 16:53:03
ACC43103501,Jsesica,Martinez,1959-01-23,2,6311-568-924,M1L1X7,2893716975,2026-07-11 18:02:00
ACC91358346,Daniel,Williams,2003-04-14,1,8818-466-081,M4H7H4,(647) 249-6047,2026-08-15 19:37:51
ACC28914691,Fatima,Lee,1957-11-22,2,5944-585-743,,(365) 757-5304,2025-12-11 04:33:10
ACC54958688,Dieog,Whie,1952-07-24,1,6258-223-251,m4e4w5,(289) 881-9911,2026-07-14 09:11:47
ACC75533547,Brtty,Wilson,1949-06-02,2,9306-408-239,M3B 9T5,3658012419,2026-07-31 20:58:05
ACC85389290,William,Taylor,1979-10-22,1,9029-204-071,M2R 5C0,3655831920,2026-08-22 20:33:38
ACC41610595,Ling,Scott,1960-04-30,2,1454-323-468,L6A 1V7,(905) 508-8033,2026-07-30 12:06:17
ACC49770307,Kenneth,Hassan,1977-11-05,1,6318-141-691,L5N 2C9,(647) 585-9388,2026-08-30 13:34:38
ACC71874644,Jean,Walker,1950-07-13,1,5771-037-669,,289-677-4263,2026-08-29 14:46:42
ACC63473802,Hiorshi,Ricci,1960-07-05,1,6097-618-042,M6B 8M4,(416) 388-2241,2026-08-26 01:25:24
ACC47272160,Emily,Stewart,1975-11-14,2,6687-386-596,L6M 9K4,437-986-5035,2026-05-02 08:12:28
ACC41244180,Marie,Silva,1926-06-28,2,1457-492-211,M6M 3J0,(289) 961-4290,2026-07-29 01:54:15
ACC39022620,Lisa,Bouchard,1942-05-03,2,4058-365-356,M2R 2R2,365-477-5526,2026-07-15 07:42:11
ACC19813476,Bill,Hassan,1963-10-19,1,5902-575-355,M8W2J0,(289) 201-5052,2026-07-27 02:45:37
ACC75910043,Anthony,Ngueyn,1939-10-15,1,3465-620-726,M4G 0H5,(905) 863-0318,2026-07-27 13:33:23
ACC16972121,Joseph,Davis,1963-01-17,1,1263-612-416,M3A 7T9,(437) 551-3818,2026-08-11 13:02:26
ACC19553121,James,Park,1954-05-03,1,7214-597-861,M6B9J3,365-378-2311,2026-08-26 18:12:24
ACC19827655,Jiim,Mitchell,2025-11-18,1,6619-667-600,M1C0M4,416-782-8399,2026-08-12 04:02:49
ACC96841946,Amed,Martin,1945-07-14,1,5205-152-720,M6J6B1,6477165500,2026-07-27 11:55:46
ACC32847115,Raj,Lopez,1966-04-15,1,0941-822-785,M9L5Z2,647-787-4552,2026-08-15 10:56:15
ACC14675243,Mark,Moore,1972-03-02,1,6607-143-614,,6473977034,2026-07-15 15:43:07
ACC55667453,William,Nowak,1950-03-27,1,1832-179-632,M6J 6T6,,2026-07-17 22:10:12
ACC23402273,Michelle,Gagnon,2007-03-07,2,8140-092-415,M6A 5M6,437-648-0528,2026-08-06 17:17:56
ACC35764526,Shelly,Taylor,1945-10-18,2,3412-717-286,L4L8W8,9058385537,2026-08-14 03:21:32
ACC15836574,Jean,Baker,2008-06-17,1,7123-935-830,L4C0L6,647-441-5532,2026-07-21 22:39:50
ACC98235117,Andy,Rodriguez,1971-04-22,1,0908-910-441,M5N8C4,(647) 417-6672,2026-08-10 00:36:14
ACC24360764,Tomas,Bouchard,2007-02-17,1,4521-244-139,L6B6P6,3652017902,2026-08-12 04:57:07
ACC74932693,Sarah,Allen,2003-04-28,2,1158-833-127,m5p5y1,416-594-5775,2026-08-09 01:51:41
ACC84584254,Rick,Thomas,1989-12-21,1,6510-475-053,L6M 8E7,4165054695,2026-08-08 20:38:56
ACC57665341,Mary,MacDonald,1946-03-03,2,5565-151-809,m8v9y8,4163873977,2026-08-09 23:32:00
ACC86659114,Barbara,Kim,1955-07-21,2,4704-418-963,M9M4L6,2892992646,2026-07-21 01:59:00
ACC80427554,Jennifer,Lopez,1995-06-19,2,4665-104-982,L4B 0A7,3658497026,2026-08-04 02:26:06
ACC51673154,Aisha,Davis,1952-03-21,2,3740-698-596,,416-338-4444,2026-08-27 10:05:44
ACC84587948,Daniel,Nowak,,1,2294-037-367,M6G 1J2,,2026-07-10 15:43:26
ACC81688553,Ingrid,Thompson,1981-01-14,2,7700-443-174,M4M0M0,(647) 835-8329,2026-08-31 20:40:39
ACC25376928,George,Kim,1954-08-21,1,3674-270-065,L4K 7M2,(647) 353-5515,2026-08-13 16:50:25
ACC73739756,Joseph,Ferreira,1969-03-01,1,8008-806-146,M2J 9E0,9053159421,2026-07-26 22:08:32
ACC77495644,Hiroshi,Sutherland,1989-04-17,1,4853-819-029,M8X 8N6,,2026-07-04 20:04:23
ACC47812969,Elizabeth,Jackson,1950-10-08,2,3176-225-351,L4K6J1,(437) 203-1814,2026-08-25 05:21:19
ACC33113061,Amara,Campbell,2025-09-25,2,8162-237-492,M5N0P4,(437) 817-4204,2026-07-20 00:25:37
ACC51444109,Chen,Ali,2016-01-02,1,0472-381-599,,(905) 475-0814,2026-07-07 06:24:10
ACC66464710,Amir,Miller,1995-12-16,1,0015-190-788,,(647) 338-1639,2026-08-01 18:01:20
ACC92747312,Bian,Green,1966-04-18,1,2727-658-169,M5R8E2,(416) 486-4067,2026-08-11 05:37:04
ACC87126991,Nikolai,Trran,1979-03-19,1,1589-735-024,L6A 0P7,437-354-2586,2026-08-16 20:35:17
ACC21835101,Matthrw,Hill,1989-11-22,1,2585-589-688,M1N 7N2,4375715401,2026-07-27 05:48:04
ACC40539613,Yuki,White,2017-11-10,2,7847-388-530,,(647) 384-2933,2026-07-16 11:51:11
ACC48416166,Michelle,Lewis,1980-05-07,2,7203-885-590,M6B 4Z2,,2026-08-03 22:14:13
ACC81598634,Ahmed,Johnson,1964-05-18,1,2826-013-357,M6L4V7,(365) 820-4007,2026-07-05 10:16:17
ACC99082397,Amara,Johnson,1931-01-07,2,4143-976-225,M5P 0L3,6472598311,2026-08-06 03:06:52
ACC26786570,Priya,Park,1979-03-13,2,2114-174-085,M9B 0M7,(647) 609-9626,2026-08-30 21:49:10
ACC60650757,Anthony,Gaggnon,1970-07-14,1,0213-630-049,M1K 1X2,905-393-0521,2025-08-15 03:02:09
ACC46641995,Matthew,Lee,2008-07-13,1,7113-971-308,M5A 7V0,(289) 373-8415,2026-07-14 12:07:58
ACC71007455,Hiorshi,Singh,1970-11-11,1,3244-096-909,M5R4G6,4163491551,2026-07-26 05:57:32
ACC94576842,Christopher,Ali,1983-03-09,1,1617-596-695,L5C6B5,(905) 502-9977,2026-07-07 05:20:41
ACC16981982,Amir,Thomas,1984-06-20,1,1338-797-275,L6R 2L8,4377130045,2026-03-27 03:24:46
ACC62252037,Mei,MacDonald,1978-12-18,2,5254-233-488,m5h8h0,289-747-6757,2026-08-20 08:20:13
ACC70828917,Luc,Roy,1967-01-14,1,4816-709-291,M3B 7X1,,2026-08-09 00:00:18
ACC92029572,Matthew,Anderson,1993-08-12,1,6264-949-410,l6c1k5,4374946968,2026-06-01 16:57:27
ACC89543029,Ana,Sttewart,1953-05-10,2,2311-258-897,M6K 6Y2,647-451-2766,2026-08-21 06:54:21
ACC56941231,Zara,Wang,,2,6089-662-966,m8x9k5,,2026-07-13 04:21:31
ACC76191546,Jni,Li,1985-09-11,1,2350-452-575,M3B9Y0,289-999-1411,2026-08-04 01:04:19
ACC33211486,Bob,Martinez,1955-05-15,1,2373-887-781,L5B 5N0,6476226268,2026-07-22 13:59:10
ACC92660757,Brisn,Nelson,1958-10-14,1,7396-493-327,M5J 2K8,(416) 514-4366,2026-08-11 09:35:25
ACC25771266,Lisa,Wilson,1973-03-22,2,9902-369-660,M6B 7X5,289-882-6298,2026-08-19 10:44:28
ACC53061318,Priya,Willisms,1951-09-01,2,7102-305-047,M6A 9G5,6473545875,2026-08-17 23:14:26
ACC62928744,Olga,Tran,1951-09-19,2,8755-058-677,m8x1e5,,2026-07-14 15:12:31
ACC92537873,Kenneth,Walker,1969-05-24,1,7667-327-097,L6M1X7,(437) 279-9138,2026-08-23 02:33:22
ACC90621361,Andy,Brown,1959-11-11,1,6420-117-894,L6J 5Z4,289-320-4511,2026-07-12 04:14:05
ACC19183944,Raj,Hill,1958-02-26,1,5565-538-856,M4G 1W6,4167412463,2026-08-10 15:30:10
ACC15643150,Susan,Hassan,1938-05-31,2,1944-994-332,M3H4V7,(437) 420-3841,2026-07-30 15:48:42
ACC26094265,Joshua,Gonzalez,1971-02-28,1,5614-576-592,,4162075354,2026-08-23 20:49:03
ACC42985836,Ivan,Hill,1952-01-08,1,2319-683-773,M8X8N8,289-747-6792,2026-07-29 17:47:33
ACC29590984,Aisha,Allen,1970-02-16,2,6160-357-619,L6B 4B0,(647) 943-3997,2026-08-31 11:36:31
ACC68921240,Robert,Cote,1975-02-03,1,3299-938-468,M9B 9N6,3654511834,2026-07-20 17:24:09
ACC10263160,Daniel,Johnson,1942-10-13,1,0949-261-788,M4H2X8,365-378-6820,2026-08-22 09:01:05
ACC16448186,Tom,Nelson,1971-03-08,1,9642-730-858,14E5S3,,2026-07-22 23:37:04
ACC26087626,Yuki,Williams,2007-06-05,2,2232-723-870,L5A2C0,(365) 440-4448,2026-08-04 12:23:35
ACC11871257,Susan,Taylor,1970-09-04,2,8222-663-711,M6K9V9,9054085330,2026-07-08 23:10:38
ACC37633494,Tomas,Santos,2013-07-16,1,5581-113-338,M4E7T5,(647) 545-4996,2026-08-13 01:28:28
ACC45201058,Thoms,Stewart,1956-02-09,1,7778-474-648,M2H 4P6,905-379-3921,2026-08-08 03:38:10
ACC68811802,Nadia,MacDonald,1975-09-08,2,0083-036-194,M4B 1A9,647-207-0387,2026-04-06 12:11:40
ACC23428510,Anna,Stewart,1978-01-22,2,4046-599-819,M4J3Z6,3654300315,2026-08-15 10:45:04
ACC46946167,Jessica,Ricci,1979-09-02,2,9905-299-435,l5a5h3,9054985657,2026-07-03 09:31:17
ACC26347580,Ashlley,Martin,1994-02-06,2,1456-313-723,M1N 2J5,,2026-07-18 22:28:21
ACC83525004,Kevin,Silva,1935-05-01,1,3730-765-413,M6L 1E4,2897632663,2026-08-11 06:02:13
ACC78730561,Chen,Mensah,1954-11-13,1,0339-864-894,L6B 2J0,(905) 817-8943,2026-08-02 21:12:03
ACC48303070,Karen,Park,1962-01-19,2,9829-483-693,M5H 0E2,4168961549,2026-08-04 02:31:03
ACC22987758,Dan,Kim,1986-01-08,1,7146-443-220,L6B9X1,(905) 295-1214,2026-07-20 19:23:12
ACC23794872,Jim,Mitchell,1996-08-14,1,1440-337-432,M6K 5N4,(437) 609-3532,2026-08-02 19:52:01
ACC33503397,Toomas,Mitchell,1956-07-14,1,4460-396-056,L5N9B5,6479267588,2026-08-30 13:15:07
ACC14214313,Ashley,Tremblay,1972-02-14,2,3728-885-405,M5K7Z1,(416) 342-4405,2026-08-25 00:29:16
ACC54009330,Mohammed,Rossi,1984-05-19,1,3406-465-728,M1E 0L2,437-717-3136,2026-08-04 17:13:41
ACC11170144,Mihelle,Gonzalez,1970-01-08,2,9892-844-433,m2r1e1,(365) 886-9315,2026-07-24 08:05:18
ACC33529944,Amir,Robinson,1992-02-13,1,6382-413-174,M2H 6G2,647-782-1448,2026-07-22 00:36:01
ACC58733960,Christopher,Ali,1971-06-13,1,9987-967-610,M8W5A6,2892952133,2026-08-06 01:50:21
ACC38853637,Wei,Li,1970-11-05,1,9161-351-136,M3C 5C1,905-565-0806,2026-08-20 12:24:42
ACC43630362,Mohammed,Ahmed,1981-09-07,1,7051-293-350,,3654380596,2026-07-07 19:10:04
ACC96446277,Ingrid,Okafor,1974-02-16,2,8180-081-096,L6C 1H1,6475192930,2025-12-11 22:50:27
ACC11927361,Ling,O'Brien,1961-06-22,2,6890-093-807,00000,6479812247,2026-08-27 09:09:09
ACC72268665,Nancy,Wang,,2,7465-616-949,M1N4P8,437-326-8646,2026-07-21 19:48:47
ACC41065434,Chen,Moore,1988-03-01,1,6847-791-917,M1J5W9,437-795-8553,2026-07-08 19:07:46
ACC28742029,Luc,Martni,1963-03-14,1,6948-374-795,M1J 1B2,,2026-07-27 16:50:04
ACC64856548,George,Chen,1966-10-25,1,3605-153-612,,,2026-07-04 14:15:02
ACC50533024,Fatima,Thomas,1939-07-23,2,8038-257-575,M4A 2K3,437-792-1075,2026-07-30 13:06:59
ACC99404935,Jean,Garcia,1979-05-11,1,5329-704-554,L4B1R3,(905) 260-4013,2026-08-18 23:46:36
ACC55737922,Nadoa,Ferreira,2002-02-04,2,6998-999-657,l4c0c0,,2026-07-10 09:05:21
ACC42888252,Olga,Adams,1989-12-14,2,8590-750-868,M6A 3V6,(416) 562-5789,2026-07-15 02:53:21
ACC90395153,Betty,Nowak,1967-06-07,2,5012-097-555,M1K1K3,365-696-1232,2026-07-17 06:11:06
ACC95025639,Ahmed,Wright,1988-09-27,1,6043-898-474,M5A6G1,647-693-3853,2026-08-23 20:23:35
ACC34040515,Brian,Khan,1964-09-19,1,6268-502-785,M4L0G7,4167422432,2026-08-06 05:32:28
ACC21853704,Diego,Smith,1990-10-10,1,9680-981-181,M4C 0Z6,9054854743,2026-07-06 21:09:04
ACC75767276,Karen,Brrown,2011-06-27,2,1455-935-641,L5A7S7,905-760-3389,2026-08-26 02:55:18
ACC10859889,Linda,Mitchell,1953-02-23,2,6600-072-571,M4G8L9,3653345219,2026-07-09 19:47:05
ACC88981043,Nancy,Taylor,1999-07-29,2,3297-917-316,L6A 1M6,(289) 725-4596,2026-08-06 16:02:05
ACC51951986,Lisa,Bouchard,1966-10-24,2,7912-382-525,L4B 1Z8,9053553120,2026-07-13 13:23:37
ACC91652431,Andrew,Tran,1998-08-16,1,9907-915-624,M2K2H3,905-255-2776,2026-08-28 09:34:45
ACC98717459,Pedro,Miller,1927-12-25,1,9976-238-585,L6P 5B9,,2026-08-13 04:27:08
ACC99738844,Wei,Hill,1945-12-05,1,5524-578-423,M8Y1M9,4379352819,2026-07-14 23:50:51
ACC43307225,Matt,Mensah,1979-10-30,1,0786-788-604,M6L 7L9,365-244-4630,2026-08-24 01:36:16
ACC41417898,Jean,Hernandez,1984-07-04,1,8010-458-969,M8Y3N3,(905) 434-7983,2026-08-30 18:08:47
ACC42000021,Richard,Jacskon,1980-12-20,1,2049-526-672,L6S6W3,9059089333,2026-08-16 16:58:59
ACC26684611,Diego,Chen,1947-03-07,1,1851-883-098,M5A9L2,(289) 374-0540,2026-08-01 03:25:42
ACC87028230,Ingrid,Nguyen,2025-09-21,2,4214-411-391,M5A,(437) 734-9603,2026-08-03 20:36:44
ACC85223009,Bob,Martinez,1968-02-23,1,1651-596-213,,(365) 422-8265,2026-08-20 23:47:59
ACC71082790,Melissa,Walker,2025-01-13,2,7741-490-260,L5A 2P3,(437) 218-5943,2026-07-04 11:05:28
ACC85031257,Nkiolai,White,2021-07-08,1,0983-116-674,M5R2T41,365-503-9789,2026-08-16 10:09:46
ACC92699357,Patricia,Rodriguez,1960-09-29,2,5916-060-774,m9l8x1,905-737-6022,2026-07-06 22:17:33
ACC83864591,Yusuf,Sutherland,1965-05-10,1,8277-634-468,L4B 9A9,(905) 210-8748,2026-07-04 13:01:20
ACC96554496,Aiisha,MacDonald,1998-05-20,2,1593-319-948,M4M 7G2,2899676348,2026-07-09 21:09:20
ACC59583733,Richard,Nowak,1952-09-10,1,2355-230-661,M2K7C5,289-505-1489,2026-07-21 06:59:50
ACC99390004,Matthew,Green,1953-09-07,1,8573-592-469,m3b0x4,3656260330,2026-08-23 23:17:35
ACC82452218,Claire,Young,1991-05-29,2,2016-396-042,M5E 2L0,,2026-07-15 22:03:04
ACC69138095,Liisa,Wang,1978-05-12,2,1758-966-061,L6A5B4,365-693-4644,2026-08-02 07:46:29
ACC85719145,William,Kom,1984-01-26,1,6713-407-150,L5C1S7,3653890747,2026-08-17 04:16:32
ACC33973798,Melissa,Garcia,1957-04-25,2,4444-991-782,l4b2b1,(365) 693-5169,2026-07-09 16:47:41
ACC86556969,Amanda,Zhang,1962-07-30,2,2695-065-884,M2N6V4,(365) 773-7739,2026-08-18 18:20:03
ACC57353985,Jean,Murphy,1983-11-12,1,7194-226-184,M8W6X0,(647) 527-1461,2026-07-12 12:54:39
ACC97025484,Jess,Kelly,2006-02-28,2,1354-532-531,M3B 8C1,,2026-07-14 08:02:08
ACC54736419,Karen,Rossi,1957-01-26,2,7053-098-773,M5J 8M0,(647) 975-6830,2026-07-12 15:04:42
ACC98015055,Lisa,Mrphy,1984-01-20,2,3294-440-007,M5P2T3,4169485076,2026-07-30 09:59:54
ACC86782345,Wie,Ricci,1958-04-25,1,4982-913-677,L4K 3Z0,2897940501,2026-08-20 05:20:59
ACC26675262,Yusuf,Silva,1987-06-14,1,5105-726-334,M5H 7M8,905-906-6774,2026-07-30 03:39:16
ACC14242337,Michelle,Clark,1997-04-12,2,5371-835-587,l4l6e3,9058446457,2026-07-30 19:43:36
ACC10416517,Ashley,Lewis,2013-04-03,2,4065-117-782,L6C8A4,6473283279,2026-07-15 02:11:24
ACC37476758,Priya,White,1931-12-29,2,5499-152-063,M9C 6J8,,2026-08-02 19:03:33
ACC35979803,Fatima,Aadms,2008-06-06,2,4288-555-602,M5A 0E4,(905) 288-4665,2026-08-21 06:40:03
ACC69504044,Joshua,Kellly,1960-10-02,1,1173-363-001,M2N7H31,(647) 278-4902,2026-07-25 08:17:25
ACC80230511,Sarah,Ferreira,1983-03-23,2,6674-639-056,,(647) 663-3271,2026-08-01 11:36:53
ACC36237245,Shelly,Fraser,1982-06-24,2,6000-141-843,M5H9C1,6474139070,2026-08-17 21:05:43
ACC95069510,Hassan,Harris,1993-06-11,1,4869-162-638,L6R3E3,(437) 995-1341,2026-08-03 03:22:59
ACC72209058,Amir,Lee,1979-12-30,1,3642-002-178,m8v5y0,(289) 487-7313,2026-08-14 21:36:34
ACC81665739,Mark,Lee,1993-06-06,1,4362-462-519,M1L 9P6,,2026-07-24 23:09:11
ACC44547371,Claire,Nelson,1999-10-29,2,8696-345-613,M4J8Z4,416-674-0924,2026-02-14 10:52:41
ACC32407006,Marie,Li,1991-12-09,2,6036-612-932,,6477368169,2026-08-22 01:40:46
ACC43013973,Cheen,Nowak,1961-01-14,1,7924-247-666,M6L 9J9,647-240-2113,2026-07-15 22:18:47
ACC38768656,Claire,Sutherland,1957-10-06,2,2325-770-929,M6B 2M5,(437) 235-0775,2026-08-19 16:01:32
ACC61996475,Ana,Fraser,1926-10-13,2,9514-664-452,L5A 7Z2,4375692312,2026-08-03 08:26:49
ACC71307823,Ingrid,Jonse,2002-12-07,2,1739-941-712,M1H1S8,(905) 398-2022,2026-08-20 21:45:00
ACC63291775,Ivan,Okafor,1938-04-03,1,5747-529-476,M4M 2W0,9053867669,2026-08-28 21:39:22
ACC21981262,Barbara,Singh,1948-04-16,2,1778-076-545,M1C5G6,9057604013,2026-07-25 20:08:54
ACC19415624,Margaret,Tran,1964-06-18,2,2876-166-188,L6L 1X1,(905) 519-8170,2026-07-15 14:02:53
ACC53641166,Elizabeth,Carter,1970-06-08,2,8460-368-684,M8X 4E4,2894153608,2026-02-08 19:26:48
ACC66232075,Christopher,Sigh,1989-11-08,1,9196-823-687,L6B 7G8,(416) 377-7355,2025-06-24 14:16:53
ACC56923611,Yusuf,Baker,1970-02-08,1,2977-778-402,M4B 2P5,,2026-07-21 21:39:34
ACC47905440,Michelle,Rodriguez,1996-07-10,2,6420-083-930,L4C,,2026-08-03 10:41:45
ACC46367829,Elizabeth,Lee,1958-10-22,2,7060-393-027,M5H4C5,4166947228,2026-08-22 12:00:49
ACC42087284,Joshua,Smith,2008-06-30,1,2415-223-557,m2k7a4,,2026-08-27 13:40:40
ACC64674167,Kenneth,Green,1947-02-05,1,1291-553-756,M5E 4A0,,2026-08-16 19:36:21
ACC27720690,Luc,Mensah,1973-05-04,1,5808-254-923,L4C 3K4,4376298216,2026-08-26 07:59:10
ACC93986445,Daniel,Murphy,1993-04-26,1,3113-101-095,L5N6N7,2892892032,2026-07-17 22:45:41
ACC77948388,Ling,Ferreira,1998-10-18,2,7085-056-450,L5C 0V7,(647) 312-2976,2026-08-12 15:09:16
ACC47637843,Claire,Gagnon,1991-08-25,2,7850-812-301,M6J9Y0,(365) 498-6893,2026-07-08 07:06:42
ACC89155082,Chen,Okafor,1985-05-27,1,2760-895-041,M1E 2Y7,647-992-2097,2026-08-16 18:58:13
ACC47465622,Pedro,Campbell,1935-10-12,1,3161-039-999,M9A 6V5,(289) 830-5341,2026-07-12 18:07:02
ACC10752985,Amir,Miller,1963-06-22,1,4874-649-389,L6P2L5,437-973-5967,2026-08-22 05:34:14
ACC70564323,Robert,Hernandrz,1964-02-19,1,5906-292-916,M2H0H5,,2026-08-08 22:30:21
ACC31356570,Thomas,Mensah,1986-05-29,1,0693-602-864,M9B0P8,4373692473,2026-08-21 23:50:46
ACC42497054,Elizabeth,Ross,1997-09-13,2,7332-591-002,L6L2W0,(289) 735-3282,2026-07-13 01:59:11
ACC26084240,William,Bouchad,1970-04-05,1,3701-496-568,L5A8V9,9055860113,2026-08-14 09:49:28
ACC49587149,Jessica,Silva,1964-09-12,2,5079-307-822,L5A 1X0,2896274885,2026-08-19 13:38:36
ACC80859951,Wei,Santos,1939-09-20,1,8615-864-710,M5R 0N2,(289) 803-9200,2026-08-17 04:21:15
ACC16228365,James,Ali,1956-03-31,1,0062-313-184,M5A8H1,(416) 536-7039,2026-08-22 05:02:56
ACC78277944,Katen,Roy,1973-09-06,2,6837-740-056,M6M 3C4,,2026-08-25 17:07:05
ACC36035421,Omar,Park,1966-10-26,1,7340-333-751,M9B4Y3,3654171524,2026-08-28 11:18:24
ACC67968738,Ahmed,Miller,1938-10-13,1,2875-616-522,L6P 5L1,(437) 751-5179,2026-07-17 22:54:07
ACC94644750,Emily,Park,1942-07-08,2,4513-166-076,M3C 2W2,647-802-0958,2025-06-21 09:02:20
ACC87431527,Tomas,Johnson,1951-03-16,1,5719-395-344,M4E 5J9,365-623-9120,2026-07-11 04:10:07
ACC35481515,Olga,Smith,1961-06-10,2,7163-291-300,M5R 3N9,,2026-07-03 15:17:14
ACC22587581,Chiara,Ali,1981-04-18,2,9308-268-300,M3B1K6,(647) 899-4720,2026-08-30 00:17:18
ACC85608914,Raj,Roy,1980-03-04,1,1344-811-854,L5C 7G8,(365) 510-4547,2025-10-02 08:15:26
ACC88856992,Emily,Robinson,1978-10-25,2,5695-350-800,L6R2K6,(365) 894-1019,2026-08-31 20:44:03
ACC75690536,Melissa,Baker,1971-12-28,2,7596-840-285,L6P5W9,,2026-08-10 10:38:10
ACC58295263,Tomas,Taylor,1971-10-10,1,8911-474-347,M9A1S4,905-358-6653,2026-07-24 11:02:45
ACC10134499,Jen,Ross,1964-08-03,2,6543-179-037,M2H5T2,3655719114,2026-08-25 17:28:34
ACC62892551,Jean,Nelson,1929-01-06,1,1749-234-751,M6L 0Y9,3656011123,2026-08-08 15:59:54
ACC39545530,Brian,Carter,1928-03-30,1,2102-965-429,M4L9A0,(365) 531-9649,2026-07-13 06:58:59
ACC37379905,Mei,Martin,1991-08-09,2,3647-848-047,M9A1B6,(647) 868-0914,2026-08-23 17:07:58
ACC81352182,Nikolai,Stewart,1978-03-05,1,4031-947-593,L5N 7Z5,416-689-7495,2026-07-29 22:33:31
ACC53696223,Kevin,Green,1993-04-10,1,3141-093-470,M4E 5V5,416-572-0017,2026-08-24 21:13:03
ACC16104157,Josh,Bouchard,,1,8180-550-702,L6S1Y4,(416) 399-4234,2026-07-27 15:00:30
ACC73138040,Kevin,Miller,1988-03-05,1,7670-921-076,M4C1C7,647-529-1139,2026-07-03 11:15:08
ACC66270814,Mark,Nguyen,1926-09-03,1,1355-095-959,M6L,3653903116,2026-08-07 11:15:51
ACC83465228,Pedro,Wright,1973-10-23,1,4923-395-752,M1G4V4,(289) 980-9117,2026-08-11 13:24:20
ACC79711007,Amanda,Hassan,,2,0181-189-747,L6S2A6,4378899497,2026-08-15 23:11:53
ACC23138598,Mei,Ahmed,1996-07-05,2,3388-003-372,,3653333748,2026-07-18 09:10:40
ACC86444739,Yuusf,Anderson,1988-06-25,1,8230-217-161,l6l1k4,(647) 681-0898,2026-08-27 12:34:39
ACC33400737,Olga,Smith,1981-07-18,2,6666-612-962,L4J1Z9,(647) 445-9442,2026-07-31 10:24:01
ACC55513393,Mohammed,Ricci,1946-06-23,1,2398-877-106,M1B 1S4,416-903-8207,2026-07-03 20:36:05
ACC30724086,Nancy,Scott,1980-12-11,2,9603-566-945,,(905) 981-5753,2026-08-16 09:32:26
ACC59919309,Jean,Martinez,1979-06-22,1,6707-536-055,L5B 6A9,416-941-8625,2026-07-03 14:00:11
ACC26752314,Michelle,Hernandez,1949-08-23,2,1255-820-266,m5h5e4,6474009502,2026-07-10 08:53:11
ACC66309869,Ana,Martin,1961-08-08,2,6498-024-139,M5J7X4,647-421-8016,2026-08-08 04:29:51
ACC75439384,Anderw,Thompson,1979-08-08,1,2282-149-133,M5K5A7,365-638-0466,2026-08-27 00:05:14
ACC19217629,Yuki,Mller,1948-11-15,2,5450-670-335,M5B 9J9,(647) 848-8527,2026-08-01 09:12:45
ACC49543867,Diego,Ahmed,2016-05-04,1,4870-975-184,M6H 1S6,2897074910,2026-08-14 06:57:42
ACC93366531,Marie,Park,1986-08-26,2,4870-142-918,M1M2R6,647-756-3586,2026-08-22 21:48:40
ACC55421751,Thomas,Tremblay,1969-10-24,1,0583-028-501,L6A 3X2,(416) 312-2190,2026-07-09 21:37:38
ACC28216950,Melissa,Adams,1998-07-04,2,2511-014-769,m6h6g8,,2026-07-31 18:38:13
ACC30818615,Linda,Singh,1987-06-05,2,8399-408-072,M1B 1K6,,2026-07-13 03:19:26
ACC78724632,Michael,Singh,1974-07-28,1,7188-025-477,,2898673685,2026-07-23 18:54:12
ACC61272477,Keevin,Scott,1979-03-15,1,1604-629-640,L4B9P1,(647) 339-2700,2026-08-09 23:23:47
ACC98453044,Anna,Cote,2003-06-18,2,5151-531-935,M1L6K2,(416) 416-0122,2026-08-26 11:43:55
ACC69282216,Dan,Park,1984-07-17,1,8159-518-151,M2J1E9,289-742-6916,2026-07-21 11:48:07
ACC98853297,Nadia,White,1970-08-11,2,6637-527-125,M4K,4377161026,2026-07-18 21:44:10
ACC49287417,Amanda,Singh,1961-12-14,2,2609-603-614,M5G 1A8,4166998593,2026-07-20 21:00:27
ACC62914091,Hasan,Johnson,1965-02-04,1,9360-180-571,M6G2L1,,2026-08-05 09:09:55
ACC24315774,Steven,Taylor,1959-09-02,1,4955-780-897,M1E 1P3,(437) 998-3475,2026-07-24 09:36:57
ACC90145526,Mihcael,Sillva,1936-09-07,1,6080-900-571,M5G 1E5,,2026-07-19 10:22:49
ACC59897314,Kenneth,Davis,1992-09-16,1,7981-249-985,M2J2L8,2894823997,2026-08-24 15:43:53
ACC33011301,Enily,Brown,1978-06-28,2,6112-904-070,M4H1P5,(365) 700-2868,2026-07-21 12:58:59
ACC38092633,Richard,Kim,1967-10-03,1,8120-499-317,M5R 9A5,6477698312,2026-02-20 23:53:21
ACC61579851,Lisa,Walker,1933-10-16,2,8891-848-080,M9B 5K8,(365) 696-9863,2026-07-03 12:52:01
ACC83111686,Pedro,O'Brien,1948-08-29,1,7752-059-829,m6c5t1,(365) 635-6011,2026-07-08 12:44:00
ACC20375099,Raj,Robinson,1954-06-22,1,6139-811-803,M2N 1E9,365-706-2669,2026-08-04 14:46:50
ACC51343444,Pat,Scott,1942-05-12,2,3822-695-197,00000,2897883579,2026-08-07 17:30:38
ACC56692251,Thomas,Jackson,1980-06-23,1,8543-101-581,M6M 4N2,(365) 952-4532,2026-08-31 08:18:17
ACC98607080,Olga,Lopez,1992-04-02,2,3872-521-830,l6j0y5,9053360840,2025-11-25 04:45:00
ACC55722459,Linda,Moore,1960-07-13,2,1400-413-207,M5E,6477873397,2025-06-13 17:00:46
ACC92421171,Yuki,Ali,1955-10-15,2,3333-842-767,L6G 7C8,(647) 264-3407,2026-07-07 07:37:27
ACC37437068,Matthew,Bakre,1950-09-30,1,6110-046-171,m6l2v6,3659940368,2026-08-02 06:54:47
ACC81332990,Mei,Anderson,2010-11-05,2,4138-394-251,l4k7p2,(437) 431-3926,2026-08-05 14:12:22
ACC99487729,Margaret,Tran,1973-05-24,2,2177-762-107,M6B0G5,905-870-2055,2026-08-23 13:53:34
ACC48814836,Emily,Walker,1991-10-22,2,8477-325-396,M5A 2W0,4376598936,2026-07-14 00:25:01
ACC49189034,Hassan,Chen,1983-01-15,1,3156-083-184,,2896885978,2026-08-22 05:31:23
ACC36685942,Ana,Gonzalez,1982-07-28,2,5227-941-902,M5K 7H4,(289) 712-9646,2026-07-19 17:13:05
ACC96872040,Mei,Singh,1960-09-02,2,6935-798-113,M4E 4S2,416-514-0025,2026-07-05 22:11:11
ACC89862929,Karen,Murphy,1982-04-19,2,4964-458-378,M5K 9M6,,2026-07-29 11:39:32
ACC88934737,Amri,Osei,1980-04-22,1,8636-286-802,L4J8N2,416-210-8765,2026-08-05 08:43:17
ACC37038310,Luc,Mrnsah,1984-10-31,1,9909-726-532,M3C8G4,2895375151,2026-07-20 02:00:32
ACC41834283,Yuki,Ferreira,1949-12-05,2,7209-210-165,L4K7N8,,2026-08-01 12:25:29
ACC79341304,Amir,Silva,1971-02-13,1,6878-735-502,m3h6s1,2893152696,2026-08-24 03:31:52
ACC56536653,Ivan,Sutherland,1957-02-22,1,9011-217-446,L6G7R2,905-204-7787,2026-07-11 11:36:06
ACC22964587,Joe,Anderson,1955-01-31,1,0937-214-633,M5A6V6,647-854-9878,2026-07-10 02:29:05
ACC48964692,Mohammed,Osei,1990-04-21,1,7603-638-797,00000,6472256397,2026-07-07 20:44:06
ACC16053256,Marie,Davis,1952-06-08,2,6987-847-594,M3C0Z6,4167321349,2026-07-18 07:40:38
ACC44458658,Brian,Hernandez,1958-01-24,1,3381-657-968,M4A 6Y6,647-685-3097,2026-07-25 06:02:40
ACC98818718,Saandra,King,2004-07-04,2,2131-078-418,00000,(905) 494-8964,2026-07-31 12:21:47
ACC10359259,Sofia,Brown,1952-12-16,2,7240-686-761,M1L1Z8,4377608290,2026-08-07 03:03:56
ACC48334406,Kevin,Kelly,1977-02-28,1,6311-712-019,L6G9X7,(647) 803-0300,2026-08-31 18:58:41
ACC84194145,Raj,Adams,1959-12-31,1,1812-811-394,M5N 3W6,905-591-1489,2026-07-17 23:15:44
ACC30451284,George,Sutherland,2015-01-04,1,1047-713-324,M1M 3E1,4169697793,2025-12-10 01:36:12
ACC34116084,Sue,Roy,1972-02-04,2,8361-130-704,M1N8R5,3654656301,2026-08-29 13:40:28
ACC14285031,Emily,Park,1989-12-20,2,5134-160-711,m5a3y3,4166236459,2026-08-13 15:50:48
ACC57851702,Joshua,Young,1953-04-13,1,5228-988-241,L6M 7L0,2896301773,2026-07-23 10:21:00
ACC85762898,Sarah,Wright,1968-03-28,2,3379-303-567,M4B6W9,416-209-9240,2026-07-03 16:28:44
ACC97506213,Anthony,Singh,2001-11-05,1,2750-872-414,L4J 4Y0,2892624544,2025-11-22 00:28:19
ACC41650446,Patrica,Clark,1978-02-06,2,3988-589-028,m9c7b5,(905) 369-0168,2026-07-17 03:41:44
ACC60489329,Anthony,Garcia,1945-06-01,1,1196-292-682,L6M6C6,,2026-07-03 08:04:51
ACC84569419,Jon,Green,1957-05-21,1,5536-045-569,M4K 8G5,4169963439,2026-08-11 09:17:39
ACC42154013,George,Adams,1956-03-19,1,4081-527-105,M3H6G2,(289) 616-2246,2026-08-01 06:00:10
ACC51784817,Mike,Bouchard,1998-03-02,1,5881-385-974,M5R 3H6,(365) 872-8521,2026-08-04 11:00:45
ACC76236524,Mark,White,1980-06-05,1,7805-726-259,M1N 6Y0,,2026-07-31 21:27:33
ACC50900406,Jmi,Kim,1975-06-24,1,4802-872-848,m5p3v8,4378581571,2026-08-07 13:37:46
ACC10833245,Claire,Martin,1987-06-10,2,8755-844-464,M6B7N3,437-839-0609,2026-08-19 20:51:00
ACC79001530,Matthew,Zhang,1899-01-01,1,5447-263-988,M6K 7Y0,6472935904,2026-09-10 17:33:24
ACC34866372,Wei,Tremblay,1973-03-06,1,3682-894-690,m1c4l5,437-795-4708,2026-07-24 13:42:16
ACC90727334,Marie,Green,1953-12-10,2,5258-433-985,M6A 4C8,(905) 641-6060,2026-07-10 05:39:40
ACC93877740,Mei,MacDonald,1978-04-26,2,0059-877-548,M9B 1W2,289-855-3135,2026-07-07 06:30:44
ACC36460990,Mark,Yuong,1973-07-09,1,8511-343-959,M1J1N2,437-801-5861,2026-08-09 02:52:08
ACC59387116,Naddia,Walker,1973-07-07,2,8441-401-265,M4H 4H0,,2026-01-30 14:22:09
ACC78755084,Claire,Martinez,1982-02-16,2,0788-709-491,M5N 8E3,6474218363,2026-08-04 18:42:17
ACC48330137,Ling,Rossi,1989-09-06,2,2496-175-684,M2J 8X6,(365) 955-7863,2026-07-26 14:06:34
ACC76577146,Sandra,Ferreira,1973-06-11,2,6051-908-454,M1C 5A5,905-719-4093,2026-07-11 10:33:39
ACC51636924,Marie,Anderson,1955-11-15,2,8086-780-841,M6L 4J2,365-238-2537,2026-07-14 15:00:54
ACC60955547,Liz,Nguyen,2010-09-14,2,6769-815-150,m1g2c1,4162366398,2026-08-03 13:18:38
ACC93608190,Barb,Adams,1963-01-05,2,6786-450-814,M4E 3X1,4169236612,2026-07-29 10:00:32
ACC70156119,Sarah,Garcia,1979-02-11,2,3953-100-975,M1J8K3,6478042695,2026-08-12 07:40:43
ACC42206811,Sofia,Park,2000-08-11,2,5844-141-696,M5K8Z5,647-373-8683,2026-07-24 00:51:31
ACC23024748,Tomas,Ross,1972-10-14,1,7414-577-937,L6H9P3,3657911342,2026-07-09 03:12:31
ACC89649266,Marie,Wright,2014-03-01,2,1544-467-135,M4E 7B0,2895421457,2026-08-02 02:42:27
ACC62023908,Daniel,Ross,1976-04-25,1,6196-088-659,m1m8w4,9057489926,2025-06-23 04:56:28
ACC29194211,Melissa,Carter,1964-03-19,2,9688-158-519,M9L 5L5,(905) 677-1530,2026-07-19 01:13:21
ACC61010733,Hassan,Martinez,1980-11-07,1,3317-813-990,m5g2g5,(905) 418-4129,2026-08-13 03:12:02
ACC18076653,Susan,Hernandez,1986-06-20,2,0359-808-508,M4B9X1,4162249122,2026-08-28 21:57:28
ACC17758589,Ashey,Wang,1968-08-08,2,1924-780-040,M5J 5G9,(905) 411-3188,2026-08-20 12:35:41
ACC21555369,Maggie,Hassan,1987-08-01,2,9308-719-104,M1H,,2026-07-12 10:40:30
ACC38682727,Ana,Ali,2001-07-17,2,5174-710-284,m1h3p0,2893052041,2026-07-18 19:19:09
ACC94679006,Joseph,Miller,,1,8125-001-753,M6G 2J4,,2026-07-10 10:09:54
ACC80487421,Yuki,Garcia,1981-09-13,2,7412-338-480,L4C4B8,2897935424,2026-07-28 06:55:28
ACC88404081,Michael,Ferreira,1988-06-26,1,3019-262-611,L6B8E0,,2026-08-28 07:26:57
ACC18891046,Claire,Anderson,1970-10-18,2,6373-755-534,,6479467448,2026-08-14 07:47:22
ACC34138866,Margaaret,Tran,1961-10-15,2,7228-548-017,m5j4y1,(437) 603-6834,2026-01-12 18:51:28
ACC40617455,Raaj,Smith,1979-08-10,1,7677-424-793,M1L2P9,4374681202,2026-08-12 01:23:06
ACC25981851,George,Aklen,1968-01-25,1,1110-950-555,M3A0P1,(416) 659-9609,2026-07-06 20:50:38
ACC34071821,Ling,Thompson,1961-11-25,2,6704-630-656,M6B 7Z6,905-620-5886,2026-07-16 05:03:55
ACC93198162,Yusuf,Scott,,1,7123-061-728,L5N6K5,(289) 870-4122,2026-07-21 01:28:20
ACC60859457,Ling,Anderson,1964-04-02,2,2448-154-373,M4E 0L4,416-493-8093,2026-08-23 17:48:11
ACC41470126,Ling,Green,1993-12-17,2,9103-570-199,L6P 1S6,(365) 205-4699,2026-08-11 21:49:48
ACC77681197,Rj,Mattinez,1981-06-03,1,4418-228-419,m1l2w6,2893123855,2026-08-28 06:53:04
ACC55919498,Richard,Roy,1974-05-17,1,6108-225-324,L6A 6X2,4373560749,2026-08-27 15:58:58
ACC24648512,Jni,Lewis,1962-06-20,1,6127-135-165,M2N 5P3,6478972975,2026-07-08 17:03:43
ACC73996556,Aisha,Nguyen,1962-11-29,2,3097-399-772,m8y6g3,365-691-7027,2026-07-23 00:41:57
ACC77324841,Joshua,White,1934-05-10,1,3399-554-041,,2898526556,2026-08-05 02:59:03
ACC60484161,Ana,Bouchard,1984-01-13,2,2297-679-157,L4K 4R4,289-680-2574,2026-08-20 05:34:38
ACC48232369,Ana,Rossi,1988-10-31,2,5831-124-655,L6A 0Y8,(289) 733-6669,2026-08-25 17:40:34
ACC59086588,Mary,Silva,2007-06-29,2,5986-492-220,M5B 2T8,,2026-08-17 00:05:05
ACC91956295,Mei,Rossi,1946-06-21,2,9544-541-759,M6G 5T1,289-845-6535,2026-08-07 07:05:46
ACC79976618,Mary,Nelson,1943-12-03,2,9413-155-657,M2J8T8,4165508611,2026-08-04 08:32:31
ACC35565170,Meliissa,Wilson,1991-11-09,2,8619-508-750,M6B6T6,,2026-08-08 09:23:44
ACC71220571,Daniel,Ferreira,1962-11-30,1,3663-906-802,L6L9Z5,4375723814,2026-07-18 16:04:18
ACC70642352,Pedro,King,1987-03-28,1,4664-979-681,M4H0V1,,2026-08-16 15:06:48
ACC16805580,David,Wright,1977-06-10,1,7099-599-701,M4M 7E7,(647) 715-8162,2026-08-04 09:27:21
ACC54859347,Jennifer,Thompson,1975-05-04,2,5193-939-195,M9C 4B9,437-995-7728,2026-08-05 02:44:23
ACC43279945,Mei,Hernaandez,1962-11-29,2,0119-989-051,M2R1S6,6478822044,2026-08-11 00:28:54
ACC29575038,Melissa,Li,1962-05-11,2,1662-050-200,M3C2R5,647-433-6940,2026-08-04 13:30:57
ACC10094267,Pedro,Taylor,1998-11-24,1,7309-364-383,M5G1P6,,2026-08-23 08:08:49
ACC66029164,Marie,Chen,1969-08-03,2,0559-450-259,L5B 8S4,(647) 269-5529,2026-07-15 15:17:50
ACC12194072,Karen,Green,1972-08-09,2,6142-255-378,L5A0A4,(365) 233-5841,2026-08-28 05:45:34
ACC20030380,Margaert,Davis,1967-12-11,2,0826-548-273,M1J 5Y7,9052700104,2026-08-16 22:28:44
ACC33019260,Andy,Walker,1988-09-15,1,7521-126-743,M5K 5J2,2899817520,2026-08-26 18:07:49
ACC76306651,Amiir,Murphy,1962-04-10,1,2375-149-370,00000,2893435655,2026-08-03 18:29:55
ACC86367937,Diego,Kumar,1987-05-12,1,8042-529-316,L6A 0L0,365-594-6049,2026-08-04 01:30:15
ACC56949166,Hassan,Chen,1949-04-29,1,8724-751-402,M1B7R6,437-309-8192,2026-08-27 08:18:25
ACC84114513,Jan,MacDonald,1971-12-17,1,6397-875-169,,2893800790,2026-07-10 03:07:08
ACC93581870,Karn,Osei,1947-01-25,2,3980-492-270,L6H7A3,4373197479,2026-08-28 04:59:30
ACC85199828,Marrgaret,Fraser,1936-06-18,2,2684-899-962,,416-786-9713,2026-07-05 05:21:09
ACC65811830,Chrsitopher,Zhang,1975-07-06,1,2896-569-833,L4K6G2,,2026-07-21 18:33:48
ACC70176084,Jean,Clark,1966-09-27,1,5399-613-859,L4L8A6,365-812-8689,2026-08-28 07:27:02
ACC54968511,Zraa,Johnson,1931-09-29,2,9334-545-564,m8y8b2,365-565-5065,2026-07-25 04:19:34
ACC55032517,Naia,Milker,1955-08-10,2,9090-827-024,M5N 7C1,(437) 576-9667,2026-08-09 07:30:46
ACC90383079,William,Wang,1948-10-07,1,5049-715-112,l6p6g0,(905) 899-2626,2026-07-08 03:49:09
ACC85912459,Marie,Stewart,1983-12-15,2,2031-738-483,M1N 5J1,(647) 948-5411,2026-07-14 19:57:11
ACC86710774,Claire,Murphy,1964-07-10,2,6603-267-599,M6E5J3,3654321592,2026-08-26 18:27:29
ACC94321877,Margaret,Johnson,1976-03-22,2,1106-332-453,,416-753-0214,2026-08-11 04:09:34
ACC20504270,Amir,Brown,1969-09-20,1,3169-889-205,M4G8S1,289-499-1570,2026-08-11 04:41:05
ACC32160985,Fatima,Singh,1970-02-21,2,3298-600-705,M2J 0G5,4164443809,2026-08-03 23:55:00
ACC68032689,Sarah,Miller,1968-12-24,2,8308-912-081,l6s2z1,(647) 951-9391,2026-08-29 02:13:36
ACC62507613,Yuki,O'Brien,1956-04-12,2,7450-593-566,M8Y8V1,416-931-3358,2026-07-14 17:29:16
ACC39360993,Mihammed,Murphy,1963-05-30,1,3587-806-773,M5E0G1,4373468411,2026-07-07 21:22:00
ACC51995086,Jin,Nelson,1966-10-17,1,8774-954-732,M3B3C1,(416) 956-5882,2026-07-04 14:08:09
ACC52673706,Zara,Wilson,1972-05-06,2,1791-636-382,M2K 4A4,6479651653,2026-02-02 03:44:57
ACC46881343,Linda,Osei,1996-04-07,2,4892-671-233,L5A 3K8,4375578904,2026-07-14 10:51:51
ACC83923957,Ling,Green,1970-10-19,2,2194-638-744,M3A9K5,4373867238,2026-08-27 04:44:44
ACC42343445,Nadia,Ahned,1982-04-10,2,4824-930-558,M4L 6L7,365-778-8616,2026-07-24 15:17:10
ACC36434400,Jennfier,Oei,1942-03-09,2,9837-351-742,L6R0L5,9057967588,2026-08-15 07:06:58
ACC67427869,Wei,Kim,1939-08-13,1,9705-423-151,M1B8T7,289-600-2067,2026-08-09 01:47:14
ACC73829776,Karen,Ricci,1930-04-22,2,6312-258-004,00000,437-983-0963,2026-05-28 02:36:53
ACC38652199,Linda,Kelly,1975-05-06,2,8539-827-553,M4H9T6,2894779336,2026-07-25 20:25:15
ACC60502564,Chen,Scott,1982-11-27,1,1141-396-711,m2k2l9,(365) 206-0183,2026-08-03 07:17:13
ACC41846589,Patricia,Smith,1982-05-10,2,5466-365-763,l6l3p8,437-263-3011,2026-08-23 02:17:07
ACC99611224,Lisa,Patel,1972-07-13,2,3368-201-590,M6K 2B2,6475902062,2026-08-12 14:10:26
ACC47346037,Joe,Gonzalez,1967-01-31,1,1370-561-779,M6M 2J4,(365) 710-1601,2026-05-15 23:28:32
ACC15767671,Yusuf,Roas,2011-01-26,1,9955-451-928,14B0T8,(416) 931-1181,2026-07-07 20:39:50
ACC35605755,Lisa,Osei,1966-02-01,2,2142-668-017,m6l5b9,3652623157,2026-08-26 22:00:50
ACC96685534,Mohammed,Stewart,1965-11-16,1,6141-854-312,M1B8T7,(365) 976-3241,2025-10-26 18:11:52
ACC86045257,Ashley,Jackson,1979-01-16,2,6636-458-892,M4G7G8,(647) 477-0481,2026-07-31 04:37:17
ACC73821339,Melissa,Zhang,1953-03-27,2,8817-016-259,L6P 5R4,3654703906,2025-07-22 04:04:54
ACC38497640,Linda,Li,1973-02-18,2,9680-245-249,L5C0S1,437-821-0079,2026-08-22 03:29:05
ACC84939855,Priya,Gagnon,1960-05-08,2,9282-674-101,L4C7H8,(365) 610-4957,2026-08-16 21:30:37
ACC10927964,Amara,Wilson,1929-09-24,2,6559-055-501,M3A 1Y5,9056259979,2026-08-29 12:47:39
ACC65718485,Sandra,Williams,1990-08-22,2,9436-125-778,M5A 5C7,416-745-3246,2026-07-20 02:08:52
ACC64439698,Melissa,Ali,1928-01-01,2,8490-855-692,L6G 7J1,(365) 986-2591,2026-08-11 04:20:36
ACC74251491,Tomas,Kumar,1969-02-27,1,9855-923-109,M3H3R7,6479470173,2026-08-12 14:36:54
ACC65335635,Steven,Kumar,1955-02-12,1,2415-493-887,M4C 4A7,416-596-8069,2026-08-05 18:31:34
ACC33387056,Nikoli,Kelly,1953-11-25,1,1727-754-879,M2R 6J2,4378901223,2026-08-04 14:41:39
ACC38963947,Chen,Anderson,1992-07-12,1,8021-313-823,L6J5Z4,(437) 290-3766,2026-07-21 16:30:29
ACC73303532,Priya,Gagnon,1997-03-31,2,2578-873-115,M6B 6M2,6474118147,2026-08-09 23:20:03
ACC75096819,Ashley,Murphy,1950-04-01,2,1492-088-826,L6P 1W3,416-858-4039,2026-08-05 09:31:47
ACC18016840,Ana,Ttan,1899-01-01,2,9811-876-755,M6G 3R5,3654742004,2026-08-09 14:48:05
ACC11809031,Ommar,Gonzalez,1997-10-16,1,5539-019-140,L6J1C6,3654102306,2026-07-10 23:19:46
ACC56940330,Sofia,Silva,1984-11-30,2,6859-382-324,M4K8N4,416-744-7647,2026-08-24 00:57:08
ACC97389602,Mohammed,Scoott,1934-06-20,1,8022-859-204,L6P 5J7,4374776277,2026-07-17 00:54:12
ACC68363761,Anthony,Silva,1957-05-06,1,4805-712-496,M5A 9C8,905-569-2562,2026-08-10 04:46:21
ACC55282264,Jn,Lee,1990-05-11,1,0318-122-207,M5A 5C3,(289) 473-3708,2026-07-18 09:43:37
ACC42380874,Janes,Thompson,1952-09-09,1,4908-844-576,M6G3W7,(289) 348-7324,2026-08-23 08:13:16
ACC16796620,Diego,Ferreira,1966-06-21,1,3472-764-756,M5P2G0,365-432-3847,2026-07-05 23:34:34
ACC93872022,Richard,Hernandez,1975-09-11,1,9290-614-354,M9N 8T6,4162922567,2026-08-27 15:38:18
ACC95976937,Omsr,Gonzalez,1974-04-19,1,9069-145-796,M1M 3R1,365-632-0560,2026-07-03 01:57:02
ACC41988584,Mohammed,Zhang,1983-04-24,1,0032-035-503,,437-262-6894,2026-07-25 20:50:44
ACC34106539,Thomas,Kowalski,1969-09-18,1,8050-097-032,,4169272776,2026-07-08 17:33:32
ACC91541115,Yusuf,Lopez,1982-01-04,1,1299-578-409,M1H0Z1,(437) 943-2675,2026-08-07 02:00:09
ACC35893934,Sofa,White,1959-08-13,2,4813-392-208,l6p5x7,2899932409,2026-08-04 20:08:49
ACC85246375,Lisa,Macdonald,1994-12-29,2,4797-350-859,M2J9W6,9052844783,2026-08-28 17:49:10
ACC11742820,Maie,Campbell,1968-08-29,2,5791-601-270,M6C0W1,3656015473,2026-08-25 04:21:57
ACC26502177,Nadia,Kumar,1931-10-19,2,5171-953-358,M9M5Z1,416-268-9583,2026-08-05 17:45:17
ACC69881166,Liing,Anderson,1988-02-25,2,2796-271-555,M4H7M5,4166212059,2026-07-17 00:30:08
ACC81001463,Amara,Kumar,1981-02-10,2,1773-373-210,M8W 8N1,289-445-6593,2026-07-30 02:35:17
ACC90978319,Daiel,Lee,1954-10-14,1,4770-379-560,L6S1J9,9052352288,2026-08-06 19:47:05
ACC47131959,Chiaara,Singh,1974-02-25,2,8529-372-023,M4A9A8,4162891654,2026-07-09 00:05:53
ACC31749236,Steven,Santos,1991-11-07,1,4464-526-005,,289-890-5582,2026-08-22 10:09:38
ACC39631007,Jennifer,Carter,1982-09-12,2,2499-878-409,m2k3e9,(289) 652-0836,2026-08-30 22:04:48
ACC94290086,Wei,Zhang,1931-12-22,1,9118-186-270,M6K4E5,3656041855,2026-08-27 03:41:59
ACC75967508,Olga,Roy,1989-05-05,2,9462-607-517,M1L1S6,,2026-07-06 13:14:39
ACC61108733,Chiara,Allen,1956-12-13,2,4209-024-456,L4C 0V1,647-487-2405,2026-08-05 07:17:00
ACC52791966,Susan,Scott,1978-01-27,2,3895-577-462,M4K4Y2,(647) 875-7874,2026-08-26 22:46:21
ACC99913507,Aslhey,Osei,1970-09-12,2,3620-897-011,M5J 1G4,4165975263,2026-07-17 12:47:21
ACC40811863,Olga,Park,1976-03-27,2,3089-960-995,L6B 7W7,4169098529,2026-07-05 03:07:32
ACC94575420,Omar,Anderson,1974-09-11,1,7409-877-629,M3H 8E9,(289) 206-6270,2026-08-24 21:01:56
ACC35411954,Joshua,Hill,1926-03-09,1,2095-970-519,M2N7A2,(365) 484-5133,2026-07-24 12:03:28
ACC50306162,Matthew,Taylor,1971-12-01,1,4161-628-674,M4G 6H6,4373807195,2026-08-21 08:13:12
ACC37414566,Jess,Okafor,1977-06-02,2,1231-231-000,,(437) 552-1389,2026-07-21 22:31:22
ACC49404350,Ana,Gagnon,1977-01-20,2,9096-445-706,l6l0z1,(905) 878-5100,2026-08-18 03:52:47
ACC26868098,Cheen,Ferreira,2023-01-02,1,4265-439-374,M5B 9L1,,2026-08-24 03:38:32
ACC79781981,Brian,Kowalsski,1999-02-04,1,0277-302-683,M6H6A5,(289) 247-0440,2026-07-27 06:43:51
ACC49304877,Mohmmed,Hill,1957-08-03,1,5631-759-015,,(437) 671-6283,2026-08-08 06:58:39
ACC91198453,Chiara,Ferreira,1939-10-14,2,5123-627-530,,(289) 558-4016,2026-08-01 20:38:49
ACC34046122,Fatima,Roy,1995-06-06,2,8773-798-403,,365-751-9435,2026-05-31 07:27:11
ACC79433608,Aisha,Brown,2013-04-28,2,9586-071-103,M1N0C3,(437) 333-5902,2026-05-11 09:39:13
ACC74896091,Yuki,Carter,1997-12-04,2,9407-968-743,M4G3B9,(365) 563-1546,2026-08-29 15:39:35
ACC39500381,Jin,Taylor,1971-05-09,9,7864-152-298,m5a9b5,647-242-6865,2026-08-26 02:00:16
ACC93098240,Yusuf,Silva,1953-11-25,1,9935-643-719,M6J 1M4,(289) 473-5931,2026-07-16 03:33:34
ACC80274778,Ivan,Ricci,1994-03-01,1,8788-394-016,M4M7V6,,2026-08-27 14:50:42
ACC81432086,David,Lewis,1988-04-30,1,5746-518-249,M2N 8M4,(905) 628-0407,2026-07-11 19:11:29
ACC79329309,Tom,Adams,1976-05-24,1,1348-602-622,M6L0K9,365-919-6166,2026-08-05 05:46:00
ACC10598123,Margaret,Johnson,1989-09-28,2,3109-218-580,M8Y7L6,9055105606,2026-07-29 03:43:29
ACC15141547,Wei,Gagnon,1947-04-02,1,3745-129-001,M8V 7C2,4166118710,2026-07-20 18:07:48
ACC76482864,Daniel,Tremblay,1992-01-02,1,8939-923-044,18V6M4,(905) 289-1865,2026-07-13 07:02:54
ACC32018689,Raj,Kowalski,1956-09-19,1,5918-203-315,L4C 7T4,,2026-08-01 16:01:01
ACC43262462,Olga,Silva,1981-09-10,2,9176-546-258,M9L 9C4,9056913897,2026-08-17 09:29:54
ACC81155011,Hassan,Kumar,1926-08-26,1,1195-003-551,L5N 5G7,3653202508,2026-08-27 07:01:45
ACC33948371,Ommar,Fraser,2017-12-22,1,6195-883-282,M2K6G0,437-287-8678,2026-08-16 04:44:04
ACC91867920,Sandra,Stewat,1926-03-01,2,4570-876-880,M2M 0W0,(416) 557-1322,2026-08-07 06:17:02
ACC95355877,Susan,Green,1964-06-05,2,8723-545-219,M1H 3L5,4372547131,2026-07-27 11:30:08
ACC98372404,Olga,Osie,1977-10-29,2,7829-954-309,M4H9P9,(365) 556-8204,2026-08-09 07:45:26
ACC52034977,Jin,Robinson,1957-03-12,1,7595-846-531,M4J 1L1,2897604716,2026-08-08 23:33:08
ACC55199287,Susan,Rodriguez,2000-02-07,2,3807-785-245,M4K7X6,647-452-8085,2026-07-21 03:57:29
ACC83844988,James,Wright,1965-04-22,1,7253-160-563,M6G1E4,3653062905,2026-07-29 22:07:06
ACC86073171,Olga,Lee,1940-05-30,2,4311-252-367,M9B 9C3,4376011453,2026-07-11 13:13:54
ACC19976646,Ana,Hernandez,2020-05-03,2,9229-815-213,M5R4V1,(416) 930-9080,2026-07-06 14:26:43
ACC78213733,Sofia,Adams,1997-07-24,2,0588-640-193,M5P6G8,2894546403,2026-07-18 12:17:36
ACC51411486,Mohammed,Sutherland,2011-06-15,1,9042-547-092,,6475980075,2026-08-25 04:57:08
ACC56007518,Jen,Rossi,1947-04-14,2,3869-818-199,L5N 4T9,(289) 251-1487,2026-07-27 03:10:04
ACC87292403,Jessica,Hill,1988-07-31,2,7471-222-625,m1j6s3,647-417-7704,2025-10-10 03:13:01
ACC79746898,Sandra,Lee,1998-10-04,2,1734-986-159,M2M 5N0,(289) 641-3035,2026-07-11 12:36:13
ACC54271593,Priya,Murphy,1999-03-19,2,5090-270-470,M2R7H2,(365) 807-8598,2026-07-23 11:56:21
ACC47284029,Brian,Wright,2002-02-04,1,9521-142-555,L5N 2Y3,(647) 720-7629,2026-08-03 01:38:36
ACC44026203,Anthony,Brown,1980-07-19,1,8184-560-574,M4H 1H7,(289) 216-5721,2026-07-07 19:37:06
ACC21439829,Marie,Lee,1951-02-21,2,8021-267-664,M8Y 0Z7,905-841-3426,2026-08-06 01:45:26
ACC58232463,Joseeph,Kim,1975-10-19,unk,1111-773-121,L6P 8V1,4379526876,2026-08-05 04:11:34
ACC38154180,Michelle,Bouchard,1993-02-28,2,4648-520-643,M1M 2V8,(365) 544-5225,2026-07-24 03:50:46
ACC38165168,Joshua,MavDonald,1971-05-02,1,6394-946-450,M4M 7E5,4372262358,2026-08-14 18:08:14
ACC50468789,Bsrbara,Bouvhard,1990-03-31,2,5128-208-484,M4B0J7,6476368718,2026-08-17 17:14:01
ACC34916483,Nadia,Park,1963-04-28,u,7337-799-808,L4B 1C1,647-501-8109,2026-08-12 12:36:59
ACC12795131,Yusuf,Garcia,2006-10-17,1,5182-985-944,M1B2C4,,2026-08-26 21:36:53
ACC27506808,Sofia,Hassan,1956-02-03,2,5243-869-996,M1C2S8,(365) 795-5844,2026-08-13 14:57:30
ACC96357248,William,Patel,1981-02-13,1,1517-292-742,M4M0V1,(365) 973-9742,2026-08-29 14:39:40
ACC39810882,Patricia,Waalker,1975-12-15,2,5186-513-312,M8V 7S3,416-950-6626,2025-07-01 13:57:36
ACC65259165,Mark,Fraser,1954-03-09,1,1889-178-180,M5A 2T3,289-819-2198,2026-07-19 10:08:30
ACC25943560,Linda,Brown,1997-01-14,2,6292-600-126,L6A 8W6,(647) 874-4305,2026-07-03 17:26:32
ACC49817599,Fatima,Anderson,1997-06-20,2,6987-799-274,16J1Y6,289-879-2347,2026-07-03 20:49:19
ACC44708030,James,Lee,1974-06-16,1,2734-391-499,M9A5V0,6474456816,2026-07-27 03:08:00
ACC72615507,Amara,Sutherand,1971-03-02,2,6789-986-566,l5b1k1,416-201-0983,2026-08-05 05:59:40
ACC80828171,James,Rossi,1994-12-26,1,1461-609-909,00000,(437) 881-5866,2025-11-07 11:28:00
ACC56204127,Olga,Scott,1985-03-08,2,7944-971-998,L4C 0W9,437-689-3245,2026-08-20 01:03:51
ACC98368693,James,Campbell,1963-04-10,1,4561-511-678,M5N 4S9,4168721286,2026-08-18 17:55:10
ACC37469998,Luc,Baker,1981-08-11,1,6577-837-260,M2H6Z5,289-915-0652,2026-07-04 21:45:01
ACC35573380,Pedro,Wilson,1994-04-17,1,5230-471-418,M1J 4J8,(437) 311-7531,2026-08-25 00:39:34
ACC56136089,Sarah,Brown,1960-08-30,2,0866-946-940,L6A4A7,(905) 916-6186,2026-08-09 22:01:58
ACC29149960,Brian,Taylor,2016-08-23,1,8186-619-758,L4J2B9,(437) 781-9453,2026-07-24 01:50:04
ACC92622115,Ahmed,Zhang,1958-12-22,1,8967-592-083,M5R9H8,289-852-4102,2026-07-30 06:03:00
ACC81180272,Joshua,Trsn,1981-03-20,1,4928-753-781,M2H 5G9,2896150275,2026-08-14 18:14:57
ACC40912519,Pedro,Martinez,1995-07-27,1,2665-933-517,M4M7B9,4168811305,2026-08-26 08:35:36
ACC46622208,Ling,Nelson,1979-07-27,2,1871-768-055,M2R3M0,(905) 211-5864,2026-08-29 11:15:47
ACC95829785,Fatima,Hernandez,1975-03-19,2,3056-152-600,M1C 1G7,(647) 469-1192,2026-07-25 12:32:08
ACC16215203,Ahmed,White,1970-06-24,1,0889-690-277,M5P 3J8,(647) 591-8113,2026-07-16 16:54:17
ACC64531445,Linda,Chen,1983-04-19,2,8858-731-162,M2H 9M0,6476766302,2026-08-10 03:34:52
ACC37881236,Jessica,Rossi,1961-09-06,2,5430-365-337,,(905) 244-8688,2026-08-22 03:06:01
ACC91534365,Chiara,O'Brien,1929-07-13,2,0658-570-577,M5A5T4,(437) 292-4909,2026-08-22 09:04:13
ACC58748046,Yuki,Aadms,1962-01-03,2,6238-977-729,L5C 5Y3,365-216-4605,2026-07-13 23:07:14
ACC67306629,Hiroshi,O'Brien,1975-03-29,1,3986-209-736,M6C6T0,3659432512,2026-07-30 06:43:31
ACC56382913,Betty,Tremblay,1980-02-18,2,9428-973-292,M4H3C2,(289) 202-4703,2026-07-27 19:58:01
ACC10110253,Kenneth,Murphy,1977-04-11,1,1791-148-024,M8W4H2,289-732-7673,2026-08-28 04:59:46
ACC99220414,Setven,Nowak,2008-09-14,1,7424-528-623,M6B 4Y5,3655916171,2026-07-20 23:26:57
ACC91806886,Emily,Tremblay,1969-01-19,2,8294-399-046,M9C 9R4,(437) 886-6626,2026-08-07 05:44:32
ACC52360822,Michelle,MacDonald,1971-03-21,2,1887-127-163,M9N7A6,(905) 236-3223,2026-07-24 14:13:31
ACC66995704,Marie,Smith,1986-10-04,2,4153-894-185,L6H6V01,9054973838,2026-07-29 11:14:05
ACC53325021,Amir,Garcia,1945-03-04,1,8585-862-462,M4G4P9,,2026-08-13 20:46:58
ACC95230844,Matthew,Campbell,1952-10-14,1,2406-739-470,,4169337897,2026-07-06 16:44:44
ACC33925383,Chen,Tremblay,1967-04-30,1,0622-030-765,,2896887555,2026-07-21 23:41:00
ACC27690484,Michael,Walker,1950-11-11,1,2884-593-100,M4E 8V1,2892215825,2026-08-07 07:44:01
ACC74503960,Tomas,Garcia,1956-07-22,1,6640-816-028,M6K 0E8,(647) 371-6100,2026-05-31 09:19:11
ACC39885353,Pedro,Anderson,1967-09-22,1,9080-976-211,L5C5Z0,(365) 209-5373,2026-08-15 12:44:16
ACC54327956,George,Roy,1994-04-11,1,6680-128-417,M5N 2W8,647-517-3143,2026-08-22 07:21:37
ACC56241640,Kevin,Stewart,1971-05-13,1,3380-794-200,M5B 9A5,647-242-9745,2026-08-05 23:45:45
ACC35938714,Amir,Khan,1978-10-30,1,6789-768-576,M6M2R7,3658609734,2026-07-24 12:38:12
ACC25002557,Steven,Rodriguez,1992-06-26,1,8025-085-930,M1K4Y1,4378756636,2026-08-01 10:54:47
ACC88026980,Ahmed,Singh,1967-01-29,1,1308-725-660,M1B2P0,647-753-6092,2026-08-30 04:34:22
ACC36959686,Ykui,Tran,1931-01-10,2,1360-026-411,M8V 4Z5,(437) 830-1893,2026-08-04 11:46:13
ACC13406231,Liz,Mitchell,2011-04-18,2,2559-699-828,M1N0T1,(437) 820-2128,2026-08-22 02:00:09
ACC90277821,Thomas,Walker,1974-04-11,1,9011-211-407,M2N2C2,905-744-0797,2026-08-06 07:00:33
ACC70009656,Ashley,Okafor,2007-12-06,2,4465-965-509,M5N 3K9,437-761-5143,2026-08-31 19:51:04
ACC79531660,Lisa,Sctt,1959-10-15,2,4341-543-751,L5B8K4,437-694-2178,2026-08-27 11:03:35
ACC38574958,Luc,Roy,1976-11-16,1,7903-428-808,M1N 8X3,647-796-5321,2026-08-31 00:14:11
ACC78278633,Mihelle,Tran,1956-08-06,2,9972-382-262,M3A 5Y3,(365) 720-7327,2025-06-23 08:00:50
ACC95523807,Ahmed,Thompson,1980-03-06,1,5840-175-557,M3C0V0,(416) 338-6337,2026-07-09 04:46:52
ACC44820686,William,Rossi,1958-10-05,1,9039-266-755,L6G 9Z7,2892745606,2026-08-24 18:42:00
ACC24686528,Mary,Garcia,1956-10-10,2,5653-761-493,m6g6y7,437-491-8300,2026-07-17 02:31:25
ACC50295821,Yusf,Smith,1945-05-11,1,4127-710-921,L6L3A2,(437) 437-9105,2026-07-10 06:50:49
ACC96734627,Luc,Ross,1959-02-17,1,9361-126-049,L4K 1E2,416-277-1828,2026-08-09 15:19:06
ACC31145502,Ivan,Kim,1943-06-11,1,2074-438-520,M6G5B4,437-990-8425,2026-08-23 23:36:18
ACC48605953,Anthony,Kowalski,1977-06-28,1,0189-745-110,M4L 3G9,289-253-5254,2026-03-13 19:41:03
ACC82123496,Joseph,Miller,1981-02-08,1,6992-530-854,m9c9y0,(416) 639-7059,2026-07-11 15:18:37
ACC54865135,Amara,Khan,1957-03-16,2,3244-201-335,M5G 6T1,9052929537,2026-08-03 08:59:23
ACC67243526,Hiroshi,Thomas,1958-10-27,1,4615-172-824,m8x9v0,(365) 970-2134,2026-08-07 18:39:49
ACC65507804,Susan,Patel,1954-04-06,2,1362-807-438,M1C1S7,2896099665,2026-08-03 08:56:00
ACC86352088,Joshua,Gagnon,2015-05-11,?,5219-903-001,,416-698-6266,2026-07-18 07:13:58
ACC91882688,Meliasa,Ahmed,1986-09-22,2,1864-798-168,,,2026-08-08 15:57:29
ACC56362813,Barb,Kowalski,1994-07-25,2,7261-364-215,M5J 1B5,647-279-8309,2026-08-31 03:32:46
ACC64608546,Sussan,Li,1965-09-04,2,7834-780-780,M9A9V2,2893390114,2026-07-06 17:00:02
ACC35925189,Ahmed,Johnson,1977-01-30,1,8477-590-411,M1H9L0,,2026-08-29 07:03:25
ACC59750138,Marie,Martin,1986-04-19,2,7513-482-906,M2R0K3,(905) 502-0084,2026-07-31 12:04:22
ACC77601086,Zarra,Robinson,1967-12-21,2,8999-062-709,M8X 3J7,3655479614,2026-08-29 05:12:53
ACC17933129,Jean,Ali,1936-10-19,1,6961-526-081,M5K 7N9,437-267-0860,2026-03-29 09:19:01
ACC55972830,Wei,Tremblay,1996-01-16,1,0536-101-165,L6B 1Y9,3658765151,2026-07-11 12:25:46
ACC62337297,Hassan,Hernandez,1991-07-05,1,1554-449-700,M9N9L7,(365) 348-4595,2026-07-20 05:25:10
ACC49383140,Kenneth,Garcia,1926-10-26,1,9429-262-737,,(365) 306-4222,2026-08-26 08:39:57
ACC26957903,Fatima,Murphy,1975-03-24,2,5845-713-998,L6J 2H0,4375373021,2026-07-23 19:59:00
ACC70796166,Amir,Jones,1967-01-07,1,4946-683-721,L4L3C7,(365) 430-5696,2026-07-25 14:40:57
ACC31463244,Eimly,Murphy,1979-01-21,2,4983-112-295,M9N7R8,,2026-08-08 11:47:01
ACC53442199,Linda,Lee,1977-03-10,2,5778-136-423,L5A8T7,416-834-7652,2026-08-09 14:11:30
ACC69569359,Betty,Hernandez,1985-11-30,2,4965-082-532,M9M6G9,(416) 249-0213,2026-07-10 04:28:39
ACC89701330,Sue,Park,1975-05-27,2,1274-244-084,L4K0H9,(365) 653-7789,2025-09-11 19:52:26
ACC48437981,Betty,Campbell,1992-01-11,2,0194-415-089,M6K6Z9,(905) 560-4169,2026-08-26 14:18:21
ACC51450019,Omsr,Scott,1947-09-02,1,0264-516-154,M2M 6Z1,437-433-9136,2025-07-16 19:57:47
ACC94413401,Melissa,Nelson,2010-07-18,2,6613-303-616,M4M1G0,9059693198,2026-07-12 23:43:59
ACC27997182,Zara,Gatcia,1965-11-12,2,2567-035-502,M5A 9W5,,2026-08-27 22:08:22
ACC15879101,Soia,Patel,2009-11-20,2,3228-163-246,M5H5Z7,6479676799,2026-08-30 09:00:45
ACC65631351,Aisha,Li,1979-06-02,2,8437-752-283,16P6N7,289-762-2742,2026-07-14 20:00:23
ACC81247657,Sandra,Ahmed,1971-06-29,2,4831-515-319,00000,(437) 712-6536,2026-07-04 16:51:44
ACC20619624,Diego,Jones,1948-02-03,1,2197-997-881,M6C 7Z1,437-919-9597,2026-08-14 21:17:10
ACC43322554,Anthony,Martin,1935-05-01,1,9954-797-099,L6L 0L7,4165451580,2026-07-25 16:13:58
ACC49338418,Kevin,Fraser,1951-12-12,1,8087-779-842,M5J 1T0,437-608-0009,2026-08-24 16:09:14
ACC50054741,Amir,Nelson,2012-07-26,1,8940-705-836,L6M2S4,(437) 871-0796,2026-08-18 13:18:09
ACC11793808,Sofia,Lee,1978-08-16,2,7012-208-828,L6M 6Y5,6474440870,2026-08-17 07:21:18
ACC60815648,Jean,Okafor,1987-11-30,1,0530-944-545,M4G2N3,(365) 954-0724,2025-11-02 20:48:17
ACC59015073,Jessica,Catrer,1995-11-26,2,2605-628-870,M4L 4L1,(289) 830-7301,2026-07-20 16:58:15
ACC52152330,Sarah,Brown,1988-08-10,2,2752-100-780,l4j7n5,,2026-07-31 17:37:53
ACC64597477,Luc,Martinez,1942-02-18,1,5158-780-980,m1l2y0,647-499-5470,2026-08-26 13:36:28
ACC40158907,Mei,Ali,2023-03-11,2,7875-467-263,M5R 4N9,(416) 367-4851,2026-07-13 16:14:02
ACC67525673,Kevin,Jackson,1973-05-02,1,3440-337-297,L6L8S8,647-495-1702,2026-08-12 16:48:30
ACC65034622,Barbara,Mitchell,1935-10-06,2,8206-358-379,M9A2B0,647-562-4000,2026-07-03 15:35:36
ACC34144557,Matthew,Kim,2013-08-17,1,8135-743-709,L6H5B7,6475477886,2026-08-03 16:45:08
ACC69946427,Joshua,Smith,1993-05-06,1,1444-346-009,M2J 9C4,365-440-4413,2026-07-05 12:17:50
ACC57712052,Nikolai,Rodriguez,1939-04-08,1,7739-490-725,,(647) 927-0687,2026-08-27 07:44:36
ACC49334461,James,Ahmed,1978-09-08,1,2396-655-918,M9A3A9,3652810615,2026-07-18 05:19:28
ACC61442611,Fatima,MacDonld,1996-02-09,2,5523-416-732,M1J 5J0,(647) 976-2228,2026-07-09 23:50:44
ACC62452768,Michelle,Miller,1997-11-07,2,7869-230-958,m4l2n3,(365) 935-3496,2026-07-28 19:41:52
ACC47122859,Christopher,Smith,2000-04-28,1,6576-796-624,M2J 1M1,2894532485,2026-08-27 01:43:01
ACC28838565,Priya,Thompson,1959-07-01,2,2549-091-078,M8X3H0,905-768-2035,2026-05-01 16:29:53
ACC89193158,Pedro,Green,1971-05-02,1,8419-598-084,m1e8z0,(289) 990-7938,2026-08-31 00:04:16
ACC79248829,Pedro,Osei,1979-08-21,1,0386-554-372,M5G2V2,4375846566,2026-07-23 03:03:43
ACC86914871,Pedro,Walker,1984-01-20,1,2508-768-138,M1G6Y5,365-755-4893,2026-07-25 20:58:15
ACC73335976,Hiroshi,King,1986-05-05,?,4230-316-558,m5b6v7,,2026-08-13 05:54:16
ACC20634852,Yuki,Walker,2022-12-22,2,5164-643-792,M5K9V0,6476315687,2026-07-25 09:24:25
ACC77442429,Steve,Ricci,1974-03-22,1,7121-607-365,M1M6R7,4373671160,2026-07-24 01:39:57
ACC88786687,Elizabeth,Clark,1945-01-11,2,5473-611-944,M5P 4W7,416-359-1968,2026-08-30 12:15:54
ACC86820217,Ivan,Cote,1967-05-23,1,3651-642-484,L6H5K2,647-518-9267,2026-07-27 12:04:21
ACC77970908,Kenneth,Gonzalez,1977-09-24,1,1534-156-904,M4B0H5,289-643-1013,2026-08-20 05:52:58
ACC77994399,Michael,Nguyen,1990-08-27,1,3842-890-927,L6J0T3,,2026-08-22 10:35:12
ACC21894725,Elizabeth,Martinez,1972-03-21,n,0169-175-262,M5R 6E3,3657067248,2026-08-05 01:24:05
ACC50232235,Fatima,Zhang,1943-12-23,2,6007-203-901,M9N8X5,3657787876,2026-07-16 13:57:45
ACC30710499,Jin,Grreen,1989-04-14,1,6384-597-032,M1E 4M9,905-362-4920,2026-01-16 07:15:46
ACC63452709,Lisa,Chen,1993-07-08,2,1740-434-095,M6B6K0,289-885-7295,2026-07-07 03:15:49
ACC51248095,Jessica,Clark,1974-12-19,2,4902-993-460,M4M 7H5,416-438-7793,2026-07-13 10:40:16
ACC81935920,Yusuf,Jackson,1983-08-05,1,7149-767-308,L5C 7J2,,2026-08-06 02:21:47
ACC64013223,Ivan,Park,1963-02-17,1,0798-657-136,L6B 3M3,(905) 597-0892,2026-08-15 16:49:17
ACC12949660,Patricia,Khaan,,2,6619-229-542,m1l7l3,416-961-8217,2026-07-21 00:24:38
ACC16764174,Linda,Singh,1997-08-22,2,4238-703-807,M6E9M0,,2026-08-27 17:20:31
ACC89415892,Kenneth,Allen,1937-02-22,1,2555-297-197,L6S 5Z8,6473306528,2026-08-24 18:51:04
ACC10381383,George,Gagnon,2000-05-04,1,6975-338-069,,647-577-4912,2026-08-09 21:15:34
ACC31154553,Yusuf,Ricci,,1,5448-046-440,M5B5M41,6475940268,2026-08-10 09:05:54
ACC96315617,David,Jackson,2003-01-20,1,9087-729-399,M5B 3A7,6473283123,2026-07-14 17:14:10
ACC45629020,Robert,Park,1968-01-15,1,8636-204-169,L6R9A6,3653771607,2026-08-07 03:59:07
ACC29192648,Emily,Hernandez,1950-04-19,2,2475-317-471,M6H 9W8,905-213-4238,2026-08-14 16:46:39
ACC50744033,Jiseph,Kelly,1962-01-16,1,5723-027-966,M2H4Y4,,2026-07-17 01:16:05
ACC68420390,Wei,Wright,2002-12-30,1,6127-995-915,M4K 4W4,(289) 873-6694,2026-08-21 18:24:05
ACC97652938,Bill,Kelly,1955-11-25,1,0349-626-283,M8W 1S3,(437) 441-6228,2026-07-26 11:10:20
ACC46384562,Lisa,Gonzalez,1977-03-06,2,9605-915-405,M4B9Y3,(905) 435-0692,2026-07-14 02:44:38
ACC87885682,Barbsra,Bouchard,1990-03-31,2,5128-208-484,M4B0J7,,2026-07-12 15:31:56
ACC51984671,Claire,Taylor,1959-01-15,2,0988-246-062,M4H 4B8,9052049125,2026-08-23 04:27:31
ACC24745977,Daneil,Taylor,1973-11-25,1,1736-128-602,M8X 1R4,,2026-07-28 14:42:38
ACC41722099,Aan,Santos,,2,9285-067-949,m2m1c9,3658256216,2026-07-26 03:01:21
ACC87636009,Claire,Gagnon,1972-07-15,2,2405-915-832,m4m0n5,(365) 491-5306,2026-07-09 21:08:34
ACC72844024,Aisha,Adams,2000-01-18,2,1073-612-978,,437-323-6237,2026-08-14 01:24:25
ACC10543686,Tomas,Tran,2001-01-13,1,4156-467-799,M3C2T8,3657746381,2026-07-20 03:04:42
ACC53836679,Ahmed,Zhang,1972-05-28,1,1269-776-546,m4h6j2,289-682-7567,2026-08-16 08:02:02
ACC81844466,Linda,Sutherland,1970-05-25,2,5855-730-239,L6J 7A8,,2026-07-25 22:34:14
ACC25438416,Karen,Allen,1989-01-30,2,9014-059-266,m2j9y7,9053665781,2026-08-10 10:57:42
ACC76289956,Hassan,Nowak,1938-03-09,1,9597-039-339,m5e3m9,6472539957,2026-08-19 08:01:09
ACC54786942,Pedro,Young,1990-02-07,1,4476-993-235,M6C 5X0,437-750-1340,2026-07-07 15:26:57
ACC37653705,George,Anderson,1972-10-21,1,4118-667-940,M6K4A8,(437) 680-0260,2026-08-10 22:26:00
ACC41722680,Nikolai,Robiinson,1937-07-03,1,2255-709-749,L6H7V0,3655663167,2026-07-16 03:21:46
ACC96359762,Hassan,Cote,1981-08-19,1,1477-891-178,M1N 1C1,4375595253,2026-08-03 09:54:37
ACC72431925,Yuki,Gonzalez,1985-12-05,2,1333-683-801,M6A6V8,437-545-7050,2026-07-12 05:47:59
ACC16750386,Elizabeth,Allen,1823-05-01,2,5010-808-029,M3A3B0,3656017348,2026-08-27 05:11:55
ACC43651432,Amara,Brown,1965-12-19,2,5363-051-359,L5A2B6,(647) 788-8753,2026-07-09 16:03:54
ACC20262609,Elizabeth,Martinez,2031-04-12,2,9173-644-551,m3a2p9,(365) 855-9910,2026-07-22 01:17:10
ACC54871806,Raj,Miller,1982-05-19,1,2925-459-014,M4C9G5,(647) 437-2287,2026-08-18 02:27:34
ACC94226625,Claire,Harris,1992-03-02,2,8925-219-563,00000,4373419379,2026-07-08 18:10:06
ACC27215067,Priya,Knig,1982-07-11,2,6098-772-699,m9l4y1,289-820-8210,2026-07-18 10:20:44
ACC35083439,Barbara,Mensah,1999-12-28,2,4851-230-625,M5N 0G1,4167177542,2026-08-11 00:39:20
ACC87911945,Jessica,MacDonald,1986-11-17,2,3379-852-308,M2H0B4,6474108410,2026-08-11 17:03:35
ACC38611477,Ahmed,Okafor,1961-01-17,1,9946-613-210,M5K0C4,4374530407,2026-07-25 07:54:41
ACC18659752,Fatima,Martinez,1979-12-04,2,5403-854-341,L6G3V4,,2026-04-26 11:16:18
ACC78135026,Mohammde,Murphy,1948-08-02,1,7787-050-025,L5C 3R3,905-385-9257,2026-07-20 07:18:00
ACC49488719,Amara,Ricci,1981-05-11,2,8739-853-268,M6C8Z5,(437) 826-0678,2026-07-07 21:15:30
ACC44928689,Amata,Zhang,2018-10-15,2,3119-881-260,M2H 5T3,647-544-0446,2026-07-05 22:36:38
ACC84046570,Andrew,Rodriguez,1983-11-13,1,0612-585-372,m8v0b2,(365) 287-5555,2026-07-23 21:21:07
ACC40696264,Jim,Kowalski,1964-11-05,1,5718-870-768,M4M 4S7,6472390688,2026-08-03 09:36:37
ACC39353815,Sandy,Hassan,2023-10-19,2,4634-313-011,,9054655838,2026-08-08 04:40:06
ACC77206424,Aisha,Chen,1974-11-01,2,5451-846-108,L4C 3R0,3658762618,2026-08-28 03:54:48
ACC19383879,James,Rossi,1970-10-18,1,1415-617-438,M6A8T21,(416) 548-8473,2026-07-21 19:49:56
ACC53248852,Melissa,Scott,2000-01-15,2,6588-166-808,,905-981-3603,2026-07-23 22:25:19
ACC29450619,Matthew,Santos,1965-01-06,1,3706-243-049,M9M 0K2,905-498-5738,2026-08-23 01:05:57
ACC79887065,Amanda,Hlil,1967-09-27,2,6991-683-522,L6C 2T1,(437) 403-8636,2026-08-02 15:30:32
ACC22068100,Mark,Frasr,2009-12-07,1,5912-404-430,M5A6T0,3658228961,2026-02-06 21:17:36
ACC74679704,Brian,Young,1989-10-24,1,0673-315-347,L5B3H6,4373323125,2026-08-07 02:56:25
ACC55099576,Barbsra,Campbell,1977-06-11,2,9397-212-367,M5K 7G3,(905) 582-5370,2026-08-10 00:09:25
ACC94346666,Ahmed,Murphy,1946-09-22,1,2077-935-416,,4376451518,2026-08-03 16:20:26
ACC99498863,Ana,Jackson,1899-01-01,2,5658-187-371,M1B 9W8,,2026-07-19 06:46:55
ACC44795851,Chiara,Tremblay,1980-09-01,2,4470-450-000,M4A4R4,3653855019,2026-08-02 11:41:25
ACC25291739,Hiroshi,Ai,1991-01-06,1,6955-039-323,,(289) 917-3405,2026-08-16 05:24:38
ACC38062691,Priya,Wilson,1955-09-01,2,7413-421-384,M5K0L8,(289) 489-8784,2026-08-26 14:18:06
ACC26305145,Susan,Brown,1995-03-06,2,6473-498-217,M6K 1K9,(416) 445-5512,2026-07-26 16:48:06
ACC47567259,Margaret,Ossei,1977-08-22,2,6274-202-750,M3H7J3,(289) 237-6742,2026-02-12 12:38:35
ACC75624750,Marie,Tran,1992-03-09,2,1442-012-561,L6P7N2,(365) 508-5764,2026-08-16 21:43:20
ACC19539984,Thmas,Garcia,1975-03-12,1,8742-505-970,M9B 1B5,437-204-6370,2026-07-16 06:48:37
ACC15821952,Patricia,Anderson,1962-05-17,2,1941-559-856,L6M9G0,(416) 649-4736,2026-08-14 23:51:50
ACC57171997,Mike,Khan,1954-11-08,1,8601-017-554,M2M5B7,2893998491,2026-07-20 17:49:50
ACC17475794,Sarah,Smith,1984-07-05,2,6416-313-127,M1K0L2,(437) 847-2372,2026-08-01 02:36:07
ACC96862541,Brian,Jones,1990-09-04,1,9439-568-859,L6J0Z7,(289) 817-7030,2026-07-28 23:56:19
ACC29625558,Kevvin,Mensah,1987-02-15,1,8136-937-433,L6L4K9,(289) 941-1883,2026-08-06 07:36:06
ACC82337345,Josh,Ferreira,1999-08-27,1,5737-940-584,M5P7P3,416-865-7586,2026-08-19 02:17:32
ACC82890250,Ling,Li,2000-05-05,2,5492-003-255,M6C,905-418-5426,2026-08-10 16:16:59
ACC78793273,Jessica,Scott,1952-10-04,2,8116-606-560,M3C5H2,437-346-4037,2026-07-17 19:28:25
ACC19191608,Pedro,Allen,1991-09-09,1,9017-822-421,L4K8L9,4379211721,2025-07-03 12:40:59
ACC78405530,Matthew,King,1963-05-01,1,4205-743-877,L6J 3R7,4379123348,2026-02-08 21:52:47
ACC46198432,Ivan,Taylor,1977-11-30,1,9534-949-392,M1E,(365) 681-2965,2026-08-23 06:46:26
ACC87765280,Karen,Wilson,1934-01-01,2,9401-392-973,L6J9E4,,2026-07-06 08:02:49
ACC54575550,Priya,Hernandez,1975-01-16,2,9857-751-128,M4H9K1,,2026-08-14 10:12:56
ACC77268968,Moohammed,Murphy,1963-06-25,1,5319-508-619,M1N 0V1,(647) 645-5990,2026-07-04 00:44:21
ACC74257961,Nadia,Rossi,1984-11-30,2,0960-619-161,M6E6R1,9055594745,2026-07-24 03:12:59
ACC34062061,Ingrid,King,1974-12-16,2,7577-946-267,L6C7L9,4375633908,2026-07-28 17:17:35
ACC37290801,Ahmrd,Mensah,1995-06-06,1,2246-902-387,L4C2E7,(289) 260-7163,2025-06-02 10:20:58
ACC78179310,Steve,Taylor,2001-08-30,1,5248-200-650,M9A5M9,(289) 299-4011,2025-08-29 17:59:17
ACC99684126,Melissa,Lopez,1947-10-23,2,8401-518-710,L6B 1R3,4378177109,2026-07-18 11:36:14
ACC69736891,David,Hill,1970-02-09,1,4086-690-403,m5h3y7,(289) 528-2162,2026-07-03 16:29:36
ACC66772321,Sarah,Moore,1926-05-20,2,0583-933-809,L4B4E7,9054453900,2026-07-22 20:46:52
ACC31207314,Sofia,Nelson,1944-01-05,2,7079-125-279,M5H3B8,289-539-8714,2026-08-12 12:59:22
ACC69505017,Michael,Wilson,2000-12-30,1,2506-622-725,M8X 8E4,,2026-07-09 13:50:02
ACC22042060,Elizaeth,Green,1956-07-26,u,8846-476-607,M8W8A0,647-604-8454,2026-08-19 11:31:46
ACC96496965,Ingrod,Chen,1938-09-08,2,5278-264-105,L6J 9A6,4377879706,2026-07-03 14:17:53
ACC89946016,Mei,Nowak,,2,4914-441-003,M6H 8X3,(905) 845-0589,2026-07-24 21:49:34
ACC70598922,Jessica,Riss,2011-06-14,2,0889-194-296,M1J9X0,416-310-2546,2026-07-10 04:37:51
ACC53245030,Linda,Thomas,1952-09-28,2,4915-410-023,M1H1W1,3652987794,2026-08-03 18:43:51
ACC58896755,Nancy,Davis,1977-06-17,2,3818-965-828,,(437) 770-5717,2026-08-02 15:41:50
ACC44781935,Tomas,Brown,1944-10-09,1,3617-752-674,m4g5r7,4375675253,2026-08-29 16:10:30
ACC64191746,Ivan,Martin,1994-08-08,1,5137-023-486,,,2026-08-23 22:07:44
ACC43860391,Susan,Fraser,1936-04-05,2,8480-221-525,M4K6X8,(365) 963-3109,2026-07-18 04:36:15
ACC38216009,Matthew,Knig,2017-09-04,1,5556-289-485,M6E9V4,(905) 508-0366,2026-08-03 12:53:29
ACC26641300,Yuki,Thomas,1974-07-21,2,0211-406-541,M6B 4K9,905-948-9400,2026-07-30 08:15:56
ACC90640649,Mary,Lopez,1946-04-22,2,5466-571-600,L4J8X4,2897453323,2026-07-11 19:47:44
ACC96826159,Priya,Patel,1956-04-06,2,6136-966-618,L6L1A4,(905) 691-6892,2026-07-11 14:06:07
ACC27861552,Fatima,Hill,1953-10-09,2,2587-600-046,L4C3S0,3653192019,2026-07-14 04:56:32
ACC90234361,Betty,Patel,1951-06-07,2,0739-956-167,M4L 8R5,2899066053,2026-07-21 01:47:00
ACC48703063,Tony,Kelly,1951-03-08,1,3364-001-697,M5G 2H4,4378113896,2026-08-06 00:45:52
ACC65354455,Athony,Lee,1973-04-26,1,1977-836-442,M2N9G4,,2026-07-13 12:47:28
ACC65874529,James,Murphy,2000-01-03,1,8057-015-417,M5N 5T3,(365) 546-9477,2026-07-30 19:13:38
ACC36733524,Amanda,Nelson,2021-08-23,2,5298-628-115,l5n7m4,4162702721,2026-07-30 12:31:26
ACC46106601,Anthony,Cote,1926-03-22,1,9967-358-905,L6B 3L4,4377985350,2026-08-20 23:43:56
ACC60656277,Brian,Fraser,1978-08-02,1,1640-910-269,M1M 3W1,647-796-2489,2026-08-22 07:09:59
ACC39223693,Barbara,Kowalski,1984-09-15,2,4577-295-035,M4K1J4,2897933102,2026-07-25 17:11:36
ACC10693308,Anthony,Silva,1951-06-17,1,9306-814-071,L5C9E1,2898988070,2026-08-19 08:01:21
ACC87905468,Matthew,Patel,1979-05-10,1,1431-861-952,M9M 7X0,(416) 268-4163,2026-07-23 12:09:10
ACC64866126,Liisa,Stewart,1970-08-23,2,0818-465-932,m1m4k0,2899706457,2026-08-21 06:17:50
ACC84107320,Mary,Hernandez,1975-04-12,2,4062-611-415,M1L 5V2,437-215-8619,2026-08-04 19:43:31
ACC69236649,Anthony,Gagnon,1982-01-30,1,8066-409-841,,(437) 529-8228,2026-07-26 20:28:51
ACC23978074,Micael,Ali,1962-03-04,1,2074-888-120,L4K 7L7,(437) 433-4610,2026-08-06 03:26:47
ACC33710574,Pedro,Lee,2002-06-04,1,0052-263-928,M2H5C9,,2025-06-22 22:53:57
ACC66156044,Patricia,Stewart,1991-08-27,2,7482-530-859,M1J 2B8,9058139085,2026-07-04 20:07:51
ACC27740539,Maggie,Andreson,1984-11-27,2,4248-699-631,M2R 6K5,(647) 209-4347,2026-07-06 16:23:54
ACC68970552,Prya,Garcia,1926-08-09,2,7423-326-540,L5B 4P5,3659636584,2026-08-16 04:01:14
ACC60514338,Mary,Santos,1937-02-18,2,4363-116-304,M1K7E9,905-403-3796,2026-08-21 12:00:31
ACC49420442,Patricia,Tremblay,1960-03-28,2,8617-890-382,L4B 5Z1,4164610863,2026-08-12 03:19:00
ACC40099764,Jean,Cte,1962-10-25,1,8298-415-061,M2N8S0,(647) 309-1532,2026-08-18 12:28:13
ACC10379383,Luc,Kumar,1989-05-04,1,1540-180-757,M1K5W9,,2026-07-14 00:54:58
ACC62837790,Joshua,Robinson,1973-11-22,1,1809-415-217,M5K5J7,437-576-2121,2026-07-29 10:49:18
ACC71160031,Jin,Wilson,1963-12-30,1,1061-048-599,M5K2X3,(647) 393-0585,2026-08-11 20:20:34
ACC23056161,Omar,Martin,1982-12-31,1,9752-195-579,m8y7p8,(289) 499-2655,2026-07-21 17:04:44
ACC86191944,Zara,Green,1975-04-10,2,8453-090-204,00000,(365) 688-1821,2026-08-15 20:19:14
ACC74373033,Jennifer,Mensah,1972-01-21,2,8440-878-158,m4g8h5,(647) 294-8039,2026-08-02 20:23:42
ACC63935203,Ingrid,Williams,1985-11-19,2,2788-219-943,M1N3K4,416-757-4765,2026-08-31 07:41:12
ACC58560986,Ashley,Kelly,1977-11-21,2,0201-531-969,M5A2S5,,2025-12-23 12:31:05
ACC27022160,Richard,Carter,1940-02-18,1,7644-645-033,M8X 2P1,3659675903,2026-07-11 13:37:51
ACC34860309,Brian,Jones,,1,2373-472-055,M1J3P1,9052090624,2026-07-04 04:56:17
ACC93918312,Tomas,Mensah,1997-04-16,1,4044-744-508,L6B0R3,6472110441,2026-08-15 03:20:33
ACC57845930,Marie,Tremblay,1998-02-18,2,6247-416-677,M9N 9P9,3659809318,2026-07-07 17:34:05
ACC98391874,Jessica,O'Brien,1999-05-17,2,1039-715-741,M4B4H9,,2026-08-26 07:13:28
ACC84463737,Michael,Clark,1968-06-27,1,3052-431-057,L6J 4R1,3658684386,2026-08-16 19:31:20
ACC21750677,Nadia,Tran,1980-07-25,2,2638-866-448,L6H9V1,6479654178,2026-08-07 13:22:02
ACC84539252,Tomas,Gagnon,1984-02-19,1,3591-747-120,L6P5P4,4167669175,2026-07-05 02:49:30
ACC21472015,Marie,Mrtinez,1983-11-12,2,6650-088-716,m2r7w3,4374785126,2026-08-04 23:57:19
ACC83348582,Marie,Rodriguez,1967-04-04,2,7836-952-320,M3H0A9,(289) 357-1452,2026-10-28 15:16:15
ACC34500579,Michelle,Thomas,1950-12-30,2,2330-677-358,M2M 6T2,,2026-08-01 11:07:27
ACC82488109,Priya,Zhang,2004-12-02,2,3061-260-588,L4J 3L0,4169710076,2026-08-25 23:27:45
ACC57608592,Yuki,Silva,1943-04-09,2,1341-441-655,L5N5M5,2893275357,2026-07-28 12:55:39
ACC90732831,Sarah,Davis,1984-07-03,2,3647-524-507,M4E3A2,(289) 999-6248,2026-07-07 22:28:54
ACC74701015,Joseph,Martin,1927-01-03,1,4043-741-554,M6C3J4,437-274-6801,2026-08-24 21:22:25
ACC15259827,Patricia,Harris,1991-04-09,2,8072-853-297,L4K 0X6,(365) 889-4353,2026-08-29 00:29:22
ACC56949097,Jessica,Hassan,2006-11-26,2,2713-400-741,M9L6W7,9058834259,2026-08-01 05:12:03
ACC96074861,William,Gangon,1938-07-10,1,7042-395-843,M2N 1N8,(905) 364-1457,2026-08-10 08:10:21
ACC62713176,Mohammed,Mitchell,1987-05-25,?,0501-225-536,L5A 3T6,(365) 445-0076,2026-08-28 22:18:26
ACC68883105,Michelle,O'Brien,1980-11-13,2,1067-749-521,M9L7Y3,(416) 690-8532,2026-07-26 17:49:02
ACC89758727,Ogla,Rooss,1972-10-17,2,6494-487-579,M3A2W9,6473478738,2026-07-24 05:35:19
ACC86979336,Ivan,Jackson,1981-09-08,1,6708-378-453,m5n0p5,416-287-0809,2026-08-11 20:42:21
ACC35180782,Steve,Gonzalez,2003-01-09,1,6747-279-575,L6P 5X4,2897609086,2026-07-20 12:57:58
ACC66761197,Toams,Stewart,2010-01-21,1,6702-337-921,L6H 7L6,416-762-3720,2026-08-04 01:50:07
ACC93817024,Yuki,Tremblay,1969-03-23,2,9294-489-100,M1B8M0,437-285-9103,2026-08-15 05:40:28
ACC18436416,Elizabeth,Murphy,1957-03-26,2,9297-547-482,L5C8B9,9058541233,2026-08-09 22:30:44
ACC85760110,Karen,Silva,1991-06-24,2,9627-731-855,M5J 7J8,365-370-9167,2026-08-20 06:23:43
ACC94627176,Omar,Green,2008-09-02,1,1360-781-114,m9c0t9,2899122229,2026-07-25 05:07:40
ACC67185313,May,Chen,1939-05-08,2,2343-844-110,M5K 6C3,,2026-08-16 05:07:59
ACC13660551,Pedro,Okafor,1947-01-30,1,7253-300-656,M4C2Z4,3658442586,2026-07-27 19:25:51
ACC68922312,Omar,Park,1942-04-26,1,9440-005-404,L6G 4X9,(416) 275-3632,2026-07-05 19:00:22
ACC26133508,Michelle,Jackson,1959-01-18,2,4902-774-985,M9A7B8,(437) 828-4823,2026-08-13 14:36:14
ACC36902565,Steven,Jones,1962-12-28,9,5477-132-012,M6C 7A8,4376122530,2026-08-06 15:56:49
ACC61314125,Mark,Roy,1957-01-10,1,7006-987-015,M6E3K4,(416) 335-0377,2026-08-05 23:30:27
ACC68879103,Jean,Robinson,1955-08-09,1,9472-002-428,M4E 7S8,,2026-08-25 14:28:47
ACC85549724,Marie,Green,2006-12-27,2,3932-510-468,M6G 6Y9,365-532-1216,2026-07-23 13:16:29
ACC50302964,Ling,Carter,1962-03-10,2,4710-317-423,M4L7G3,289-850-0163,2026-08-02 19:24:56
ACC64805858,Josh,Kowalski,1986-09-04,1,8766-516-622,M4J 5Z8,647-604-7492,2026-07-21 16:32:03
ACC82049919,Kevin,Jackson,1992-03-07,?,8048-727-609,L4K5Y2,(905) 412-5143,2026-08-07 21:11:18
ACC20577464,Andrew,Li,1969-07-01,1,3884-199-252,M9L 5J8,4169851877,2026-07-16 07:08:19
ACC38855064,Sofia,Nowak,1926-07-23,2,2958-625-632,M1L3V8,(365) 348-2954,2026-08-01 06:11:01
ACC42293207,Fatima,Nowak,1985-11-14,2,1630-644-902,M6H 6B1,905-634-8610,2026-08-21 04:47:33
ACC63723292,Pedro,Scott,1951-03-01,1,9290-207-472,M9B 1W1,2892934898,2026-07-03 02:25:24
ACC84434704,Mandy,Silva,1986-07-03,n,3107-984-837,L5B 1A8,,2026-07-18 14:17:37
ACC84130703,Michael,Treblay,1940-08-27,1,8944-410-417,M9C 2A8,(416) 206-1912,2026-07-22 13:53:42
ACC92453044,Ingrid,Hill,2025-03-05,2,7095-613-480,M8V 3L5,(647) 391-5040,2026-08-15 01:55:21
ACC92879737,Aa,Silva,1936-09-23,2,4223-221-476,M3A 7C6,4375011784,2026-08-01 02:43:00
ACC19619383,Ahmed,Ahmed,1958-12-29,1,2190-779-005,M6E5A8,(289) 244-2417,2026-08-06 13:58:24
ACC83623098,Susan,Hernandez,1977-06-17,2,3304-373-669,m4b5b4,(647) 260-6621,2026-07-16 07:22:43
ACC98985408,Andrew,Walkker,1988-11-23,1,4007-499-306,M6G 4R7,,2026-08-13 20:26:23
ACC77155423,Wei,Wilson,1926-03-14,1,6994-716-014,M4C3S8,9052584257,2026-08-22 02:42:20
ACC53588273,Ashkey,Rodriguez,1971-10-29,2,8846-063-256,M3A9B4,(905) 867-0577,2026-07-06 03:28:43
ACC64732301,Nancy,Allen,,2,2587-368-354,m1j3z9,6475292415,2026-07-14 03:55:20
ACC20231562,Sandra,Brown,1963-03-26,2,0475-309-084,M9M 6Y3,(289) 857-7514,2026-07-18 10:45:20
ACC26982915,Mark,Hill,1962-04-11,1,8239-827-200,M1C7H3,(365) 749-5425,2026-08-15 18:47:33
ACC72738689,Robert,Adams,1966-02-18,1,8834-548-912,M6J 2T9,9056421938,2026-07-15 01:23:05
ACC51943216,Sandta,Mnesah,1956-04-14,2,7118-417-388,,416-490-4164,2025-11-21 23:54:48
ACC30114669,Olga,Robinson,1996-06-13,2,2678-850-153,,(289) 474-6509,2026-08-20 07:08:44
ACC13979675,Hiroshi,Hssan,1955-12-31,1,8464-288-003,M5P 8G8,416-557-1041,2026-07-25 03:02:47
ACC51126774,Emily,Harris,1970-12-31,2,6387-849-414,M9B 8Y6,(289) 736-8339,2026-07-04 01:01:11
ACC86927398,Liinda,Murphy,2014-11-09,2,8884-732-580,M4A 9R8,647-818-5633,2026-08-03 03:27:30
ACC46208840,Mike,Thopmson,1965-11-06,1,8398-096-654,M4J4M2,647-209-9077,2026-05-19 17:14:19
ACC14684955,Ingrid,Lewis,2014-12-14,2,0263-238-545,M4H6Z8,4374181325,2026-08-27 08:47:17
ACC25559810,Priya,Zhang,1950-05-02,2,1209-133-899,M6C8V5,4377959713,2026-08-30 14:56:59
ACC65313911,William,Li,1951-03-28,1,3597-440-514,M1L8M9,,2026-08-03 06:07:34
ACC66977917,Amaara,Stewart,1954-03-02,2,2175-007-379,M8W 5V3,365-305-1445,2026-08-21 11:32:46
ACC76018126,Saarah,Johnson,1961-01-10,2,7514-550-586,m2n7l5,4377596315,2026-07-25 18:03:06
ACC74292802,Jennifer,Carter,1992-12-17,2,4371-311-210,,2898664265,2026-07-06 23:53:35
ACC55259640,Janes,Garcia,1959-02-13,1,4241-524-729,L4C 5S0,3657894907,2025-08-09 04:08:09
ACC63612015,Linda,Miller,1993-02-21,2,8227-198-051,M9A 0R8,647-810-8819,2026-08-25 02:11:07
ACC61106803,Priya,Okafor,1955-07-04,2,3062-480-292,M5G4V9,4162171558,2026-08-25 17:08:34
ACC87119883,Amanda,Hill,2004-07-10,2,6799-345-282,M3A 2Z3,365-508-2593,2026-07-22 05:08:05
ACC55313371,Dirgo,Wright,1966-05-24,1,5529-833-658,M4C3P5,(437) 923-9379,2026-07-27 07:57:01
ACC62473442,Robert,Jackson,1967-04-06,1,1426-102-602,M9L 9K7,(365) 777-5157,2026-07-22 15:55:31
ACC51249989,Pedro,Wang,1958-08-16,1,9110-925-436,M4J 4S6,,2026-08-24 20:56:44
ACC48468119,James,Zhang,1985-05-25,1,3827-389-515,M5K7C2,6474700007,2026-07-15 19:33:42
ACC51381162,Melissa,Okafor,1973-04-21,2,7884-029-765,L6L9P1,(289) 557-7105,2026-07-15 10:26:35
ACC32565872,Yuki,Cote,1986-04-18,2,6096-459-869,M4E3J7,905-240-6415,2026-10-24 08:59:12
ACC80407148,Hassan,Park,1978-06-29,1,1122-236-043,L6L 2L2,905-994-7487,2026-08-17 03:01:48
ACC67905229,Nikolai,Stewart,1997-11-20,1,7553-657-151,M2M 0C8,,2026-08-29 19:12:24
ACC47518705,Yussuf,Gteen,1986-08-12,1,4714-610-930,L6A 7Z3,(905) 326-8596,2026-08-04 16:31:35
ACC38402247,Ssuan,Zhang,1967-04-26,2,7615-120-073,M6L9N2,9056405991,2026-08-22 02:55:14
ACC67176435,Nikolai,Lewis,1969-04-12,1,2269-959-256,m4e0b7,(647) 937-2489,2026-07-23 04:04:51
ACC50566306,Nikolai,Garcia,1970-11-28,1,2608-261-396,M4B 0V7,(416) 631-2564,2026-07-11 06:30:21
ACC74589248,Brian,Johnson,1977-06-14,1,5562-369-495,m4j1k1,6473122577,2026-08-06 09:24:12
ACC36653967,Amir,Kelly,1941-04-26,1,4830-228-898,M6L5T6,647-814-2145,2026-08-07 23:40:28
ACC95537348,Msry,Osei,1986-05-15,2,0871-164-430,M4J0S5,4169588601,2026-08-01 08:12:52
ACC49495271,Diego,Campbell,1989-06-27,1,1531-145-108,M4K 4J8,,2026-08-02 08:41:24
ACC85308538,Barbara,Adams,1948-02-02,2,1676-355-249,M1H 8X1,9057276378,2026-08-14 21:41:22
ACC22174942,George,Nelson,1973-03-04,1,3463-398-564,M2H3N8,6478357608,2026-08-04 19:49:03
ACC13339917,Andy,Ricci,1972-12-06,1,2544-882-562,M4L5V8,(905) 217-8674,2026-07-10 22:50:23
ACC37368127,Richard,Silva,1952-10-03,1,3295-784-742,M4B5N6,(289) 278-2828,2026-07-03 19:34:29
ACC37718049,Andrew,Carter,1991-07-22,1,1754-441-457,M5N8P1,,2026-08-28 21:29:18
ACC65069453,Ashley,Park,1957-03-12,2,9798-463-049,M6B6R1,,2026-08-09 13:48:58
ACC17411042,Yuki,Taylor,1975-02-06,2,6583-949-935,M8Y7W1,4374044531,2025-09-02 15:26:57
ACC50070641,Elizabeth,Ahmed,1966-09-16,2,5382-642-519,M5E7H6,(437) 634-6877,2026-07-13 20:33:30
ACC93294032,Michael,Young,1995-03-30,1,5575-189-906,M5B1B3,647-215-4881,2026-08-24 22:50:31
ACC94835851,Bob,Williams,1958-08-25,1,4815-718-947,M1H4Z1,(365) 686-9087,2026-07-16 15:00:51
ACC15898245,Ivna,Silva,1988-02-08,1,1498-877-982,M9C 0Z2,(437) 821-0735,2026-07-14 20:18:52
ACC91050767,Mraie,White,1966-05-02,2,5297-602-160,M1B 4Y3,647-360-5055,2025-10-11 22:28:45
ACC67166140,George,Patel,1951-06-28,1,0270-861-388,M4A,(647) 841-1203,2026-07-11 04:37:44
ACC71312367,Kevin,Leee,2020-10-17,1,2402-283-135,L4C 7C2,365-327-0623,2026-08-24 05:50:50
ACC17374978,Nikolai,Mitchell,1933-05-13,1,1094-362-389,M1H2V6,4169547870,2026-08-19 21:50:44
ACC70707487,Mark,Osei,1981-10-06,1,9366-402-205,M3B 5J7,,2026-07-25 21:07:18
ACC34917765,Keivn,Sutherland,,1,9026-368-853,M5R 0J9,4163316940,2026-07-14 09:00:51
ACC92968802,Betty,Kowalski,1926-06-16,2,6685-548-502,M1E0Z3,647-780-9782,2026-08-09 13:53:01
ACC57625470,Linda,Li,1970-11-19,2,9548-435-230,L6H0N5,647-919-4562,2026-07-24 18:34:49
ACC12507328,William,Ali,1998-04-19,1,0877-484-733,M6H 5N2,(905) 485-9373,2026-07-31 03:30:55
ACC84755823,Anrew,Silva,1965-10-05,1,2019-466-578,M1B4R3,6474323238,2026-04-17 19:23:08
ACC40089045,Anthony,Khan,1994-11-10,1,8455-516-131,M4B 7T1,9058292302,2026-08-30 01:40:51
ACC89508573,Yuki,Silva,,2,5546-314-559,m4l7c3,(437) 806-7913,2026-07-17 23:57:04
ACC66724974,Claire,Park,1965-09-05,2,4315-360-133,l6j6a5,(905) 278-1211,2026-07-29 19:12:53
ACC35809508,Tomas,Wright,1926-07-09,1,7337-703-263,M5K 1N5,437-556-4341,2026-08-30 06:45:00
ACC15901748,Chiara,Hernandez,1940-10-30,2,9634-345-913,m8w8a7,416-281-4033,2026-07-24 04:33:46
ACC69484999,Susan,Allen,1951-08-19,2,6649-419-436,M6L1L9,,2026-07-30 21:57:26
ACC69463050,Mary,Ali,1953-10-18,2,8236-734-565,m3b2e1,2898913282,2026-08-06 23:06:58
ACC46334958,Karen,Thomas,1970-02-15,u,3512-214-804,M1L9P5,647-490-0519,2026-08-05 13:40:47
ACC67470753,Chen,Johnson,1943-12-02,1,6339-498-435,M5G 5W5,437-396-8986,2026-07-10 17:14:13
ACC20135768,Nanyc,Ferreira,1937-01-25,2,4536-088-489,M5E8R1,(365) 790-4969,2026-08-13 06:01:36
ACC20209786,Michael,Ross,1994-03-03,1,7519-784-669,00000,(416) 264-6623,2026-07-22 02:34:23
ACC31492327,Omar,Wright,1960-04-19,1,6136-196-810,M4H1H6,2898199826,2026-07-30 07:06:05
ACC46971467,Daniel,Kowalsski,1979-03-21,1,1224-988-137,M3H 4X2,4379912954,2026-08-27 06:25:40
ACC11630424,Joshua,Baker,2000-12-02,1,9857-377-221,L6C 8K7,(365) 862-1305,2026-07-11 04:07:34
ACC37207462,Maggie,Ricci,1933-09-14,2,6972-268-178,M9M6K6,437-757-5322,2026-07-16 20:31:27
ACC48694620,Hiroshi,Kowalski,1958-03-25,1,3048-956-480,M9B 5J1,(416) 973-0676,2026-08-29 14:12:02
ACC44175860,Karen,Davis,1959-02-02,2,8313-469-218,M9B3M0,(437) 896-3090,2026-07-25 16:27:00
ACC11043866,Wei,Zhang,1990-12-06,1,8084-888-414,L6L 9N4,3655415489,2026-08-31 04:04:18
ACC44582122,Linda,Jones,1992-12-23,2,0732-301-577,M4L2C0,4375442174,2026-07-28 07:07:32
ACC40327028,Priya,Sutherland,1988-04-23,2,9224-590-068,L4J2T5,9058252598,2025-11-01 22:24:41
ACC80451915,Rbert,MacDonald,1956-03-07,1,7335-344-250,M4H 3E2,2896257263,2026-08-20 10:17:57
ACC77808860,Jennifer,Brown,1992-05-31,2,1643-788-175,M1H1A7,(289) 246-4336,2026-07-21 20:09:16
ACC42651459,Liz,Young,1955-02-02,2,5290-818-136,M3H 4K6,6472379591,2026-07-11 16:47:24
ACC23835754,Amir,Khan,1965-12-06,1,8998-793-569,L5N0R3,905-417-0434,2026-08-03 20:13:17
ACC68844430,Mohammed,Nowak,1970-05-22,unk,1508-697-941,m4m8r7,(365) 403-3098,2026-08-14 10:41:11
ACC53365382,Mohammed,Park,1944-10-12,1,6729-231-263,M5B9W4,647-818-1282,2025-07-04 16:52:38
ACC49749262,Matthew,Rici,1956-07-19,1,9039-181-822,M5J 0T1,(647) 434-8013,2025-11-15 07:11:33
ACC85874992,Mark,Cote,2004-01-29,1,0543-623-433,M4G 2P3,647-894-8229,2026-07-14 15:10:29
ACC87620621,Betry,Stewart,1989-04-30,2,4885-904-690,m8y9p7,(647) 838-6905,2026-07-07 15:16:01
ACC86080325,Jessca,Carter,1973-10-31,2,5751-990-044,M2N 4Z9,4378266367,2026-08-24 21:43:51
ACC79999426,Margaret,Williams,1961-04-03,2,8688-551-343,M5N5Y2,,2026-08-19 17:48:23
ACC39471057,Hiroshi,Jonees,1995-02-04,1,8744-883-268,M3C9Y2,(905) 879-4559,2026-08-28 21:35:24
ACC28766947,George,Kowalaki,1946-12-08,1,6012-202-724,L6G 3G3,(289) 858-9548,2026-07-15 18:01:26
ACC77562028,Lisa,Osei,1989-11-02,2,4462-842-941,L4L 0Y3,365-750-4474,2026-07-21 03:00:49
ACC70443545,Ingrid,Thompson,1965-07-29,2,2969-470-752,11C9K1,(905) 597-9923,2026-07-14 08:26:56
ACC74578743,Tomas,Kim,1948-11-04,1,4486-535-869,M1J 9Y0,(647) 340-9169,2025-11-24 00:12:30
ACC58648291,Pedro,Osei,1946-02-28,1,5883-341-629,M1H 2H0,9057548808,2026-07-28 18:06:52
ACC25024174,William,Lopez,1992-06-29,1,3583-561-323,M1H8N8,4373723156,2026-08-27 03:34:12
ACC23435626,Michelle,MacDonald,1953-06-12,2,0777-794-454,L6B7J6,416-903-2054,2026-07-10 19:41:36
ACC61851281,David,Hill,1959-12-28,1,5731-881-032,M1N7W5,(416) 429-7483,2026-07-13 15:17:24
ACC83599528,Roobert,Gagnon,1952-05-12,1,7692-105-310,M5E 6C7,9054627234,2026-07-06 19:18:39
ACC11490413,Mare,Jackson,2000-08-22,2,8569-366-589,M5A8B1,(289) 273-5736,2026-08-03 01:05:40
ACC29388148,Susan,Ahmed,1960-01-02,2,3405-805-261,m4a9s6,2897969186,2026-08-19 17:01:27
ACC16582159,Sandy,Rodriguez,,2,0348-122-375,L6P 8C7,365-979-6217,2026-07-27 23:13:44
ACC65914502,Amanda,Wilson,1959-06-13,2,5622-953-304,M4J 1A6,416-517-7856,2026-07-03 13:56:38
